AuftragID,ProduktID,Menge,Auftragsdatum,Liefertermin,Fertigstellung,StandortID,KundeBundesland
A00001,P02,41,2025-01-01,2025-01-03,2025-01-02,W4,Bayern
A00002,P05,25,2025-01-01,2025-01-04,2025-01-03,W1,Baden-Württemberg
A00003,P02,46,2025-01-01,2025-01-02,2025-01-02,W1,Hessen
A00004,P05,28,2025-01-01,2025-01-04,2025-01-03,W4,Brandenburg
A00005,P04,18,2025-01-01,2025-01-03,2025-01-02,W3,Baden-Württemberg
A00006,P04,39,2025-01-02,2025-01-05,2025-01-05,W1,Niedersachsen
A00007,P05,36,2025-01-02,2025-01-04,2025-01-06,W4,Schleswig-Holstein
A00008,P03,46,2025-01-02,2025-01-04,2025-01-03,W1,Niedersachsen
A00009,P03,50,2025-01-02,2025-01-05,2025-01-04,W2,Berlin
A00010,P05,23,2025-01-02,2025-01-06,2025-01-04,W2,Nordrhein-Westfalen
A00011,P05,36,2025-01-03,2025-01-05,2025-01-05,W5,Hamburg
A00012,P05,36,2025-01-03,2025-01-06,2025-01-05,W5,Hamburg
A00013,P04,30,2025-01-03,2025-01-06,2025-01-05,W1,Hessen
A00014,P01,6,2025-01-03,2025-01-06,2025-01-04,W1,Thüringen
A00015,P01,17,2025-01-03,2025-01-04,2025-01-04,W2,Bayern
A00016,P05,15,2025-01-03,2025-01-06,2025-01-05,W1,Bayern
A00017,P02,55,2025-01-03,2025-01-05,2025-01-04,W2,Schleswig-Holstein
A00018,P01,24,2025-01-03,2025-01-05,2025-01-04,W5,Bayern
A00019,P05,21,2025-01-04,2025-01-07,2025-01-06,W4,Baden-Württemberg
A00020,P03,29,2025-01-04,2025-01-06,2025-01-05,W3,Nordrhein-Westfalen
A00021,P01,34,2025-01-04,2025-01-05,2025-01-06,W2,Hessen
A00022,P04,8,2025-01-04,2025-01-06,2025-01-06,W5,Nordrhein-Westfalen
A00023,P04,14,2025-01-04,2025-01-05,2025-01-06,W2,Thüringen
A00024,P03,27,2025-01-04,2025-01-07,2025-01-06,W5,Baden-Württemberg
A00025,P04,18,2025-01-05,2025-01-06,2025-01-06,W5,Nordrhein-Westfalen
A00026,P02,59,2025-01-05,2025-01-07,2025-01-07,W1,Niedersachsen
A00027,P01,29,2025-01-05,2025-01-07,2025-01-07,W1,Hamburg
A00028,P05,9,2025-01-05,2025-01-08,2025-01-07,W4,Baden-Württemberg
A00029,P04,30,2025-01-05,2025-01-08,2025-01-08,W1,Mecklenburg-Vorpommern
A00030,P01,58,2025-01-05,2025-01-06,2025-01-06,W2,Baden-Württemberg
A00031,P05,46,2025-01-06,2025-01-09,2025-01-09,W2,Baden-Württemberg
A00032,P03,41,2025-01-06,2025-01-09,2025-01-08,W3,Bremen
A00033,P01,27,2025-01-06,2025-01-07,2025-01-07,W1,Rheinland-Pfalz
A00034,P04,58,2025-01-06,2025-01-09,2025-01-08,W2,Saarland
A00035,P05,29,2025-01-07,2025-01-11,2025-01-10,W3,Berlin
A00036,P05,12,2025-01-07,2025-01-10,2025-01-09,W1,Thüringen
A00037,P05,6,2025-01-07,2025-01-09,2025-01-09,W2,Brandenburg
A00038,P03,52,2025-01-08,2025-01-10,2025-01-10,W3,Rheinland-Pfalz
A00039,P03,5,2025-01-08,2025-01-10,2025-01-09,W2,Nordrhein-Westfalen
A00040,P02,32,2025-01-08,2025-01-09,2025-01-09,W2,Nordrhein-Westfalen
A00041,P04,14,2025-01-09,2025-01-11,2025-01-11,W2,Mecklenburg-Vorpommern
A00042,P01,11,2025-01-09,2025-01-11,2025-01-10,W1,Nordrhein-Westfalen
A00043,P05,23,2025-01-09,2025-01-12,2025-01-11,W3,Bayern
A00044,P03,15,2025-01-09,2025-01-11,2025-01-10,W1,Baden-Württemberg
A00045,P04,40,2025-01-10,2025-01-13,2025-01-12,W3,Brandenburg
A00046,P04,46,2025-01-11,2025-01-14,2025-01-13,W1,Sachsen
A00047,P03,56,2025-01-11,2025-01-13,2025-01-12,W3,Sachsen-Anhalt
A00048,P05,5,2025-01-11,2025-01-14,2025-01-13,W5,Hessen
A00049,P03,58,2025-01-11,2025-01-13,2025-01-13,W2,Rheinland-Pfalz
A00050,P01,15,2025-01-11,2025-01-12,2025-01-12,W1,Niedersachsen
A00051,P03,24,2025-01-12,2025-01-15,2025-01-14,W2,Bayern
A00052,P02,17,2025-01-12,2025-01-14,2025-01-13,W2,Berlin
A00053,P05,56,2025-01-12,2025-01-16,2025-01-14,W3,Mecklenburg-Vorpommern
A00054,P03,23,2025-01-12,2025-01-14,2025-01-14,W1,Bayern
A00055,P04,47,2025-01-13,2025-01-15,2025-01-15,W1,Nordrhein-Westfalen
A00056,P03,20,2025-01-13,2025-01-15,2025-01-14,W5,Thüringen
A00057,P02,19,2025-01-13,2025-01-15,2025-01-14,W2,Niedersachsen
A00058,P05,7,2025-01-14,2025-01-16,2025-01-19,W2,Nordrhein-Westfalen
A00059,P04,14,2025-01-14,2025-01-15,2025-01-16,W4,Bayern
A00060,P02,32,2025-01-14,2025-01-16,2025-01-16,W4,Sachsen
A00061,P05,13,2025-01-14,2025-01-17,2025-01-16,W5,Bayern
A00062,P01,45,2025-01-14,2025-01-16,2025-01-15,W2,Nordrhein-Westfalen
A00063,P03,57,2025-01-15,2025-01-17,2025-01-17,W1,Baden-Württemberg
A00064,P04,15,2025-01-15,2025-01-16,2025-01-17,W1,Sachsen
A00065,P04,55,2025-01-15,2025-01-17,2025-01-17,W2,Hessen
A00066,P01,9,2025-01-15,2025-01-17,2025-01-18,W3,Bayern
A00067,P05,40,2025-01-15,2025-01-17,2025-01-17,W3,Brandenburg
A00068,P03,14,2025-01-15,2025-01-17,2025-01-16,W5,Sachsen
A00069,P03,30,2025-01-16,2025-01-18,2025-01-18,W4,Sachsen
A00070,P01,13,2025-01-16,2025-01-18,2025-01-17,W2,Rheinland-Pfalz
A00071,P03,36,2025-01-16,2025-01-18,2025-01-18,W1,Nordrhein-Westfalen
A00072,P04,22,2025-01-16,2025-01-17,2025-01-18,W2,Berlin
A00073,P01,51,2025-01-16,2025-01-18,2025-01-17,W5,Hessen
A00074,P05,10,2025-01-17,2025-01-21,2025-01-19,W5,Sachsen-Anhalt
A00075,P05,25,2025-01-17,2025-01-20,2025-01-19,W4,Sachsen
A00076,P05,14,2025-01-17,2025-01-21,2025-01-19,W4,Hessen
A00077,P04,15,2025-01-17,2025-01-20,2025-01-18,W4,Nordrhein-Westfalen
A00078,P03,34,2025-01-18,2025-01-21,2025-01-20,W4,Hamburg
A00079,P01,11,2025-01-18,2025-01-21,2025-01-19,W3,Baden-Württemberg
A00080,P04,53,2025-01-18,2025-01-21,2025-01-20,W2,Sachsen-Anhalt
A00081,P03,36,2025-01-19,2025-01-20,2025-01-22,W2,Baden-Württemberg
A00082,P01,51,2025-01-19,2025-01-21,2025-01-21,W2,Nordrhein-Westfalen
A00083,P04,29,2025-01-19,2025-01-22,2025-01-21,W5,Niedersachsen
A00084,P01,56,2025-01-19,2025-01-20,2025-01-20,W4,Baden-Württemberg
A00085,P03,55,2025-01-19,2025-01-21,2025-01-21,W4,Baden-Württemberg
A00086,P01,51,2025-01-19,2025-01-20,2025-01-20,W3,Baden-Württemberg
A00087,P05,13,2025-01-20,2025-01-24,2025-01-23,W3,Hessen
A00088,P02,19,2025-01-20,2025-01-22,2025-01-21,W4,Hessen
A00089,P01,32,2025-01-20,2025-01-22,2025-01-21,W4,Nordrhein-Westfalen
A00090,P03,35,2025-01-20,2025-01-22,2025-01-22,W1,Bayern
A00091,P04,7,2025-01-20,2025-01-23,2025-01-22,W5,Niedersachsen
A00092,P03,56,2025-01-22,2025-01-23,2025-01-23,W1,Nordrhein-Westfalen
A00093,P04,27,2025-01-22,2025-01-24,2025-01-24,W4,Brandenburg
A00094,P03,51,2025-01-22,2025-01-24,2025-01-24,W2,Hamburg
A00095,P01,32,2025-01-22,2025-01-24,2025-01-23,W2,Rheinland-Pfalz
A00096,P04,54,2025-01-22,2025-01-25,2025-01-25,W5,Bayern
A00097,P03,28,2025-01-22,2025-01-24,2025-01-24,W4,Nordrhein-Westfalen
A00098,P04,55,2025-01-22,2025-01-25,2025-01-24,W2,Baden-Württemberg
A00099,P04,10,2025-01-22,2025-01-24,2025-01-24,W4,Berlin
A00100,P04,21,2025-01-22,2025-01-24,2025-01-23,W4,Saarland
A00101,P02,51,2025-01-23,2025-01-24,2025-01-24,W2,Nordrhein-Westfalen
A00102,P02,17,2025-01-23,2025-01-26,2025-01-24,W5,Bayern
A00103,P03,54,2025-01-23,2025-01-25,2025-01-24,W5,Hessen
A00104,P04,27,2025-01-23,2025-01-24,2025-01-25,W2,Thüringen
A00105,P05,54,2025-01-24,2025-01-28,2025-01-27,W4,Sachsen-Anhalt
A00106,P03,21,2025-01-24,2025-01-27,2025-01-25,W1,Nordrhein-Westfalen
A00107,P04,51,2025-01-25,2025-01-28,2025-01-27,W1,Sachsen
A00108,P04,6,2025-01-25,2025-01-26,2025-01-27,W4,Baden-Württemberg
A00109,P02,24,2025-01-25,2025-01-27,2025-01-26,W5,Nordrhein-Westfalen
A00110,P01,44,2025-01-25,2025-01-27,2025-01-26,W2,Baden-Württemberg
A00111,P02,59,2025-01-25,2025-01-27,2025-01-26,W2,Bayern
A00112,P02,16,2025-01-25,2025-01-27,2025-01-26,W2,Hessen
A00113,P05,57,2025-01-25,2025-01-28,2025-01-28,W2,Hamburg
A00114,P03,24,2025-01-26,2025-01-28,2025-01-27,W4,Baden-Württemberg
A00115,P05,17,2025-01-26,2025-01-30,2025-01-29,W5,Bayern
A00116,P02,15,2025-01-26,2025-01-28,2025-01-28,W4,Nordrhein-Westfalen
A00117,P03,6,2025-01-26,2025-01-27,2025-01-27,W5,Sachsen
A00118,P04,15,2025-01-27,2025-01-28,2025-01-28,W4,Niedersachsen
A00119,P04,38,2025-01-27,2025-01-30,2025-01-29,W2,Bayern
A00120,P02,37,2025-01-27,2025-01-28,2025-01-28,W5,Niedersachsen
A00121,P01,6,2025-01-27,2025-01-29,2025-01-29,W3,Sachsen
A00122,P05,36,2025-01-27,2025-01-30,2025-01-29,W2,Schleswig-Holstein
A00123,P02,49,2025-01-27,2025-01-29,2025-01-28,W4,Baden-Württemberg
A00124,P02,48,2025-01-27,2025-01-29,2025-01-28,W4,Hessen
A00125,P03,34,2025-01-27,2025-01-28,2025-01-29,W2,Baden-Württemberg
A00126,P03,42,2025-01-28,2025-01-30,2025-01-30,W2,Hessen
A00127,P01,13,2025-01-28,2025-01-30,2025-01-29,W5,Niedersachsen
A00128,P04,39,2025-01-28,2025-02-01,2025-01-30,W3,Rheinland-Pfalz
A00129,P02,53,2025-01-28,2025-01-30,2025-01-29,W3,Bayern
A00130,P03,11,2025-01-28,2025-01-30,2025-01-29,W5,Niedersachsen
A00131,P05,59,2025-01-29,2025-02-01,2025-02-01,W5,Niedersachsen
A00132,P04,14,2025-01-29,2025-01-31,2025-01-31,W4,Rheinland-Pfalz
A00133,P01,16,2025-01-29,2025-01-30,2025-01-30,W2,Thüringen
A00134,P04,22,2025-01-30,2025-01-31,2025-02-01,W1,Berlin
A00135,P03,11,2025-01-30,2025-01-31,2025-02-01,W1,Berlin
A00136,P01,54,2025-01-30,2025-01-31,2025-01-31,W2,Brandenburg
A00137,P05,15,2025-01-30,2025-02-03,2025-02-01,W1,Hamburg
A00138,P03,40,2025-01-30,2025-01-31,2025-02-01,W4,Hamburg
A00139,P04,54,2025-01-31,2025-02-03,2025-02-02,W1,Berlin
A00140,P05,8,2025-01-31,2025-02-02,2025-02-03,W1,Brandenburg
A00141,P05,15,2025-01-31,2025-02-02,2025-02-02,W2,Nordrhein-Westfalen
A00142,P01,17,2025-01-31,2025-02-01,2025-02-02,W3,Hessen
A00143,P02,25,2025-01-31,2025-02-01,2025-02-01,W1,Bayern
A00144,P01,36,2025-01-31,2025-02-02,2025-02-01,W1,Bayern
A00145,P02,46,2025-01-31,2025-02-01,2025-02-01,W5,Bayern
A00146,P04,58,2025-02-01,2025-02-04,2025-02-04,W3,Rheinland-Pfalz
A00147,P03,12,2025-02-01,2025-02-02,2025-02-03,W5,Bayern
A00148,P03,29,2025-02-01,2025-02-04,2025-02-02,W1,Nordrhein-Westfalen
A00149,P03,49,2025-02-01,2025-02-03,2025-02-03,W4,Niedersachsen
A00150,P05,15,2025-02-01,2025-02-03,2025-02-02,W1,Baden-Württemberg
A00151,P04,57,2025-02-01,2025-02-04,2025-02-03,W3,Nordrhein-Westfalen
A00152,P03,6,2025-02-02,2025-02-04,2025-02-04,W4,Niedersachsen
A00153,P04,58,2025-02-02,2025-02-05,2025-02-03,W1,Nordrhein-Westfalen
A00154,P02,22,2025-02-02,2025-02-03,2025-02-03,W1,Hessen
A00155,P03,5,2025-02-02,2025-02-04,2025-02-03,W4,Sachsen-Anhalt
A00156,P03,43,2025-02-03,2025-02-04,2025-02-04,W2,Schleswig-Holstein
A00157,P02,10,2025-02-03,2025-02-05,2025-02-04,W3,Nordrhein-Westfalen
A00158,P02,21,2025-02-03,2025-02-05,2025-02-04,W4,Nordrhein-Westfalen
A00159,P01,43,2025-02-03,2025-02-05,2025-02-05,W5,Bremen
A00160,P05,21,2025-02-03,2025-02-07,2025-02-06,W3,Rheinland-Pfalz
A00161,P03,12,2025-02-03,2025-02-05,2025-02-04,W4,Bayern
A00162,P01,29,2025-02-04,2025-02-06,2025-02-06,W5,Bayern
A00163,P02,7,2025-02-04,2025-02-06,2025-02-05,W5,Berlin
A00164,P02,24,2025-02-04,2025-02-06,2025-02-05,W2,Bayern
A00165,P05,23,2025-02-05,2025-02-08,2025-02-07,W1,Hessen
A00166,P03,19,2025-02-05,2025-02-07,2025-02-06,W5,Baden-Württemberg
A00167,P01,29,2025-02-05,2025-02-07,2025-02-06,W2,Niedersachsen
A00168,P02,48,2025-02-06,2025-02-08,2025-02-08,W4,Rheinland-Pfalz
A00169,P03,35,2025-02-06,2025-02-08,2025-02-07,W1,Bayern
A00170,P03,36,2025-02-06,2025-02-09,2025-02-07,W1,Hamburg
A00171,P04,32,2025-02-06,2025-02-10,2025-02-09,W2,Thüringen
A00172,P05,8,2025-02-06,2025-02-09,2025-02-08,W2,Nordrhein-Westfalen
A00173,P04,31,2025-02-06,2025-02-09,2025-02-08,W1,Niedersachsen
A00174,P03,45,2025-02-06,2025-02-08,2025-02-08,W5,Hessen
A00175,P02,33,2025-02-07,2025-02-09,2025-02-08,W2,Niedersachsen
A00176,P05,5,2025-02-07,2025-02-10,2025-02-08,W1,Sachsen-Anhalt
A00177,P05,45,2025-02-07,2025-02-10,2025-02-09,W1,Bayern
A00178,P05,29,2025-02-07,2025-02-11,2025-02-09,W1,Nordrhein-Westfalen
A00179,P03,12,2025-02-07,2025-02-09,2025-02-08,W3,Nordrhein-Westfalen
A00180,P01,5,2025-02-08,2025-02-11,2025-02-09,W4,Nordrhein-Westfalen
A00181,P05,41,2025-02-08,2025-02-11,2025-02-11,W4,Bayern
A00182,P02,36,2025-02-08,2025-02-11,2025-02-09,W2,Nordrhein-Westfalen
A00183,P02,26,2025-02-08,2025-02-10,2025-02-09,W4,Schleswig-Holstein
A00184,P05,34,2025-02-09,2025-02-11,2025-02-11,W2,Niedersachsen
A00185,P05,24,2025-02-09,2025-02-13,2025-02-11,W1,Hessen
A00186,P05,45,2025-02-09,2025-02-12,2025-02-12,W2,Thüringen
A00187,P02,46,2025-02-10,2025-02-12,2025-02-11,W1,Nordrhein-Westfalen
A00188,P03,49,2025-02-10,2025-02-12,2025-02-13,W1,Rheinland-Pfalz
A00189,P04,33,2025-02-10,2025-02-13,2025-02-12,W1,Bayern
A00190,P01,41,2025-02-10,2025-02-12,2025-02-11,W2,Bayern
A00191,P03,9,2025-02-10,2025-02-12,2025-02-11,W2,Sachsen
A00192,P04,31,2025-02-10,2025-02-13,2025-02-12,W3,Bremen
A00193,P05,41,2025-02-10,2025-02-12,2025-02-14,W5,Hessen
A00194,P05,41,2025-02-11,2025-02-13,2025-02-13,W3,Bayern
A00195,P02,22,2025-02-11,2025-02-12,2025-02-12,W5,Hessen
A00196,P03,32,2025-02-11,2025-02-12,2025-02-12,W5,Hessen
A00197,P03,28,2025-02-11,2025-02-13,2025-02-13,W3,Baden-Württemberg
A00198,P02,20,2025-02-12,2025-02-14,2025-02-13,W1,Niedersachsen
A00199,P02,7,2025-02-12,2025-02-13,2025-02-13,W1,Schleswig-Holstein
A00200,P05,34,2025-02-12,2025-02-15,2025-02-15,W5,Hessen
A00201,P05,6,2025-02-12,2025-02-14,2025-02-13,W3,Nordrhein-Westfalen
A00202,P03,49,2025-02-13,2025-02-14,2025-02-15,W2,Nordrhein-Westfalen
A00203,P04,58,2025-02-13,2025-02-17,2025-02-15,W4,Bayern
A00204,P02,45,2025-02-13,2025-02-15,2025-02-14,W1,Baden-Württemberg
A00205,P03,53,2025-02-13,2025-02-15,2025-02-15,W5,Rheinland-Pfalz
A00206,P05,47,2025-02-14,2025-02-17,2025-02-17,W4,Nordrhein-Westfalen
A00207,P02,34,2025-02-14,2025-02-17,2025-02-15,W3,Nordrhein-Westfalen
A00208,P02,50,2025-02-15,2025-02-16,2025-02-16,W4,Sachsen-Anhalt
A00209,P01,44,2025-02-15,2025-02-18,2025-02-16,W3,Nordrhein-Westfalen
A00210,P01,23,2025-02-16,2025-02-17,2025-02-17,W2,Brandenburg
A00211,P01,12,2025-02-16,2025-02-17,2025-02-17,W2,Bayern
A00212,P03,30,2025-02-16,2025-02-19,2025-02-17,W1,Nordrhein-Westfalen
A00213,P02,44,2025-02-17,2025-02-20,2025-02-18,W4,Baden-Württemberg
A00214,P04,15,2025-02-17,2025-02-20,2025-02-19,W5,Bayern
A00215,P04,54,2025-02-17,2025-02-19,2025-02-19,W2,Baden-Württemberg
A00216,P01,41,2025-02-17,2025-02-19,2025-02-18,W1,Nordrhein-Westfalen
A00217,P03,19,2025-02-18,2025-02-19,2025-02-20,W3,Schleswig-Holstein
A00218,P04,28,2025-02-18,2025-02-21,2025-02-20,W2,Bayern
A00219,P04,40,2025-02-18,2025-02-21,2025-02-20,W1,Nordrhein-Westfalen
A00220,P01,10,2025-02-18,2025-02-20,2025-02-20,W2,Berlin
A00221,P03,17,2025-02-19,2025-02-21,2025-02-21,W1,Bayern
A00222,P04,57,2025-02-19,2025-02-22,2025-02-22,W4,Hamburg
A00223,P02,52,2025-02-19,2025-02-21,2025-02-20,W2,Baden-Württemberg
A00224,P01,33,2025-02-20,2025-02-23,2025-02-22,W4,Rheinland-Pfalz
A00225,P05,26,2025-02-20,2025-02-23,2025-02-22,W1,Nordrhein-Westfalen
A00226,P05,23,2025-02-20,2025-02-23,2025-02-22,W1,Nordrhein-Westfalen
A00227,P02,40,2025-02-21,2025-02-23,2025-02-23,W5,Saarland
A00228,P01,35,2025-02-21,2025-02-24,2025-02-23,W2,Hamburg
A00229,P05,8,2025-02-21,2025-02-25,2025-02-23,W4,Rheinland-Pfalz
A00230,P04,42,2025-02-21,2025-02-24,2025-02-23,W1,Nordrhein-Westfalen
A00231,P04,24,2025-02-21,2025-02-23,2025-02-22,W1,Niedersachsen
A00232,P01,32,2025-02-21,2025-02-22,2025-02-22,W5,Niedersachsen
A00233,P04,8,2025-02-22,2025-02-24,2025-02-24,W1,Nordrhein-Westfalen
A00234,P05,22,2025-02-22,2025-02-24,2025-02-24,W3,Nordrhein-Westfalen
A00235,P03,57,2025-02-22,2025-02-23,2025-02-24,W2,Baden-Württemberg
A00236,P03,32,2025-02-22,2025-02-25,2025-02-23,W2,Bayern
A00237,P04,24,2025-02-22,2025-02-23,2025-02-24,W1,Sachsen
A00238,P03,46,2025-02-22,2025-02-24,2025-02-24,W4,Nordrhein-Westfalen
A00239,P05,5,2025-02-22,2025-02-25,2025-02-24,W1,Schleswig-Holstein
A00240,P04,49,2025-02-23,2025-02-26,2025-02-25,W2,Schleswig-Holstein
A00241,P03,51,2025-02-23,2025-02-25,2025-02-24,W3,Baden-Württemberg
A00242,P04,54,2025-02-23,2025-02-25,2025-02-25,W5,Baden-Württemberg
A00243,P01,7,2025-02-23,2025-02-26,2025-02-24,W5,Niedersachsen
A00244,P03,37,2025-02-24,2025-02-25,2025-02-25,W2,Nordrhein-Westfalen
A00245,P02,44,2025-02-24,2025-02-26,2025-02-25,W4,Bremen
A00246,P05,50,2025-02-24,2025-02-27,2025-02-26,W2,Nordrhein-Westfalen
A00247,P03,47,2025-02-24,2025-02-26,2025-02-25,W1,Nordrhein-Westfalen
A00248,P02,40,2025-02-24,2025-02-25,2025-02-25,W1,Bayern
A00249,P01,38,2025-02-24,2025-02-25,2025-02-25,W1,Bayern
A00250,P01,46,2025-02-24,2025-02-26,2025-02-25,W2,Rheinland-Pfalz
A00251,P01,30,2025-02-24,2025-02-26,2025-02-25,W3,Schleswig-Holstein
A00252,P02,41,2025-02-24,2025-02-26,2025-02-25,W2,Nordrhein-Westfalen
A00253,P02,59,2025-02-24,2025-02-26,2025-02-25,W3,Berlin
A00254,P05,29,2025-02-25,2025-02-28,2025-02-27,W3,Baden-Württemberg
A00255,P05,51,2025-02-25,2025-02-28,2025-02-27,W1,Nordrhein-Westfalen
A00256,P04,48,2025-02-25,2025-02-28,2025-02-27,W5,Nordrhein-Westfalen
A00257,P02,11,2025-02-25,2025-02-26,2025-02-26,W2,Nordrhein-Westfalen
A00258,P04,7,2025-02-25,2025-02-27,2025-02-26,W1,Niedersachsen
A00259,P01,52,2025-02-25,2025-02-26,2025-02-26,W3,Thüringen
A00260,P05,30,2025-02-26,2025-03-01,2025-02-28,W3,Bayern
A00261,P05,59,2025-02-26,2025-02-28,2025-03-01,W2,Nordrhein-Westfalen
A00262,P01,50,2025-02-26,2025-02-27,2025-02-28,W4,Bayern
A00263,P01,58,2025-02-27,2025-02-28,2025-03-01,W2,Baden-Württemberg
A00264,P05,52,2025-02-27,2025-03-02,2025-03-01,W1,Schleswig-Holstein
A00265,P03,58,2025-02-27,2025-03-01,2025-03-01,W5,Bayern
A00266,P04,40,2025-02-27,2025-03-03,2025-03-01,W4,Baden-Württemberg
A00267,P02,22,2025-02-27,2025-03-01,2025-02-28,W1,Sachsen
A00268,P04,24,2025-02-27,2025-03-01,2025-02-28,W1,Bayern
A00269,P04,53,2025-02-27,2025-03-02,2025-03-01,W2,Nordrhein-Westfalen
A00270,P01,43,2025-02-27,2025-03-01,2025-02-28,W3,Nordrhein-Westfalen
A00271,P04,56,2025-02-27,2025-03-02,2025-03-02,W5,Hamburg
A00272,P03,28,2025-02-27,2025-03-01,2025-03-01,W1,Baden-Württemberg
A00273,P05,9,2025-02-27,2025-03-02,2025-03-01,W4,Thüringen
A00274,P02,28,2025-02-28,2025-03-02,2025-03-01,W5,Baden-Württemberg
A00275,P01,55,2025-02-28,2025-03-02,2025-03-01,W2,Nordrhein-Westfalen
A00276,P03,35,2025-02-28,2025-03-01,2025-03-02,W3,Hessen
A00277,P04,34,2025-02-28,2025-03-03,2025-03-02,W1,Nordrhein-Westfalen
A00278,P05,9,2025-02-28,2025-03-03,2025-03-02,W2,Niedersachsen
A00279,P02,20,2025-03-01,2025-03-03,2025-03-02,W2,Rheinland-Pfalz
A00280,P01,49,2025-03-01,2025-03-02,2025-03-02,W2,Baden-Württemberg
A00281,P03,7,2025-03-02,2025-03-04,2025-03-03,W2,Hamburg
A00282,P04,41,2025-03-02,2025-03-05,2025-03-04,W4,Baden-Württemberg
A00283,P01,27,2025-03-02,2025-03-05,2025-03-04,W3,Brandenburg
A00284,P05,27,2025-03-02,2025-03-04,2025-03-04,W4,Sachsen-Anhalt
A00285,P01,12,2025-03-02,2025-03-04,2025-03-03,W2,Sachsen-Anhalt
A00286,P01,49,2025-03-02,2025-03-04,2025-03-04,W2,Niedersachsen
A00287,P03,18,2025-03-02,2025-03-04,2025-03-03,W2,Niedersachsen
A00288,P05,24,2025-03-02,2025-03-05,2025-03-04,W1,Thüringen
A00289,P01,17,2025-03-03,2025-03-05,2025-03-04,W4,Hessen
A00290,P05,18,2025-03-03,2025-03-06,2025-03-05,W5,Hessen
A00291,P02,27,2025-03-03,2025-03-06,2025-03-05,W1,Rheinland-Pfalz
A00292,P05,41,2025-03-03,2025-03-06,2025-03-06,W1,Niedersachsen
A00293,P03,59,2025-03-04,2025-03-06,2025-03-06,W1,Baden-Württemberg
A00294,P04,56,2025-03-04,2025-03-07,2025-03-06,W1,Hessen
A00295,P02,25,2025-03-04,2025-03-06,2025-03-05,W2,Baden-Württemberg
A00296,P02,47,2025-03-04,2025-03-07,2025-03-05,W4,Niedersachsen
A00297,P02,10,2025-03-04,2025-03-06,2025-03-05,W2,Baden-Württemberg
A00298,P05,33,2025-03-05,2025-03-08,2025-03-08,W2,Hessen
A00299,P03,16,2025-03-05,2025-03-07,2025-03-07,W5,Bayern
A00300,P05,22,2025-03-05,2025-03-08,2025-03-07,W5,Baden-Württemberg
A00301,P02,15,2025-03-05,2025-03-08,2025-03-06,W1,Nordrhein-Westfalen
A00302,P02,40,2025-03-05,2025-03-08,2025-03-06,W1,Bayern
A00303,P02,14,2025-03-05,2025-03-07,2025-03-06,W5,Bayern
A00304,P03,17,2025-03-05,2025-03-07,2025-03-06,W4,Baden-Württemberg
A00305,P05,56,2025-03-05,2025-03-09,2025-03-07,W5,Nordrhein-Westfalen
A00306,P03,38,2025-03-05,2025-03-08,2025-03-06,W4,Niedersachsen
A00307,P03,51,2025-03-06,2025-03-08,2025-03-08,W2,Nordrhein-Westfalen
A00308,P05,35,2025-03-06,2025-03-09,2025-03-08,W3,Bayern
A00309,P01,17,2025-03-06,2025-03-08,2025-03-07,W4,Baden-Württemberg
A00310,P02,19,2025-03-06,2025-03-08,2025-03-07,W4,Nordrhein-Westfalen
A00311,P01,5,2025-03-06,2025-03-08,2025-03-07,W3,Nordrhein-Westfalen
A00312,P01,21,2025-03-06,2025-03-08,2025-03-07,W1,Hessen
A00313,P05,34,2025-03-07,2025-03-10,2025-03-09,W5,Baden-Württemberg
A00314,P01,16,2025-03-07,2025-03-09,2025-03-09,W2,Rheinland-Pfalz
A00315,P04,14,2025-03-07,2025-03-09,2025-03-08,W1,Nordrhein-Westfalen
A00316,P05,22,2025-03-07,2025-03-10,2025-03-09,W3,Nordrhein-Westfalen
A00317,P01,29,2025-03-07,2025-03-09,2025-03-08,W3,Hamburg
A00318,P01,26,2025-03-08,2025-03-09,2025-03-09,W3,Nordrhein-Westfalen
A00319,P04,10,2025-03-08,2025-03-10,2025-03-10,W4,Nordrhein-Westfalen
A00320,P03,59,2025-03-09,2025-03-11,2025-03-13,W1,Rheinland-Pfalz
A00321,P04,50,2025-03-09,2025-03-11,2025-03-11,W5,Hessen
A00322,P03,57,2025-03-09,2025-03-10,2025-03-11,W4,Nordrhein-Westfalen
A00323,P05,37,2025-03-09,2025-03-11,2025-03-11,W1,Baden-Württemberg
A00324,P02,37,2025-03-09,2025-03-11,2025-03-10,W3,Rheinland-Pfalz
A00325,P03,27,2025-03-09,2025-03-10,2025-03-10,W5,Bayern
A00326,P02,37,2025-03-09,2025-03-11,2025-03-10,W2,Nordrhein-Westfalen
A00327,P04,7,2025-03-10,2025-03-12,2025-03-11,W4,Niedersachsen
A00328,P01,39,2025-03-10,2025-03-12,2025-03-12,W4,Schleswig-Holstein
A00329,P01,53,2025-03-10,2025-03-12,2025-03-13,W4,Saarland
A00330,P05,45,2025-03-10,2025-03-13,2025-03-13,W2,Thüringen
A00331,P05,30,2025-03-11,2025-03-13,2025-03-13,W3,Niedersachsen
A00332,P04,33,2025-03-11,2025-03-14,2025-03-13,W3,Nordrhein-Westfalen
A00333,P03,47,2025-03-11,2025-03-13,2025-03-13,W2,Berlin
A00334,P05,6,2025-03-11,2025-03-13,2025-03-14,W1,Nordrhein-Westfalen
A00335,P05,45,2025-03-11,2025-03-14,2025-03-14,W2,Berlin
A00336,P05,27,2025-03-11,2025-03-14,2025-03-14,W2,Rheinland-Pfalz
A00337,P02,15,2025-03-12,2025-03-14,2025-03-13,W1,Rheinland-Pfalz
A00338,P03,40,2025-03-12,2025-03-13,2025-03-14,W1,Niedersachsen
A00339,P02,55,2025-03-12,2025-03-15,2025-03-13,W3,Baden-Württemberg
A00340,P02,22,2025-03-12,2025-03-14,2025-03-13,W3,Bayern
A00341,P03,10,2025-03-12,2025-03-14,2025-03-13,W5,Thüringen
A00342,P03,16,2025-03-12,2025-03-14,2025-03-14,W3,Schleswig-Holstein
A00343,P01,46,2025-03-13,2025-03-14,2025-03-14,W2,Sachsen
A00344,P03,44,2025-03-13,2025-03-15,2025-03-15,W1,Saarland
A00345,P05,41,2025-03-13,2025-03-16,2025-03-17,W1,Thüringen
A00346,P03,8,2025-03-13,2025-03-14,2025-03-15,W2,Niedersachsen
A00347,P03,26,2025-03-13,2025-03-15,2025-03-15,W2,Nordrhein-Westfalen
A00348,P02,36,2025-03-13,2025-03-14,2025-03-14,W1,Bayern
A00349,P02,35,2025-03-13,2025-03-16,2025-03-14,W5,Niedersachsen
A00350,P04,13,2025-03-14,2025-03-16,2025-03-15,W1,Baden-Württemberg
A00351,P05,47,2025-03-14,2025-03-17,2025-03-17,W3,Bayern
A00352,P02,14,2025-03-14,2025-03-16,2025-03-15,W4,Bayern
A00353,P02,37,2025-03-14,2025-03-15,2025-03-15,W2,Bayern
A00354,P01,7,2025-03-14,2025-03-16,2025-03-15,W3,Thüringen
A00355,P03,54,2025-03-14,2025-03-16,2025-03-16,W4,Baden-Württemberg
A00356,P01,40,2025-03-14,2025-03-15,2025-03-15,W4,Nordrhein-Westfalen
A00357,P01,7,2025-03-14,2025-03-16,2025-03-15,W1,Hessen
A00358,P05,53,2025-03-14,2025-03-17,2025-03-16,W4,Saarland
A00359,P02,49,2025-03-14,2025-03-16,2025-03-16,W5,Niedersachsen
A00360,P03,54,2025-03-15,2025-03-17,2025-03-17,W1,Nordrhein-Westfalen
A00361,P03,57,2025-03-15,2025-03-17,2025-03-17,W2,Nordrhein-Westfalen
A00362,P04,5,2025-03-15,2025-03-16,2025-03-18,W5,Nordrhein-Westfalen
A00363,P03,18,2025-03-16,2025-03-17,2025-03-17,W1,Rheinland-Pfalz
A00364,P03,49,2025-03-16,2025-03-19,2025-03-18,W1,Thüringen
A00365,P04,54,2025-03-16,2025-03-19,2025-03-18,W5,Nordrhein-Westfalen
A00366,P01,23,2025-03-16,2025-03-18,2025-03-17,W4,Sachsen-Anhalt
A00367,P02,43,2025-03-17,2025-03-20,2025-03-19,W2,Hamburg
A00368,P03,50,2025-03-17,2025-03-19,2025-03-18,W5,Nordrhein-Westfalen
A00369,P04,36,2025-03-17,2025-03-20,2025-03-20,W4,Nordrhein-Westfalen
A00370,P05,39,2025-03-17,2025-03-21,2025-03-20,W3,Baden-Württemberg
A00371,P02,50,2025-03-17,2025-03-19,2025-03-18,W4,Rheinland-Pfalz
A00372,P03,6,2025-03-18,2025-03-20,2025-03-19,W3,Bayern
A00373,P05,9,2025-03-18,2025-03-21,2025-03-20,W3,Nordrhein-Westfalen
A00374,P03,34,2025-03-18,2025-03-19,2025-03-19,W2,Nordrhein-Westfalen
A00375,P01,34,2025-03-18,2025-03-21,2025-03-20,W3,Nordrhein-Westfalen
A00376,P04,22,2025-03-19,2025-03-21,2025-03-21,W1,Nordrhein-Westfalen
A00377,P01,18,2025-03-19,2025-03-21,2025-03-20,W4,Hamburg
A00378,P04,34,2025-03-19,2025-03-22,2025-03-21,W4,Sachsen
A00379,P03,21,2025-03-19,2025-03-21,2025-03-20,W1,Berlin
A00380,P05,26,2025-03-19,2025-03-21,2025-03-21,W2,Baden-Württemberg
A00381,P02,41,2025-03-19,2025-03-20,2025-03-20,W1,Sachsen-Anhalt
A00382,P02,47,2025-03-19,2025-03-21,2025-03-20,W1,Niedersachsen
A00383,P02,52,2025-03-19,2025-03-21,2025-03-20,W2,Hamburg
A00384,P05,33,2025-03-19,2025-03-23,2025-03-21,W2,Baden-Württemberg
A00385,P01,11,2025-03-19,2025-03-21,2025-03-20,W4,Baden-Württemberg
A00386,P05,22,2025-03-19,2025-03-22,2025-03-21,W4,Hamburg
A00387,P03,27,2025-03-19,2025-03-21,2025-03-20,W3,Bayern
A00388,P04,6,2025-03-20,2025-03-21,2025-03-21,W1,Rheinland-Pfalz
A00389,P01,10,2025-03-20,2025-03-22,2025-03-22,W4,Niedersachsen
A00390,P04,28,2025-03-20,2025-03-21,2025-03-22,W1,Baden-Württemberg
A00391,P03,25,2025-03-20,2025-03-22,2025-03-22,W4,Niedersachsen
A00392,P04,17,2025-03-20,2025-03-21,2025-03-22,W2,Berlin
A00393,P02,40,2025-03-20,2025-03-22,2025-03-21,W5,Hamburg
A00394,P03,30,2025-03-21,2025-03-23,2025-03-24,W2,Nordrhein-Westfalen
A00395,P03,28,2025-03-21,2025-03-24,2025-03-23,W2,Bayern
A00396,P05,40,2025-03-21,2025-03-24,2025-03-24,W5,Bayern
A00397,P05,25,2025-03-21,2025-03-24,2025-03-23,W1,Mecklenburg-Vorpommern
A00398,P03,7,2025-03-22,2025-03-25,2025-03-23,W5,Mecklenburg-Vorpommern
A00399,P01,32,2025-03-22,2025-03-24,2025-03-24,W1,Thüringen
A00400,P03,39,2025-03-22,2025-03-24,2025-03-23,W5,Bayern
A00401,P05,33,2025-03-22,2025-03-24,2025-03-24,W5,Bayern
A00402,P03,39,2025-03-22,2025-03-24,2025-03-23,W2,Niedersachsen
A00403,P05,57,2025-03-23,2025-03-27,2025-03-26,W4,Bayern
A00404,P03,44,2025-03-23,2025-03-25,2025-03-24,W5,Nordrhein-Westfalen
A00405,P05,30,2025-03-23,2025-03-26,2025-03-25,W5,Hamburg
A00406,P05,46,2025-03-23,2025-03-26,2025-03-25,W1,Sachsen
A00407,P02,59,2025-03-23,2025-03-25,2025-03-25,W1,Baden-Württemberg
A00408,P02,51,2025-03-23,2025-03-24,2025-03-24,W2,Berlin
A00409,P04,34,2025-03-23,2025-03-25,2025-03-26,W5,Niedersachsen
A00410,P01,29,2025-03-24,2025-03-26,2025-03-25,W2,Sachsen
A00411,P01,54,2025-03-24,2025-03-26,2025-03-26,W2,Sachsen-Anhalt
A00412,P03,53,2025-03-24,2025-03-26,2025-03-25,W2,Nordrhein-Westfalen
A00413,P01,28,2025-03-25,2025-03-28,2025-03-26,W3,Nordrhein-Westfalen
A00414,P03,33,2025-03-25,2025-03-27,2025-03-26,W5,Sachsen-Anhalt
A00415,P05,39,2025-03-25,2025-03-27,2025-03-29,W4,Niedersachsen
A00416,P01,9,2025-03-25,2025-03-27,2025-03-27,W1,Baden-Württemberg
A00417,P03,34,2025-03-25,2025-03-28,2025-03-26,W2,Nordrhein-Westfalen
A00418,P01,20,2025-03-25,2025-03-26,2025-03-28,W1,Nordrhein-Westfalen
A00419,P02,22,2025-03-25,2025-03-26,2025-03-26,W2,Hessen
A00420,P04,25,2025-03-26,2025-03-28,2025-03-28,W1,Nordrhein-Westfalen
A00421,P02,17,2025-03-26,2025-03-27,2025-03-27,W1,Baden-Württemberg
A00422,P04,47,2025-03-26,2025-03-30,2025-03-28,W4,Bremen
A00423,P05,58,2025-03-26,2025-03-28,2025-03-29,W2,Bayern
A00424,P03,41,2025-03-26,2025-03-28,2025-03-28,W2,Nordrhein-Westfalen
A00425,P05,7,2025-03-26,2025-03-29,2025-03-28,W3,Baden-Württemberg
A00426,P04,23,2025-03-26,2025-03-28,2025-03-27,W2,Niedersachsen
A00427,P01,29,2025-03-26,2025-03-27,2025-03-27,W1,Niedersachsen
A00428,P02,58,2025-03-27,2025-03-28,2025-03-29,W1,Bayern
A00429,P05,12,2025-03-27,2025-03-30,2025-03-29,W1,Sachsen
A00430,P05,46,2025-03-27,2025-03-31,2025-03-29,W5,Baden-Württemberg
A00431,P04,50,2025-03-27,2025-03-30,2025-03-30,W2,Hessen
A00432,P04,27,2025-03-27,2025-03-29,2025-03-29,W3,Nordrhein-Westfalen
A00433,P04,10,2025-03-28,2025-03-30,2025-03-29,W3,Baden-Württemberg
A00434,P05,14,2025-03-28,2025-04-01,2025-03-30,W4,Brandenburg
A00435,P04,43,2025-03-28,2025-03-31,2025-03-31,W5,Nordrhein-Westfalen
A00436,P04,43,2025-03-28,2025-04-01,2025-03-30,W1,Niedersachsen
A00437,P05,41,2025-03-29,2025-04-02,2025-03-31,W1,Hessen
A00438,P02,56,2025-03-29,2025-03-31,2025-03-30,W3,Thüringen
A00439,P01,12,2025-03-29,2025-03-30,2025-03-31,W3,Baden-Württemberg
A00440,P04,49,2025-03-29,2025-04-02,2025-03-31,W2,Hamburg
A00441,P03,44,2025-03-29,2025-03-31,2025-03-31,W1,Sachsen
A00442,P02,13,2025-03-29,2025-03-30,2025-03-30,W3,Hamburg
A00443,P05,25,2025-03-30,2025-04-02,2025-04-01,W4,Sachsen
A00444,P04,16,2025-03-30,2025-04-01,2025-04-01,W2,Sachsen
A00445,P03,10,2025-03-31,2025-04-03,2025-04-02,W5,Nordrhein-Westfalen
A00446,P04,24,2025-03-31,2025-04-02,2025-04-02,W3,Sachsen-Anhalt
A00447,P03,31,2025-03-31,2025-04-02,2025-04-01,W3,Nordrhein-Westfalen
A00448,P02,32,2025-03-31,2025-04-02,2025-04-02,W1,Niedersachsen
A00449,P05,25,2025-03-31,2025-04-03,2025-04-02,W3,Hessen
A00450,P03,21,2025-03-31,2025-04-02,2025-04-01,W1,Nordrhein-Westfalen
A00451,P01,10,2025-04-01,2025-04-03,2025-04-02,W1,Nordrhein-Westfalen
A00452,P01,40,2025-04-01,2025-04-04,2025-04-02,W4,Nordrhein-Westfalen
A00453,P03,59,2025-04-01,2025-04-03,2025-04-03,W5,Sachsen
A00454,P03,50,2025-04-01,2025-04-03,2025-04-03,W2,Bayern
A00455,P03,9,2025-04-01,2025-04-02,2025-04-02,W1,Nordrhein-Westfalen
A00456,P05,12,2025-04-01,2025-04-04,2025-04-03,W1,Bayern
A00457,P01,57,2025-04-01,2025-04-04,2025-04-02,W4,Nordrhein-Westfalen
A00458,P02,37,2025-04-01,2025-04-02,2025-04-02,W1,Bayern
A00459,P04,59,2025-04-02,2025-04-05,2025-04-04,W3,Rheinland-Pfalz
A00460,P05,38,2025-04-02,2025-04-05,2025-04-04,W2,Baden-Württemberg
A00461,P04,44,2025-04-02,2025-04-05,2025-04-04,W5,Niedersachsen
A00462,P05,21,2025-04-02,2025-04-05,2025-04-05,W4,Thüringen
A00463,P03,44,2025-04-02,2025-04-05,2025-04-04,W2,Sachsen-Anhalt
A00464,P04,17,2025-04-02,2025-04-04,2025-04-03,W4,Bayern
A00465,P05,15,2025-04-03,2025-04-06,2025-04-05,W1,Berlin
A00466,P04,56,2025-04-03,2025-04-05,2025-04-06,W1,Niedersachsen
A00467,P03,54,2025-04-03,2025-04-05,2025-04-04,W4,Baden-Württemberg
A00468,P05,46,2025-04-03,2025-04-06,2025-04-05,W3,Nordrhein-Westfalen
A00469,P05,18,2025-04-04,2025-04-07,2025-04-06,W2,Hessen
A00470,P04,17,2025-04-04,2025-04-07,2025-04-06,W4,Nordrhein-Westfalen
A00471,P03,17,2025-04-04,2025-04-05,2025-04-05,W5,Thüringen
A00472,P01,12,2025-04-04,2025-04-05,2025-04-05,W1,Niedersachsen
A00473,P05,30,2025-04-04,2025-04-07,2025-04-06,W2,Brandenburg
A00474,P01,11,2025-04-04,2025-04-05,2025-04-05,W1,Niedersachsen
A00475,P04,5,2025-04-04,2025-04-07,2025-04-06,W2,Rheinland-Pfalz
A00476,P03,35,2025-04-04,2025-04-06,2025-04-06,W1,Schleswig-Holstein
A00477,P05,57,2025-04-04,2025-04-08,2025-04-07,W3,Nordrhein-Westfalen
A00478,P02,6,2025-04-04,2025-04-06,2025-04-05,W4,Sachsen-Anhalt
A00479,P05,44,2025-04-05,2025-04-08,2025-04-07,W1,Sachsen
A00480,P04,52,2025-04-05,2025-04-09,2025-04-07,W2,Baden-Württemberg
A00481,P04,34,2025-04-05,2025-04-08,2025-04-07,W1,Baden-Württemberg
A00482,P05,29,2025-04-05,2025-04-08,2025-04-06,W1,Niedersachsen
A00483,P04,19,2025-04-05,2025-04-07,2025-04-07,W2,Baden-Württemberg
A00484,P03,53,2025-04-05,2025-04-07,2025-04-07,W1,Nordrhein-Westfalen
A00485,P05,8,2025-04-05,2025-04-08,2025-04-06,W5,Bayern
A00486,P04,18,2025-04-06,2025-04-08,2025-04-08,W2,Saarland
A00487,P01,31,2025-04-06,2025-04-09,2025-04-07,W2,Schleswig-Holstein
A00488,P02,38,2025-04-06,2025-04-08,2025-04-07,W3,Berlin
A00489,P01,50,2025-04-06,2025-04-08,2025-04-07,W2,Hamburg
A00490,P04,54,2025-04-06,2025-04-09,2025-04-08,W4,Baden-Württemberg
A00491,P01,56,2025-04-08,2025-04-10,2025-04-10,W1,Rheinland-Pfalz
A00492,P04,40,2025-04-08,2025-04-11,2025-04-10,W3,Bayern
A00493,P01,48,2025-04-08,2025-04-09,2025-04-09,W1,Bayern
A00494,P03,41,2025-04-08,2025-04-10,2025-04-10,W2,Rheinland-Pfalz
A00495,P01,16,2025-04-08,2025-04-10,2025-04-09,W3,Baden-Württemberg
A00496,P02,39,2025-04-08,2025-04-11,2025-04-09,W1,Thüringen
A00497,P02,36,2025-04-08,2025-04-10,2025-04-10,W4,Mecklenburg-Vorpommern
A00498,P03,13,2025-04-09,2025-04-10,2025-04-10,W2,Baden-Württemberg
A00499,P03,9,2025-04-09,2025-04-11,2025-04-10,W4,Baden-Württemberg
A00500,P03,31,2025-04-09,2025-04-10,2025-04-11,W2,Niedersachsen
A00501,P03,19,2025-04-09,2025-04-11,2025-04-10,W2,Nordrhein-Westfalen
A00502,P04,13,2025-04-09,2025-04-11,2025-04-11,W1,Thüringen
A00503,P04,46,2025-04-09,2025-04-13,2025-04-11,W4,Baden-Württemberg
A00504,P02,31,2025-04-09,2025-04-11,2025-04-10,W1,Hessen
A00505,P03,30,2025-04-10,2025-04-12,2025-04-12,W3,Sachsen-Anhalt
A00506,P01,34,2025-04-10,2025-04-12,2025-04-12,W4,Nordrhein-Westfalen
A00507,P02,49,2025-04-10,2025-04-11,2025-04-11,W2,Baden-Württemberg
A00508,P03,14,2025-04-10,2025-04-12,2025-04-11,W4,Nordrhein-Westfalen
A00509,P01,23,2025-04-10,2025-04-12,2025-04-11,W5,Niedersachsen
A00510,P05,46,2025-04-11,2025-04-14,2025-04-14,W4,Saarland
A00511,P01,6,2025-04-11,2025-04-13,2025-04-12,W1,Mecklenburg-Vorpommern
A00512,P04,47,2025-04-11,2025-04-13,2025-04-14,W1,Baden-Württemberg
A00513,P03,40,2025-04-11,2025-04-13,2025-04-12,W1,Berlin
A00514,P02,39,2025-04-11,2025-04-13,2025-04-12,W2,Niedersachsen
A00515,P04,53,2025-04-11,2025-04-14,2025-04-13,W4,Hamburg
A00516,P03,41,2025-04-11,2025-04-12,2025-04-12,W5,Bayern
A00517,P05,29,2025-04-11,2025-04-13,2025-04-13,W3,Bayern
A00518,P02,10,2025-04-11,2025-04-14,2025-04-12,W5,Hamburg
A00519,P02,41,2025-04-11,2025-04-13,2025-04-12,W4,Hessen
A00520,P04,59,2025-04-12,2025-04-15,2025-04-14,W2,Hessen
A00521,P02,5,2025-04-12,2025-04-14,2025-04-14,W1,Bayern
A00522,P03,23,2025-04-12,2025-04-14,2025-04-14,W5,Rheinland-Pfalz
A00523,P04,35,2025-04-12,2025-04-15,2025-04-14,W4,Schleswig-Holstein
A00524,P01,18,2025-04-12,2025-04-13,2025-04-15,W1,Bremen
A00525,P02,29,2025-04-13,2025-04-16,2025-04-14,W1,Hessen
A00526,P05,26,2025-04-13,2025-04-16,2025-04-15,W2,Hamburg
A00527,P05,33,2025-04-14,2025-04-16,2025-04-16,W2,Rheinland-Pfalz
A00528,P05,17,2025-04-14,2025-04-18,2025-04-17,W2,Schleswig-Holstein
A00529,P05,38,2025-04-14,2025-04-16,2025-04-16,W4,Brandenburg
A00530,P02,34,2025-04-14,2025-04-16,2025-04-15,W2,Rheinland-Pfalz
A00531,P04,19,2025-04-14,2025-04-16,2025-04-15,W2,Bayern
A00532,P02,42,2025-04-15,2025-04-17,2025-04-16,W1,Hamburg
A00533,P02,42,2025-04-15,2025-04-18,2025-04-17,W3,Berlin
A00534,P02,29,2025-04-15,2025-04-17,2025-04-16,W2,Baden-Württemberg
A00535,P04,53,2025-04-15,2025-04-18,2025-04-18,W1,Brandenburg
A00536,P02,58,2025-04-15,2025-04-16,2025-04-16,W1,Nordrhein-Westfalen
A00537,P01,40,2025-04-16,2025-04-18,2025-04-18,W1,Baden-Württemberg
A00538,P03,24,2025-04-16,2025-04-17,2025-04-18,W3,Bayern
A00539,P05,37,2025-04-16,2025-04-18,2025-04-18,W2,Baden-Württemberg
A00540,P01,48,2025-04-16,2025-04-18,2025-04-18,W1,Berlin
A00541,P02,5,2025-04-17,2025-04-18,2025-04-18,W5,Baden-Württemberg
A00542,P02,7,2025-04-17,2025-04-20,2025-04-18,W4,Hamburg
A00543,P03,41,2025-04-17,2025-04-19,2025-04-19,W3,Baden-Württemberg
A00544,P04,43,2025-04-17,2025-04-20,2025-04-19,W4,Bayern
A00545,P05,27,2025-04-17,2025-04-21,2025-04-19,W5,Nordrhein-Westfalen
A00546,P04,9,2025-04-18,2025-04-21,2025-04-20,W1,Brandenburg
A00547,P01,21,2025-04-18,2025-04-20,2025-04-19,W4,Nordrhein-Westfalen
A00548,P02,5,2025-04-18,2025-04-20,2025-04-19,W3,Nordrhein-Westfalen
A00549,P03,10,2025-04-18,2025-04-20,2025-04-19,W1,Niedersachsen
A00550,P03,26,2025-04-18,2025-04-20,2025-04-20,W1,Baden-Württemberg
A00551,P01,54,2025-04-18,2025-04-20,2025-04-20,W4,Bayern
A00552,P01,23,2025-04-18,2025-04-21,2025-04-19,W2,Nordrhein-Westfalen
A00553,P02,47,2025-04-18,2025-04-20,2025-04-19,W5,Rheinland-Pfalz
A00554,P02,33,2025-04-18,2025-04-20,2025-04-19,W4,Nordrhein-Westfalen
A00555,P01,45,2025-04-18,2025-04-21,2025-04-21,W5,Baden-Württemberg
A00556,P01,16,2025-04-19,2025-04-22,2025-04-22,W3,Sachsen
A00557,P05,46,2025-04-19,2025-04-21,2025-04-21,W5,Nordrhein-Westfalen
A00558,P03,39,2025-04-19,2025-04-21,2025-04-20,W1,Schleswig-Holstein
A00559,P02,5,2025-04-19,2025-04-21,2025-04-20,W4,Nordrhein-Westfalen
A00560,P03,36,2025-04-19,2025-04-21,2025-04-20,W2,Bayern
A00561,P04,56,2025-04-20,2025-04-23,2025-04-23,W2,Bremen
A00562,P05,40,2025-04-20,2025-04-23,2025-04-22,W3,Saarland
A00563,P03,44,2025-04-20,2025-04-21,2025-04-21,W4,Thüringen
A00564,P03,49,2025-04-21,2025-04-23,2025-04-23,W1,Rheinland-Pfalz
A00565,P03,37,2025-04-21,2025-04-23,2025-04-23,W2,Sachsen-Anhalt
A00566,P02,39,2025-04-21,2025-04-23,2025-04-22,W4,Hessen
A00567,P02,58,2025-04-21,2025-04-24,2025-04-22,W1,Berlin
A00568,P04,53,2025-04-21,2025-04-24,2025-04-24,W1,Rheinland-Pfalz
A00569,P05,55,2025-04-21,2025-04-25,2025-04-23,W4,Baden-Württemberg
A00570,P05,44,2025-04-21,2025-04-24,2025-04-23,W2,Hamburg
A00571,P04,36,2025-04-22,2025-04-24,2025-04-24,W1,Rheinland-Pfalz
A00572,P04,28,2025-04-22,2025-04-24,2025-04-24,W1,Nordrhein-Westfalen
A00573,P02,8,2025-04-22,2025-04-25,2025-04-23,W5,Sachsen-Anhalt
A00574,P03,38,2025-04-23,2025-04-26,2025-04-25,W3,Baden-Württemberg
A00575,P02,41,2025-04-23,2025-04-25,2025-04-24,W5,Schleswig-Holstein
A00576,P01,51,2025-04-23,2025-04-25,2025-04-24,W4,Niedersachsen
A00577,P01,55,2025-04-23,2025-04-26,2025-04-24,W5,Sachsen-Anhalt
A00578,P01,10,2025-04-23,2025-04-25,2025-04-25,W1,Bayern
A00579,P02,54,2025-04-23,2025-04-24,2025-04-24,W1,Berlin
A00580,P01,56,2025-04-24,2025-04-25,2025-04-26,W5,Saarland
A00581,P01,37,2025-04-24,2025-04-26,2025-04-25,W4,Berlin
A00582,P05,16,2025-04-24,2025-04-27,2025-04-26,W4,Baden-Württemberg
A00583,P05,42,2025-04-24,2025-04-27,2025-04-26,W3,Nordrhein-Westfalen
A00584,P05,35,2025-04-25,2025-04-28,2025-04-28,W1,Sachsen
A00585,P04,28,2025-04-25,2025-04-26,2025-04-27,W2,Baden-Württemberg
A00586,P05,11,2025-04-25,2025-04-28,2025-04-28,W5,Berlin
A00587,P05,37,2025-04-25,2025-04-28,2025-04-28,W5,Brandenburg
A00588,P02,21,2025-04-25,2025-04-26,2025-04-26,W2,Nordrhein-Westfalen
A00589,P04,17,2025-04-26,2025-04-28,2025-04-27,W3,Niedersachsen
A00590,P01,15,2025-04-26,2025-04-27,2025-04-27,W3,Berlin
A00591,P04,13,2025-04-26,2025-04-28,2025-04-28,W3,Niedersachsen
A00592,P05,17,2025-04-27,2025-04-30,2025-04-29,W2,Hessen
A00593,P02,17,2025-04-27,2025-04-29,2025-04-28,W3,Nordrhein-Westfalen
A00594,P04,47,2025-04-27,2025-04-29,2025-05-01,W2,Baden-Württemberg
A00595,P01,35,2025-04-27,2025-04-29,2025-04-29,W2,Thüringen
A00596,P02,23,2025-04-27,2025-04-29,2025-04-28,W1,Bayern
A00597,P02,25,2025-04-27,2025-04-30,2025-04-29,W4,Rheinland-Pfalz
A00598,P02,6,2025-04-28,2025-04-30,2025-04-29,W5,Nordrhein-Westfalen
A00599,P02,32,2025-04-28,2025-04-30,2025-04-29,W1,Sachsen
A00600,P02,53,2025-04-28,2025-04-30,2025-04-29,W3,Nordrhein-Westfalen
A00601,P01,43,2025-04-28,2025-04-29,2025-04-29,W2,Baden-Württemberg
A00602,P04,30,2025-04-28,2025-05-01,2025-04-30,W2,Saarland
A00603,P04,7,2025-04-29,2025-05-01,2025-04-30,W3,Bayern
A00604,P05,24,2025-04-29,2025-05-03,2025-05-01,W1,Bayern
A00605,P03,11,2025-04-29,2025-05-02,2025-04-30,W2,Schleswig-Holstein
A00606,P02,51,2025-04-29,2025-05-01,2025-04-30,W3,Baden-Württemberg
A00607,P02,26,2025-04-29,2025-05-01,2025-04-30,W4,Hamburg
A00608,P03,5,2025-04-30,2025-05-02,2025-05-01,W2,Bremen
A00609,P03,19,2025-04-30,2025-05-02,2025-05-01,W2,Berlin
A00610,P04,30,2025-04-30,2025-05-03,2025-05-02,W1,Bayern
A00611,P01,47,2025-05-01,2025-05-03,2025-05-03,W2,Niedersachsen
A00612,P02,34,2025-05-01,2025-05-02,2025-05-02,W2,Nordrhein-Westfalen
A00613,P03,24,2025-05-01,2025-05-03,2025-05-02,W2,Sachsen-Anhalt
A00614,P04,20,2025-05-01,2025-05-03,2025-05-03,W1,Thüringen
A00615,P02,46,2025-05-01,2025-05-03,2025-05-02,W2,Baden-Württemberg
A00616,P02,43,2025-05-01,2025-05-03,2025-05-02,W4,Brandenburg
A00617,P03,14,2025-05-02,2025-05-03,2025-05-03,W2,Berlin
A00618,P04,39,2025-05-02,2025-05-04,2025-05-04,W5,Nordrhein-Westfalen
A00619,P04,37,2025-05-02,2025-05-05,2025-05-04,W2,Nordrhein-Westfalen
A00620,P01,14,2025-05-02,2025-05-04,2025-05-03,W4,Niedersachsen
A00621,P04,16,2025-05-02,2025-05-04,2025-05-04,W4,Rheinland-Pfalz
A00622,P01,33,2025-05-03,2025-05-06,2025-05-04,W4,Hamburg
A00623,P02,57,2025-05-03,2025-05-06,2025-05-04,W5,Bayern
A00624,P04,36,2025-05-03,2025-05-06,2025-05-05,W4,Nordrhein-Westfalen
A00625,P01,26,2025-05-03,2025-05-05,2025-05-04,W5,Niedersachsen
A00626,P05,58,2025-05-03,2025-05-07,2025-05-05,W1,Niedersachsen
A00627,P04,6,2025-05-03,2025-05-05,2025-05-05,W5,Brandenburg
A00628,P01,43,2025-05-03,2025-05-04,2025-05-05,W5,Nordrhein-Westfalen
A00629,P01,21,2025-05-03,2025-05-06,2025-05-04,W1,Rheinland-Pfalz
A00630,P04,43,2025-05-03,2025-05-06,2025-05-05,W2,Bayern
A00631,P03,27,2025-05-03,2025-05-06,2025-05-04,W4,Baden-Württemberg
A00632,P04,5,2025-05-04,2025-05-05,2025-05-05,W4,Bayern
A00633,P01,47,2025-05-04,2025-05-06,2025-05-06,W1,Sachsen-Anhalt
A00634,P03,44,2025-05-04,2025-05-06,2025-05-06,W3,Baden-Württemberg
A00635,P02,32,2025-05-05,2025-05-06,2025-05-06,W2,Hessen
A00636,P05,44,2025-05-05,2025-05-08,2025-05-07,W1,Sachsen
A00637,P01,26,2025-05-05,2025-05-07,2025-05-07,W2,Baden-Württemberg
A00638,P05,12,2025-05-05,2025-05-08,2025-05-07,W4,Saarland
A00639,P02,53,2025-05-06,2025-05-08,2025-05-08,W4,Nordrhein-Westfalen
A00640,P05,50,2025-05-06,2025-05-09,2025-05-08,W5,Niedersachsen
A00641,P02,20,2025-05-06,2025-05-08,2025-05-07,W2,Berlin
A00642,P03,9,2025-05-07,2025-05-09,2025-05-09,W1,Nordrhein-Westfalen
A00643,P01,50,2025-05-07,2025-05-09,2025-05-08,W4,Nordrhein-Westfalen
A00644,P03,8,2025-05-07,2025-05-09,2025-05-08,W3,Nordrhein-Westfalen
A00645,P03,11,2025-05-07,2025-05-08,2025-05-08,W1,Niedersachsen
A00646,P03,50,2025-05-08,2025-05-10,2025-05-10,W4,Berlin
A00647,P02,29,2025-05-08,2025-05-11,2025-05-09,W3,Bayern
A00648,P03,49,2025-05-08,2025-05-11,2025-05-09,W2,Bayern
A00649,P05,45,2025-05-08,2025-05-11,2025-05-10,W2,Sachsen-Anhalt
A00650,P01,7,2025-05-09,2025-05-11,2025-05-11,W3,Bayern
A00651,P04,30,2025-05-09,2025-05-12,2025-05-11,W2,Bremen
A00652,P03,56,2025-05-09,2025-05-11,2025-05-10,W1,Hessen
A00653,P04,28,2025-05-10,2025-05-11,2025-05-13,W4,Bayern
A00654,P01,56,2025-05-11,2025-05-13,2025-05-12,W1,Bayern
A00655,P04,24,2025-05-11,2025-05-12,2025-05-13,W5,Sachsen
A00656,P03,48,2025-05-11,2025-05-13,2025-05-12,W1,Sachsen
A00657,P04,26,2025-05-11,2025-05-14,2025-05-13,W4,Saarland
A00658,P03,35,2025-05-11,2025-05-12,2025-05-12,W3,Nordrhein-Westfalen
A00659,P05,47,2025-05-11,2025-05-14,2025-05-14,W1,Brandenburg
A00660,P03,14,2025-05-11,2025-05-13,2025-05-12,W2,Nordrhein-Westfalen
A00661,P05,52,2025-05-12,2025-05-14,2025-05-16,W3,Sachsen-Anhalt
A00662,P05,57,2025-05-12,2025-05-15,2025-05-14,W4,Rheinland-Pfalz
A00663,P04,10,2025-05-13,2025-05-15,2025-05-15,W1,Bayern
A00664,P03,41,2025-05-13,2025-05-15,2025-05-15,W5,Berlin
A00665,P03,12,2025-05-13,2025-05-14,2025-05-14,W2,Bayern
A00666,P04,25,2025-05-14,2025-05-16,2025-05-16,W4,Brandenburg
A00667,P05,36,2025-05-14,2025-05-17,2025-05-16,W1,Baden-Württemberg
A00668,P01,8,2025-05-14,2025-05-16,2025-05-15,W2,Hessen
A00669,P04,47,2025-05-15,2025-05-18,2025-05-17,W5,Nordrhein-Westfalen
A00670,P01,58,2025-05-15,2025-05-17,2025-05-17,W3,Baden-Württemberg
A00671,P04,16,2025-05-15,2025-05-17,2025-05-17,W4,Nordrhein-Westfalen
A00672,P01,21,2025-05-15,2025-05-17,2025-05-16,W1,Nordrhein-Westfalen
A00673,P03,27,2025-05-15,2025-05-17,2025-05-16,W1,Hessen
A00674,P05,18,2025-05-16,2025-05-19,2025-05-18,W1,Niedersachsen
A00675,P03,14,2025-05-16,2025-05-18,2025-05-17,W4,Berlin
A00676,P01,23,2025-05-17,2025-05-19,2025-05-18,W5,Bayern
A00677,P03,20,2025-05-17,2025-05-19,2025-05-20,W3,Nordrhein-Westfalen
A00678,P01,55,2025-05-18,2025-05-20,2025-05-20,W1,Nordrhein-Westfalen
A00679,P03,33,2025-05-18,2025-05-20,2025-05-19,W2,Nordrhein-Westfalen
A00680,P04,27,2025-05-18,2025-05-20,2025-05-20,W1,Mecklenburg-Vorpommern
A00681,P01,37,2025-05-18,2025-05-21,2025-05-19,W4,Niedersachsen
A00682,P03,52,2025-05-19,2025-05-20,2025-05-21,W2,Bayern
A00683,P04,32,2025-05-19,2025-05-21,2025-05-21,W5,Thüringen
A00684,P02,7,2025-05-19,2025-05-21,2025-05-20,W2,Bayern
A00685,P05,24,2025-05-19,2025-05-22,2025-05-21,W2,Nordrhein-Westfalen
A00686,P01,22,2025-05-20,2025-05-21,2025-05-21,W5,Thüringen
A00687,P02,9,2025-05-20,2025-05-22,2025-05-21,W4,Mecklenburg-Vorpommern
A00688,P01,30,2025-05-20,2025-05-21,2025-05-21,W1,Hessen
A00689,P01,42,2025-05-20,2025-05-22,2025-05-22,W3,Rheinland-Pfalz
A00690,P01,13,2025-05-21,2025-05-23,2025-05-22,W1,Bayern
A00691,P01,24,2025-05-21,2025-05-24,2025-05-22,W2,Bayern
A00692,P01,15,2025-05-22,2025-05-23,2025-05-23,W2,Sachsen
A00693,P05,13,2025-05-22,2025-05-26,2025-05-24,W1,Bayern
A00694,P04,19,2025-05-22,2025-05-25,2025-05-24,W1,Nordrhein-Westfalen
A00695,P05,27,2025-05-22,2025-05-24,2025-05-24,W3,Nordrhein-Westfalen
A00696,P05,8,2025-05-22,2025-05-25,2025-05-24,W4,Schleswig-Holstein
A00697,P02,11,2025-05-22,2025-05-23,2025-05-23,W3,Niedersachsen
A00698,P04,28,2025-05-23,2025-05-25,2025-05-25,W1,Bayern
A00699,P01,18,2025-05-23,2025-05-25,2025-05-24,W4,Nordrhein-Westfalen
A00700,P02,20,2025-05-23,2025-05-25,2025-05-24,W1,Nordrhein-Westfalen
A00701,P01,57,2025-05-23,2025-05-25,2025-05-24,W1,Nordrhein-Westfalen
A00702,P04,6,2025-05-23,2025-05-25,2025-05-24,W4,Nordrhein-Westfalen
A00703,P03,34,2025-05-23,2025-05-24,2025-05-24,W4,Nordrhein-Westfalen
A00704,P04,7,2025-05-23,2025-05-25,2025-05-25,W1,Nordrhein-Westfalen
A00705,P02,5,2025-05-24,2025-05-26,2025-05-25,W4,Nordrhein-Westfalen
A00706,P03,7,2025-05-24,2025-05-26,2025-05-25,W2,Nordrhein-Westfalen
A00707,P03,53,2025-05-24,2025-05-26,2025-05-27,W2,Hamburg
A00708,P04,15,2025-05-24,2025-05-26,2025-05-27,W1,Bayern
A00709,P03,15,2025-05-24,2025-05-26,2025-05-25,W3,Niedersachsen
A00710,P01,30,2025-05-24,2025-05-25,2025-05-25,W1,Berlin
A00711,P04,28,2025-05-25,2025-05-27,2025-05-27,W2,Nordrhein-Westfalen
A00712,P03,20,2025-05-25,2025-05-27,2025-05-26,W5,Baden-Württemberg
A00713,P03,36,2025-05-25,2025-05-27,2025-05-26,W2,Brandenburg
A00714,P04,37,2025-05-25,2025-05-28,2025-05-27,W5,Niedersachsen
A00715,P01,18,2025-05-26,2025-05-27,2025-05-27,W5,Bayern
A00716,P03,13,2025-05-26,2025-05-29,2025-05-28,W2,Sachsen-Anhalt
A00717,P04,20,2025-05-26,2025-05-28,2025-05-28,W5,Bayern
A00718,P05,6,2025-05-26,2025-05-29,2025-05-28,W3,Bremen
A00719,P01,23,2025-05-26,2025-05-29,2025-05-27,W4,Schleswig-Holstein
A00720,P02,41,2025-05-27,2025-05-28,2025-05-28,W4,Niedersachsen
A00721,P05,59,2025-05-27,2025-05-30,2025-05-30,W1,Bayern
A00722,P02,26,2025-05-27,2025-05-29,2025-05-28,W4,Bayern
A00723,P01,13,2025-05-27,2025-05-30,2025-05-28,W2,Nordrhein-Westfalen
A00724,P04,35,2025-05-27,2025-05-30,2025-05-29,W1,Niedersachsen
A00725,P05,40,2025-05-27,2025-05-30,2025-05-29,W2,Hessen
A00726,P02,23,2025-05-27,2025-05-29,2025-05-28,W1,Sachsen-Anhalt
A00727,P05,27,2025-05-28,2025-05-31,2025-05-31,W2,Sachsen
A00728,P05,40,2025-05-28,2025-06-01,2025-05-31,W2,Nordrhein-Westfalen
A00729,P03,35,2025-05-28,2025-05-31,2025-05-30,W5,Rheinland-Pfalz
A00730,P03,44,2025-05-28,2025-05-29,2025-05-29,W4,Baden-Württemberg
A00731,P04,17,2025-05-28,2025-05-30,2025-05-29,W5,Nordrhein-Westfalen
A00732,P05,29,2025-05-29,2025-06-01,2025-05-31,W5,Mecklenburg-Vorpommern
A00733,P03,9,2025-05-29,2025-05-31,2025-05-30,W4,Bayern
A00734,P03,22,2025-05-29,2025-05-31,2025-05-30,W5,Bayern
A00735,P01,5,2025-05-29,2025-05-30,2025-05-30,W1,Nordrhein-Westfalen
A00736,P03,27,2025-05-29,2025-05-31,2025-05-31,W4,Hessen
A00737,P04,13,2025-05-29,2025-05-31,2025-05-31,W1,Baden-Württemberg
A00738,P04,22,2025-05-29,2025-05-31,2025-05-30,W3,Bayern
A00739,P05,21,2025-05-29,2025-06-01,2025-05-31,W3,Sachsen-Anhalt
A00740,P03,40,2025-05-29,2025-05-31,2025-05-30,W5,Nordrhein-Westfalen
A00741,P01,35,2025-05-29,2025-06-01,2025-05-30,W2,Bayern
A00742,P02,38,2025-05-30,2025-05-31,2025-05-31,W3,Baden-Württemberg
A00743,P02,24,2025-05-30,2025-06-01,2025-05-31,W4,Nordrhein-Westfalen
A00744,P05,7,2025-05-30,2025-06-02,2025-06-02,W4,Niedersachsen
A00745,P01,58,2025-05-30,2025-06-02,2025-05-31,W2,Hessen
A00746,P04,21,2025-05-30,2025-06-01,2025-06-01,W2,Berlin
A00747,P02,15,2025-05-30,2025-06-02,2025-05-31,W2,Bayern
A00748,P02,49,2025-05-30,2025-06-01,2025-05-31,W3,Nordrhein-Westfalen
A00749,P05,31,2025-05-31,2025-06-03,2025-06-02,W2,Bayern
A00750,P01,33,2025-05-31,2025-06-01,2025-06-01,W2,Rheinland-Pfalz
A00751,P02,38,2025-05-31,2025-06-01,2025-06-01,W2,Bayern
A00752,P01,41,2025-05-31,2025-06-02,2025-06-01,W2,Nordrhein-Westfalen
A00753,P02,44,2025-06-01,2025-06-03,2025-06-02,W2,Baden-Württemberg
A00754,P05,49,2025-06-01,2025-06-03,2025-06-03,W4,Sachsen-Anhalt
A00755,P04,6,2025-06-01,2025-06-03,2025-06-03,W2,Rheinland-Pfalz
A00756,P01,42,2025-06-02,2025-06-04,2025-06-04,W2,Nordrhein-Westfalen
A00757,P05,16,2025-06-02,2025-06-06,2025-06-04,W2,Nordrhein-Westfalen
A00758,P03,41,2025-06-02,2025-06-03,2025-06-04,W5,Bayern
A00759,P03,28,2025-06-03,2025-06-04,2025-06-05,W4,Sachsen
A00760,P03,34,2025-06-03,2025-06-05,2025-06-04,W1,Hessen
A00761,P05,48,2025-06-03,2025-06-06,2025-06-07,W5,Bayern
A00762,P05,32,2025-06-03,2025-06-07,2025-06-06,W2,Niedersachsen
A00763,P04,31,2025-06-03,2025-06-06,2025-06-05,W1,Baden-Württemberg
A00764,P04,20,2025-06-04,2025-06-07,2025-06-06,W5,Mecklenburg-Vorpommern
A00765,P01,25,2025-06-04,2025-06-06,2025-06-05,W4,Nordrhein-Westfalen
A00766,P05,17,2025-06-04,2025-06-06,2025-06-06,W3,Schleswig-Holstein
A00767,P04,54,2025-06-04,2025-06-08,2025-06-06,W3,Niedersachsen
A00768,P03,14,2025-06-05,2025-06-07,2025-06-06,W1,Baden-Württemberg
A00769,P04,26,2025-06-05,2025-06-08,2025-06-07,W1,Bayern
A00770,P02,12,2025-06-06,2025-06-09,2025-06-09,W2,Baden-Württemberg
A00771,P02,28,2025-06-06,2025-06-08,2025-06-07,W4,Brandenburg
A00772,P01,14,2025-06-06,2025-06-08,2025-06-07,W4,Niedersachsen
A00773,P04,30,2025-06-06,2025-06-09,2025-06-08,W2,Hamburg
A00774,P03,58,2025-06-06,2025-06-08,2025-06-09,W3,Nordrhein-Westfalen
A00775,P04,31,2025-06-06,2025-06-10,2025-06-07,W3,Bayern
A00776,P03,48,2025-06-07,2025-06-10,2025-06-09,W1,Niedersachsen
A00777,P01,58,2025-06-07,2025-06-09,2025-06-08,W4,Rheinland-Pfalz
A00778,P03,52,2025-06-07,2025-06-09,2025-06-09,W4,Hessen
A00779,P03,21,2025-06-08,2025-06-09,2025-06-09,W2,Niedersachsen
A00780,P03,38,2025-06-08,2025-06-09,2025-06-10,W2,Schleswig-Holstein
A00781,P04,59,2025-06-08,2025-06-11,2025-06-11,W5,Mecklenburg-Vorpommern
A00782,P05,23,2025-06-09,2025-06-12,2025-06-11,W2,Niedersachsen
A00783,P04,38,2025-06-09,2025-06-11,2025-06-11,W4,Thüringen
A00784,P05,22,2025-06-09,2025-06-12,2025-06-11,W1,Hessen
A00785,P03,25,2025-06-10,2025-06-11,2025-06-12,W3,Hessen
A00786,P05,18,2025-06-10,2025-06-13,2025-06-13,W1,Hessen
A00787,P04,16,2025-06-10,2025-06-13,2025-06-12,W1,Hessen
A00788,P01,45,2025-06-10,2025-06-11,2025-06-11,W4,Nordrhein-Westfalen
A00789,P05,12,2025-06-11,2025-06-14,2025-06-13,W5,Baden-Württemberg
A00790,P01,26,2025-06-11,2025-06-14,2025-06-12,W3,Hamburg
A00791,P02,26,2025-06-11,2025-06-14,2025-06-12,W1,Bayern
A00792,P04,14,2025-06-11,2025-06-12,2025-06-14,W2,Baden-Württemberg
A00793,P05,42,2025-06-12,2025-06-14,2025-06-14,W1,Thüringen
A00794,P01,38,2025-06-12,2025-06-15,2025-06-13,W1,Schleswig-Holstein
A00795,P03,39,2025-06-12,2025-06-13,2025-06-13,W5,Bayern
A00796,P05,16,2025-06-12,2025-06-15,2025-06-14,W2,Niedersachsen
A00797,P05,52,2025-06-12,2025-06-15,2025-06-14,W4,Nordrhein-Westfalen
A00798,P02,9,2025-06-13,2025-06-15,2025-06-14,W4,Nordrhein-Westfalen
A00799,P03,18,2025-06-13,2025-06-15,2025-06-15,W4,Brandenburg
A00800,P04,48,2025-06-13,2025-06-17,2025-06-16,W2,Thüringen
A00801,P03,24,2025-06-14,2025-06-16,2025-06-17,W2,Hamburg
A00802,P04,58,2025-06-14,2025-06-17,2025-06-17,W1,Hessen
A00803,P04,58,2025-06-14,2025-06-18,2025-06-16,W4,Hessen
A00804,P03,27,2025-06-14,2025-06-16,2025-06-15,W5,Rheinland-Pfalz
A00805,P03,23,2025-06-14,2025-06-16,2025-06-15,W5,Nordrhein-Westfalen
A00806,P05,34,2025-06-14,2025-06-16,2025-06-17,W2,Nordrhein-Westfalen
A00807,P02,45,2025-06-14,2025-06-16,2025-06-16,W5,Bayern
A00808,P04,42,2025-06-15,2025-06-18,2025-06-17,W5,Nordrhein-Westfalen
A00809,P04,50,2025-06-15,2025-06-17,2025-06-18,W5,Schleswig-Holstein
A00810,P04,27,2025-06-16,2025-06-19,2025-06-18,W5,Rheinland-Pfalz
A00811,P05,12,2025-06-16,2025-06-19,2025-06-18,W3,Schleswig-Holstein
A00812,P01,11,2025-06-16,2025-06-18,2025-06-17,W3,Bayern
A00813,P03,22,2025-06-17,2025-06-18,2025-06-19,W2,Schleswig-Holstein
A00814,P04,53,2025-06-17,2025-06-21,2025-06-19,W2,Baden-Württemberg
A00815,P04,7,2025-06-17,2025-06-18,2025-06-19,W5,Baden-Württemberg
A00816,P04,10,2025-06-17,2025-06-19,2025-06-19,W1,Bayern
A00817,P03,42,2025-06-18,2025-06-20,2025-06-20,W2,Rheinland-Pfalz
A00818,P05,24,2025-06-18,2025-06-21,2025-06-20,W5,Thüringen
A00819,P05,42,2025-06-18,2025-06-22,2025-06-21,W1,Sachsen
A00820,P02,16,2025-06-18,2025-06-21,2025-06-19,W1,Nordrhein-Westfalen
A00821,P05,45,2025-06-18,2025-06-22,2025-06-21,W4,Nordrhein-Westfalen
A00822,P05,15,2025-06-18,2025-06-21,2025-06-20,W2,Bayern
A00823,P03,11,2025-06-19,2025-06-22,2025-06-20,W1,Nordrhein-Westfalen
A00824,P03,53,2025-06-19,2025-06-20,2025-06-20,W4,Nordrhein-Westfalen
A00825,P03,13,2025-06-20,2025-06-22,2025-06-21,W2,Niedersachsen
A00826,P03,10,2025-06-20,2025-06-22,2025-06-21,W1,Hessen
A00827,P01,46,2025-06-20,2025-06-22,2025-06-21,W3,Hamburg
A00828,P04,55,2025-06-20,2025-06-23,2025-06-22,W5,Bayern
A00829,P01,35,2025-06-20,2025-06-22,2025-06-21,W5,Nordrhein-Westfalen
A00830,P01,13,2025-06-20,2025-06-23,2025-06-21,W4,Nordrhein-Westfalen
A00831,P05,9,2025-06-20,2025-06-24,2025-06-22,W1,Thüringen
A00832,P04,33,2025-06-20,2025-06-24,2025-06-22,W3,Brandenburg
A00833,P02,19,2025-06-20,2025-06-21,2025-06-21,W2,Hamburg
A00834,P01,15,2025-06-20,2025-06-22,2025-06-21,W2,Nordrhein-Westfalen
A00835,P04,57,2025-06-21,2025-06-24,2025-06-23,W1,Baden-Württemberg
A00836,P02,20,2025-06-21,2025-06-22,2025-06-22,W2,Nordrhein-Westfalen
A00837,P01,7,2025-06-21,2025-06-22,2025-06-22,W1,Schleswig-Holstein
A00838,P01,30,2025-06-21,2025-06-23,2025-06-22,W1,Schleswig-Holstein
A00839,P03,8,2025-06-21,2025-06-23,2025-06-23,W5,Bayern
A00840,P05,43,2025-06-21,2025-06-24,2025-06-23,W5,Bayern
A00841,P03,13,2025-06-22,2025-06-23,2025-06-24,W1,Nordrhein-Westfalen
A00842,P04,7,2025-06-22,2025-06-23,2025-06-23,W2,Nordrhein-Westfalen
A00843,P03,40,2025-06-22,2025-06-23,2025-06-23,W4,Schleswig-Holstein
A00844,P04,18,2025-06-22,2025-06-24,2025-06-24,W2,Sachsen-Anhalt
A00845,P04,6,2025-06-22,2025-06-24,2025-06-23,W2,Nordrhein-Westfalen
A00846,P05,8,2025-06-22,2025-06-26,2025-06-24,W4,Nordrhein-Westfalen
A00847,P04,46,2025-06-22,2025-06-25,2025-06-24,W5,Sachsen
A00848,P01,30,2025-06-23,2025-06-25,2025-06-25,W3,Thüringen
A00849,P05,6,2025-06-23,2025-06-26,2025-06-24,W4,Nordrhein-Westfalen
A00850,P02,49,2025-06-23,2025-06-26,2025-06-24,W1,Niedersachsen
A00851,P02,24,2025-06-23,2025-06-26,2025-06-24,W3,Saarland
A00852,P01,17,2025-06-24,2025-06-26,2025-06-25,W2,Bayern
A00853,P05,49,2025-06-24,2025-06-27,2025-06-27,W2,Nordrhein-Westfalen
A00854,P03,6,2025-06-24,2025-06-27,2025-06-26,W1,Bayern
A00855,P04,29,2025-06-24,2025-06-25,2025-06-26,W2,Nordrhein-Westfalen
A00856,P03,33,2025-06-24,2025-06-27,2025-06-26,W1,Bayern
A00857,P02,58,2025-06-25,2025-06-28,2025-06-26,W1,Niedersachsen
A00858,P01,23,2025-06-25,2025-06-27,2025-06-26,W4,Thüringen
A00859,P02,5,2025-06-25,2025-06-27,2025-06-27,W1,Nordrhein-Westfalen
A00860,P01,41,2025-06-25,2025-06-27,2025-06-27,W2,Bayern
A00861,P03,12,2025-06-25,2025-06-26,2025-06-26,W2,Bayern
A00862,P01,16,2025-06-25,2025-06-26,2025-06-26,W1,Thüringen
A00863,P02,23,2025-06-25,2025-06-27,2025-06-27,W1,Sachsen-Anhalt
A00864,P03,31,2025-06-25,2025-06-27,2025-06-26,W2,Nordrhein-Westfalen
A00865,P05,29,2025-06-25,2025-06-27,2025-06-28,W2,Hamburg
A00866,P02,38,2025-06-25,2025-06-27,2025-06-26,W1,Nordrhein-Westfalen
A00867,P05,11,2025-06-26,2025-06-30,2025-06-28,W2,Baden-Württemberg
A00868,P03,49,2025-06-26,2025-06-28,2025-06-28,W3,Nordrhein-Westfalen
A00869,P02,43,2025-06-26,2025-06-27,2025-06-28,W4,Nordrhein-Westfalen
A00870,P01,23,2025-06-26,2025-06-28,2025-06-27,W3,Nordrhein-Westfalen
A00871,P04,39,2025-06-26,2025-06-30,2025-06-28,W5,Nordrhein-Westfalen
A00872,P05,14,2025-06-27,2025-07-01,2025-06-29,W1,Baden-Württemberg
A00873,P03,6,2025-06-28,2025-06-29,2025-06-29,W2,Hamburg
A00874,P02,39,2025-06-28,2025-06-30,2025-06-29,W2,Bayern
A00875,P04,14,2025-06-28,2025-06-30,2025-06-29,W5,Bayern
A00876,P04,34,2025-06-28,2025-07-02,2025-06-30,W5,Hessen
A00877,P03,22,2025-06-28,2025-06-29,2025-06-29,W2,Hessen
A00878,P05,31,2025-06-29,2025-07-02,2025-07-01,W2,Nordrhein-Westfalen
A00879,P02,33,2025-06-29,2025-07-01,2025-06-30,W3,Niedersachsen
A00880,P04,48,2025-06-29,2025-07-02,2025-07-02,W1,Rheinland-Pfalz
A00881,P03,42,2025-06-29,2025-07-01,2025-06-30,W1,Hamburg
A00882,P05,46,2025-06-29,2025-07-02,2025-07-03,W5,Hessen
A00883,P01,14,2025-06-29,2025-07-01,2025-06-30,W4,Sachsen-Anhalt
A00884,P04,54,2025-06-29,2025-07-03,2025-07-01,W1,Niedersachsen
A00885,P01,59,2025-06-30,2025-07-01,2025-07-01,W3,Nordrhein-Westfalen
A00886,P03,27,2025-06-30,2025-07-02,2025-07-01,W1,Niedersachsen
A00887,P01,18,2025-06-30,2025-07-02,2025-07-02,W2,Nordrhein-Westfalen
A00888,P05,36,2025-07-01,2025-07-04,2025-07-03,W3,Bayern
A00889,P05,21,2025-07-01,2025-07-04,2025-07-03,W4,Mecklenburg-Vorpommern
A00890,P03,40,2025-07-01,2025-07-04,2025-07-02,W3,Mecklenburg-Vorpommern
A00891,P02,55,2025-07-01,2025-07-03,2025-07-03,W1,Hamburg
A00892,P03,53,2025-07-01,2025-07-02,2025-07-03,W5,Bayern
A00893,P01,8,2025-07-02,2025-07-04,2025-07-03,W4,Nordrhein-Westfalen
A00894,P03,34,2025-07-02,2025-07-04,2025-07-03,W1,Thüringen
A00895,P05,32,2025-07-02,2025-07-05,2025-07-04,W1,Hessen
A00896,P04,38,2025-07-02,2025-07-05,2025-07-04,W5,Bayern
A00897,P02,33,2025-07-02,2025-07-05,2025-07-04,W1,Nordrhein-Westfalen
A00898,P02,44,2025-07-03,2025-07-04,2025-07-05,W4,Thüringen
A00899,P03,42,2025-07-03,2025-07-05,2025-07-04,W5,Thüringen
A00900,P01,16,2025-07-03,2025-07-05,2025-07-05,W3,Nordrhein-Westfalen
A00901,P04,43,2025-07-03,2025-07-06,2025-07-06,W5,Nordrhein-Westfalen
A00902,P02,44,2025-07-03,2025-07-04,2025-07-04,W1,Nordrhein-Westfalen
A00903,P01,33,2025-07-03,2025-07-05,2025-07-04,W3,Niedersachsen
A00904,P01,55,2025-07-03,2025-07-06,2025-07-04,W1,Schleswig-Holstein
A00905,P03,33,2025-07-03,2025-07-05,2025-07-05,W3,Nordrhein-Westfalen
A00906,P05,31,2025-07-03,2025-07-05,2025-07-05,W5,Bayern
A00907,P01,25,2025-07-03,2025-07-05,2025-07-04,W1,Bayern
A00908,P01,20,2025-07-03,2025-07-04,2025-07-04,W4,Thüringen
A00909,P02,39,2025-07-04,2025-07-07,2025-07-05,W3,Niedersachsen
A00910,P04,27,2025-07-04,2025-07-06,2025-07-06,W2,Thüringen
A00911,P05,17,2025-07-04,2025-07-07,2025-07-06,W1,Niedersachsen
A00912,P01,43,2025-07-04,2025-07-06,2025-07-05,W2,Sachsen-Anhalt
A00913,P01,34,2025-07-05,2025-07-07,2025-07-06,W4,Bayern
A00914,P02,42,2025-07-05,2025-07-07,2025-07-06,W1,Bayern
A00915,P04,14,2025-07-05,2025-07-07,2025-07-07,W1,Baden-Württemberg
A00916,P05,36,2025-07-05,2025-07-08,2025-07-07,W1,Sachsen-Anhalt
A00917,P03,41,2025-07-05,2025-07-08,2025-07-06,W2,Baden-Württemberg
A00918,P02,39,2025-07-05,2025-07-07,2025-07-06,W3,Bayern
A00919,P02,30,2025-07-05,2025-07-07,2025-07-06,W1,Niedersachsen
A00920,P04,24,2025-07-06,2025-07-08,2025-07-08,W4,Sachsen-Anhalt
A00921,P03,53,2025-07-06,2025-07-08,2025-07-08,W4,Thüringen
A00922,P04,40,2025-07-06,2025-07-09,2025-07-09,W1,Baden-Württemberg
A00923,P01,16,2025-07-06,2025-07-08,2025-07-07,W5,Rheinland-Pfalz
A00924,P02,34,2025-07-07,2025-07-09,2025-07-08,W3,Nordrhein-Westfalen
A00925,P05,24,2025-07-07,2025-07-10,2025-07-09,W1,Schleswig-Holstein
A00926,P01,21,2025-07-08,2025-07-10,2025-07-10,W2,Niedersachsen
A00927,P05,39,2025-07-08,2025-07-11,2025-07-11,W4,Mecklenburg-Vorpommern
A00928,P05,54,2025-07-08,2025-07-11,2025-07-10,W3,Nordrhein-Westfalen
A00929,P02,27,2025-07-08,2025-07-10,2025-07-09,W4,Thüringen
A00930,P04,29,2025-07-08,2025-07-11,2025-07-10,W1,Niedersachsen
A00931,P05,9,2025-07-08,2025-07-11,2025-07-09,W5,Nordrhein-Westfalen
A00932,P01,25,2025-07-09,2025-07-11,2025-07-11,W4,Hessen
A00933,P02,14,2025-07-09,2025-07-11,2025-07-10,W4,Niedersachsen
A00934,P04,58,2025-07-09,2025-07-12,2025-07-11,W5,Berlin
A00935,P01,42,2025-07-10,2025-07-13,2025-07-11,W2,Niedersachsen
A00936,P01,53,2025-07-10,2025-07-12,2025-07-11,W2,Hessen
A00937,P05,25,2025-07-10,2025-07-13,2025-07-12,W1,Sachsen-Anhalt
A00938,P02,23,2025-07-10,2025-07-12,2025-07-11,W1,Nordrhein-Westfalen
A00939,P04,27,2025-07-10,2025-07-11,2025-07-12,W3,Rheinland-Pfalz
A00940,P02,48,2025-07-11,2025-07-13,2025-07-12,W3,Baden-Württemberg
A00941,P02,20,2025-07-11,2025-07-13,2025-07-12,W2,Nordrhein-Westfalen
A00942,P02,5,2025-07-11,2025-07-13,2025-07-12,W2,Schleswig-Holstein
A00943,P03,55,2025-07-11,2025-07-14,2025-07-14,W4,Bayern
A00944,P05,46,2025-07-11,2025-07-14,2025-07-14,W4,Bayern
A00945,P01,33,2025-07-11,2025-07-13,2025-07-12,W3,Sachsen
A00946,P05,44,2025-07-11,2025-07-14,2025-07-13,W3,Schleswig-Holstein
A00947,P03,28,2025-07-12,2025-07-14,2025-07-13,W5,Nordrhein-Westfalen
A00948,P03,37,2025-07-12,2025-07-14,2025-07-15,W1,Nordrhein-Westfalen
A00949,P04,12,2025-07-12,2025-07-15,2025-07-14,W4,Nordrhein-Westfalen
A00950,P05,11,2025-07-12,2025-07-14,2025-07-16,W4,Schleswig-Holstein
A00951,P03,43,2025-07-12,2025-07-14,2025-07-14,W5,Baden-Württemberg
A00952,P02,55,2025-07-13,2025-07-15,2025-07-14,W2,Bayern
A00953,P04,17,2025-07-13,2025-07-15,2025-07-15,W2,Nordrhein-Westfalen
A00954,P05,36,2025-07-13,2025-07-15,2025-07-15,W3,Baden-Württemberg
A00955,P01,36,2025-07-13,2025-07-15,2025-07-14,W2,Brandenburg
A00956,P04,9,2025-07-13,2025-07-15,2025-07-15,W5,Nordrhein-Westfalen
A00957,P03,10,2025-07-13,2025-07-15,2025-07-14,W1,Rheinland-Pfalz
A00958,P03,39,2025-07-13,2025-07-15,2025-07-15,W1,Thüringen
A00959,P01,40,2025-07-13,2025-07-14,2025-07-15,W3,Niedersachsen
A00960,P02,34,2025-07-13,2025-07-14,2025-07-15,W5,Baden-Württemberg
A00961,P02,19,2025-07-14,2025-07-17,2025-07-15,W5,Schleswig-Holstein
A00962,P01,29,2025-07-14,2025-07-17,2025-07-15,W1,Schleswig-Holstein
A00963,P03,20,2025-07-14,2025-07-16,2025-07-15,W1,Sachsen
A00964,P05,14,2025-07-14,2025-07-18,2025-07-16,W2,Hessen
A00965,P03,18,2025-07-14,2025-07-17,2025-07-15,W3,Sachsen
A00966,P04,27,2025-07-14,2025-07-16,2025-07-16,W2,Nordrhein-Westfalen
A00967,P01,51,2025-07-14,2025-07-15,2025-07-15,W1,Niedersachsen
A00968,P04,27,2025-07-14,2025-07-16,2025-07-16,W4,Brandenburg
A00969,P05,20,2025-07-14,2025-07-17,2025-07-16,W2,Bayern
A00970,P04,15,2025-07-14,2025-07-16,2025-07-16,W4,Thüringen
A00971,P05,59,2025-07-15,2025-07-18,2025-07-17,W1,Rheinland-Pfalz
A00972,P04,29,2025-07-15,2025-07-17,2025-07-17,W4,Hamburg
A00973,P05,27,2025-07-15,2025-07-18,2025-07-17,W4,Schleswig-Holstein
A00974,P03,43,2025-07-15,2025-07-17,2025-07-16,W5,Hamburg
A00975,P02,16,2025-07-15,2025-07-17,2025-07-16,W5,Nordrhein-Westfalen
A00976,P04,29,2025-07-16,2025-07-18,2025-07-18,W1,Nordrhein-Westfalen
A00977,P04,31,2025-07-16,2025-07-20,2025-07-18,W2,Baden-Württemberg
A00978,P04,46,2025-07-16,2025-07-18,2025-07-17,W5,Thüringen
A00979,P04,25,2025-07-17,2025-07-20,2025-07-18,W3,Sachsen-Anhalt
A00980,P02,51,2025-07-17,2025-07-18,2025-07-19,W1,Hamburg
A00981,P03,13,2025-07-17,2025-07-20,2025-07-18,W2,Bayern
A00982,P01,19,2025-07-17,2025-07-19,2025-07-18,W4,Rheinland-Pfalz
A00983,P05,18,2025-07-17,2025-07-19,2025-07-20,W2,Nordrhein-Westfalen
A00984,P05,29,2025-07-17,2025-07-20,2025-07-19,W4,Nordrhein-Westfalen
A00985,P02,14,2025-07-17,2025-07-19,2025-07-19,W2,Bayern
A00986,P02,41,2025-07-18,2025-07-19,2025-07-19,W4,Bremen
A00987,P05,34,2025-07-18,2025-07-20,2025-07-20,W4,Bayern
A00988,P03,57,2025-07-18,2025-07-20,2025-07-19,W2,Nordrhein-Westfalen
A00989,P05,27,2025-07-19,2025-07-22,2025-07-21,W1,Rheinland-Pfalz
A00990,P02,30,2025-07-19,2025-07-21,2025-07-20,W2,Bayern
A00991,P03,21,2025-07-19,2025-07-21,2025-07-20,W2,Brandenburg
A00992,P04,58,2025-07-19,2025-07-23,2025-07-21,W5,Hessen
A00993,P03,20,2025-07-19,2025-07-20,2025-07-20,W4,Bayern
A00994,P05,34,2025-07-20,2025-07-23,2025-07-22,W5,Nordrhein-Westfalen
A00995,P03,26,2025-07-20,2025-07-23,2025-07-22,W1,Hessen
A00996,P01,7,2025-07-20,2025-07-22,2025-07-21,W5,Saarland
A00997,P03,11,2025-07-20,2025-07-21,2025-07-21,W1,Sachsen-Anhalt
A00998,P02,32,2025-07-20,2025-07-23,2025-07-21,W1,Mecklenburg-Vorpommern
A00999,P01,54,2025-07-20,2025-07-22,2025-07-21,W3,Baden-Württemberg
A01000,P05,37,2025-07-21,2025-07-24,2025-07-23,W3,Thüringen
A01001,P01,54,2025-07-21,2025-07-23,2025-07-22,W1,Hamburg
A01002,P02,49,2025-07-22,2025-07-24,2025-07-23,W4,Thüringen
A01003,P05,42,2025-07-22,2025-07-24,2025-07-24,W3,Nordrhein-Westfalen
A01004,P03,39,2025-07-22,2025-07-25,2025-07-23,W2,Nordrhein-Westfalen
A01005,P04,31,2025-07-22,2025-07-26,2025-07-23,W5,Sachsen-Anhalt
A01006,P04,39,2025-07-22,2025-07-26,2025-07-25,W4,Niedersachsen
A01007,P01,9,2025-07-22,2025-07-23,2025-07-23,W5,Nordrhein-Westfalen
A01008,P05,36,2025-07-22,2025-07-25,2025-07-24,W1,Nordrhein-Westfalen
A01009,P04,19,2025-07-22,2025-07-23,2025-07-23,W5,Berlin
A01010,P01,34,2025-07-22,2025-07-24,2025-07-23,W2,Thüringen
A01011,P04,42,2025-07-23,2025-07-26,2025-07-25,W1,Baden-Württemberg
A01012,P04,55,2025-07-23,2025-07-26,2025-07-25,W1,Bayern
A01013,P05,58,2025-07-24,2025-07-28,2025-07-27,W1,Niedersachsen
A01014,P04,21,2025-07-24,2025-07-26,2025-07-25,W4,Nordrhein-Westfalen
A01015,P02,27,2025-07-25,2025-07-26,2025-07-26,W5,Mecklenburg-Vorpommern
A01016,P01,28,2025-07-25,2025-07-27,2025-07-27,W2,Rheinland-Pfalz
A01017,P02,11,2025-07-25,2025-07-28,2025-07-26,W5,Nordrhein-Westfalen
A01018,P05,38,2025-07-25,2025-07-29,2025-07-27,W3,Baden-Württemberg
A01019,P03,19,2025-07-25,2025-07-27,2025-07-26,W4,Baden-Württemberg
A01020,P05,28,2025-07-25,2025-07-28,2025-07-27,W2,Nordrhein-Westfalen
A01021,P05,36,2025-07-25,2025-07-27,2025-07-27,W4,Nordrhein-Westfalen
A01022,P01,30,2025-07-26,2025-07-27,2025-07-29,W2,Saarland
A01023,P05,14,2025-07-26,2025-07-29,2025-07-28,W3,Bayern
A01024,P02,51,2025-07-26,2025-07-29,2025-07-27,W1,Bayern
A01025,P02,45,2025-07-27,2025-07-30,2025-07-28,W2,Hessen
A01026,P03,7,2025-07-27,2025-07-30,2025-07-28,W1,Niedersachsen
A01027,P03,41,2025-07-27,2025-07-28,2025-07-29,W5,Niedersachsen
A01028,P03,58,2025-07-27,2025-07-29,2025-07-29,W5,Niedersachsen
A01029,P02,43,2025-07-27,2025-07-29,2025-07-28,W3,Saarland
A01030,P04,53,2025-07-27,2025-07-30,2025-07-30,W3,Rheinland-Pfalz
A01031,P01,19,2025-07-27,2025-07-29,2025-07-28,W5,Baden-Württemberg
A01032,P04,32,2025-07-27,2025-07-30,2025-07-28,W1,Baden-Württemberg
A01033,P04,56,2025-07-28,2025-07-30,2025-08-01,W2,Niedersachsen
A01034,P01,21,2025-07-28,2025-07-30,2025-07-29,W5,Nordrhein-Westfalen
A01035,P01,14,2025-07-28,2025-07-30,2025-07-29,W5,Baden-Württemberg
A01036,P05,41,2025-07-28,2025-07-31,2025-07-30,W1,Nordrhein-Westfalen
A01037,P04,56,2025-07-28,2025-07-30,2025-08-01,W3,Nordrhein-Westfalen
A01038,P05,40,2025-07-28,2025-07-31,2025-07-30,W4,Nordrhein-Westfalen
A01039,P01,46,2025-07-28,2025-07-31,2025-07-30,W3,Rheinland-Pfalz
A01040,P02,47,2025-07-28,2025-07-31,2025-07-29,W2,Bayern
A01041,P04,56,2025-07-29,2025-07-31,2025-08-01,W2,Saarland
A01042,P02,52,2025-07-30,2025-08-01,2025-07-31,W4,Nordrhein-Westfalen
A01043,P05,59,2025-07-30,2025-08-02,2025-08-02,W3,Sachsen-Anhalt
A01044,P01,20,2025-07-30,2025-08-01,2025-08-01,W1,Bayern
A01045,P01,37,2025-07-30,2025-08-01,2025-07-31,W4,Nordrhein-Westfalen
A01046,P03,46,2025-07-30,2025-08-01,2025-07-31,W1,Hessen
A01047,P05,5,2025-07-30,2025-08-03,2025-08-01,W2,Hessen
A01048,P02,54,2025-07-31,2025-08-02,2025-08-01,W1,Thüringen
A01049,P02,19,2025-07-31,2025-08-01,2025-08-01,W4,Bayern
A01050,P05,38,2025-07-31,2025-08-02,2025-08-03,W2,Thüringen
A01051,P05,14,2025-07-31,2025-08-03,2025-08-02,W2,Bayern
A01052,P03,24,2025-07-31,2025-08-02,2025-08-01,W1,Bayern
A01053,P02,35,2025-08-01,2025-08-02,2025-08-02,W2,Nordrhein-Westfalen
A01054,P03,25,2025-08-01,2025-08-02,2025-08-02,W1,Hessen
A01055,P02,43,2025-08-01,2025-08-04,2025-08-03,W4,Sachsen
A01056,P05,48,2025-08-03,2025-08-06,2025-08-05,W2,Niedersachsen
A01057,P02,48,2025-08-04,2025-08-06,2025-08-05,W3,Sachsen-Anhalt
A01058,P01,25,2025-08-04,2025-08-06,2025-08-05,W5,Niedersachsen
A01059,P04,14,2025-08-04,2025-08-06,2025-08-07,W3,Sachsen
A01060,P01,31,2025-08-05,2025-08-06,2025-08-06,W3,Saarland
A01061,P05,30,2025-08-06,2025-08-10,2025-08-08,W4,Hessen
A01062,P03,26,2025-08-06,2025-08-08,2025-08-07,W1,Sachsen
A01063,P01,43,2025-08-06,2025-08-09,2025-08-08,W2,Nordrhein-Westfalen
A01064,P01,45,2025-08-07,2025-08-09,2025-08-09,W5,Baden-Württemberg
A01065,P03,59,2025-08-07,2025-08-09,2025-08-09,W1,Niedersachsen
A01066,P04,18,2025-08-07,2025-08-08,2025-08-09,W2,Baden-Württemberg
A01067,P05,45,2025-08-07,2025-08-10,2025-08-09,W1,Baden-Württemberg
A01068,P05,19,2025-08-07,2025-08-09,2025-08-09,W1,Bremen
A01069,P02,6,2025-08-07,2025-08-08,2025-08-08,W1,Bayern
A01070,P03,20,2025-08-08,2025-08-10,2025-08-09,W5,Nordrhein-Westfalen
A01071,P02,6,2025-08-08,2025-08-10,2025-08-09,W3,Sachsen-Anhalt
A01072,P04,27,2025-08-08,2025-08-10,2025-08-11,W5,Bayern
A01073,P03,32,2025-08-08,2025-08-10,2025-08-10,W2,Niedersachsen
A01074,P02,21,2025-08-08,2025-08-11,2025-08-09,W5,Niedersachsen
A01075,P05,10,2025-08-08,2025-08-11,2025-08-10,W2,Baden-Württemberg
A01076,P05,51,2025-08-08,2025-08-11,2025-08-11,W1,Nordrhein-Westfalen
A01077,P04,29,2025-08-09,2025-08-11,2025-08-11,W4,Nordrhein-Westfalen
A01078,P05,39,2025-08-09,2025-08-13,2025-08-11,W3,Nordrhein-Westfalen
A01079,P04,22,2025-08-09,2025-08-11,2025-08-11,W5,Berlin
A01080,P01,47,2025-08-09,2025-08-10,2025-08-10,W2,Brandenburg
A01081,P03,37,2025-08-09,2025-08-10,2025-08-10,W1,Mecklenburg-Vorpommern
A01082,P03,10,2025-08-10,2025-08-12,2025-08-12,W1,Niedersachsen
A01083,P05,38,2025-08-10,2025-08-13,2025-08-13,W1,Nordrhein-Westfalen
A01084,P01,10,2025-08-10,2025-08-13,2025-08-11,W3,Nordrhein-Westfalen
A01085,P01,34,2025-08-10,2025-08-11,2025-08-11,W4,Brandenburg
A01086,P01,47,2025-08-10,2025-08-11,2025-08-11,W5,Nordrhein-Westfalen
A01087,P02,25,2025-08-11,2025-08-12,2025-08-12,W4,Niedersachsen
A01088,P02,56,2025-08-11,2025-08-13,2025-08-12,W3,Baden-Württemberg
A01089,P01,9,2025-08-11,2025-08-12,2025-08-12,W4,Nordrhein-Westfalen
A01090,P03,28,2025-08-11,2025-08-13,2025-08-14,W2,Nordrhein-Westfalen
A01091,P03,47,2025-08-11,2025-08-12,2025-08-13,W3,Niedersachsen
A01092,P04,15,2025-08-11,2025-08-14,2025-08-13,W1,Bayern
A01093,P04,54,2025-08-11,2025-08-15,2025-08-13,W2,Baden-Württemberg
A01094,P02,41,2025-08-12,2025-08-14,2025-08-13,W4,Baden-Württemberg
A01095,P01,20,2025-08-12,2025-08-13,2025-08-14,W1,Berlin
A01096,P05,56,2025-08-12,2025-08-15,2025-08-14,W4,Schleswig-Holstein
A01097,P02,16,2025-08-12,2025-08-14,2025-08-13,W4,Nordrhein-Westfalen
A01098,P02,54,2025-08-13,2025-08-15,2025-08-14,W5,Bayern
A01099,P02,45,2025-08-13,2025-08-16,2025-08-14,W5,Nordrhein-Westfalen
A01100,P01,47,2025-08-13,2025-08-15,2025-08-15,W1,Bayern
A01101,P04,12,2025-08-13,2025-08-15,2025-08-15,W3,Bayern
A01102,P03,17,2025-08-13,2025-08-15,2025-08-15,W1,Bayern
A01103,P05,40,2025-08-14,2025-08-17,2025-08-16,W5,Niedersachsen
A01104,P05,29,2025-08-14,2025-08-16,2025-08-16,W5,Hessen
A01105,P02,39,2025-08-14,2025-08-15,2025-08-15,W2,Baden-Württemberg
A01106,P02,19,2025-08-14,2025-08-15,2025-08-15,W2,Nordrhein-Westfalen
A01107,P02,8,2025-08-14,2025-08-16,2025-08-15,W4,Bayern
A01108,P02,45,2025-08-14,2025-08-15,2025-08-16,W2,Bayern
A01109,P03,59,2025-08-14,2025-08-17,2025-08-15,W1,Brandenburg
A01110,P03,22,2025-08-14,2025-08-16,2025-08-15,W1,Berlin
A01111,P03,47,2025-08-15,2025-08-16,2025-08-16,W3,Schleswig-Holstein
A01112,P03,58,2025-08-15,2025-08-18,2025-08-17,W2,Bayern
A01113,P05,7,2025-08-15,2025-08-18,2025-08-18,W2,Bremen
A01114,P01,50,2025-08-15,2025-08-17,2025-08-17,W5,Bayern
A01115,P02,22,2025-08-15,2025-08-18,2025-08-16,W1,Schleswig-Holstein
A01116,P01,23,2025-08-16,2025-08-18,2025-08-17,W1,Bayern
A01117,P01,48,2025-08-16,2025-08-18,2025-08-18,W4,Nordrhein-Westfalen
A01118,P01,37,2025-08-16,2025-08-19,2025-08-17,W4,Nordrhein-Westfalen
A01119,P01,55,2025-08-17,2025-08-19,2025-08-18,W4,Baden-Württemberg
A01120,P04,41,2025-08-17,2025-08-21,2025-08-19,W4,Nordrhein-Westfalen
A01121,P03,34,2025-08-17,2025-08-19,2025-08-18,W1,Niedersachsen
A01122,P02,35,2025-08-17,2025-08-20,2025-08-18,W5,Nordrhein-Westfalen
A01123,P03,12,2025-08-17,2025-08-19,2025-08-18,W4,Nordrhein-Westfalen
A01124,P01,39,2025-08-18,2025-08-21,2025-08-20,W1,Niedersachsen
A01125,P05,49,2025-08-18,2025-08-21,2025-08-20,W5,Rheinland-Pfalz
A01126,P05,57,2025-08-19,2025-08-22,2025-08-21,W2,Bayern
A01127,P02,55,2025-08-19,2025-08-21,2025-08-21,W3,Saarland
A01128,P02,7,2025-08-19,2025-08-21,2025-08-20,W2,Nordrhein-Westfalen
A01129,P05,8,2025-08-19,2025-08-21,2025-08-21,W1,Niedersachsen
A01130,P01,27,2025-08-19,2025-08-21,2025-08-21,W1,Bayern
A01131,P03,51,2025-08-20,2025-08-22,2025-08-22,W3,Niedersachsen
A01132,P02,59,2025-08-20,2025-08-22,2025-08-21,W4,Bayern
A01133,P04,12,2025-08-20,2025-08-22,2025-08-22,W4,Rheinland-Pfalz
A01134,P01,22,2025-08-21,2025-08-23,2025-08-22,W2,Niedersachsen
A01135,P05,52,2025-08-21,2025-08-23,2025-08-23,W4,Nordrhein-Westfalen
A01136,P05,46,2025-08-21,2025-08-24,2025-08-24,W2,Schleswig-Holstein
A01137,P02,7,2025-08-21,2025-08-23,2025-08-22,W1,Sachsen-Anhalt
A01138,P01,31,2025-08-22,2025-08-24,2025-08-23,W2,Nordrhein-Westfalen
A01139,P05,26,2025-08-22,2025-08-25,2025-08-24,W5,Rheinland-Pfalz
A01140,P04,38,2025-08-22,2025-08-26,2025-08-25,W1,Niedersachsen
A01141,P02,31,2025-08-22,2025-08-24,2025-08-23,W1,Niedersachsen
A01142,P03,41,2025-08-22,2025-08-24,2025-08-24,W4,Schleswig-Holstein
A01143,P03,44,2025-08-22,2025-08-24,2025-08-24,W5,Baden-Württemberg
A01144,P05,46,2025-08-22,2025-08-25,2025-08-24,W5,Hessen
A01145,P03,47,2025-08-22,2025-08-24,2025-08-23,W5,Hessen
A01146,P04,40,2025-08-23,2025-08-26,2025-08-25,W1,Bayern
A01147,P04,24,2025-08-23,2025-08-25,2025-08-25,W1,Bayern
A01148,P02,51,2025-08-24,2025-08-26,2025-08-25,W4,Nordrhein-Westfalen
A01149,P04,10,2025-08-24,2025-08-26,2025-08-26,W5,Sachsen-Anhalt
A01150,P05,9,2025-08-24,2025-08-28,2025-08-26,W2,Niedersachsen
A01151,P02,40,2025-08-24,2025-08-25,2025-08-25,W1,Hamburg
A01152,P02,42,2025-08-24,2025-08-26,2025-08-25,W2,Baden-Württemberg
A01153,P04,15,2025-08-25,2025-08-26,2025-08-27,W5,Schleswig-Holstein
A01154,P04,16,2025-08-25,2025-08-27,2025-08-27,W5,Schleswig-Holstein
A01155,P02,25,2025-08-25,2025-08-27,2025-08-26,W2,Baden-Württemberg
A01156,P01,20,2025-08-26,2025-08-28,2025-08-27,W2,Niedersachsen
A01157,P05,35,2025-08-26,2025-08-29,2025-08-28,W3,Sachsen-Anhalt
A01158,P03,23,2025-08-26,2025-08-28,2025-08-27,W2,Thüringen
A01159,P04,13,2025-08-26,2025-08-28,2025-08-27,W4,Rheinland-Pfalz
A01160,P03,31,2025-08-27,2025-08-30,2025-08-28,W2,Baden-Württemberg
A01161,P01,58,2025-08-27,2025-08-30,2025-08-28,W4,Niedersachsen
A01162,P05,52,2025-08-27,2025-08-31,2025-08-30,W1,Nordrhein-Westfalen
A01163,P01,52,2025-08-27,2025-08-29,2025-08-29,W1,Bayern
A01164,P02,39,2025-08-27,2025-08-29,2025-08-28,W4,Baden-Württemberg
A01165,P01,41,2025-08-27,2025-08-30,2025-08-29,W1,Nordrhein-Westfalen
A01166,P03,5,2025-08-27,2025-08-28,2025-08-29,W2,Baden-Württemberg
A01167,P02,18,2025-08-27,2025-08-29,2025-08-28,W5,Hessen
A01168,P05,31,2025-08-28,2025-08-30,2025-08-31,W4,Nordrhein-Westfalen
A01169,P01,15,2025-08-28,2025-08-31,2025-08-30,W4,Sachsen-Anhalt
A01170,P01,30,2025-08-28,2025-08-30,2025-08-29,W1,Nordrhein-Westfalen
A01171,P05,16,2025-08-28,2025-08-31,2025-08-30,W4,Berlin
A01172,P01,27,2025-08-28,2025-08-30,2025-08-29,W3,Niedersachsen
A01173,P01,22,2025-08-28,2025-08-30,2025-08-30,W1,Mecklenburg-Vorpommern
A01174,P02,35,2025-08-28,2025-08-30,2025-08-29,W4,Baden-Württemberg
A01175,P02,30,2025-08-29,2025-08-31,2025-08-30,W5,Sachsen-Anhalt
A01176,P01,54,2025-08-29,2025-09-01,2025-08-31,W1,Nordrhein-Westfalen
A01177,P03,7,2025-08-30,2025-09-01,2025-08-31,W3,Bayern
A01178,P01,42,2025-08-30,2025-09-01,2025-09-01,W5,Bayern
A01179,P01,50,2025-08-30,2025-09-01,2025-08-31,W1,Nordrhein-Westfalen
A01180,P02,7,2025-08-30,2025-09-02,2025-08-31,W4,Bayern
A01181,P02,16,2025-08-30,2025-09-02,2025-08-31,W5,Sachsen-Anhalt
A01182,P03,44,2025-08-30,2025-09-02,2025-09-01,W2,Baden-Württemberg
A01183,P05,54,2025-08-31,2025-09-03,2025-09-03,W5,Sachsen-Anhalt
A01184,P03,43,2025-08-31,2025-09-02,2025-09-03,W5,Thüringen
A01185,P03,7,2025-09-01,2025-09-03,2025-09-02,W3,Rheinland-Pfalz
A01186,P02,40,2025-09-01,2025-09-03,2025-09-02,W1,Baden-Württemberg
A01187,P01,43,2025-09-01,2025-09-03,2025-09-02,W1,Baden-Württemberg
A01188,P01,31,2025-09-01,2025-09-03,2025-09-02,W5,Hessen
A01189,P04,19,2025-09-01,2025-09-03,2025-09-03,W2,Nordrhein-Westfalen
A01190,P05,7,2025-09-02,2025-09-05,2025-09-03,W1,Bayern
A01191,P03,37,2025-09-02,2025-09-04,2025-09-03,W4,Nordrhein-Westfalen
A01192,P03,48,2025-09-02,2025-09-04,2025-09-03,W1,Niedersachsen
A01193,P05,54,2025-09-02,2025-09-06,2025-09-04,W1,Nordrhein-Westfalen
A01194,P03,40,2025-09-02,2025-09-04,2025-09-03,W3,Sachsen
A01195,P02,49,2025-09-03,2025-09-05,2025-09-04,W3,Rheinland-Pfalz
A01196,P01,48,2025-09-03,2025-09-04,2025-09-05,W4,Rheinland-Pfalz
A01197,P05,33,2025-09-03,2025-09-05,2025-09-05,W4,Bayern
A01198,P01,53,2025-09-03,2025-09-05,2025-09-05,W2,Nordrhein-Westfalen
A01199,P03,40,2025-09-04,2025-09-06,2025-09-05,W1,Schleswig-Holstein
A01200,P05,27,2025-09-04,2025-09-07,2025-09-07,W4,Baden-Württemberg
A01201,P04,22,2025-09-04,2025-09-05,2025-09-06,W5,Baden-Württemberg
A01202,P03,27,2025-09-05,2025-09-07,2025-09-06,W5,Nordrhein-Westfalen
A01203,P02,49,2025-09-05,2025-09-08,2025-09-06,W1,Rheinland-Pfalz
A01204,P04,53,2025-09-05,2025-09-08,2025-09-09,W4,Bayern
A01205,P03,55,2025-09-05,2025-09-07,2025-09-07,W2,Thüringen
A01206,P05,40,2025-09-05,2025-09-08,2025-09-08,W4,Thüringen
A01207,P01,57,2025-09-05,2025-09-08,2025-09-07,W5,Bayern
A01208,P02,47,2025-09-05,2025-09-07,2025-09-07,W3,Berlin
A01209,P01,43,2025-09-06,2025-09-08,2025-09-07,W5,Berlin
A01210,P05,20,2025-09-06,2025-09-10,2025-09-08,W4,Mecklenburg-Vorpommern
A01211,P04,42,2025-09-06,2025-09-09,2025-09-08,W4,Hamburg
A01212,P04,13,2025-09-06,2025-09-08,2025-09-08,W4,Rheinland-Pfalz
A01213,P01,44,2025-09-06,2025-09-08,2025-09-09,W5,Nordrhein-Westfalen
A01214,P04,23,2025-09-06,2025-09-07,2025-09-08,W1,Baden-Württemberg
A01215,P05,47,2025-09-06,2025-09-08,2025-09-09,W2,Rheinland-Pfalz
A01216,P03,48,2025-09-07,2025-09-10,2025-09-09,W4,Bayern
A01217,P02,9,2025-09-07,2025-09-09,2025-09-08,W1,Niedersachsen
A01218,P03,20,2025-09-07,2025-09-10,2025-09-08,W1,Nordrhein-Westfalen
A01219,P02,7,2025-09-07,2025-09-10,2025-09-09,W4,Nordrhein-Westfalen
A01220,P01,18,2025-09-07,2025-09-08,2025-09-09,W5,Brandenburg
A01221,P02,39,2025-09-07,2025-09-09,2025-09-08,W1,Bayern
A01222,P04,6,2025-09-08,2025-09-11,2025-09-10,W4,Nordrhein-Westfalen
A01223,P02,57,2025-09-08,2025-09-10,2025-09-09,W5,Baden-Württemberg
A01224,P03,9,2025-09-09,2025-09-12,2025-09-10,W2,Niedersachsen
A01225,P04,36,2025-09-09,2025-09-12,2025-09-10,W3,Bayern
A01226,P01,28,2025-09-09,2025-09-11,2025-09-12,W1,Baden-Württemberg
A01227,P05,46,2025-09-09,2025-09-12,2025-09-12,W1,Niedersachsen
A01228,P04,9,2025-09-09,2025-09-11,2025-09-10,W5,Nordrhein-Westfalen
A01229,P03,9,2025-09-09,2025-09-11,2025-09-11,W2,Sachsen-Anhalt
A01230,P04,56,2025-09-09,2025-09-12,2025-09-11,W1,Niedersachsen
A01231,P03,34,2025-09-09,2025-09-11,2025-09-10,W1,Baden-Württemberg
A01232,P04,46,2025-09-10,2025-09-12,2025-09-13,W1,Thüringen
A01233,P05,11,2025-09-10,2025-09-12,2025-09-12,W4,Sachsen
A01234,P02,16,2025-09-10,2025-09-12,2025-09-11,W1,Nordrhein-Westfalen
A01235,P04,57,2025-09-10,2025-09-13,2025-09-12,W3,Mecklenburg-Vorpommern
A01236,P04,17,2025-09-10,2025-09-13,2025-09-11,W3,Bayern
A01237,P05,10,2025-09-10,2025-09-12,2025-09-12,W3,Baden-Württemberg
A01238,P02,40,2025-09-11,2025-09-13,2025-09-12,W4,Rheinland-Pfalz
A01239,P03,31,2025-09-11,2025-09-14,2025-09-13,W1,Berlin
A01240,P03,27,2025-09-11,2025-09-14,2025-09-12,W2,Nordrhein-Westfalen
A01241,P04,53,2025-09-11,2025-09-14,2025-09-13,W4,Sachsen-Anhalt
A01242,P02,20,2025-09-11,2025-09-12,2025-09-12,W3,Niedersachsen
A01243,P02,11,2025-09-11,2025-09-13,2025-09-13,W2,Bayern
A01244,P01,6,2025-09-11,2025-09-13,2025-09-12,W1,Rheinland-Pfalz
A01245,P01,27,2025-09-11,2025-09-14,2025-09-13,W5,Brandenburg
A01246,P01,56,2025-09-11,2025-09-12,2025-09-13,W1,Schleswig-Holstein
A01247,P03,36,2025-09-12,2025-09-14,2025-09-13,W1,Bayern
A01248,P04,25,2025-09-12,2025-09-14,2025-09-14,W3,Niedersachsen
A01249,P01,40,2025-09-12,2025-09-14,2025-09-14,W2,Bayern
A01250,P05,56,2025-09-12,2025-09-14,2025-09-15,W3,Nordrhein-Westfalen
A01251,P02,52,2025-09-12,2025-09-14,2025-09-13,W5,Nordrhein-Westfalen
A01252,P02,6,2025-09-12,2025-09-13,2025-09-13,W1,Nordrhein-Westfalen
A01253,P02,20,2025-09-13,2025-09-16,2025-09-14,W3,Hessen
A01254,P02,39,2025-09-13,2025-09-15,2025-09-14,W4,Nordrhein-Westfalen
A01255,P04,32,2025-09-14,2025-09-17,2025-09-15,W4,Rheinland-Pfalz
A01256,P05,54,2025-09-14,2025-09-17,2025-09-17,W2,Bayern
A01257,P02,58,2025-09-14,2025-09-15,2025-09-15,W1,Sachsen
A01258,P03,28,2025-09-14,2025-09-16,2025-09-15,W1,Bayern
A01259,P02,32,2025-09-14,2025-09-17,2025-09-15,W4,Schleswig-Holstein
A01260,P01,41,2025-09-15,2025-09-17,2025-09-16,W4,Nordrhein-Westfalen
A01261,P01,30,2025-09-15,2025-09-17,2025-09-16,W4,Baden-Württemberg
A01262,P01,12,2025-09-15,2025-09-18,2025-09-16,W1,Niedersachsen
A01263,P01,16,2025-09-15,2025-09-17,2025-09-16,W3,Nordrhein-Westfalen
A01264,P03,51,2025-09-15,2025-09-17,2025-09-17,W4,Thüringen
A01265,P04,46,2025-09-15,2025-09-19,2025-09-17,W3,Bayern
A01266,P02,41,2025-09-16,2025-09-18,2025-09-17,W4,Baden-Württemberg
A01267,P05,14,2025-09-16,2025-09-19,2025-09-18,W1,Sachsen-Anhalt
A01268,P01,58,2025-09-17,2025-09-19,2025-09-18,W1,Bayern
A01269,P01,54,2025-09-17,2025-09-19,2025-09-19,W5,Niedersachsen
A01270,P03,59,2025-09-17,2025-09-19,2025-09-19,W4,Bayern
A01271,P02,49,2025-09-17,2025-09-19,2025-09-18,W3,Nordrhein-Westfalen
A01272,P04,32,2025-09-18,2025-09-21,2025-09-20,W1,Sachsen
A01273,P01,29,2025-09-18,2025-09-20,2025-09-19,W5,Nordrhein-Westfalen
A01274,P01,34,2025-09-19,2025-09-21,2025-09-20,W4,Berlin
A01275,P05,9,2025-09-19,2025-09-22,2025-09-21,W2,Bayern
A01276,P05,24,2025-09-19,2025-09-21,2025-09-21,W5,Nordrhein-Westfalen
A01277,P02,17,2025-09-19,2025-09-22,2025-09-20,W2,Bayern
A01278,P01,23,2025-09-19,2025-09-22,2025-09-20,W1,Thüringen
A01279,P04,22,2025-09-19,2025-09-21,2025-09-20,W4,Rheinland-Pfalz
A01280,P04,8,2025-09-19,2025-09-22,2025-09-21,W4,Hessen
A01281,P03,51,2025-09-20,2025-09-22,2025-09-22,W4,Nordrhein-Westfalen
A01282,P05,37,2025-09-20,2025-09-23,2025-09-23,W4,Baden-Württemberg
A01283,P03,30,2025-09-20,2025-09-22,2025-09-22,W3,Nordrhein-Westfalen
A01284,P05,39,2025-09-20,2025-09-22,2025-09-23,W1,Nordrhein-Westfalen
A01285,P05,40,2025-09-21,2025-09-24,2025-09-23,W5,Nordrhein-Westfalen
A01286,P01,7,2025-09-21,2025-09-23,2025-09-22,W2,Nordrhein-Westfalen
A01287,P01,40,2025-09-21,2025-09-22,2025-09-22,W5,Baden-Württemberg
A01288,P04,58,2025-09-21,2025-09-24,2025-09-23,W2,Niedersachsen
A01289,P02,13,2025-09-21,2025-09-23,2025-09-22,W1,Bayern
A01290,P01,56,2025-09-21,2025-09-22,2025-09-22,W1,Hamburg
A01291,P05,35,2025-09-21,2025-09-24,2025-09-23,W5,Bayern
A01292,P05,35,2025-09-21,2025-09-24,2025-09-24,W2,Hessen
A01293,P05,43,2025-09-21,2025-09-24,2025-09-23,W5,Niedersachsen
A01294,P02,43,2025-09-21,2025-09-23,2025-09-22,W1,Bayern
A01295,P04,54,2025-09-21,2025-09-23,2025-09-23,W2,Nordrhein-Westfalen
A01296,P05,18,2025-09-22,2025-09-25,2025-09-24,W4,Nordrhein-Westfalen
A01297,P05,6,2025-09-22,2025-09-24,2025-09-24,W3,Schleswig-Holstein
A01298,P02,13,2025-09-22,2025-09-24,2025-09-23,W1,Nordrhein-Westfalen
A01299,P01,56,2025-09-22,2025-09-25,2025-09-23,W2,Bayern
A01300,P01,23,2025-09-23,2025-09-25,2025-09-24,W2,Baden-Württemberg
A01301,P04,32,2025-09-23,2025-09-26,2025-09-25,W1,Bayern
A01302,P04,47,2025-09-23,2025-09-25,2025-09-25,W3,Hamburg
A01303,P02,49,2025-09-23,2025-09-25,2025-09-24,W1,Nordrhein-Westfalen
A01304,P01,43,2025-09-23,2025-09-25,2025-09-24,W1,Nordrhein-Westfalen
A01305,P01,38,2025-09-23,2025-09-25,2025-09-24,W2,Schleswig-Holstein
A01306,P05,34,2025-09-23,2025-09-25,2025-09-25,W1,Bayern
A01307,P02,54,2025-09-23,2025-09-25,2025-09-24,W4,Bayern
A01308,P04,22,2025-09-24,2025-09-25,2025-09-26,W2,Baden-Württemberg
A01309,P05,23,2025-09-24,2025-09-27,2025-09-27,W5,Bremen
A01310,P03,37,2025-09-24,2025-09-27,2025-09-26,W5,Nordrhein-Westfalen
A01311,P04,31,2025-09-24,2025-09-27,2025-09-27,W2,Bayern
A01312,P01,15,2025-09-24,2025-09-26,2025-09-25,W5,Rheinland-Pfalz
A01313,P05,50,2025-09-25,2025-09-29,2025-09-28,W4,Sachsen
A01314,P04,43,2025-09-25,2025-09-28,2025-09-27,W1,Thüringen
A01315,P04,57,2025-09-25,2025-09-27,2025-09-27,W4,Nordrhein-Westfalen
A01316,P01,32,2025-09-25,2025-09-26,2025-09-27,W4,Mecklenburg-Vorpommern
A01317,P04,19,2025-09-26,2025-09-28,2025-09-28,W5,Brandenburg
A01318,P03,28,2025-09-26,2025-09-28,2025-09-28,W5,Nordrhein-Westfalen
A01319,P04,20,2025-09-26,2025-09-27,2025-09-28,W2,Bayern
A01320,P04,51,2025-09-26,2025-09-29,2025-09-28,W1,Bayern
A01321,P02,27,2025-09-27,2025-09-29,2025-09-28,W2,Berlin
A01322,P03,55,2025-09-27,2025-09-29,2025-09-29,W3,Niedersachsen
A01323,P04,33,2025-09-27,2025-09-30,2025-09-29,W5,Bayern
A01324,P04,55,2025-09-27,2025-09-30,2025-09-30,W1,Bayern
A01325,P05,19,2025-09-27,2025-10-01,2025-09-29,W5,Sachsen
A01326,P02,51,2025-09-28,2025-09-30,2025-09-29,W1,Hamburg
A01327,P02,56,2025-09-28,2025-09-30,2025-09-29,W4,Mecklenburg-Vorpommern
A01328,P02,5,2025-09-28,2025-10-01,2025-09-29,W5,Mecklenburg-Vorpommern
A01329,P05,45,2025-09-28,2025-10-01,2025-09-30,W5,Baden-Württemberg
A01330,P01,7,2025-09-28,2025-10-01,2025-09-29,W5,Niedersachsen
A01331,P04,21,2025-09-29,2025-10-01,2025-09-30,W3,Nordrhein-Westfalen
A01332,P02,27,2025-09-29,2025-09-30,2025-10-02,W2,Niedersachsen
A01333,P03,47,2025-09-29,2025-10-01,2025-10-01,W5,Bayern
A01334,P05,19,2025-09-29,2025-10-03,2025-10-01,W4,Nordrhein-Westfalen
A01335,P04,41,2025-09-29,2025-10-01,2025-10-02,W2,Sachsen-Anhalt
A01336,P04,49,2025-09-29,2025-10-02,2025-10-01,W2,Bayern
A01337,P03,5,2025-09-30,2025-10-01,2025-10-01,W4,Baden-Württemberg
A01338,P04,27,2025-09-30,2025-10-03,2025-10-01,W4,Nordrhein-Westfalen
A01339,P01,59,2025-09-30,2025-10-02,2025-10-01,W1,Sachsen
A01340,P01,9,2025-09-30,2025-10-03,2025-10-01,W4,Nordrhein-Westfalen
A01341,P03,53,2025-09-30,2025-10-01,2025-10-01,W3,Sachsen
A01342,P02,59,2025-09-30,2025-10-02,2025-10-01,W1,Nordrhein-Westfalen
A01343,P02,39,2025-09-30,2025-10-03,2025-10-01,W1,Thüringen
A01344,P01,31,2025-09-30,2025-10-02,2025-10-02,W1,Nordrhein-Westfalen
A01345,P05,7,2025-09-30,2025-10-04,2025-10-01,W4,Schleswig-Holstein
A01346,P04,52,2025-09-30,2025-10-03,2025-10-03,W5,Nordrhein-Westfalen
A01347,P05,13,2025-10-01,2025-10-04,2025-10-04,W2,Baden-Württemberg
A01348,P03,42,2025-10-01,2025-10-02,2025-10-03,W2,Nordrhein-Westfalen
A01349,P03,22,2025-10-01,2025-10-03,2025-10-03,W1,Sachsen-Anhalt
A01350,P02,46,2025-10-01,2025-10-03,2025-10-02,W4,Bayern
A01351,P03,14,2025-10-01,2025-10-03,2025-10-04,W2,Berlin
A01352,P02,53,2025-10-01,2025-10-03,2025-10-02,W1,Hessen
A01353,P01,19,2025-10-01,2025-10-03,2025-10-02,W1,Schleswig-Holstein
A01354,P03,38,2025-10-02,2025-10-04,2025-10-04,W1,Schleswig-Holstein
A01355,P02,35,2025-10-02,2025-10-04,2025-10-03,W4,Nordrhein-Westfalen
A01356,P01,27,2025-10-02,2025-10-04,2025-10-03,W4,Sachsen-Anhalt
A01357,P03,57,2025-10-02,2025-10-04,2025-10-03,W3,Brandenburg
A01358,P03,39,2025-10-03,2025-10-05,2025-10-04,W2,Nordrhein-Westfalen
A01359,P04,56,2025-10-03,2025-10-06,2025-10-05,W3,Niedersachsen
A01360,P03,36,2025-10-03,2025-10-05,2025-10-05,W3,Berlin
A01361,P05,13,2025-10-03,2025-10-06,2025-10-05,W3,Nordrhein-Westfalen
A01362,P01,42,2025-10-03,2025-10-06,2025-10-05,W2,Brandenburg
A01363,P03,37,2025-10-03,2025-10-05,2025-10-04,W1,Schleswig-Holstein
A01364,P03,51,2025-10-03,2025-10-06,2025-10-06,W3,Nordrhein-Westfalen
A01365,P03,56,2025-10-03,2025-10-04,2025-10-04,W1,Baden-Württemberg
A01366,P03,39,2025-10-04,2025-10-06,2025-10-06,W5,Bayern
A01367,P03,8,2025-10-04,2025-10-07,2025-10-06,W4,Niedersachsen
A01368,P03,33,2025-10-04,2025-10-05,2025-10-06,W1,Hamburg
A01369,P05,23,2025-10-04,2025-10-06,2025-10-07,W5,Nordrhein-Westfalen
A01370,P02,16,2025-10-04,2025-10-05,2025-10-05,W1,Nordrhein-Westfalen
A01371,P05,37,2025-10-04,2025-10-07,2025-10-06,W3,Nordrhein-Westfalen
A01372,P04,52,2025-10-04,2025-10-07,2025-10-07,W4,Nordrhein-Westfalen
A01373,P03,55,2025-10-04,2025-10-06,2025-10-06,W2,Hessen
A01374,P02,12,2025-10-05,2025-10-07,2025-10-06,W1,Sachsen
A01375,P05,17,2025-10-05,2025-10-08,2025-10-07,W2,Bayern
A01376,P05,26,2025-10-05,2025-10-07,2025-10-07,W1,Nordrhein-Westfalen
A01377,P01,29,2025-10-05,2025-10-07,2025-10-07,W1,Baden-Württemberg
A01378,P02,32,2025-10-05,2025-10-07,2025-10-06,W1,Rheinland-Pfalz
A01379,P01,20,2025-10-06,2025-10-08,2025-10-08,W1,Bayern
A01380,P01,32,2025-10-06,2025-10-08,2025-10-08,W1,Brandenburg
A01381,P02,7,2025-10-06,2025-10-08,2025-10-08,W5,Niedersachsen
A01382,P03,35,2025-10-06,2025-10-08,2025-10-08,W1,Bayern
A01383,P02,39,2025-10-06,2025-10-07,2025-10-07,W1,Nordrhein-Westfalen
A01384,P03,5,2025-10-07,2025-10-09,2025-10-08,W5,Bayern
A01385,P03,44,2025-10-07,2025-10-09,2025-10-08,W5,Baden-Württemberg
A01386,P02,44,2025-10-07,2025-10-09,2025-10-08,W1,Nordrhein-Westfalen
A01387,P01,55,2025-10-07,2025-10-09,2025-10-08,W2,Bayern
A01388,P04,10,2025-10-07,2025-10-08,2025-10-09,W2,Baden-Württemberg
A01389,P05,43,2025-10-07,2025-10-09,2025-10-10,W2,Nordrhein-Westfalen
A01390,P03,14,2025-10-07,2025-10-09,2025-10-08,W4,Niedersachsen
A01391,P01,46,2025-10-08,2025-10-09,2025-10-09,W2,Berlin
A01392,P05,47,2025-10-08,2025-10-12,2025-10-10,W3,Nordrhein-Westfalen
A01393,P02,58,2025-10-08,2025-10-10,2025-10-09,W5,Bayern
A01394,P03,22,2025-10-08,2025-10-11,2025-10-09,W2,Baden-Württemberg
A01395,P04,47,2025-10-08,2025-10-11,2025-10-10,W2,Nordrhein-Westfalen
A01396,P01,16,2025-10-08,2025-10-11,2025-10-10,W1,Berlin
A01397,P01,35,2025-10-09,2025-10-11,2025-10-10,W1,Baden-Württemberg
A01398,P04,7,2025-10-09,2025-10-11,2025-10-11,W1,Bayern
A01399,P05,52,2025-10-09,2025-10-13,2025-10-12,W4,Hessen
A01400,P03,31,2025-10-09,2025-10-12,2025-10-11,W1,Bayern
A01401,P04,14,2025-10-09,2025-10-11,2025-10-11,W4,Mecklenburg-Vorpommern
A01402,P01,40,2025-10-09,2025-10-11,2025-10-10,W1,Saarland
A01403,P05,59,2025-10-09,2025-10-13,2025-10-13,W4,Hamburg
A01404,P01,15,2025-10-10,2025-10-12,2025-10-11,W4,Berlin
A01405,P04,49,2025-10-10,2025-10-13,2025-10-13,W5,Baden-Württemberg
A01406,P05,22,2025-10-10,2025-10-14,2025-10-12,W4,Nordrhein-Westfalen
A01407,P01,48,2025-10-10,2025-10-12,2025-10-11,W5,Bayern
A01408,P02,33,2025-10-10,2025-10-12,2025-10-11,W4,Saarland
A01409,P04,22,2025-10-11,2025-10-13,2025-10-12,W2,Schleswig-Holstein
A01410,P01,7,2025-10-11,2025-10-13,2025-10-12,W2,Baden-Württemberg
A01411,P04,48,2025-10-11,2025-10-14,2025-10-13,W4,Nordrhein-Westfalen
A01412,P02,9,2025-10-11,2025-10-13,2025-10-12,W3,Nordrhein-Westfalen
A01413,P02,49,2025-10-11,2025-10-12,2025-10-12,W5,Bayern
A01414,P02,17,2025-10-11,2025-10-13,2025-10-12,W2,Bayern
A01415,P01,10,2025-10-12,2025-10-15,2025-10-13,W2,Berlin
A01416,P05,58,2025-10-12,2025-10-14,2025-10-15,W4,Rheinland-Pfalz
A01417,P03,53,2025-10-12,2025-10-15,2025-10-15,W5,Hessen
A01418,P05,58,2025-10-12,2025-10-14,2025-10-15,W1,Baden-Württemberg
A01419,P05,6,2025-10-12,2025-10-15,2025-10-14,W1,Nordrhein-Westfalen
A01420,P04,44,2025-10-12,2025-10-14,2025-10-14,W1,Baden-Württemberg
A01421,P04,38,2025-10-13,2025-10-16,2025-10-14,W2,Sachsen-Anhalt
A01422,P01,55,2025-10-13,2025-10-15,2025-10-16,W3,Hessen
A01423,P04,30,2025-10-13,2025-10-16,2025-10-15,W4,Baden-Württemberg
A01424,P04,36,2025-10-13,2025-10-16,2025-10-15,W1,Hamburg
A01425,P02,27,2025-10-13,2025-10-16,2025-10-14,W4,Nordrhein-Westfalen
A01426,P01,7,2025-10-13,2025-10-16,2025-10-14,W5,Nordrhein-Westfalen
A01427,P01,47,2025-10-13,2025-10-16,2025-10-14,W1,Nordrhein-Westfalen
A01428,P05,42,2025-10-14,2025-10-17,2025-10-17,W5,Nordrhein-Westfalen
A01429,P02,6,2025-10-14,2025-10-16,2025-10-15,W1,Berlin
A01430,P03,21,2025-10-14,2025-10-15,2025-10-16,W4,Baden-Württemberg
A01431,P03,54,2025-10-15,2025-10-16,2025-10-16,W5,Bayern
A01432,P03,27,2025-10-15,2025-10-17,2025-10-16,W5,Thüringen
A01433,P02,10,2025-10-15,2025-10-16,2025-10-16,W2,Rheinland-Pfalz
A01434,P03,19,2025-10-15,2025-10-17,2025-10-16,W1,Saarland
A01435,P03,56,2025-10-15,2025-10-16,2025-10-17,W2,Mecklenburg-Vorpommern
A01436,P01,42,2025-10-15,2025-10-16,2025-10-16,W5,Nordrhein-Westfalen
A01437,P03,12,2025-10-16,2025-10-17,2025-10-17,W2,Hamburg
A01438,P03,29,2025-10-16,2025-10-18,2025-10-17,W1,Rheinland-Pfalz
A01439,P04,18,2025-10-16,2025-10-17,2025-10-17,W1,Hamburg
A01440,P04,40,2025-10-16,2025-10-19,2025-10-19,W5,Bayern
A01441,P01,55,2025-10-16,2025-10-18,2025-10-19,W3,Berlin
A01442,P01,27,2025-10-16,2025-10-18,2025-10-17,W2,Nordrhein-Westfalen
A01443,P03,9,2025-10-16,2025-10-17,2025-10-17,W2,Hessen
A01444,P01,35,2025-10-17,2025-10-20,2025-10-18,W1,Schleswig-Holstein
A01445,P03,50,2025-10-17,2025-10-19,2025-10-18,W2,Nordrhein-Westfalen
A01446,P04,38,2025-10-17,2025-10-20,2025-10-19,W1,Rheinland-Pfalz
A01447,P02,19,2025-10-17,2025-10-19,2025-10-18,W3,Rheinland-Pfalz
A01448,P02,27,2025-10-18,2025-10-20,2025-10-19,W1,Nordrhein-Westfalen
A01449,P04,28,2025-10-18,2025-10-21,2025-10-20,W2,Rheinland-Pfalz
A01450,P05,19,2025-10-18,2025-10-21,2025-10-21,W2,Bayern
A01451,P05,22,2025-10-18,2025-10-21,2025-10-21,W3,Bayern
A01452,P03,53,2025-10-18,2025-10-20,2025-10-20,W1,Brandenburg
A01453,P05,37,2025-10-18,2025-10-20,2025-10-20,W4,Baden-Württemberg
A01454,P02,5,2025-10-18,2025-10-20,2025-10-20,W4,Baden-Württemberg
A01455,P02,10,2025-10-19,2025-10-20,2025-10-20,W1,Niedersachsen
A01456,P04,50,2025-10-19,2025-10-22,2025-10-21,W2,Hessen
A01457,P02,54,2025-10-19,2025-10-21,2025-10-20,W4,Saarland
A01458,P05,44,2025-10-19,2025-10-22,2025-10-21,W3,Hessen
A01459,P01,17,2025-10-20,2025-10-21,2025-10-22,W5,Niedersachsen
A01460,P05,18,2025-10-20,2025-10-22,2025-10-22,W2,Sachsen
A01461,P04,54,2025-10-20,2025-10-23,2025-10-22,W2,Bayern
A01462,P02,52,2025-10-20,2025-10-22,2025-10-22,W3,Nordrhein-Westfalen
A01463,P02,40,2025-10-20,2025-10-22,2025-10-21,W5,Niedersachsen
A01464,P02,9,2025-10-20,2025-10-23,2025-10-21,W2,Hamburg
A01465,P04,5,2025-10-21,2025-10-23,2025-10-23,W2,Nordrhein-Westfalen
A01466,P05,8,2025-10-23,2025-10-26,2025-10-26,W3,Nordrhein-Westfalen
A01467,P05,8,2025-10-23,2025-10-26,2025-10-25,W5,Bayern
A01468,P02,7,2025-10-23,2025-10-24,2025-10-24,W1,Hessen
A01469,P03,15,2025-10-23,2025-10-25,2025-10-26,W4,Berlin
A01470,P02,6,2025-10-24,2025-10-25,2025-10-25,W2,Baden-Württemberg
A01471,P05,54,2025-10-24,2025-10-28,2025-10-27,W1,Nordrhein-Westfalen
A01472,P01,34,2025-10-24,2025-10-27,2025-10-26,W1,Bayern
A01473,P02,27,2025-10-25,2025-10-28,2025-10-26,W1,Bayern
A01474,P01,47,2025-10-25,2025-10-27,2025-10-26,W5,Baden-Württemberg
A01475,P05,45,2025-10-25,2025-10-29,2025-10-27,W5,Baden-Württemberg
A01476,P04,25,2025-10-25,2025-10-26,2025-10-26,W2,Nordrhein-Westfalen
A01477,P03,28,2025-10-25,2025-10-27,2025-10-27,W1,Nordrhein-Westfalen
A01478,P01,9,2025-10-25,2025-10-27,2025-10-27,W4,Baden-Württemberg
A01479,P01,36,2025-10-25,2025-10-28,2025-10-26,W2,Bayern
A01480,P03,8,2025-10-26,2025-10-28,2025-10-27,W3,Sachsen-Anhalt
A01481,P05,46,2025-10-26,2025-10-29,2025-10-28,W4,Nordrhein-Westfalen
A01482,P04,47,2025-10-26,2025-10-28,2025-10-28,W1,Niedersachsen
A01483,P04,12,2025-10-27,2025-10-28,2025-10-29,W1,Bayern
A01484,P04,38,2025-10-27,2025-10-31,2025-10-29,W2,Nordrhein-Westfalen
A01485,P03,37,2025-10-27,2025-10-29,2025-10-29,W4,Sachsen-Anhalt
A01486,P05,32,2025-10-27,2025-10-31,2025-10-30,W4,Nordrhein-Westfalen
A01487,P05,18,2025-10-27,2025-10-29,2025-10-29,W5,Nordrhein-Westfalen
A01488,P04,17,2025-10-27,2025-10-29,2025-10-28,W1,Bayern
A01489,P02,22,2025-10-27,2025-10-29,2025-10-28,W5,Niedersachsen
A01490,P05,7,2025-10-28,2025-11-01,2025-10-30,W4,Hamburg
A01491,P02,17,2025-10-28,2025-10-29,2025-10-29,W3,Nordrhein-Westfalen
A01492,P03,34,2025-10-28,2025-10-30,2025-10-29,W5,Sachsen
A01493,P05,34,2025-10-28,2025-10-31,2025-10-30,W4,Nordrhein-Westfalen
A01494,P05,55,2025-10-28,2025-10-31,2025-10-30,W3,Nordrhein-Westfalen
A01495,P02,51,2025-10-28,2025-10-30,2025-10-30,W4,Nordrhein-Westfalen
A01496,P01,8,2025-10-29,2025-10-31,2025-10-31,W1,Hessen
A01497,P01,59,2025-10-29,2025-10-30,2025-10-30,W4,Hessen
A01498,P05,14,2025-10-29,2025-11-02,2025-10-31,W5,Nordrhein-Westfalen
A01499,P05,17,2025-10-29,2025-10-31,2025-10-31,W3,Bayern
A01500,P01,58,2025-10-29,2025-10-31,2025-10-30,W2,Nordrhein-Westfalen
A01501,P05,21,2025-10-30,2025-11-02,2025-11-01,W4,Nordrhein-Westfalen
A01502,P04,35,2025-10-30,2025-11-02,2025-11-01,W5,Bayern
A01503,P02,36,2025-10-30,2025-11-01,2025-10-31,W5,Nordrhein-Westfalen
A01504,P04,36,2025-10-30,2025-11-02,2025-11-01,W5,Bayern
A01505,P01,44,2025-10-30,2025-11-01,2025-10-31,W2,Nordrhein-Westfalen
A01506,P04,33,2025-10-31,2025-11-03,2025-11-02,W5,Schleswig-Holstein
A01507,P01,9,2025-10-31,2025-11-03,2025-11-01,W3,Sachsen
A01508,P01,5,2025-10-31,2025-11-02,2025-11-01,W4,Bayern
A01509,P04,13,2025-10-31,2025-11-01,2025-11-02,W1,Baden-Württemberg
A01510,P03,36,2025-10-31,2025-11-01,2025-11-02,W1,Schleswig-Holstein
A01511,P04,38,2025-11-01,2025-11-03,2025-11-03,W3,Sachsen-Anhalt
A01512,P05,8,2025-11-01,2025-11-04,2025-11-04,W1,Nordrhein-Westfalen
A01513,P01,33,2025-11-02,2025-11-05,2025-11-03,W4,Baden-Württemberg
A01514,P04,32,2025-11-02,2025-11-04,2025-11-04,W1,Niedersachsen
A01515,P02,10,2025-11-02,2025-11-04,2025-11-03,W2,Nordrhein-Westfalen
A01516,P03,8,2025-11-02,2025-11-04,2025-11-03,W1,Nordrhein-Westfalen
A01517,P05,30,2025-11-02,2025-11-04,2025-11-04,W4,Nordrhein-Westfalen
A01518,P03,21,2025-11-03,2025-11-05,2025-11-04,W3,Hessen
A01519,P05,49,2025-11-03,2025-11-06,2025-11-06,W2,Hessen
A01520,P01,8,2025-11-03,2025-11-05,2025-11-04,W2,Nordrhein-Westfalen
A01521,P03,46,2025-11-03,2025-11-06,2025-11-04,W2,Niedersachsen
A01522,P01,9,2025-11-03,2025-11-05,2025-11-05,W4,Niedersachsen
A01523,P04,43,2025-11-03,2025-11-05,2025-11-04,W3,Bayern
A01524,P05,29,2025-11-03,2025-11-06,2025-11-05,W2,Thüringen
A01525,P03,9,2025-11-03,2025-11-06,2025-11-05,W2,Baden-Württemberg
A01526,P05,49,2025-11-03,2025-11-06,2025-11-06,W1,Schleswig-Holstein
A01527,P04,56,2025-11-04,2025-11-07,2025-11-06,W2,Bayern
A01528,P05,54,2025-11-04,2025-11-06,2025-11-07,W2,Baden-Württemberg
A01529,P03,43,2025-11-04,2025-11-05,2025-11-07,W2,Baden-Württemberg
A01530,P04,25,2025-11-04,2025-11-06,2025-11-06,W4,Nordrhein-Westfalen
A01531,P05,45,2025-11-04,2025-11-07,2025-11-06,W5,Baden-Württemberg
A01532,P02,38,2025-11-05,2025-11-06,2025-11-07,W4,Nordrhein-Westfalen
A01533,P01,39,2025-11-05,2025-11-08,2025-11-07,W2,Bayern
A01534,P05,36,2025-11-05,2025-11-08,2025-11-08,W1,Bayern
A01535,P02,59,2025-11-05,2025-11-07,2025-11-06,W4,Rheinland-Pfalz
A01536,P05,42,2025-11-05,2025-11-08,2025-11-07,W1,Brandenburg
A01537,P03,7,2025-11-05,2025-11-07,2025-11-07,W1,Bayern
A01538,P01,48,2025-11-05,2025-11-07,2025-11-06,W2,Sachsen-Anhalt
A01539,P02,36,2025-11-05,2025-11-07,2025-11-06,W4,Niedersachsen
A01540,P03,31,2025-11-06,2025-11-09,2025-11-07,W3,Nordrhein-Westfalen
A01541,P04,37,2025-11-06,2025-11-10,2025-11-07,W3,Saarland
A01542,P05,52,2025-11-07,2025-11-10,2025-11-09,W1,Bayern
A01543,P04,15,2025-11-08,2025-11-09,2025-11-10,W4,Nordrhein-Westfalen
A01544,P02,19,2025-11-08,2025-11-10,2025-11-10,W1,Brandenburg
A01545,P02,18,2025-11-08,2025-11-11,2025-11-09,W3,Brandenburg
A01546,P04,21,2025-11-08,2025-11-10,2025-11-10,W5,Sachsen
A01547,P03,6,2025-11-08,2025-11-10,2025-11-09,W2,Hessen
A01548,P04,51,2025-11-09,2025-11-12,2025-11-11,W2,Nordrhein-Westfalen
A01549,P03,39,2025-11-09,2025-11-11,2025-11-11,W2,Sachsen-Anhalt
A01550,P03,32,2025-11-09,2025-11-11,2025-11-10,W5,Baden-Württemberg
A01551,P03,43,2025-11-09,2025-11-11,2025-11-10,W1,Nordrhein-Westfalen
A01552,P04,39,2025-11-09,2025-11-11,2025-11-11,W1,Bayern
A01553,P03,56,2025-11-09,2025-11-12,2025-11-11,W2,Nordrhein-Westfalen
A01554,P05,48,2025-11-09,2025-11-12,2025-11-12,W3,Baden-Württemberg
A01555,P01,51,2025-11-10,2025-11-12,2025-11-12,W5,Nordrhein-Westfalen
A01556,P01,43,2025-11-10,2025-11-13,2025-11-12,W2,Berlin
A01557,P04,36,2025-11-10,2025-11-13,2025-11-12,W2,Niedersachsen
A01558,P01,16,2025-11-10,2025-11-12,2025-11-12,W2,Niedersachsen
A01559,P05,44,2025-11-10,2025-11-13,2025-11-13,W3,Brandenburg
A01560,P01,32,2025-11-10,2025-11-12,2025-11-11,W1,Sachsen-Anhalt
A01561,P04,56,2025-11-11,2025-11-15,2025-11-13,W1,Nordrhein-Westfalen
A01562,P01,57,2025-11-11,2025-11-14,2025-11-12,W2,Rheinland-Pfalz
A01563,P03,11,2025-11-11,2025-11-12,2025-11-12,W1,Nordrhein-Westfalen
A01564,P03,29,2025-11-12,2025-11-14,2025-11-13,W2,Berlin
A01565,P01,40,2025-11-12,2025-11-13,2025-11-13,W2,Baden-Württemberg
A01566,P02,47,2025-11-12,2025-11-14,2025-11-13,W2,Sachsen
A01567,P01,36,2025-11-12,2025-11-13,2025-11-13,W1,Baden-Württemberg
A01568,P04,54,2025-11-12,2025-11-15,2025-11-14,W1,Niedersachsen
A01569,P02,24,2025-11-12,2025-11-14,2025-11-14,W2,Nordrhein-Westfalen
A01570,P01,19,2025-11-12,2025-11-15,2025-11-13,W1,Nordrhein-Westfalen
A01571,P04,30,2025-11-13,2025-11-16,2025-11-14,W2,Schleswig-Holstein
A01572,P04,54,2025-11-13,2025-11-15,2025-11-15,W1,Niedersachsen
A01573,P01,41,2025-11-13,2025-11-15,2025-11-14,W3,Nordrhein-Westfalen
A01574,P05,28,2025-11-13,2025-11-17,2025-11-15,W3,Niedersachsen
A01575,P03,42,2025-11-13,2025-11-14,2025-11-15,W5,Schleswig-Holstein
A01576,P01,5,2025-11-13,2025-11-14,2025-11-14,W2,Hamburg
A01577,P04,36,2025-11-13,2025-11-16,2025-11-15,W4,Rheinland-Pfalz
A01578,P03,29,2025-11-14,2025-11-15,2025-11-16,W1,Brandenburg
A01579,P01,7,2025-11-14,2025-11-16,2025-11-15,W4,Thüringen
A01580,P04,58,2025-11-14,2025-11-17,2025-11-16,W1,Baden-Württemberg
A01581,P02,26,2025-11-14,2025-11-15,2025-11-16,W4,Rheinland-Pfalz
A01582,P02,5,2025-11-14,2025-11-16,2025-11-15,W1,Hessen
A01583,P05,34,2025-11-15,2025-11-19,2025-11-17,W1,Nordrhein-Westfalen
A01584,P04,49,2025-11-15,2025-11-18,2025-11-17,W2,Baden-Württemberg
A01585,P01,44,2025-11-15,2025-11-18,2025-11-17,W1,Baden-Württemberg
A01586,P02,26,2025-11-15,2025-11-17,2025-11-17,W5,Nordrhein-Westfalen
A01587,P02,26,2025-11-15,2025-11-16,2025-11-16,W4,Bayern
A01588,P05,17,2025-11-16,2025-11-19,2025-11-18,W1,Nordrhein-Westfalen
A01589,P03,7,2025-11-16,2025-11-18,2025-11-17,W3,Niedersachsen
A01590,P04,30,2025-11-16,2025-11-19,2025-11-20,W5,Berlin
A01591,P05,23,2025-11-16,2025-11-18,2025-11-18,W5,Bayern
A01592,P03,8,2025-11-16,2025-11-18,2025-11-18,W5,Nordrhein-Westfalen
A01593,P05,25,2025-11-16,2025-11-19,2025-11-18,W3,Nordrhein-Westfalen
A01594,P02,10,2025-11-17,2025-11-19,2025-11-19,W1,Mecklenburg-Vorpommern
A01595,P05,37,2025-11-18,2025-11-21,2025-11-20,W2,Nordrhein-Westfalen
A01596,P03,26,2025-11-18,2025-11-21,2025-11-19,W1,Nordrhein-Westfalen
A01597,P05,26,2025-11-18,2025-11-22,2025-11-20,W2,Rheinland-Pfalz
A01598,P01,22,2025-11-18,2025-11-20,2025-11-19,W4,Nordrhein-Westfalen
A01599,P03,15,2025-11-19,2025-11-21,2025-11-20,W4,Schleswig-Holstein
A01600,P05,54,2025-11-19,2025-11-22,2025-11-22,W1,Baden-Württemberg
A01601,P03,57,2025-11-19,2025-11-21,2025-11-21,W3,Thüringen
A01602,P02,15,2025-11-19,2025-11-21,2025-11-20,W1,Baden-Württemberg
A01603,P05,30,2025-11-19,2025-11-22,2025-11-21,W5,Brandenburg
A01604,P05,51,2025-11-19,2025-11-23,2025-11-22,W5,Nordrhein-Westfalen
A01605,P05,52,2025-11-19,2025-11-21,2025-11-21,W1,Hamburg
A01606,P03,13,2025-11-19,2025-11-22,2025-11-20,W5,Bayern
A01607,P04,52,2025-11-19,2025-11-22,2025-11-21,W4,Niedersachsen
A01608,P02,7,2025-11-19,2025-11-22,2025-11-20,W1,Niedersachsen
A01609,P02,49,2025-11-19,2025-11-20,2025-11-21,W3,Thüringen
A01610,P01,51,2025-11-19,2025-11-22,2025-11-20,W1,Bayern
A01611,P03,31,2025-11-20,2025-11-22,2025-11-22,W1,Niedersachsen
A01612,P05,46,2025-11-20,2025-11-23,2025-11-23,W5,Nordrhein-Westfalen
A01613,P03,21,2025-11-20,2025-11-22,2025-11-21,W5,Sachsen
A01614,P03,45,2025-11-20,2025-11-22,2025-11-21,W5,Nordrhein-Westfalen
A01615,P05,40,2025-11-20,2025-11-24,2025-11-22,W4,Niedersachsen
A01616,P02,15,2025-11-20,2025-11-22,2025-11-20,W2,Hessen
A01617,P05,9,2025-11-20,2025-11-23,2025-11-22,W5,Hessen
A01618,P03,10,2025-11-20,2025-11-22,2025-11-22,W2,Niedersachsen
A01619,P05,56,2025-11-21,2025-11-23,2025-11-24,W4,Schleswig-Holstein
A01620,P02,12,2025-11-21,2025-11-23,2025-11-23,W5,Thüringen
A01621,P03,34,2025-11-21,2025-11-23,2025-11-22,W2,Niedersachsen
A01622,P02,12,2025-11-21,2025-11-22,2025-11-22,W4,Nordrhein-Westfalen
A01623,P05,16,2025-11-21,2025-11-24,2025-11-23,W4,Brandenburg
A01624,P03,5,2025-11-21,2025-11-23,2025-11-22,W2,Baden-Württemberg
A01625,P01,34,2025-11-22,2025-11-25,2025-11-24,W4,Hamburg
A01626,P04,52,2025-11-22,2025-11-26,2025-11-25,W4,Sachsen
A01627,P05,58,2025-11-22,2025-11-24,2025-11-24,W4,Baden-Württemberg
A01628,P05,37,2025-11-22,2025-11-25,2025-11-25,W2,Nordrhein-Westfalen
A01629,P04,34,2025-11-22,2025-11-25,2025-11-24,W2,Baden-Württemberg
A01630,P02,18,2025-11-22,2025-11-24,2025-11-23,W4,Niedersachsen
A01631,P03,15,2025-11-23,2025-11-25,2025-11-25,W4,Nordrhein-Westfalen
A01632,P02,27,2025-11-23,2025-11-24,2025-11-24,W1,Sachsen-Anhalt
A01633,P04,9,2025-11-24,2025-11-25,2025-11-26,W2,Nordrhein-Westfalen
A01634,P04,10,2025-11-24,2025-11-27,2025-11-26,W2,Sachsen
A01635,P03,46,2025-11-24,2025-11-27,2025-11-26,W3,Nordrhein-Westfalen
A01636,P01,10,2025-11-24,2025-11-27,2025-11-25,W4,Brandenburg
A01637,P01,32,2025-11-24,2025-11-26,2025-11-25,W3,Nordrhein-Westfalen
A01638,P05,22,2025-11-24,2025-11-26,2025-11-26,W1,Baden-Württemberg
A01639,P03,41,2025-11-25,2025-11-28,2025-11-27,W1,Nordrhein-Westfalen
A01640,P04,11,2025-11-25,2025-11-27,2025-11-27,W2,Sachsen-Anhalt
A01641,P05,5,2025-11-25,2025-11-29,2025-11-28,W2,Sachsen
A01642,P05,45,2025-11-25,2025-11-28,2025-11-27,W2,Baden-Württemberg
A01643,P01,18,2025-11-25,2025-11-28,2025-11-26,W3,Baden-Württemberg
A01644,P03,41,2025-11-26,2025-11-28,2025-11-28,W5,Thüringen
A01645,P04,26,2025-11-26,2025-11-28,2025-11-28,W3,Nordrhein-Westfalen
A01646,P01,41,2025-11-26,2025-11-28,2025-11-27,W1,Baden-Württemberg
A01647,P02,58,2025-11-26,2025-11-28,2025-11-28,W5,Baden-Württemberg
A01648,P05,25,2025-11-26,2025-11-28,2025-11-28,W2,Nordrhein-Westfalen
A01649,P03,33,2025-11-26,2025-11-27,2025-11-27,W5,Berlin
A01650,P04,51,2025-11-27,2025-11-30,2025-11-29,W3,Hessen
A01651,P05,17,2025-11-27,2025-11-30,2025-11-29,W1,Niedersachsen
A01652,P03,59,2025-11-27,2025-11-29,2025-11-29,W1,Rheinland-Pfalz
A01653,P04,52,2025-11-27,2025-11-30,2025-11-29,W3,Hamburg
A01654,P04,7,2025-11-27,2025-11-29,2025-11-28,W1,Thüringen
A01655,P04,15,2025-11-27,2025-11-29,2025-11-29,W5,Schleswig-Holstein
A01656,P02,23,2025-11-28,2025-12-01,2025-11-29,W3,Niedersachsen
A01657,P01,36,2025-11-28,2025-12-01,2025-11-29,W1,Sachsen-Anhalt
A01658,P04,42,2025-11-28,2025-12-01,2025-11-30,W3,Baden-Württemberg
A01659,P03,19,2025-11-28,2025-11-30,2025-11-29,W2,Hessen
A01660,P02,53,2025-11-28,2025-11-30,2025-11-29,W2,Thüringen
A01661,P03,37,2025-11-28,2025-11-30,2025-11-30,W5,Nordrhein-Westfalen
A01662,P05,28,2025-11-28,2025-12-01,2025-11-30,W1,Baden-Württemberg
A01663,P05,46,2025-11-29,2025-12-02,2025-12-01,W2,Berlin
A01664,P05,47,2025-11-29,2025-12-01,2025-12-01,W1,Hessen
A01665,P04,55,2025-11-29,2025-12-02,2025-12-01,W5,Berlin
A01666,P02,14,2025-11-30,2025-12-03,2025-12-02,W2,Nordrhein-Westfalen
A01667,P05,47,2025-11-30,2025-12-03,2025-12-02,W2,Nordrhein-Westfalen
A01668,P02,6,2025-12-01,2025-12-03,2025-12-03,W4,Bayern
A01669,P03,34,2025-12-01,2025-12-03,2025-12-02,W5,Nordrhein-Westfalen
A01670,P04,27,2025-12-02,2025-12-04,2025-12-04,W3,Thüringen
A01671,P01,6,2025-12-02,2025-12-04,2025-12-03,W4,Rheinland-Pfalz
A01672,P04,9,2025-12-02,2025-12-03,2025-12-05,W5,Baden-Württemberg
A01673,P03,51,2025-12-02,2025-12-05,2025-12-03,W4,Thüringen
A01674,P05,35,2025-12-02,2025-12-05,2025-12-04,W5,Sachsen
A01675,P01,9,2025-12-02,2025-12-04,2025-12-03,W1,Sachsen
A01676,P04,19,2025-12-02,2025-12-04,2025-12-04,W2,Niedersachsen
A01677,P01,21,2025-12-02,2025-12-05,2025-12-03,W1,Hessen
A01678,P03,5,2025-12-02,2025-12-05,2025-12-04,W4,Schleswig-Holstein
A01679,P04,40,2025-12-03,2025-12-06,2025-12-05,W3,Niedersachsen
A01680,P05,8,2025-12-03,2025-12-07,2025-12-05,W1,Bayern
A01681,P05,32,2025-12-03,2025-12-06,2025-12-06,W5,Hessen
A01682,P02,19,2025-12-03,2025-12-05,2025-12-04,W2,Schleswig-Holstein
A01683,P01,28,2025-12-03,2025-12-06,2025-12-04,W3,Nordrhein-Westfalen
A01684,P02,59,2025-12-03,2025-12-05,2025-12-05,W5,Bayern
A01685,P02,47,2025-12-03,2025-12-06,2025-12-04,W3,Sachsen
A01686,P05,15,2025-12-03,2025-12-06,2025-12-05,W5,Berlin
A01687,P02,54,2025-12-04,2025-12-06,2025-12-05,W5,Niedersachsen
A01688,P03,49,2025-12-04,2025-12-05,2025-12-05,W2,Brandenburg
A01689,P03,12,2025-12-04,2025-12-06,2025-12-06,W3,Berlin
A01690,P04,37,2025-12-04,2025-12-07,2025-12-06,W2,Rheinland-Pfalz
A01691,P04,9,2025-12-04,2025-12-05,2025-12-05,W1,Bayern
A01692,P02,24,2025-12-04,2025-12-07,2025-12-05,W4,Rheinland-Pfalz
A01693,P01,39,2025-12-05,2025-12-07,2025-12-07,W5,Rheinland-Pfalz
A01694,P04,57,2025-12-05,2025-12-08,2025-12-07,W4,Brandenburg
A01695,P02,46,2025-12-05,2025-12-06,2025-12-06,W5,Bayern
A01696,P03,6,2025-12-06,2025-12-09,2025-12-08,W3,Thüringen
A01697,P04,40,2025-12-06,2025-12-09,2025-12-09,W4,Niedersachsen
A01698,P01,8,2025-12-07,2025-12-08,2025-12-08,W4,Sachsen
A01699,P04,11,2025-12-07,2025-12-09,2025-12-09,W3,Sachsen-Anhalt
A01700,P04,18,2025-12-07,2025-12-10,2025-12-09,W1,Bayern
A01701,P01,29,2025-12-08,2025-12-10,2025-12-09,W5,Rheinland-Pfalz
A01702,P01,29,2025-12-08,2025-12-10,2025-12-09,W3,Schleswig-Holstein
A01703,P01,49,2025-12-08,2025-12-10,2025-12-09,W3,Bayern
A01704,P03,21,2025-12-08,2025-12-10,2025-12-09,W4,Mecklenburg-Vorpommern
A01705,P03,34,2025-12-08,2025-12-10,2025-12-09,W1,Rheinland-Pfalz
A01706,P05,43,2025-12-09,2025-12-12,2025-12-12,W2,Bayern
A01707,P03,32,2025-12-09,2025-12-11,2025-12-11,W1,Nordrhein-Westfalen
A01708,P03,43,2025-12-09,2025-12-10,2025-12-10,W2,Nordrhein-Westfalen
A01709,P01,49,2025-12-09,2025-12-10,2025-12-10,W4,Nordrhein-Westfalen
A01710,P04,41,2025-12-10,2025-12-14,2025-12-12,W1,Nordrhein-Westfalen
A01711,P02,28,2025-12-10,2025-12-13,2025-12-11,W4,Nordrhein-Westfalen
A01712,P01,54,2025-12-10,2025-12-13,2025-12-12,W1,Schleswig-Holstein
A01713,P01,20,2025-12-10,2025-12-12,2025-12-12,W5,Hamburg
A01714,P04,37,2025-12-10,2025-12-14,2025-12-11,W2,Brandenburg
A01715,P03,55,2025-12-10,2025-12-12,2025-12-11,W3,Nordrhein-Westfalen
A01716,P03,50,2025-12-10,2025-12-12,2025-12-11,W1,Bayern
A01717,P03,58,2025-12-11,2025-12-12,2025-12-13,W2,Baden-Württemberg
A01718,P02,35,2025-12-11,2025-12-13,2025-12-12,W3,Rheinland-Pfalz
A01719,P02,32,2025-12-11,2025-12-13,2025-12-12,W4,Baden-Württemberg
A01720,P02,30,2025-12-11,2025-12-13,2025-12-13,W1,Nordrhein-Westfalen
A01721,P02,52,2025-12-11,2025-12-13,2025-12-12,W4,Sachsen
A01722,P05,40,2025-12-11,2025-12-14,2025-12-14,W1,Hessen
A01723,P03,58,2025-12-12,2025-12-15,2025-12-14,W5,Nordrhein-Westfalen
A01724,P04,48,2025-12-12,2025-12-15,2025-12-14,W2,Nordrhein-Westfalen
A01725,P03,43,2025-12-12,2025-12-14,2025-12-13,W1,Schleswig-Holstein
A01726,P02,42,2025-12-12,2025-12-14,2025-12-13,W2,Baden-Württemberg
A01727,P05,39,2025-12-12,2025-12-16,2025-12-14,W5,Niedersachsen
A01728,P01,59,2025-12-13,2025-12-16,2025-12-14,W3,Niedersachsen
A01729,P03,40,2025-12-13,2025-12-14,2025-12-14,W3,Baden-Württemberg
A01730,P03,57,2025-12-13,2025-12-16,2025-12-15,W2,Baden-Württemberg
A01731,P01,18,2025-12-14,2025-12-17,2025-12-15,W1,Sachsen
A01732,P04,45,2025-12-14,2025-12-18,2025-12-16,W1,Schleswig-Holstein
A01733,P02,37,2025-12-14,2025-12-16,2025-12-15,W1,Brandenburg
A01734,P03,11,2025-12-14,2025-12-16,2025-12-15,W1,Brandenburg
A01735,P01,17,2025-12-14,2025-12-16,2025-12-15,W3,Nordrhein-Westfalen
A01736,P03,37,2025-12-14,2025-12-15,2025-12-16,W2,Nordrhein-Westfalen
A01737,P04,22,2025-12-15,2025-12-17,2025-12-17,W2,Bayern
A01738,P05,58,2025-12-15,2025-12-18,2025-12-18,W2,Bayern
A01739,P05,15,2025-12-15,2025-12-18,2025-12-17,W1,Bayern
A01740,P03,20,2025-12-15,2025-12-18,2025-12-16,W4,Niedersachsen
A01741,P01,45,2025-12-16,2025-12-18,2025-12-18,W4,Saarland
A01742,P05,40,2025-12-16,2025-12-19,2025-12-18,W2,Thüringen
A01743,P05,11,2025-12-17,2025-12-20,2025-12-19,W2,Nordrhein-Westfalen
A01744,P03,49,2025-12-17,2025-12-19,2025-12-20,W2,Niedersachsen
A01745,P03,48,2025-12-17,2025-12-18,2025-12-20,W3,Schleswig-Holstein
A01746,P04,57,2025-12-17,2025-12-20,2025-12-20,W5,Bayern
A01747,P05,56,2025-12-17,2025-12-20,2025-12-20,W2,Baden-Württemberg
A01748,P02,59,2025-12-18,2025-12-20,2025-12-19,W3,Rheinland-Pfalz
A01749,P01,34,2025-12-18,2025-12-20,2025-12-20,W3,Bayern
A01750,P01,25,2025-12-18,2025-12-20,2025-12-19,W2,Nordrhein-Westfalen
A01751,P01,43,2025-12-18,2025-12-21,2025-12-19,W1,Nordrhein-Westfalen
A01752,P02,25,2025-12-18,2025-12-19,2025-12-19,W5,Nordrhein-Westfalen
A01753,P05,20,2025-12-19,2025-12-22,2025-12-20,W4,Sachsen
A01754,P04,21,2025-12-19,2025-12-20,2025-12-21,W2,Baden-Württemberg
A01755,P05,47,2025-12-19,2025-12-22,2025-12-22,W5,Baden-Württemberg
A01756,P02,35,2025-12-19,2025-12-21,2025-12-21,W5,Niedersachsen
A01757,P04,52,2025-12-19,2025-12-22,2025-12-21,W5,Nordrhein-Westfalen
A01758,P01,37,2025-12-20,2025-12-23,2025-12-22,W5,Bayern
A01759,P02,52,2025-12-20,2025-12-23,2025-12-22,W4,Schleswig-Holstein
A01760,P03,14,2025-12-20,2025-12-22,2025-12-21,W2,Nordrhein-Westfalen
A01761,P02,47,2025-12-21,2025-12-23,2025-12-22,W2,Hamburg
A01762,P04,18,2025-12-21,2025-12-23,2025-12-23,W5,Sachsen
A01763,P04,23,2025-12-21,2025-12-22,2025-12-23,W2,Nordrhein-Westfalen
A01764,P05,52,2025-12-21,2025-12-24,2025-12-24,W2,Baden-Württemberg
A01765,P02,30,2025-12-21,2025-12-23,2025-12-23,W1,Niedersachsen
A01766,P05,16,2025-12-21,2025-12-25,2025-12-23,W1,Bayern
A01767,P04,53,2025-12-22,2025-12-24,2025-12-24,W5,Hessen
A01768,P03,18,2025-12-22,2025-12-24,2025-12-23,W3,Hessen
A01769,P03,51,2025-12-22,2025-12-25,2025-12-23,W4,Hamburg
A01770,P05,34,2025-12-22,2025-12-26,2025-12-24,W1,Sachsen
A01771,P03,29,2025-12-23,2025-12-24,2025-12-24,W4,Nordrhein-Westfalen
A01772,P03,26,2025-12-23,2025-12-26,2025-12-25,W4,Nordrhein-Westfalen
A01773,P02,34,2025-12-23,2025-12-25,2025-12-24,W1,Schleswig-Holstein
A01774,P02,21,2025-12-23,2025-12-25,2025-12-25,W2,Nordrhein-Westfalen
A01775,P04,20,2025-12-24,2025-12-27,2025-12-25,W2,Nordrhein-Westfalen
A01776,P03,21,2025-12-24,2025-12-25,2025-12-26,W1,Nordrhein-Westfalen
A01777,P02,35,2025-12-24,2025-12-27,2025-12-25,W4,Niedersachsen
A01778,P05,30,2025-12-24,2025-12-27,2025-12-27,W4,Nordrhein-Westfalen
A01779,P05,47,2025-12-24,2025-12-27,2025-12-26,W4,Hessen
A01780,P02,21,2025-12-24,2025-12-26,2025-12-25,W1,Rheinland-Pfalz
A01781,P03,19,2025-12-24,2025-12-26,2025-12-26,W5,Schleswig-Holstein
A01782,P05,27,2025-12-24,2025-12-27,2025-12-26,W3,Berlin
A01783,P03,48,2025-12-24,2025-12-25,2025-12-25,W5,Hessen
A01784,P04,43,2025-12-25,2025-12-28,2025-12-27,W1,Bayern
A01785,P05,38,2025-12-25,2025-12-28,2025-12-27,W1,Sachsen
A01786,P02,23,2025-12-25,2025-12-27,2025-12-27,W3,Bayern
A01787,P02,24,2025-12-25,2025-12-27,2025-12-27,W1,Sachsen-Anhalt
A01788,P05,18,2025-12-25,2025-12-28,2025-12-27,W4,Nordrhein-Westfalen
A01789,P02,28,2025-12-25,2025-12-27,2025-12-26,W1,Nordrhein-Westfalen
A01790,P03,56,2025-12-26,2025-12-28,2025-12-28,W5,Hessen
A01791,P05,17,2025-12-26,2025-12-28,2025-12-28,W2,Baden-Württemberg
A01792,P01,19,2025-12-27,2025-12-29,2025-12-28,W4,Sachsen
A01793,P02,49,2025-12-27,2025-12-29,2025-12-29,W1,Niedersachsen
A01794,P04,32,2025-12-27,2025-12-30,2025-12-29,W4,Rheinland-Pfalz
A01795,P05,33,2025-12-27,2025-12-30,2025-12-30,W1,Baden-Württemberg
A01796,P04,47,2025-12-27,2025-12-30,2025-12-29,W2,Bayern
A01797,P01,20,2025-12-28,2025-12-30,2025-12-30,W2,Bayern
A01798,P02,52,2025-12-28,2025-12-30,2025-12-29,W5,Bayern
A01799,P04,11,2025-12-28,2025-12-31,2025-12-29,W3,Nordrhein-Westfalen
A01800,P01,13,2025-12-29,2026-01-01,2025-12-30,W1,Baden-Württemberg
A01801,P04,29,2025-12-29,2026-01-01,2025-12-31,W3,Bayern
A01802,P01,17,2025-12-29,2026-01-01,2025-12-30,W2,Bayern
A01803,P01,14,2025-12-29,2025-12-31,2025-12-30,W1,Nordrhein-Westfalen
A01804,P05,45,2025-12-29,2026-01-01,2025-12-31,W1,Baden-Württemberg
A01805,P04,42,2025-12-30,2026-01-02,2026-01-01,W2,Nordrhein-Westfalen
A01806,P01,40,2025-12-30,2026-01-01,2026-01-01,W2,Rheinland-Pfalz
A01807,P02,24,2025-12-30,2026-01-01,2025-12-31,W1,Nordrhein-Westfalen
A01808,P01,8,2025-12-30,2025-12-31,2025-12-31,W4,Bayern
A01809,P01,35,2025-12-30,2025-12-31,2025-12-31,W1,Bayern
A01810,P05,15,2025-12-31,2026-01-04,2026-01-02,W1,Bayern
A01811,P02,54,2025-12-31,2026-01-02,2026-01-01,W5,Bayern
A01812,P02,44,2025-12-31,2026-01-01,2026-01-01,W2,Nordrhein-Westfalen
A01813,P03,11,2026-01-01,2026-01-03,2026-01-02,W4,Rheinland-Pfalz
A01814,P02,42,2026-01-01,2026-01-03,2026-01-02,W4,Mecklenburg-Vorpommern
A01815,P03,56,2026-01-01,2026-01-04,2026-01-03,W4,Baden-Württemberg
A01816,P03,50,2026-01-01,2026-01-03,2026-01-02,W1,Bayern
A01817,P05,36,2026-01-02,2026-01-04,2026-01-06,W3,Schleswig-Holstein
A01818,P05,45,2026-01-02,2026-01-05,2026-01-04,W3,Bayern
A01819,P05,32,2026-01-02,2026-01-06,2026-01-05,W5,Niedersachsen
A01820,P05,41,2026-01-02,2026-01-04,2026-01-05,W1,Nordrhein-Westfalen
A01821,P04,23,2026-01-02,2026-01-04,2026-01-04,W2,Sachsen
A01822,P03,20,2026-01-03,2026-01-05,2026-01-04,W5,Berlin
A01823,P05,44,2026-01-03,2026-01-06,2026-01-05,W2,Schleswig-Holstein
A01824,P03,37,2026-01-03,2026-01-05,2026-01-04,W5,Nordrhein-Westfalen
A01825,P05,58,2026-01-03,2026-01-06,2026-01-05,W4,Nordrhein-Westfalen
A01826,P05,30,2026-01-04,2026-01-08,2026-01-07,W2,Bayern
A01827,P04,26,2026-01-04,2026-01-07,2026-01-06,W5,Saarland
A01828,P05,45,2026-01-05,2026-01-07,2026-01-07,W3,Baden-Württemberg
A01829,P02,25,2026-01-05,2026-01-08,2026-01-06,W1,Nordrhein-Westfalen
A01830,P05,41,2026-01-05,2026-01-08,2026-01-07,W5,Niedersachsen
A01831,P02,9,2026-01-06,2026-01-07,2026-01-07,W2,Niedersachsen
A01832,P03,15,2026-01-06,2026-01-08,2026-01-07,W4,Nordrhein-Westfalen
A01833,P01,43,2026-01-06,2026-01-08,2026-01-08,W3,Baden-Württemberg
A01834,P03,43,2026-01-06,2026-01-09,2026-01-07,W4,Bremen
A01835,P02,52,2026-01-06,2026-01-07,2026-01-07,W4,Hamburg
A01836,P01,26,2026-01-06,2026-01-08,2026-01-07,W5,Baden-Württemberg
A01837,P01,55,2026-01-06,2026-01-08,2026-01-08,W4,Nordrhein-Westfalen
A01838,P01,53,2026-01-07,2026-01-09,2026-01-09,W5,Bayern
A01839,P02,42,2026-01-07,2026-01-10,2026-01-10,W1,Baden-Württemberg
A01840,P05,6,2026-01-07,2026-01-10,2026-01-09,W4,Brandenburg
A01841,P01,7,2026-01-07,2026-01-09,2026-01-08,W5,Mecklenburg-Vorpommern
A01842,P05,10,2026-01-08,2026-01-12,2026-01-10,W2,Bayern
A01843,P01,52,2026-01-08,2026-01-10,2026-01-10,W2,Rheinland-Pfalz
A01844,P05,42,2026-01-08,2026-01-11,2026-01-10,W1,Nordrhein-Westfalen
A01845,P04,5,2026-01-08,2026-01-10,2026-01-10,W1,Bayern
A01846,P05,34,2026-01-09,2026-01-12,2026-01-11,W1,Bayern
A01847,P02,24,2026-01-09,2026-01-11,2026-01-11,W4,Nordrhein-Westfalen
A01848,P03,52,2026-01-10,2026-01-12,2026-01-11,W4,Berlin
A01849,P02,22,2026-01-10,2026-01-12,2026-01-11,W1,Nordrhein-Westfalen
A01850,P03,50,2026-01-10,2026-01-13,2026-01-11,W5,Nordrhein-Westfalen
A01851,P05,43,2026-01-10,2026-01-13,2026-01-12,W5,Bayern
A01852,P02,7,2026-01-10,2026-01-11,2026-01-11,W5,Niedersachsen
A01853,P04,55,2026-01-10,2026-01-12,2026-01-12,W3,Sachsen
A01854,P05,21,2026-01-10,2026-01-13,2026-01-11,W5,Rheinland-Pfalz
A01855,P03,42,2026-01-10,2026-01-11,2026-01-12,W2,Bayern
A01856,P02,38,2026-01-10,2026-01-12,2026-01-11,W4,Nordrhein-Westfalen
A01857,P05,54,2026-01-10,2026-01-12,2026-01-12,W1,Bayern
A01858,P01,38,2026-01-11,2026-01-12,2026-01-12,W5,Baden-Württemberg
A01859,P05,34,2026-01-11,2026-01-14,2026-01-13,W1,Brandenburg
A01860,P05,47,2026-01-11,2026-01-14,2026-01-13,W5,Berlin
A01861,P02,30,2026-01-11,2026-01-13,2026-01-12,W1,Bayern
A01862,P03,21,2026-01-12,2026-01-14,2026-01-13,W4,Nordrhein-Westfalen
A01863,P02,53,2026-01-12,2026-01-14,2026-01-14,W1,Nordrhein-Westfalen
A01864,P04,31,2026-01-12,2026-01-16,2026-01-14,W2,Baden-Württemberg
A01865,P01,56,2026-01-12,2026-01-14,2026-01-13,W1,Saarland
A01866,P02,46,2026-01-12,2026-01-14,2026-01-13,W2,Nordrhein-Westfalen
A01867,P02,31,2026-01-12,2026-01-14,2026-01-13,W1,Hessen
A01868,P01,6,2026-01-12,2026-01-14,2026-01-14,W1,Bayern
A01869,P05,12,2026-01-13,2026-01-15,2026-01-15,W2,Berlin
A01870,P05,33,2026-01-13,2026-01-17,2026-01-15,W4,Nordrhein-Westfalen
A01871,P05,10,2026-01-13,2026-01-17,2026-01-15,W3,Sachsen
A01872,P05,9,2026-01-13,2026-01-16,2026-01-15,W4,Nordrhein-Westfalen
A01873,P01,56,2026-01-13,2026-01-16,2026-01-15,W4,Nordrhein-Westfalen
A01874,P01,14,2026-01-14,2026-01-17,2026-01-15,W1,Bayern
A01875,P01,33,2026-01-14,2026-01-15,2026-01-16,W5,Berlin
A01876,P03,59,2026-01-15,2026-01-17,2026-01-17,W4,Bayern
A01877,P02,58,2026-01-15,2026-01-17,2026-01-16,W4,Baden-Württemberg
A01878,P05,19,2026-01-15,2026-01-18,2026-01-18,W3,Niedersachsen
A01879,P02,17,2026-01-15,2026-01-17,2026-01-16,W1,Schleswig-Holstein
A01880,P01,43,2026-01-15,2026-01-17,2026-01-17,W4,Baden-Württemberg
A01881,P05,12,2026-01-16,2026-01-18,2026-01-18,W2,Berlin
A01882,P05,32,2026-01-16,2026-01-19,2026-01-18,W4,Berlin
A01883,P03,14,2026-01-16,2026-01-19,2026-01-17,W2,Nordrhein-Westfalen
A01884,P02,59,2026-01-16,2026-01-18,2026-01-17,W2,Saarland
A01885,P05,11,2026-01-16,2026-01-20,2026-01-18,W3,Bayern
A01886,P02,11,2026-01-17,2026-01-18,2026-01-18,W1,Nordrhein-Westfalen
A01887,P05,37,2026-01-17,2026-01-21,2026-01-19,W4,Baden-Württemberg
A01888,P02,35,2026-01-17,2026-01-18,2026-01-18,W1,Hessen
A01889,P01,41,2026-01-17,2026-01-20,2026-01-18,W4,Rheinland-Pfalz
A01890,P03,27,2026-01-18,2026-01-20,2026-01-19,W4,Hamburg
A01891,P05,9,2026-01-18,2026-01-21,2026-01-21,W4,Sachsen
A01892,P02,21,2026-01-18,2026-01-20,2026-01-19,W4,Sachsen
A01893,P03,28,2026-01-18,2026-01-20,2026-01-19,W5,Hessen
A01894,P01,46,2026-01-19,2026-01-22,2026-01-21,W4,Sachsen-Anhalt
A01895,P03,5,2026-01-19,2026-01-21,2026-01-21,W2,Berlin
A01896,P05,27,2026-01-19,2026-01-22,2026-01-21,W2,Bayern
A01897,P01,12,2026-01-19,2026-01-22,2026-01-20,W1,Bayern
A01898,P02,50,2026-01-19,2026-01-21,2026-01-20,W1,Baden-Württemberg
A01899,P03,50,2026-01-20,2026-01-22,2026-01-22,W3,Nordrhein-Westfalen
A01900,P03,53,2026-01-20,2026-01-21,2026-01-22,W4,Berlin
A01901,P01,42,2026-01-20,2026-01-21,2026-01-21,W3,Nordrhein-Westfalen
A01902,P03,30,2026-01-20,2026-01-21,2026-01-22,W2,Niedersachsen
A01903,P04,27,2026-01-20,2026-01-22,2026-01-22,W4,Hessen
A01904,P01,16,2026-01-20,2026-01-22,2026-01-21,W2,Sachsen
A01905,P04,19,2026-01-20,2026-01-21,2026-01-21,W1,Rheinland-Pfalz
A01906,P03,31,2026-01-21,2026-01-24,2026-01-22,W1,Sachsen
A01907,P04,21,2026-01-21,2026-01-24,2026-01-23,W4,Berlin
A01908,P05,11,2026-01-21,2026-01-24,2026-01-23,W5,Baden-Württemberg
A01909,P03,32,2026-01-21,2026-01-23,2026-01-22,W1,Niedersachsen
A01910,P01,23,2026-01-21,2026-01-23,2026-01-22,W4,Baden-Württemberg
A01911,P04,11,2026-01-21,2026-01-23,2026-01-23,W1,Baden-Württemberg
A01912,P02,40,2026-01-21,2026-01-23,2026-01-22,W1,Sachsen-Anhalt
A01913,P03,42,2026-01-21,2026-01-22,2026-01-22,W2,Thüringen
A01914,P04,32,2026-01-21,2026-01-23,2026-01-23,W2,Baden-Württemberg
A01915,P04,55,2026-01-22,2026-01-24,2026-01-24,W1,Baden-Württemberg
A01916,P03,53,2026-01-22,2026-01-23,2026-01-25,W4,Nordrhein-Westfalen
A01917,P01,17,2026-01-22,2026-01-24,2026-01-24,W2,Bayern
A01918,P04,18,2026-01-22,2026-01-25,2026-01-25,W4,Sachsen
A01919,P01,43,2026-01-22,2026-01-24,2026-01-23,W5,Niedersachsen
A01920,P01,51,2026-01-22,2026-01-24,2026-01-23,W3,Bayern
A01921,P02,16,2026-01-23,2026-01-26,2026-01-24,W4,Hessen
A01922,P02,26,2026-01-23,2026-01-24,2026-01-24,W1,Rheinland-Pfalz
A01923,P04,41,2026-01-23,2026-01-25,2026-01-25,W2,Rheinland-Pfalz
A01924,P02,33,2026-01-23,2026-01-25,2026-01-24,W1,Niedersachsen
A01925,P01,40,2026-01-23,2026-01-25,2026-01-24,W1,Sachsen
A01926,P02,7,2026-01-23,2026-01-25,2026-01-24,W4,Nordrhein-Westfalen
A01927,P02,19,2026-01-24,2026-01-25,2026-01-25,W1,Baden-Württemberg
A01928,P02,18,2026-01-24,2026-01-26,2026-01-25,W3,Sachsen
A01929,P04,25,2026-01-25,2026-01-28,2026-01-26,W5,Sachsen
A01930,P03,29,2026-01-25,2026-01-27,2026-01-26,W5,Nordrhein-Westfalen
A01931,P02,53,2026-01-26,2026-01-27,2026-01-27,W2,Nordrhein-Westfalen
A01932,P01,17,2026-01-26,2026-01-28,2026-01-27,W5,Nordrhein-Westfalen
A01933,P02,59,2026-01-27,2026-01-29,2026-01-28,W4,Berlin
A01934,P04,20,2026-01-27,2026-01-28,2026-01-29,W2,Baden-Württemberg
A01935,P02,41,2026-01-28,2026-01-30,2026-01-30,W4,Saarland
A01936,P05,23,2026-01-28,2026-01-31,2026-01-30,W2,Berlin
A01937,P05,54,2026-01-28,2026-01-31,2026-01-31,W3,Saarland
A01938,P03,17,2026-01-29,2026-01-31,2026-01-30,W1,Hamburg
A01939,P01,31,2026-01-29,2026-01-31,2026-01-30,W4,Schleswig-Holstein
A01940,P05,21,2026-01-29,2026-02-01,2026-01-31,W1,Bayern
A01941,P03,21,2026-01-29,2026-01-31,2026-02-01,W2,Nordrhein-Westfalen
A01942,P01,12,2026-01-30,2026-02-01,2026-01-31,W5,Baden-Württemberg
A01943,P05,49,2026-01-30,2026-02-02,2026-02-01,W1,Baden-Württemberg
A01944,P02,57,2026-01-30,2026-02-01,2026-01-31,W4,Baden-Württemberg
A01945,P03,21,2026-01-30,2026-02-02,2026-02-01,W3,Baden-Württemberg
A01946,P04,9,2026-01-30,2026-01-31,2026-02-01,W2,Hessen
A01947,P05,34,2026-01-30,2026-02-02,2026-02-01,W3,Bayern
A01948,P03,53,2026-01-30,2026-02-01,2026-02-01,W5,Bayern
A01949,P02,28,2026-01-31,2026-02-01,2026-02-01,W4,Sachsen
A01950,P02,27,2026-01-31,2026-02-02,2026-02-01,W2,Nordrhein-Westfalen
A01951,P04,55,2026-01-31,2026-02-03,2026-02-03,W1,Berlin
A01952,P02,57,2026-01-31,2026-02-02,2026-02-01,W2,Nordrhein-Westfalen
A01953,P04,12,2026-01-31,2026-02-03,2026-02-02,W2,Thüringen
A01954,P01,34,2026-01-31,2026-02-02,2026-02-01,W1,Baden-Württemberg
A01955,P02,5,2026-01-31,2026-02-02,2026-02-01,W1,Nordrhein-Westfalen
A01956,P01,32,2026-01-31,2026-02-02,2026-02-02,W5,Sachsen-Anhalt
A01957,P03,41,2026-02-01,2026-02-04,2026-02-02,W3,Nordrhein-Westfalen
A01958,P02,41,2026-02-01,2026-02-03,2026-02-02,W1,Hessen
A01959,P03,25,2026-02-01,2026-02-02,2026-02-02,W2,Bayern
A01960,P02,54,2026-02-01,2026-02-04,2026-02-02,W3,Baden-Württemberg
A01961,P05,18,2026-02-01,2026-02-04,2026-02-02,W2,Sachsen
A01962,P02,15,2026-02-01,2026-02-04,2026-02-02,W4,Baden-Württemberg
A01963,P02,30,2026-02-01,2026-02-04,2026-02-02,W4,Berlin
A01964,P05,17,2026-02-01,2026-02-04,2026-02-03,W2,Niedersachsen
A01965,P01,18,2026-02-01,2026-02-04,2026-02-02,W1,Sachsen
A01966,P05,9,2026-02-02,2026-02-06,2026-02-05,W5,Niedersachsen
A01967,P05,42,2026-02-02,2026-02-06,2026-02-04,W4,Baden-Württemberg
A01968,P04,38,2026-02-02,2026-02-06,2026-02-05,W3,Nordrhein-Westfalen
A01969,P04,33,2026-02-02,2026-02-06,2026-02-04,W1,Sachsen-Anhalt
A01970,P03,13,2026-02-02,2026-02-04,2026-02-03,W1,Baden-Württemberg
A01971,P04,57,2026-02-03,2026-02-05,2026-02-05,W3,Hessen
A01972,P05,53,2026-02-03,2026-02-05,2026-02-05,W5,Nordrhein-Westfalen
A01973,P03,39,2026-02-03,2026-02-05,2026-02-05,W4,Hessen
A01974,P04,24,2026-02-03,2026-02-05,2026-02-05,W2,Nordrhein-Westfalen
A01975,P03,16,2026-02-04,2026-02-06,2026-02-05,W2,Berlin
A01976,P05,55,2026-02-04,2026-02-08,2026-02-07,W1,Hessen
A01977,P05,21,2026-02-04,2026-02-07,2026-02-06,W1,Sachsen
A01978,P05,14,2026-02-04,2026-02-07,2026-02-06,W4,Mecklenburg-Vorpommern
A01979,P02,24,2026-02-04,2026-02-06,2026-02-05,W1,Hessen
A01980,P01,18,2026-02-04,2026-02-06,2026-02-05,W4,Schleswig-Holstein
A01981,P03,30,2026-02-05,2026-02-07,2026-02-07,W4,Hessen
A01982,P01,47,2026-02-05,2026-02-06,2026-02-08,W1,Hessen
A01983,P03,20,2026-02-05,2026-02-07,2026-02-06,W2,Bayern
A01984,P03,25,2026-02-05,2026-02-07,2026-02-06,W5,Nordrhein-Westfalen
A01985,P01,9,2026-02-05,2026-02-07,2026-02-06,W2,Nordrhein-Westfalen
A01986,P03,40,2026-02-05,2026-02-07,2026-02-06,W1,Nordrhein-Westfalen
A01987,P03,8,2026-02-05,2026-02-07,2026-02-06,W1,Thüringen
A01988,P01,55,2026-02-06,2026-02-08,2026-02-07,W5,Sachsen
A01989,P03,19,2026-02-06,2026-02-08,2026-02-08,W4,Berlin
A01990,P02,49,2026-02-06,2026-02-08,2026-02-07,W5,Thüringen
A01991,P02,26,2026-02-07,2026-02-09,2026-02-08,W4,Mecklenburg-Vorpommern
A01992,P05,51,2026-02-07,2026-02-09,2026-02-09,W2,Nordrhein-Westfalen
A01993,P02,11,2026-02-07,2026-02-10,2026-02-08,W4,Berlin
A01994,P03,15,2026-02-07,2026-02-08,2026-02-09,W3,Mecklenburg-Vorpommern
A01995,P05,12,2026-02-07,2026-02-10,2026-02-09,W4,Thüringen
A01996,P02,50,2026-02-07,2026-02-09,2026-02-08,W5,Rheinland-Pfalz
A01997,P03,14,2026-02-07,2026-02-09,2026-02-08,W5,Nordrhein-Westfalen
A01998,P04,46,2026-02-08,2026-02-11,2026-02-10,W1,Sachsen
A01999,P04,13,2026-02-08,2026-02-10,2026-02-10,W2,Bayern
A02000,P05,49,2026-02-08,2026-02-11,2026-02-13,W1,Baden-Württemberg
A02001,P05,29,2026-02-09,2026-02-12,2026-02-12,W2,Berlin
A02002,P01,38,2026-02-09,2026-02-12,2026-02-10,W5,Nordrhein-Westfalen
A02003,P03,22,2026-02-09,2026-02-11,2026-02-10,W1,Sachsen
A02004,P01,32,2026-02-09,2026-02-11,2026-02-10,W4,Bayern
A02005,P02,7,2026-02-10,2026-02-12,2026-02-11,W5,Niedersachsen
A02006,P04,44,2026-02-10,2026-02-12,2026-02-12,W4,Nordrhein-Westfalen
A02007,P01,17,2026-02-10,2026-02-12,2026-02-11,W1,Niedersachsen
A02008,P04,19,2026-02-10,2026-02-13,2026-02-12,W4,Sachsen
A02009,P01,45,2026-02-10,2026-02-11,2026-02-11,W5,Schleswig-Holstein
A02010,P05,11,2026-02-11,2026-02-14,2026-02-13,W1,Baden-Württemberg
A02011,P02,43,2026-02-11,2026-02-14,2026-02-12,W2,Nordrhein-Westfalen
A02012,P01,45,2026-02-11,2026-02-14,2026-02-14,W1,Berlin
A02013,P01,58,2026-02-11,2026-02-12,2026-02-12,W1,Niedersachsen
A02014,P05,11,2026-02-11,2026-02-15,2026-02-13,W1,Niedersachsen
A02015,P05,13,2026-02-12,2026-02-15,2026-02-14,W5,Bayern
A02016,P02,8,2026-02-12,2026-02-14,2026-02-12,W2,Baden-Württemberg
A02017,P01,7,2026-02-12,2026-02-14,2026-02-14,W1,Baden-Württemberg
A02018,P02,15,2026-02-12,2026-02-15,2026-02-13,W1,Hessen
A02019,P02,48,2026-02-12,2026-02-14,2026-02-13,W3,Nordrhein-Westfalen
A02020,P04,8,2026-02-12,2026-02-15,2026-02-14,W1,Nordrhein-Westfalen
A02021,P01,16,2026-02-13,2026-02-15,2026-02-14,W3,Sachsen
A02022,P01,45,2026-02-13,2026-02-16,2026-02-15,W2,Niedersachsen
A02023,P03,56,2026-02-13,2026-02-14,2026-02-15,W5,Nordrhein-Westfalen
A02024,P01,23,2026-02-13,2026-02-15,2026-02-14,W4,Bayern
A02025,P01,45,2026-02-14,2026-02-15,2026-02-16,W2,Mecklenburg-Vorpommern
A02026,P04,28,2026-02-14,2026-02-16,2026-02-16,W4,Nordrhein-Westfalen
A02027,P04,46,2026-02-14,2026-02-17,2026-02-16,W1,Niedersachsen
A02028,P05,28,2026-02-14,2026-02-17,2026-02-16,W4,Bayern
A02029,P04,11,2026-02-14,2026-02-17,2026-02-15,W3,Sachsen
A02030,P02,23,2026-02-14,2026-02-16,2026-02-16,W4,Niedersachsen
A02031,P01,59,2026-02-15,2026-02-17,2026-02-17,W1,Sachsen-Anhalt
A02032,P04,38,2026-02-16,2026-02-19,2026-02-18,W2,Nordrhein-Westfalen
A02033,P02,12,2026-02-16,2026-02-19,2026-02-17,W1,Niedersachsen
A02034,P04,17,2026-02-16,2026-02-17,2026-02-18,W2,Niedersachsen
A02035,P05,11,2026-02-16,2026-02-20,2026-02-18,W1,Hessen
A02036,P03,15,2026-02-16,2026-02-19,2026-02-17,W1,Rheinland-Pfalz
A02037,P03,17,2026-02-16,2026-02-18,2026-02-17,W4,Nordrhein-Westfalen
A02038,P04,50,2026-02-17,2026-02-20,2026-02-19,W2,Rheinland-Pfalz
A02039,P01,17,2026-02-17,2026-02-19,2026-02-18,W2,Nordrhein-Westfalen
A02040,P03,18,2026-02-17,2026-02-19,2026-02-18,W1,Bayern
A02041,P05,26,2026-02-18,2026-02-21,2026-02-21,W2,Baden-Württemberg
A02042,P05,37,2026-02-18,2026-02-20,2026-02-20,W4,Baden-Württemberg
A02043,P03,43,2026-02-18,2026-02-20,2026-02-20,W5,Mecklenburg-Vorpommern
A02044,P03,9,2026-02-18,2026-02-21,2026-02-19,W2,Nordrhein-Westfalen
A02045,P05,17,2026-02-18,2026-02-20,2026-02-21,W5,Nordrhein-Westfalen
A02046,P02,19,2026-02-18,2026-02-21,2026-02-20,W4,Bayern
A02047,P03,41,2026-02-19,2026-02-21,2026-02-20,W1,Bayern
A02048,P02,46,2026-02-19,2026-02-21,2026-02-21,W2,Nordrhein-Westfalen
A02049,P03,33,2026-02-19,2026-02-22,2026-02-20,W5,Baden-Württemberg
A02050,P02,22,2026-02-19,2026-02-20,2026-02-21,W2,Hessen
A02051,P03,26,2026-02-19,2026-02-21,2026-02-20,W2,Brandenburg
A02052,P03,44,2026-02-20,2026-02-23,2026-02-22,W4,Rheinland-Pfalz
A02053,P04,23,2026-02-20,2026-02-22,2026-02-22,W2,Baden-Württemberg
A02054,P04,55,2026-02-20,2026-02-23,2026-02-22,W4,Niedersachsen
A02055,P02,5,2026-02-21,2026-02-24,2026-02-22,W5,Brandenburg
A02056,P04,25,2026-02-21,2026-02-23,2026-02-23,W5,Niedersachsen
A02057,P05,50,2026-02-21,2026-02-24,2026-02-24,W2,Berlin
A02058,P03,29,2026-02-21,2026-02-24,2026-02-23,W3,Bayern
A02059,P03,51,2026-02-21,2026-02-22,2026-02-23,W2,Nordrhein-Westfalen
A02060,P04,47,2026-02-21,2026-02-24,2026-02-23,W4,Rheinland-Pfalz
A02061,P05,15,2026-02-22,2026-02-25,2026-02-23,W4,Baden-Württemberg
A02062,P01,25,2026-02-22,2026-02-25,2026-02-23,W1,Sachsen
A02063,P05,24,2026-02-23,2026-02-25,2026-02-25,W1,Niedersachsen
A02064,P01,22,2026-02-23,2026-02-25,2026-02-24,W4,Baden-Württemberg
A02065,P02,39,2026-02-23,2026-02-25,2026-02-25,W1,Brandenburg
A02066,P04,16,2026-02-24,2026-02-26,2026-02-25,W3,Baden-Württemberg
A02067,P01,23,2026-02-24,2026-02-26,2026-02-25,W1,Nordrhein-Westfalen
A02068,P02,34,2026-02-25,2026-02-26,2026-02-26,W2,Niedersachsen
A02069,P01,57,2026-02-25,2026-02-28,2026-02-26,W3,Niedersachsen
A02070,P04,54,2026-02-26,2026-03-01,2026-02-28,W2,Sachsen
A02071,P01,29,2026-02-26,2026-02-28,2026-02-27,W3,Niedersachsen
A02072,P03,43,2026-02-27,2026-03-01,2026-03-01,W2,Nordrhein-Westfalen
A02073,P03,40,2026-02-27,2026-03-01,2026-03-01,W1,Bayern
A02074,P05,5,2026-02-27,2026-03-02,2026-03-02,W5,Berlin
A02075,P04,54,2026-02-28,2026-03-04,2026-03-02,W5,Bayern
A02076,P03,28,2026-02-28,2026-03-02,2026-03-01,W5,Thüringen
A02077,P02,11,2026-02-28,2026-03-02,2026-03-01,W1,Schleswig-Holstein
A02078,P01,42,2026-02-28,2026-03-02,2026-03-01,W4,Hessen
A02079,P05,35,2026-03-01,2026-03-05,2026-03-04,W1,Nordrhein-Westfalen
A02080,P01,49,2026-03-01,2026-03-03,2026-03-02,W3,Rheinland-Pfalz
A02081,P02,31,2026-03-01,2026-03-03,2026-03-02,W1,Hessen
A02082,P05,51,2026-03-01,2026-03-04,2026-03-05,W1,Mecklenburg-Vorpommern
A02083,P03,6,2026-03-01,2026-03-04,2026-03-02,W1,Schleswig-Holstein
A02084,P02,15,2026-03-01,2026-03-04,2026-03-02,W1,Nordrhein-Westfalen
A02085,P04,37,2026-03-01,2026-03-03,2026-03-03,W3,Nordrhein-Westfalen
A02086,P02,21,2026-03-01,2026-03-02,2026-03-02,W1,Baden-Württemberg
A02087,P04,45,2026-03-02,2026-03-06,2026-03-04,W1,Bayern
A02088,P01,30,2026-03-02,2026-03-05,2026-03-04,W1,Niedersachsen
A02089,P02,11,2026-03-02,2026-03-05,2026-03-03,W3,Bayern
A02090,P01,31,2026-03-02,2026-03-04,2026-03-04,W2,Nordrhein-Westfalen
A02091,P05,56,2026-03-02,2026-03-05,2026-03-05,W3,Nordrhein-Westfalen
A02092,P01,24,2026-03-03,2026-03-05,2026-03-04,W1,Nordrhein-Westfalen
A02093,P04,53,2026-03-03,2026-03-06,2026-03-05,W4,Nordrhein-Westfalen
A02094,P04,27,2026-03-03,2026-03-04,2026-03-06,W1,Hessen
A02095,P04,47,2026-03-04,2026-03-07,2026-03-06,W3,Bayern
A02096,P02,5,2026-03-04,2026-03-06,2026-03-05,W5,Nordrhein-Westfalen
A02097,P03,27,2026-03-04,2026-03-06,2026-03-06,W4,Nordrhein-Westfalen
A02098,P01,45,2026-03-05,2026-03-07,2026-03-06,W5,Bayern
A02099,P03,59,2026-03-05,2026-03-07,2026-03-08,W4,Sachsen
A02100,P05,19,2026-03-05,2026-03-08,2026-03-07,W1,Schleswig-Holstein
A02101,P04,6,2026-03-05,2026-03-07,2026-03-07,W1,Schleswig-Holstein
A02102,P03,23,2026-03-05,2026-03-07,2026-03-06,W2,Niedersachsen
A02103,P01,14,2026-03-05,2026-03-07,2026-03-07,W4,Nordrhein-Westfalen
A02104,P03,34,2026-03-06,2026-03-08,2026-03-07,W1,Bayern
A02105,P01,31,2026-03-06,2026-03-08,2026-03-07,W2,Mecklenburg-Vorpommern
A02106,P01,29,2026-03-06,2026-03-08,2026-03-07,W2,Nordrhein-Westfalen
A02107,P04,10,2026-03-07,2026-03-09,2026-03-09,W1,Nordrhein-Westfalen
A02108,P04,41,2026-03-07,2026-03-10,2026-03-09,W1,Baden-Württemberg
A02109,P03,54,2026-03-07,2026-03-10,2026-03-09,W5,Nordrhein-Westfalen
A02110,P05,44,2026-03-07,2026-03-11,2026-03-10,W5,Nordrhein-Westfalen
A02111,P02,47,2026-03-07,2026-03-09,2026-03-09,W5,Bayern
A02112,P05,42,2026-03-08,2026-03-11,2026-03-10,W5,Rheinland-Pfalz
A02113,P05,7,2026-03-08,2026-03-11,2026-03-10,W5,Hamburg
A02114,P04,44,2026-03-08,2026-03-12,2026-03-11,W1,Thüringen
A02115,P02,25,2026-03-08,2026-03-09,2026-03-09,W2,Rheinland-Pfalz
A02116,P04,34,2026-03-08,2026-03-12,2026-03-10,W1,Nordrhein-Westfalen
A02117,P01,32,2026-03-09,2026-03-12,2026-03-10,W5,Niedersachsen
A02118,P02,33,2026-03-10,2026-03-12,2026-03-11,W3,Nordrhein-Westfalen
A02119,P03,31,2026-03-10,2026-03-13,2026-03-11,W4,Mecklenburg-Vorpommern
A02120,P01,15,2026-03-10,2026-03-13,2026-03-11,W2,Nordrhein-Westfalen
A02121,P03,52,2026-03-10,2026-03-13,2026-03-12,W5,Nordrhein-Westfalen
A02122,P05,11,2026-03-11,2026-03-14,2026-03-14,W5,Nordrhein-Westfalen
A02123,P03,18,2026-03-11,2026-03-14,2026-03-12,W3,Niedersachsen
A02124,P01,56,2026-03-12,2026-03-14,2026-03-15,W2,Nordrhein-Westfalen
A02125,P02,18,2026-03-12,2026-03-14,2026-03-13,W1,Nordrhein-Westfalen
A02126,P04,40,2026-03-12,2026-03-15,2026-03-14,W1,Berlin
A02127,P05,50,2026-03-12,2026-03-14,2026-03-14,W5,Nordrhein-Westfalen
A02128,P01,23,2026-03-12,2026-03-14,2026-03-13,W1,Nordrhein-Westfalen
A02129,P03,17,2026-03-12,2026-03-14,2026-03-13,W5,Baden-Württemberg
A02130,P02,8,2026-03-12,2026-03-14,2026-03-13,W1,Sachsen
A02131,P01,21,2026-03-12,2026-03-13,2026-03-13,W3,Mecklenburg-Vorpommern
A02132,P01,18,2026-03-13,2026-03-15,2026-03-15,W3,Nordrhein-Westfalen
A02133,P05,57,2026-03-13,2026-03-15,2026-03-15,W3,Bayern
A02134,P03,13,2026-03-13,2026-03-15,2026-03-14,W3,Berlin
A02135,P02,20,2026-03-13,2026-03-14,2026-03-14,W5,Nordrhein-Westfalen
A02136,P04,51,2026-03-13,2026-03-16,2026-03-15,W3,Rheinland-Pfalz
A02137,P05,59,2026-03-13,2026-03-15,2026-03-16,W3,Bayern
A02138,P04,10,2026-03-13,2026-03-14,2026-03-14,W2,Nordrhein-Westfalen
A02139,P04,58,2026-03-14,2026-03-16,2026-03-16,W5,Nordrhein-Westfalen
A02140,P05,28,2026-03-14,2026-03-18,2026-03-17,W2,Bayern
A02141,P05,37,2026-03-14,2026-03-16,2026-03-16,W5,Thüringen
A02142,P03,36,2026-03-15,2026-03-16,2026-03-17,W3,Brandenburg
A02143,P03,17,2026-03-15,2026-03-17,2026-03-17,W2,Thüringen
A02144,P05,19,2026-03-15,2026-03-18,2026-03-17,W2,Berlin
A02145,P01,11,2026-03-15,2026-03-17,2026-03-16,W1,Thüringen
A02146,P02,56,2026-03-15,2026-03-17,2026-03-17,W2,Thüringen
A02147,P01,41,2026-03-15,2026-03-17,2026-03-16,W2,Berlin
A02148,P05,52,2026-03-15,2026-03-17,2026-03-18,W2,Rheinland-Pfalz
A02149,P02,26,2026-03-15,2026-03-17,2026-03-16,W1,Hessen
A02150,P02,30,2026-03-16,2026-03-19,2026-03-17,W4,Schleswig-Holstein
A02151,P02,42,2026-03-16,2026-03-17,2026-03-17,W2,Nordrhein-Westfalen
A02152,P03,28,2026-03-16,2026-03-18,2026-03-17,W1,Nordrhein-Westfalen
A02153,P01,55,2026-03-16,2026-03-18,2026-03-17,W3,Nordrhein-Westfalen
A02154,P03,45,2026-03-16,2026-03-18,2026-03-18,W1,Berlin
A02155,P04,16,2026-03-17,2026-03-19,2026-03-19,W4,Sachsen
A02156,P01,20,2026-03-17,2026-03-19,2026-03-18,W1,Niedersachsen
A02157,P04,16,2026-03-17,2026-03-18,2026-03-18,W4,Thüringen
A02158,P02,31,2026-03-17,2026-03-18,2026-03-18,W5,Niedersachsen
A02159,P01,41,2026-03-17,2026-03-19,2026-03-19,W2,Berlin
A02160,P05,20,2026-03-17,2026-03-20,2026-03-19,W1,Nordrhein-Westfalen
A02161,P03,52,2026-03-18,2026-03-19,2026-03-20,W1,Nordrhein-Westfalen
A02162,P04,34,2026-03-18,2026-03-21,2026-03-20,W2,Nordrhein-Westfalen
A02163,P05,11,2026-03-18,2026-03-20,2026-03-21,W2,Rheinland-Pfalz
A02164,P04,25,2026-03-18,2026-03-21,2026-03-20,W4,Hessen
A02165,P04,44,2026-03-18,2026-03-20,2026-03-21,W2,Thüringen
A02166,P03,42,2026-03-19,2026-03-21,2026-03-20,W4,Nordrhein-Westfalen
A02167,P03,48,2026-03-19,2026-03-21,2026-03-21,W1,Nordrhein-Westfalen
A02168,P04,53,2026-03-19,2026-03-22,2026-03-21,W1,Niedersachsen
A02169,P02,8,2026-03-20,2026-03-22,2026-03-21,W1,Hamburg
A02170,P03,6,2026-03-20,2026-03-23,2026-03-21,W2,Bayern
A02171,P02,37,2026-03-20,2026-03-21,2026-03-21,W3,Bayern
A02172,P02,42,2026-03-20,2026-03-22,2026-03-21,W1,Berlin
A02173,P01,19,2026-03-20,2026-03-22,2026-03-21,W5,Niedersachsen
A02174,P04,45,2026-03-20,2026-03-23,2026-03-23,W1,Bayern
A02175,P04,21,2026-03-21,2026-03-23,2026-03-23,W1,Nordrhein-Westfalen
A02176,P04,43,2026-03-21,2026-03-23,2026-03-23,W4,Nordrhein-Westfalen
A02177,P05,45,2026-03-22,2026-03-26,2026-03-25,W1,Baden-Württemberg
A02178,P02,21,2026-03-22,2026-03-23,2026-03-24,W2,Rheinland-Pfalz
A02179,P04,47,2026-03-22,2026-03-26,2026-03-24,W5,Berlin
A02180,P05,51,2026-03-22,2026-03-25,2026-03-24,W2,Thüringen
A02181,P04,20,2026-03-22,2026-03-24,2026-03-24,W2,Thüringen
A02182,P05,26,2026-03-22,2026-03-24,2026-03-24,W4,Baden-Württemberg
A02183,P03,9,2026-03-22,2026-03-25,2026-03-24,W5,Nordrhein-Westfalen
A02184,P05,44,2026-03-22,2026-03-25,2026-03-25,W1,Nordrhein-Westfalen
A02185,P01,15,2026-03-22,2026-03-24,2026-03-23,W2,Baden-Württemberg
A02186,P05,52,2026-03-23,2026-03-25,2026-03-25,W1,Baden-Württemberg
A02187,P05,36,2026-03-23,2026-03-27,2026-03-25,W1,Hessen
A02188,P01,44,2026-03-23,2026-03-25,2026-03-25,W2,Nordrhein-Westfalen
A02189,P01,54,2026-03-23,2026-03-25,2026-03-25,W4,Nordrhein-Westfalen
A02190,P03,51,2026-03-23,2026-03-25,2026-03-25,W1,Hessen
A02191,P04,44,2026-03-24,2026-03-27,2026-03-28,W5,Bayern
A02192,P02,54,2026-03-24,2026-03-25,2026-03-26,W2,Bayern
A02193,P04,52,2026-03-24,2026-03-28,2026-03-26,W1,Sachsen-Anhalt
A02194,P02,29,2026-03-24,2026-03-25,2026-03-25,W5,Sachsen
A02195,P03,57,2026-03-24,2026-03-26,2026-03-26,W3,Baden-Württemberg
A02196,P04,41,2026-03-24,2026-03-26,2026-03-25,W3,Sachsen-Anhalt
A02197,P02,56,2026-03-25,2026-03-27,2026-03-26,W1,Baden-Württemberg
A02198,P02,20,2026-03-25,2026-03-27,2026-03-27,W5,Sachsen
A02199,P03,44,2026-03-25,2026-03-28,2026-03-27,W5,Saarland
A02200,P04,27,2026-03-25,2026-03-26,2026-03-28,W5,Hessen
A02201,P05,33,2026-03-25,2026-03-28,2026-03-27,W3,Nordrhein-Westfalen
A02202,P02,13,2026-03-25,2026-03-26,2026-03-26,W4,Bremen
A02203,P02,6,2026-03-25,2026-03-28,2026-03-26,W1,Baden-Württemberg
A02204,P01,39,2026-03-25,2026-03-27,2026-03-27,W1,Nordrhein-Westfalen
A02205,P01,44,2026-03-25,2026-03-28,2026-03-27,W4,Sachsen
A02206,P03,6,2026-03-26,2026-03-29,2026-03-27,W4,Brandenburg
A02207,P04,57,2026-03-26,2026-03-29,2026-03-28,W5,Nordrhein-Westfalen
A02208,P02,58,2026-03-27,2026-03-29,2026-03-28,W2,Sachsen-Anhalt
A02209,P05,22,2026-03-27,2026-03-30,2026-03-29,W1,Sachsen
A02210,P02,58,2026-03-27,2026-03-29,2026-03-28,W2,Rheinland-Pfalz
A02211,P04,20,2026-03-27,2026-03-29,2026-03-28,W1,Berlin
A02212,P01,54,2026-03-27,2026-03-29,2026-03-29,W4,Bayern
A02213,P05,37,2026-03-27,2026-03-30,2026-03-29,W4,Hamburg
A02214,P05,58,2026-03-28,2026-04-01,2026-04-01,W1,Berlin
A02215,P02,50,2026-03-28,2026-03-30,2026-03-29,W4,Hessen
A02216,P04,47,2026-03-28,2026-03-30,2026-03-30,W4,Nordrhein-Westfalen
A02217,P04,23,2026-03-28,2026-03-31,2026-03-30,W4,Nordrhein-Westfalen
A02218,P02,10,2026-03-28,2026-03-31,2026-03-30,W5,Thüringen
A02219,P02,43,2026-03-29,2026-03-31,2026-03-30,W2,Baden-Württemberg
A02220,P05,31,2026-03-29,2026-04-01,2026-03-31,W4,Nordrhein-Westfalen
A02221,P03,53,2026-03-29,2026-03-31,2026-03-31,W2,Baden-Württemberg
A02222,P02,56,2026-03-29,2026-03-31,2026-03-30,W4,Nordrhein-Westfalen
A02223,P05,6,2026-03-29,2026-04-01,2026-04-01,W4,Schleswig-Holstein
A02224,P05,47,2026-03-29,2026-04-02,2026-04-02,W4,Baden-Württemberg
A02225,P04,18,2026-03-30,2026-04-02,2026-03-31,W2,Nordrhein-Westfalen
A02226,P04,33,2026-03-30,2026-04-03,2026-04-02,W2,Bayern
A02227,P03,33,2026-03-30,2026-04-01,2026-04-01,W2,Schleswig-Holstein
A02228,P03,35,2026-03-30,2026-03-31,2026-03-31,W1,Baden-Württemberg
A02229,P05,17,2026-03-30,2026-04-02,2026-04-01,W3,Nordrhein-Westfalen
A02230,P02,43,2026-03-30,2026-04-01,2026-03-31,W1,Thüringen
A02231,P05,5,2026-03-31,2026-04-02,2026-04-02,W4,Sachsen
A02232,P02,12,2026-03-31,2026-04-03,2026-04-01,W4,Baden-Württemberg
A02233,P03,48,2026-03-31,2026-04-02,2026-04-02,W1,Niedersachsen
A02234,P02,34,2026-03-31,2026-04-02,2026-04-01,W4,Schleswig-Holstein
A02235,P05,53,2026-04-01,2026-04-04,2026-04-04,W5,Nordrhein-Westfalen
A02236,P03,19,2026-04-01,2026-04-03,2026-04-02,W1,Mecklenburg-Vorpommern
A02237,P02,29,2026-04-01,2026-04-03,2026-04-03,W4,Nordrhein-Westfalen
A02238,P02,35,2026-04-01,2026-04-03,2026-04-02,W2,Hessen
A02239,P04,44,2026-04-01,2026-04-05,2026-04-03,W5,Niedersachsen
A02240,P02,18,2026-04-02,2026-04-03,2026-04-03,W2,Thüringen
A02241,P01,14,2026-04-02,2026-04-03,2026-04-03,W3,Thüringen
A02242,P04,38,2026-04-02,2026-04-05,2026-04-04,W1,Berlin
A02243,P02,18,2026-04-02,2026-04-03,2026-04-03,W1,Hessen
A02244,P03,36,2026-04-02,2026-04-04,2026-04-05,W2,Niedersachsen
A02245,P02,40,2026-04-03,2026-04-04,2026-04-04,W5,Thüringen
A02246,P02,48,2026-04-03,2026-04-06,2026-04-04,W2,Bayern
A02247,P01,52,2026-04-03,2026-04-06,2026-04-05,W5,Sachsen-Anhalt
A02248,P04,9,2026-04-03,2026-04-04,2026-04-04,W1,Schleswig-Holstein
A02249,P02,32,2026-04-03,2026-04-06,2026-04-04,W5,Sachsen
A02250,P05,15,2026-04-03,2026-04-05,2026-04-05,W1,Sachsen
A02251,P05,6,2026-04-04,2026-04-06,2026-04-05,W1,Baden-Württemberg
A02252,P03,10,2026-04-04,2026-04-06,2026-04-05,W1,Hessen
A02253,P05,34,2026-04-04,2026-04-07,2026-04-07,W2,Baden-Württemberg
A02254,P03,49,2026-04-05,2026-04-07,2026-04-07,W2,Bayern
A02255,P03,23,2026-04-05,2026-04-07,2026-04-06,W3,Bayern
A02256,P01,52,2026-04-06,2026-04-08,2026-04-07,W1,Hessen
A02257,P03,49,2026-04-06,2026-04-09,2026-04-08,W4,Nordrhein-Westfalen
A02258,P01,18,2026-04-06,2026-04-09,2026-04-07,W2,Sachsen
A02259,P02,46,2026-04-06,2026-04-07,2026-04-07,W5,Hessen
A02260,P05,22,2026-04-06,2026-04-10,2026-04-07,W5,Nordrhein-Westfalen
A02261,P04,17,2026-04-07,2026-04-09,2026-04-10,W5,Bayern
A02262,P05,37,2026-04-07,2026-04-10,2026-04-10,W2,Nordrhein-Westfalen
A02263,P03,38,2026-04-07,2026-04-08,2026-04-08,W1,Baden-Württemberg
A02264,P04,52,2026-04-07,2026-04-10,2026-04-09,W1,Nordrhein-Westfalen
A02265,P03,53,2026-04-08,2026-04-11,2026-04-10,W4,Hessen
A02266,P02,52,2026-04-08,2026-04-10,2026-04-10,W3,Niedersachsen
A02267,P05,19,2026-04-08,2026-04-11,2026-04-10,W5,Nordrhein-Westfalen
A02268,P01,42,2026-04-08,2026-04-11,2026-04-09,W2,Bayern
A02269,P01,34,2026-04-08,2026-04-11,2026-04-09,W2,Thüringen
A02270,P02,33,2026-04-08,2026-04-11,2026-04-09,W1,Niedersachsen
A02271,P03,7,2026-04-09,2026-04-12,2026-04-13,W5,Niedersachsen
A02272,P04,10,2026-04-09,2026-04-10,2026-04-11,W5,Nordrhein-Westfalen
A02273,P03,56,2026-04-09,2026-04-11,2026-04-11,W4,Sachsen
A02274,P03,13,2026-04-09,2026-04-12,2026-04-10,W3,Mecklenburg-Vorpommern
A02275,P03,33,2026-04-09,2026-04-11,2026-04-10,W1,Baden-Württemberg
A02276,P03,5,2026-04-09,2026-04-11,2026-04-11,W1,Berlin
A02277,P04,16,2026-04-09,2026-04-10,2026-04-11,W1,Bayern
A02278,P04,49,2026-04-10,2026-04-13,2026-04-13,W1,Bayern
A02279,P03,37,2026-04-10,2026-04-12,2026-04-12,W2,Nordrhein-Westfalen
A02280,P05,18,2026-04-10,2026-04-14,2026-04-12,W2,Bayern
A02281,P03,58,2026-04-10,2026-04-11,2026-04-12,W5,Bayern
A02282,P03,53,2026-04-10,2026-04-13,2026-04-12,W3,Baden-Württemberg
A02283,P01,35,2026-04-11,2026-04-13,2026-04-12,W2,Bayern
A02284,P02,22,2026-04-11,2026-04-14,2026-04-12,W1,Nordrhein-Westfalen
A02285,P04,12,2026-04-11,2026-04-14,2026-04-13,W1,Hessen
A02286,P04,42,2026-04-12,2026-04-15,2026-04-14,W5,Bayern
A02287,P04,48,2026-04-12,2026-04-15,2026-04-14,W2,Baden-Württemberg
A02288,P03,9,2026-04-12,2026-04-14,2026-04-13,W2,Nordrhein-Westfalen
A02289,P03,46,2026-04-12,2026-04-14,2026-04-13,W5,Baden-Württemberg
A02290,P03,43,2026-04-12,2026-04-14,2026-04-13,W5,Schleswig-Holstein
A02291,P05,9,2026-04-13,2026-04-16,2026-04-15,W5,Hamburg
A02292,P05,38,2026-04-13,2026-04-16,2026-04-17,W1,Rheinland-Pfalz
A02293,P05,58,2026-04-13,2026-04-15,2026-04-16,W3,Nordrhein-Westfalen
A02294,P05,38,2026-04-13,2026-04-16,2026-04-15,W2,Nordrhein-Westfalen
A02295,P05,25,2026-04-13,2026-04-16,2026-04-15,W2,Rheinland-Pfalz
A02296,P04,24,2026-04-14,2026-04-16,2026-04-16,W2,Nordrhein-Westfalen
A02297,P02,39,2026-04-14,2026-04-15,2026-04-15,W1,Baden-Württemberg
A02298,P05,11,2026-04-14,2026-04-17,2026-04-17,W3,Nordrhein-Westfalen
A02299,P03,52,2026-04-14,2026-04-16,2026-04-16,W4,Nordrhein-Westfalen
A02300,P03,52,2026-04-14,2026-04-16,2026-04-16,W2,Nordrhein-Westfalen
A02301,P05,15,2026-04-14,2026-04-17,2026-04-16,W2,Baden-Württemberg
A02302,P04,26,2026-04-15,2026-04-16,2026-04-17,W4,Nordrhein-Westfalen
A02303,P01,45,2026-04-15,2026-04-18,2026-04-16,W2,Sachsen
A02304,P03,48,2026-04-15,2026-04-18,2026-04-17,W4,Sachsen
A02305,P05,52,2026-04-15,2026-04-18,2026-04-17,W2,Nordrhein-Westfalen
A02306,P01,43,2026-04-15,2026-04-16,2026-04-17,W2,Rheinland-Pfalz
A02307,P03,38,2026-04-15,2026-04-18,2026-04-16,W3,Sachsen
A02308,P02,8,2026-04-16,2026-04-17,2026-04-17,W5,Sachsen
A02309,P04,19,2026-04-16,2026-04-17,2026-04-17,W3,Baden-Württemberg
A02310,P01,18,2026-04-16,2026-04-18,2026-04-17,W5,Hessen
A02311,P01,38,2026-04-16,2026-04-19,2026-04-17,W2,Hamburg
A02312,P01,19,2026-04-16,2026-04-18,2026-04-17,W2,Rheinland-Pfalz
A02313,P01,17,2026-04-17,2026-04-19,2026-04-18,W2,Nordrhein-Westfalen
A02314,P01,53,2026-04-17,2026-04-20,2026-04-18,W4,Bayern
A02315,P03,5,2026-04-17,2026-04-20,2026-04-18,W1,Nordrhein-Westfalen
A02316,P04,41,2026-04-17,2026-04-20,2026-04-20,W1,Bayern
A02317,P03,51,2026-04-17,2026-04-18,2026-04-19,W1,Mecklenburg-Vorpommern
A02318,P05,10,2026-04-17,2026-04-20,2026-04-19,W5,Schleswig-Holstein
A02319,P04,27,2026-04-18,2026-04-21,2026-04-19,W4,Berlin
A02320,P01,10,2026-04-18,2026-04-21,2026-04-19,W2,Sachsen
A02321,P05,29,2026-04-18,2026-04-21,2026-04-20,W3,Bayern
A02322,P02,29,2026-04-18,2026-04-20,2026-04-19,W3,Baden-Württemberg
A02323,P01,53,2026-04-18,2026-04-21,2026-04-19,W2,Nordrhein-Westfalen
A02324,P01,35,2026-04-18,2026-04-20,2026-04-19,W1,Sachsen
A02325,P01,23,2026-04-18,2026-04-20,2026-04-19,W4,Rheinland-Pfalz
A02326,P05,15,2026-04-19,2026-04-22,2026-04-20,W4,Nordrhein-Westfalen
A02327,P02,49,2026-04-19,2026-04-21,2026-04-20,W5,Hamburg
A02328,P01,23,2026-04-19,2026-04-21,2026-04-20,W1,Nordrhein-Westfalen
A02329,P03,40,2026-04-19,2026-04-21,2026-04-21,W5,Nordrhein-Westfalen
A02330,P03,28,2026-04-19,2026-04-21,2026-04-20,W1,Hessen
A02331,P01,33,2026-04-19,2026-04-22,2026-04-20,W4,Baden-Württemberg
A02332,P02,5,2026-04-19,2026-04-22,2026-04-20,W5,Nordrhein-Westfalen
A02333,P02,13,2026-04-19,2026-04-21,2026-04-20,W5,Baden-Württemberg
A02334,P02,13,2026-04-19,2026-04-21,2026-04-20,W3,Niedersachsen
A02335,P02,43,2026-04-20,2026-04-22,2026-04-21,W1,Hessen
A02336,P05,57,2026-04-20,2026-04-24,2026-04-22,W2,Bayern
A02337,P02,27,2026-04-20,2026-04-22,2026-04-21,W2,Sachsen-Anhalt
A02338,P05,25,2026-04-20,2026-04-22,2026-04-22,W1,Bayern
A02339,P04,8,2026-04-21,2026-04-23,2026-04-22,W2,Nordrhein-Westfalen
A02340,P02,29,2026-04-21,2026-04-23,2026-04-22,W1,Baden-Württemberg
A02341,P02,58,2026-04-21,2026-04-24,2026-04-23,W1,Nordrhein-Westfalen
A02342,P01,33,2026-04-21,2026-04-24,2026-04-22,W2,Niedersachsen
A02343,P01,44,2026-04-21,2026-04-23,2026-04-23,W5,Nordrhein-Westfalen
A02344,P05,29,2026-04-21,2026-04-24,2026-04-23,W1,Sachsen-Anhalt
A02345,P02,5,2026-04-21,2026-04-24,2026-04-22,W1,Bayern
A02346,P01,50,2026-04-22,2026-04-24,2026-04-23,W5,Hessen
A02347,P02,33,2026-04-22,2026-04-24,2026-04-23,W2,Sachsen-Anhalt
A02348,P03,36,2026-04-23,2026-04-24,2026-04-26,W3,Baden-Württemberg
A02349,P05,48,2026-04-23,2026-04-25,2026-04-25,W4,Hamburg
A02350,P03,42,2026-04-23,2026-04-26,2026-04-25,W1,Hessen
A02351,P03,24,2026-04-23,2026-04-24,2026-04-24,W1,Thüringen
A02352,P02,56,2026-04-23,2026-04-25,2026-04-24,W4,Niedersachsen
A02353,P01,23,2026-04-23,2026-04-25,2026-04-24,W1,Baden-Württemberg
A02354,P04,50,2026-04-23,2026-04-26,2026-04-25,W2,Nordrhein-Westfalen
A02355,P03,24,2026-04-24,2026-04-25,2026-04-25,W5,Baden-Württemberg
A02356,P03,17,2026-04-24,2026-04-26,2026-04-25,W1,Baden-Württemberg
A02357,P04,6,2026-04-24,2026-04-26,2026-04-25,W5,Hessen
A02358,P02,30,2026-04-25,2026-04-27,2026-04-26,W1,Baden-Württemberg
A02359,P02,28,2026-04-25,2026-04-28,2026-04-27,W1,Schleswig-Holstein
A02360,P04,9,2026-04-25,2026-04-27,2026-04-26,W5,Sachsen
A02361,P02,21,2026-04-26,2026-04-28,2026-04-28,W2,Sachsen
A02362,P01,35,2026-04-26,2026-04-28,2026-04-28,W3,Bayern
A02363,P02,30,2026-04-26,2026-04-27,2026-04-27,W1,Thüringen
A02364,P03,49,2026-04-27,2026-04-29,2026-04-29,W1,Nordrhein-Westfalen
A02365,P04,57,2026-04-27,2026-04-30,2026-04-30,W2,Berlin
A02366,P05,15,2026-04-27,2026-04-29,2026-04-30,W4,Sachsen
A02367,P04,32,2026-04-27,2026-04-30,2026-04-29,W1,Nordrhein-Westfalen
A02368,P04,49,2026-04-27,2026-04-30,2026-04-29,W1,Rheinland-Pfalz
A02369,P01,34,2026-04-27,2026-04-29,2026-04-28,W5,Schleswig-Holstein
A02370,P05,36,2026-04-28,2026-05-02,2026-04-30,W5,Hamburg
A02371,P05,16,2026-04-28,2026-04-30,2026-05-01,W4,Baden-Württemberg
A02372,P03,47,2026-04-28,2026-04-30,2026-04-29,W2,Saarland
A02373,P05,13,2026-04-28,2026-05-01,2026-04-30,W2,Baden-Württemberg
A02374,P03,19,2026-04-28,2026-04-29,2026-04-29,W1,Nordrhein-Westfalen
A02375,P02,47,2026-04-28,2026-04-30,2026-04-29,W5,Baden-Württemberg
A02376,P04,25,2026-04-28,2026-04-29,2026-04-30,W2,Niedersachsen
A02377,P05,59,2026-04-28,2026-05-01,2026-04-30,W1,Thüringen
A02378,P01,37,2026-04-28,2026-05-01,2026-04-29,W4,Hessen
A02379,P04,58,2026-04-29,2026-05-02,2026-05-02,W1,Hamburg
A02380,P04,27,2026-04-29,2026-05-01,2026-05-01,W4,Berlin
A02381,P02,43,2026-04-29,2026-05-01,2026-04-30,W1,Brandenburg
A02382,P03,34,2026-04-29,2026-05-01,2026-04-30,W4,Niedersachsen
A02383,P03,13,2026-04-29,2026-05-01,2026-04-30,W2,Baden-Württemberg
A02384,P05,47,2026-04-29,2026-05-03,2026-05-01,W2,Nordrhein-Westfalen
A02385,P04,22,2026-04-30,2026-05-01,2026-05-01,W5,Nordrhein-Westfalen
A02386,P02,47,2026-04-30,2026-05-03,2026-05-01,W2,Niedersachsen
A02387,P01,19,2026-04-30,2026-05-01,2026-05-02,W2,Niedersachsen
A02388,P02,32,2026-04-30,2026-05-02,2026-05-01,W2,Nordrhein-Westfalen
A02389,P05,13,2026-05-01,2026-05-04,2026-05-02,W2,Sachsen-Anhalt
A02390,P01,20,2026-05-01,2026-05-03,2026-05-03,W2,Sachsen-Anhalt
A02391,P01,52,2026-05-01,2026-05-03,2026-05-03,W4,Nordrhein-Westfalen
A02392,P05,9,2026-05-01,2026-05-05,2026-05-03,W4,Bayern
A02393,P03,25,2026-05-02,2026-05-05,2026-05-04,W1,Bayern
A02394,P05,32,2026-05-02,2026-05-05,2026-05-05,W5,Mecklenburg-Vorpommern
A02395,P05,37,2026-05-02,2026-05-05,2026-05-04,W1,Berlin
A02396,P03,8,2026-05-02,2026-05-04,2026-05-03,W1,Baden-Württemberg
A02397,P02,28,2026-05-02,2026-05-05,2026-05-03,W3,Nordrhein-Westfalen
A02398,P04,5,2026-05-02,2026-05-04,2026-05-03,W2,Saarland
A02399,P02,17,2026-05-02,2026-05-04,2026-05-03,W1,Bayern
A02400,P02,11,2026-05-02,2026-05-04,2026-05-03,W3,Bayern
A02401,P04,5,2026-05-02,2026-05-04,2026-05-03,W2,Brandenburg
A02402,P02,17,2026-05-02,2026-05-04,2026-05-03,W4,Berlin
A02403,P05,6,2026-05-02,2026-05-04,2026-05-04,W5,Sachsen
A02404,P01,43,2026-05-02,2026-05-03,2026-05-04,W1,Baden-Württemberg
A02405,P02,47,2026-05-02,2026-05-03,2026-05-03,W1,Nordrhein-Westfalen
A02406,P01,53,2026-05-02,2026-05-03,2026-05-04,W1,Baden-Württemberg
A02407,P04,47,2026-05-03,2026-05-06,2026-05-05,W5,Berlin
A02408,P01,51,2026-05-03,2026-05-05,2026-05-04,W4,Rheinland-Pfalz
A02409,P03,7,2026-05-04,2026-05-05,2026-05-05,W3,Bayern
A02410,P01,22,2026-05-04,2026-05-07,2026-05-05,W5,Nordrhein-Westfalen
A02411,P02,42,2026-05-04,2026-05-06,2026-05-05,W2,Bayern
A02412,P03,27,2026-05-04,2026-05-06,2026-05-05,W4,Schleswig-Holstein
A02413,P02,41,2026-05-04,2026-05-07,2026-05-05,W2,Hessen
A02414,P03,15,2026-05-04,2026-05-06,2026-05-05,W2,Nordrhein-Westfalen
A02415,P02,56,2026-05-04,2026-05-06,2026-05-05,W2,Baden-Württemberg
A02416,P01,55,2026-05-04,2026-05-05,2026-05-06,W2,Brandenburg
A02417,P01,7,2026-05-05,2026-05-06,2026-05-07,W1,Sachsen
A02418,P02,31,2026-05-06,2026-05-08,2026-05-08,W1,Baden-Württemberg
A02419,P05,18,2026-05-06,2026-05-09,2026-05-09,W1,Hamburg
A02420,P01,37,2026-05-06,2026-05-08,2026-05-07,W5,Baden-Württemberg
A02421,P03,23,2026-05-06,2026-05-08,2026-05-07,W4,Berlin
A02422,P02,14,2026-05-06,2026-05-08,2026-05-07,W2,Bayern
A02423,P02,34,2026-05-06,2026-05-08,2026-05-07,W3,Rheinland-Pfalz
A02424,P01,19,2026-05-06,2026-05-08,2026-05-09,W2,Hessen
A02425,P03,11,2026-05-07,2026-05-08,2026-05-09,W1,Baden-Württemberg
A02426,P04,45,2026-05-07,2026-05-10,2026-05-10,W1,Nordrhein-Westfalen
A02427,P03,28,2026-05-07,2026-05-08,2026-05-09,W3,Brandenburg
A02428,P04,9,2026-05-08,2026-05-10,2026-05-10,W2,Thüringen
A02429,P02,5,2026-05-09,2026-05-11,2026-05-10,W5,Bayern
A02430,P01,42,2026-05-09,2026-05-11,2026-05-10,W4,Brandenburg
A02431,P03,23,2026-05-09,2026-05-10,2026-05-11,W4,Schleswig-Holstein
A02432,P01,10,2026-05-10,2026-05-12,2026-05-11,W5,Niedersachsen
A02433,P01,43,2026-05-10,2026-05-12,2026-05-12,W1,Bayern
A02434,P04,30,2026-05-11,2026-05-14,2026-05-13,W1,Nordrhein-Westfalen
A02435,P03,33,2026-05-11,2026-05-14,2026-05-12,W3,Sachsen
A02436,P01,39,2026-05-11,2026-05-12,2026-05-13,W4,Mecklenburg-Vorpommern
A02437,P05,56,2026-05-11,2026-05-13,2026-05-15,W4,Mecklenburg-Vorpommern
A02438,P01,12,2026-05-11,2026-05-13,2026-05-12,W4,Rheinland-Pfalz
A02439,P02,27,2026-05-11,2026-05-12,2026-05-12,W1,Bayern
A02440,P01,11,2026-05-12,2026-05-14,2026-05-13,W3,Baden-Württemberg
A02441,P03,35,2026-05-12,2026-05-14,2026-05-13,W4,Hessen
A02442,P05,5,2026-05-13,2026-05-15,2026-05-15,W1,Bayern
A02443,P01,19,2026-05-13,2026-05-14,2026-05-15,W3,Hessen
A02444,P04,42,2026-05-13,2026-05-16,2026-05-15,W2,Baden-Württemberg
A02445,P05,26,2026-05-13,2026-05-16,2026-05-15,W2,Berlin
A02446,P01,5,2026-05-14,2026-05-16,2026-05-16,W4,Hamburg
A02447,P04,10,2026-05-14,2026-05-17,2026-05-17,W1,Baden-Württemberg
A02448,P02,30,2026-05-14,2026-05-16,2026-05-15,W1,Rheinland-Pfalz
A02449,P05,17,2026-05-14,2026-05-17,2026-05-16,W1,Baden-Württemberg
A02450,P02,19,2026-05-15,2026-05-16,2026-05-17,W2,Bayern
A02451,P01,12,2026-05-15,2026-05-17,2026-05-16,W3,Bayern
A02452,P02,16,2026-05-15,2026-05-17,2026-05-16,W1,Bayern
A02453,P05,36,2026-05-15,2026-05-18,2026-05-17,W3,Hamburg
A02454,P04,22,2026-05-15,2026-05-17,2026-05-17,W2,Thüringen
A02455,P01,38,2026-05-15,2026-05-17,2026-05-16,W1,Nordrhein-Westfalen
A02456,P05,39,2026-05-15,2026-05-17,2026-05-17,W4,Nordrhein-Westfalen
A02457,P01,25,2026-05-15,2026-05-16,2026-05-17,W2,Niedersachsen
A02458,P05,32,2026-05-16,2026-05-19,2026-05-19,W4,Nordrhein-Westfalen
A02459,P05,53,2026-05-17,2026-05-21,2026-05-20,W4,Bayern
A02460,P01,49,2026-05-17,2026-05-19,2026-05-18,W5,Bayern
A02461,P01,19,2026-05-17,2026-05-18,2026-05-18,W5,Bayern
A02462,P05,43,2026-05-17,2026-05-21,2026-05-19,W5,Nordrhein-Westfalen
A02463,P01,13,2026-05-17,2026-05-18,2026-05-18,W3,Thüringen
A02464,P01,21,2026-05-17,2026-05-20,2026-05-18,W3,Nordrhein-Westfalen
A02465,P04,59,2026-05-17,2026-05-20,2026-05-19,W2,Baden-Württemberg
A02466,P01,58,2026-05-17,2026-05-19,2026-05-19,W1,Nordrhein-Westfalen
A02467,P04,41,2026-05-18,2026-05-21,2026-05-20,W2,Bayern
A02468,P01,45,2026-05-18,2026-05-19,2026-05-19,W4,Bayern
A02469,P04,48,2026-05-18,2026-05-22,2026-05-20,W2,Nordrhein-Westfalen
A02470,P04,25,2026-05-18,2026-05-21,2026-05-20,W1,Saarland
A02471,P02,21,2026-05-18,2026-05-19,2026-05-19,W5,Thüringen
A02472,P03,12,2026-05-18,2026-05-20,2026-05-19,W1,Baden-Württemberg
A02473,P02,56,2026-05-19,2026-05-20,2026-05-20,W5,Hessen
A02474,P03,25,2026-05-19,2026-05-22,2026-05-21,W2,Berlin
A02475,P01,34,2026-05-19,2026-05-21,2026-05-22,W2,Berlin
A02476,P01,16,2026-05-19,2026-05-21,2026-05-21,W1,Nordrhein-Westfalen
A02477,P01,41,2026-05-19,2026-05-21,2026-05-20,W1,Saarland
A02478,P05,43,2026-05-20,2026-05-23,2026-05-22,W5,Sachsen-Anhalt
A02479,P01,55,2026-05-20,2026-05-23,2026-05-21,W1,Baden-Württemberg
A02480,P05,40,2026-05-21,2026-05-25,2026-05-23,W2,Bayern
A02481,P04,16,2026-05-21,2026-05-22,2026-05-22,W4,Saarland
A02482,P03,43,2026-05-21,2026-05-23,2026-05-23,W2,Brandenburg
A02483,P05,5,2026-05-21,2026-05-25,2026-05-23,W2,Brandenburg
A02484,P04,29,2026-05-21,2026-05-23,2026-05-23,W2,Berlin
A02485,P01,46,2026-05-21,2026-05-24,2026-05-22,W3,Baden-Württemberg
A02486,P02,51,2026-05-22,2026-05-24,2026-05-24,W3,Baden-Württemberg
A02487,P04,19,2026-05-22,2026-05-24,2026-05-24,W4,Baden-Württemberg
A02488,P05,53,2026-05-22,2026-05-25,2026-05-25,W5,Berlin
A02489,P02,22,2026-05-22,2026-05-24,2026-05-23,W3,Baden-Württemberg
A02490,P05,12,2026-05-22,2026-05-25,2026-05-24,W2,Hessen
A02491,P03,44,2026-05-23,2026-05-26,2026-05-25,W2,Hessen
A02492,P02,16,2026-05-23,2026-05-25,2026-05-24,W3,Mecklenburg-Vorpommern
A02493,P05,44,2026-05-23,2026-05-25,2026-05-25,W5,Schleswig-Holstein
A02494,P05,57,2026-05-23,2026-05-26,2026-05-25,W2,Bayern
A02495,P04,11,2026-05-24,2026-05-26,2026-05-25,W1,Nordrhein-Westfalen
A02496,P04,16,2026-05-24,2026-05-27,2026-05-26,W3,Bayern
A02497,P01,40,2026-05-24,2026-05-26,2026-05-26,W1,Baden-Württemberg
A02498,P04,45,2026-05-24,2026-05-27,2026-05-26,W4,Bayern
A02499,P02,9,2026-05-24,2026-05-25,2026-05-25,W1,Mecklenburg-Vorpommern
A02500,P04,19,2026-05-25,2026-05-27,2026-05-27,W4,Sachsen
A02501,P04,54,2026-05-25,2026-05-27,2026-05-27,W1,Niedersachsen
A02502,P05,57,2026-05-25,2026-05-28,2026-05-30,W2,Baden-Württemberg
A02503,P04,54,2026-05-25,2026-05-28,2026-05-27,W1,Bayern
A02504,P05,37,2026-05-25,2026-05-29,2026-05-29,W5,Niedersachsen
A02505,P05,32,2026-05-25,2026-05-28,2026-05-27,W5,Nordrhein-Westfalen
A02506,P01,43,2026-05-25,2026-05-28,2026-05-26,W1,Baden-Württemberg
A02507,P02,43,2026-05-25,2026-05-27,2026-05-26,W2,Bayern
A02508,P05,58,2026-05-26,2026-05-29,2026-05-29,W3,Nordrhein-Westfalen
A02509,P03,19,2026-05-26,2026-05-29,2026-05-29,W1,Nordrhein-Westfalen
A02510,P04,47,2026-05-26,2026-05-30,2026-05-28,W1,Rheinland-Pfalz
A02511,P04,32,2026-05-26,2026-05-29,2026-05-28,W2,Sachsen
A02512,P02,56,2026-05-26,2026-05-29,2026-05-27,W3,Hessen
A02513,P03,28,2026-05-26,2026-05-28,2026-05-27,W1,Nordrhein-Westfalen
A02514,P05,18,2026-05-27,2026-05-30,2026-05-30,W2,Niedersachsen
A02515,P03,19,2026-05-27,2026-05-29,2026-05-29,W1,Bayern
A02516,P01,20,2026-05-27,2026-05-29,2026-05-28,W3,Mecklenburg-Vorpommern
A02517,P04,38,2026-05-27,2026-05-30,2026-05-29,W1,Sachsen
A02518,P02,26,2026-05-28,2026-05-29,2026-05-29,W4,Nordrhein-Westfalen
A02519,P01,56,2026-05-28,2026-05-30,2026-05-29,W4,Bayern
A02520,P05,26,2026-05-28,2026-06-01,2026-05-30,W2,Nordrhein-Westfalen
A02521,P02,9,2026-05-28,2026-05-31,2026-05-29,W2,Schleswig-Holstein
A02522,P03,39,2026-05-28,2026-05-31,2026-05-30,W4,Thüringen
A02523,P01,46,2026-05-29,2026-05-31,2026-05-30,W2,Nordrhein-Westfalen
A02524,P01,23,2026-05-29,2026-05-31,2026-05-31,W2,Bayern
A02525,P04,44,2026-05-29,2026-06-01,2026-05-31,W3,Nordrhein-Westfalen
A02526,P03,52,2026-05-29,2026-05-30,2026-05-31,W1,Bayern
A02527,P01,49,2026-05-29,2026-05-31,2026-05-31,W1,Nordrhein-Westfalen
A02528,P04,5,2026-05-29,2026-05-31,2026-05-31,W3,Nordrhein-Westfalen
A02529,P04,7,2026-05-29,2026-06-01,2026-05-30,W2,Niedersachsen
A02530,P02,33,2026-05-30,2026-06-02,2026-05-31,W1,Niedersachsen
A02531,P04,13,2026-05-30,2026-06-01,2026-06-01,W1,Sachsen
A02532,P04,41,2026-05-30,2026-06-03,2026-06-01,W3,Hamburg
A02533,P02,45,2026-05-30,2026-06-01,2026-05-31,W5,Nordrhein-Westfalen
A02534,P03,8,2026-05-30,2026-06-01,2026-05-31,W5,Baden-Württemberg
A02535,P05,37,2026-05-30,2026-06-02,2026-06-01,W2,Rheinland-Pfalz
A02536,P02,59,2026-05-31,2026-06-02,2026-06-01,W1,Berlin
A02537,P01,28,2026-05-31,2026-06-02,2026-06-01,W3,Bayern
A02538,P04,26,2026-05-31,2026-06-02,2026-06-03,W5,Baden-Württemberg
A02539,P04,34,2026-05-31,2026-06-03,2026-06-02,W1,Baden-Württemberg
A02540,P03,16,2026-05-31,2026-06-03,2026-06-01,W1,Nordrhein-Westfalen
A02541,P03,58,2026-06-01,2026-06-04,2026-06-03,W1,Niedersachsen
A02542,P01,17,2026-06-01,2026-06-03,2026-06-03,W5,Baden-Württemberg
A02543,P05,49,2026-06-01,2026-06-04,2026-06-03,W4,Saarland
A02544,P01,19,2026-06-01,2026-06-03,2026-06-02,W4,Bayern
A02545,P02,14,2026-06-01,2026-06-02,2026-06-03,W2,Rheinland-Pfalz
A02546,P04,28,2026-06-01,2026-06-03,2026-06-03,W3,Hamburg
A02547,P04,14,2026-06-01,2026-06-03,2026-06-02,W1,Bayern
A02548,P04,47,2026-06-01,2026-06-04,2026-06-03,W2,Rheinland-Pfalz
A02549,P04,8,2026-06-01,2026-06-03,2026-06-02,W5,Saarland
A02550,P05,21,2026-06-02,2026-06-06,2026-06-04,W1,Hamburg
A02551,P02,50,2026-06-02,2026-06-04,2026-06-04,W1,Hessen
A02552,P05,52,2026-06-02,2026-06-05,2026-06-04,W2,Niedersachsen
A02553,P04,8,2026-06-02,2026-06-04,2026-06-03,W4,Nordrhein-Westfalen
A02554,P01,12,2026-06-02,2026-06-04,2026-06-04,W5,Bayern
A02555,P02,18,2026-06-02,2026-06-05,2026-06-03,W2,Baden-Württemberg
A02556,P04,42,2026-06-02,2026-06-06,2026-06-03,W1,Sachsen
A02557,P03,47,2026-06-02,2026-06-04,2026-06-03,W4,Sachsen
A02558,P05,28,2026-06-03,2026-06-07,2026-06-05,W2,Hamburg
A02559,P03,13,2026-06-03,2026-06-05,2026-06-05,W1,Nordrhein-Westfalen
A02560,P03,53,2026-06-03,2026-06-05,2026-06-04,W1,Nordrhein-Westfalen
A02561,P05,38,2026-06-03,2026-06-05,2026-06-06,W2,Niedersachsen
A02562,P01,54,2026-06-03,2026-06-05,2026-06-04,W1,Saarland
A02563,P02,15,2026-06-03,2026-06-05,2026-06-04,W1,Bremen
A02564,P01,43,2026-06-03,2026-06-05,2026-06-04,W5,Rheinland-Pfalz
A02565,P04,46,2026-06-04,2026-06-07,2026-06-06,W2,Baden-Württemberg
A02566,P02,51,2026-06-04,2026-06-07,2026-06-05,W5,Nordrhein-Westfalen
A02567,P05,41,2026-06-04,2026-06-07,2026-06-06,W1,Sachsen
A02568,P04,13,2026-06-04,2026-06-06,2026-06-06,W2,Niedersachsen
A02569,P02,59,2026-06-04,2026-06-05,2026-06-05,W1,Hessen
A02570,P05,6,2026-06-04,2026-06-06,2026-06-06,W3,Niedersachsen
A02571,P02,35,2026-06-04,2026-06-06,2026-06-05,W2,Hamburg
A02572,P04,46,2026-06-04,2026-06-07,2026-06-07,W2,Schleswig-Holstein
A02573,P04,12,2026-06-04,2026-06-06,2026-06-06,W1,Baden-Württemberg
A02574,P05,38,2026-06-05,2026-06-08,2026-06-07,W4,Niedersachsen
A02575,P05,38,2026-06-05,2026-06-08,2026-06-07,W4,Niedersachsen
A02576,P01,21,2026-06-05,2026-06-07,2026-06-06,W5,Sachsen
A02577,P02,35,2026-06-06,2026-06-08,2026-06-07,W1,Niedersachsen
A02578,P04,53,2026-06-06,2026-06-09,2026-06-08,W2,Rheinland-Pfalz
A02579,P04,34,2026-06-06,2026-06-09,2026-06-08,W3,Niedersachsen
A02580,P05,31,2026-06-07,2026-06-11,2026-06-09,W5,Rheinland-Pfalz
A02581,P04,14,2026-06-07,2026-06-09,2026-06-09,W1,Sachsen
A02582,P03,6,2026-06-07,2026-06-09,2026-06-08,W2,Niedersachsen
A02583,P01,45,2026-06-07,2026-06-08,2026-06-09,W2,Bayern
A02584,P04,35,2026-06-07,2026-06-10,2026-06-09,W4,Niedersachsen
A02585,P04,21,2026-06-07,2026-06-09,2026-06-09,W4,Nordrhein-Westfalen
A02586,P05,48,2026-06-07,2026-06-09,2026-06-11,W3,Hessen
A02587,P02,48,2026-06-07,2026-06-10,2026-06-08,W3,Bayern
A02588,P01,40,2026-06-08,2026-06-10,2026-06-10,W1,Sachsen
A02589,P05,8,2026-06-08,2026-06-11,2026-06-10,W1,Niedersachsen
A02590,P02,27,2026-06-08,2026-06-10,2026-06-09,W3,Sachsen-Anhalt
A02591,P05,29,2026-06-08,2026-06-11,2026-06-10,W4,Nordrhein-Westfalen
A02592,P04,49,2026-06-08,2026-06-11,2026-06-10,W1,Schleswig-Holstein
A02593,P01,12,2026-06-09,2026-06-11,2026-06-10,W2,Baden-Württemberg
A02594,P01,51,2026-06-09,2026-06-11,2026-06-11,W2,Nordrhein-Westfalen
A02595,P05,14,2026-06-09,2026-06-12,2026-06-11,W4,Baden-Württemberg
A02596,P01,22,2026-06-09,2026-06-10,2026-06-10,W4,Baden-Württemberg
A02597,P05,36,2026-06-09,2026-06-11,2026-06-11,W5,Bayern
A02598,P01,42,2026-06-10,2026-06-12,2026-06-12,W2,Nordrhein-Westfalen
A02599,P02,24,2026-06-10,2026-06-13,2026-06-11,W1,Saarland
A02600,P03,28,2026-06-10,2026-06-12,2026-06-11,W3,Nordrhein-Westfalen
A02601,P04,55,2026-06-10,2026-06-13,2026-06-13,W5,Nordrhein-Westfalen
A02602,P01,50,2026-06-11,2026-06-12,2026-06-12,W2,Rheinland-Pfalz
A02603,P01,42,2026-06-11,2026-06-13,2026-06-12,W3,Baden-Württemberg
A02604,P03,8,2026-06-11,2026-06-13,2026-06-12,W5,Niedersachsen
A02605,P04,57,2026-06-11,2026-06-14,2026-06-13,W4,Bayern
A02606,P01,46,2026-06-12,2026-06-13,2026-06-14,W1,Bayern
A02607,P03,45,2026-06-13,2026-06-15,2026-06-15,W2,Hamburg
A02608,P03,31,2026-06-13,2026-06-15,2026-06-15,W5,Berlin
A02609,P03,16,2026-06-13,2026-06-15,2026-06-14,W2,Bayern
A02610,P05,20,2026-06-13,2026-06-16,2026-06-15,W5,Rheinland-Pfalz
A02611,P03,52,2026-06-14,2026-06-16,2026-06-16,W1,Niedersachsen
A02612,P02,35,2026-06-14,2026-06-15,2026-06-15,W1,Niedersachsen
A02613,P04,47,2026-06-15,2026-06-18,2026-06-19,W1,Baden-Württemberg
A02614,P02,19,2026-06-15,2026-06-17,2026-06-16,W3,Baden-Württemberg
A02615,P01,15,2026-06-15,2026-06-17,2026-06-16,W2,Nordrhein-Westfalen
A02616,P04,59,2026-06-15,2026-06-18,2026-06-17,W2,Sachsen-Anhalt
A02617,P02,24,2026-06-15,2026-06-16,2026-06-16,W2,Schleswig-Holstein
A02618,P03,13,2026-06-15,2026-06-17,2026-06-16,W4,Sachsen
A02619,P05,17,2026-06-16,2026-06-19,2026-06-18,W2,Bayern
A02620,P01,25,2026-06-16,2026-06-19,2026-06-17,W3,Bayern
A02621,P04,58,2026-06-16,2026-06-18,2026-06-19,W2,Schleswig-Holstein
A02622,P01,46,2026-06-16,2026-06-18,2026-06-17,W1,Nordrhein-Westfalen
A02623,P03,5,2026-06-17,2026-06-18,2026-06-19,W1,Baden-Württemberg
A02624,P05,50,2026-06-17,2026-06-21,2026-06-20,W1,Baden-Württemberg
A02625,P01,50,2026-06-17,2026-06-19,2026-06-18,W4,Mecklenburg-Vorpommern
A02626,P02,38,2026-06-18,2026-06-21,2026-06-19,W3,Baden-Württemberg
A02627,P04,50,2026-06-18,2026-06-21,2026-06-20,W1,Baden-Württemberg
A02628,P05,38,2026-06-18,2026-06-21,2026-06-20,W4,Berlin
A02629,P05,52,2026-06-18,2026-06-21,2026-06-21,W4,Nordrhein-Westfalen
A02630,P01,43,2026-06-18,2026-06-20,2026-06-19,W2,Niedersachsen
A02631,P05,40,2026-06-18,2026-06-21,2026-06-20,W5,Niedersachsen
A02632,P03,7,2026-06-18,2026-06-20,2026-06-19,W2,Niedersachsen
A02633,P02,13,2026-06-18,2026-06-19,2026-06-19,W4,Nordrhein-Westfalen
A02634,P01,15,2026-06-19,2026-06-21,2026-06-20,W5,Hessen
A02635,P05,33,2026-06-19,2026-06-22,2026-06-21,W2,Rheinland-Pfalz
A02636,P05,31,2026-06-19,2026-06-22,2026-06-21,W1,Niedersachsen
A02637,P05,21,2026-06-19,2026-06-22,2026-06-21,W2,Hessen
A02638,P01,26,2026-06-19,2026-06-22,2026-06-20,W1,Thüringen
A02639,P01,36,2026-06-19,2026-06-20,2026-06-23,W2,Nordrhein-Westfalen
A02640,P02,16,2026-06-19,2026-06-21,2026-06-21,W5,Bayern
A02641,P04,17,2026-06-20,2026-06-21,2026-06-22,W2,Sachsen-Anhalt
A02642,P02,53,2026-06-21,2026-06-23,2026-06-22,W2,Nordrhein-Westfalen
A02643,P05,39,2026-06-21,2026-06-25,2026-06-24,W5,Bayern
A02644,P02,16,2026-06-21,2026-06-23,2026-06-23,W1,Schleswig-Holstein
A02645,P01,55,2026-06-22,2026-06-23,2026-06-23,W5,Niedersachsen
A02646,P05,41,2026-06-22,2026-06-25,2026-06-24,W3,Niedersachsen
A02647,P04,33,2026-06-23,2026-06-26,2026-06-25,W2,Rheinland-Pfalz
A02648,P04,13,2026-06-23,2026-06-26,2026-06-25,W5,Niedersachsen
A02649,P04,18,2026-06-23,2026-06-25,2026-06-24,W4,Rheinland-Pfalz
A02650,P01,30,2026-06-23,2026-06-25,2026-06-24,W1,Thüringen
A02651,P02,33,2026-06-23,2026-06-25,2026-06-24,W2,Schleswig-Holstein
A02652,P01,21,2026-06-23,2026-06-26,2026-06-24,W4,Bayern
A02653,P01,48,2026-06-24,2026-06-26,2026-06-25,W1,Sachsen-Anhalt
A02654,P03,50,2026-06-24,2026-06-26,2026-06-26,W2,Hessen
A02655,P05,30,2026-06-24,2026-06-26,2026-06-27,W1,Berlin
A02656,P05,24,2026-06-25,2026-06-29,2026-06-27,W5,Bayern
A02657,P05,22,2026-06-25,2026-06-29,2026-06-27,W1,Rheinland-Pfalz
A02658,P05,14,2026-06-25,2026-06-27,2026-06-27,W2,Bayern
A02659,P03,44,2026-06-25,2026-06-27,2026-06-27,W1,Nordrhein-Westfalen
A02660,P04,21,2026-06-25,2026-06-27,2026-06-27,W2,Nordrhein-Westfalen
A02661,P01,52,2026-06-26,2026-06-29,2026-06-27,W1,Bremen
A02662,P05,44,2026-06-26,2026-06-29,2026-06-29,W5,Sachsen
A02663,P02,47,2026-06-26,2026-06-28,2026-06-27,W1,Sachsen
A02664,P04,5,2026-06-26,2026-06-28,2026-06-28,W3,Bayern
A02665,P03,54,2026-06-27,2026-06-28,2026-06-29,W4,Baden-Württemberg
A02666,P05,22,2026-06-27,2026-07-01,2026-06-29,W2,Nordrhein-Westfalen
A02667,P05,9,2026-06-27,2026-06-30,2026-06-29,W1,Hamburg
A02668,P01,13,2026-06-27,2026-06-28,2026-06-28,W3,Mecklenburg-Vorpommern
A02669,P03,10,2026-06-27,2026-06-29,2026-06-28,W2,Schleswig-Holstein
A02670,P03,39,2026-06-27,2026-06-29,2026-06-30,W2,Bayern
A02671,P02,27,2026-06-28,2026-06-30,2026-06-29,W1,Hessen
A02672,P05,21,2026-06-28,2026-07-01,2026-07-01,W1,Niedersachsen
A02673,P04,54,2026-06-28,2026-07-01,2026-06-30,W1,Brandenburg
A02674,P05,11,2026-06-29,2026-07-02,2026-07-01,W3,Nordrhein-Westfalen
A02675,P01,56,2026-06-29,2026-07-02,2026-06-30,W2,Brandenburg
A02676,P05,17,2026-06-29,2026-07-01,2026-07-01,W2,Nordrhein-Westfalen
A02677,P03,19,2026-06-29,2026-06-30,2026-06-30,W2,Sachsen
A02678,P05,21,2026-06-29,2026-07-02,2026-07-01,W1,Saarland
A02679,P01,21,2026-06-29,2026-06-30,2026-07-01,W3,Bayern
A02680,P04,18,2026-06-30,2026-07-02,2026-07-02,W2,Bayern
A02681,P04,53,2026-06-30,2026-07-02,2026-07-02,W1,Niedersachsen
A02682,P03,12,2026-06-30,2026-07-02,2026-07-02,W4,Baden-Württemberg
A02683,P04,9,2026-07-01,2026-07-03,2026-07-03,W1,Nordrhein-Westfalen
A02684,P01,6,2026-07-02,2026-07-04,2026-07-03,W5,Hessen
A02685,P01,34,2026-07-02,2026-07-04,2026-07-03,W5,Hamburg
A02686,P03,48,2026-07-02,2026-07-04,2026-07-04,W1,Bayern
A02687,P01,30,2026-07-02,2026-07-04,2026-07-03,W4,Bremen
A02688,P04,5,2026-07-02,2026-07-04,2026-07-04,W4,Niedersachsen
A02689,P04,55,2026-07-02,2026-07-05,2026-07-04,W2,Berlin
A02690,P04,31,2026-07-02,2026-07-06,2026-07-04,W1,Nordrhein-Westfalen
A02691,P05,57,2026-07-03,2026-07-06,2026-07-06,W5,Sachsen-Anhalt
A02692,P05,52,2026-07-03,2026-07-06,2026-07-05,W3,Bremen
A02693,P05,19,2026-07-03,2026-07-06,2026-07-05,W2,Bayern
A02694,P05,53,2026-07-03,2026-07-07,2026-07-05,W1,Nordrhein-Westfalen
A02695,P04,42,2026-07-04,2026-07-08,2026-07-07,W1,Baden-Württemberg
A02696,P02,45,2026-07-04,2026-07-07,2026-07-06,W4,Brandenburg
A02697,P02,57,2026-07-05,2026-07-06,2026-07-06,W4,Bremen
A02698,P04,48,2026-07-05,2026-07-08,2026-07-07,W2,Bayern
A02699,P01,43,2026-07-05,2026-07-07,2026-07-06,W1,Nordrhein-Westfalen
A02700,P04,50,2026-07-06,2026-07-10,2026-07-08,W3,Rheinland-Pfalz
A02701,P04,36,2026-07-06,2026-07-10,2026-07-08,W2,Bayern
A02702,P01,12,2026-07-06,2026-07-07,2026-07-07,W4,Hamburg
A02703,P02,55,2026-07-07,2026-07-09,2026-07-08,W4,Niedersachsen
A02704,P02,16,2026-07-07,2026-07-09,2026-07-08,W1,Schleswig-Holstein
A02705,P05,35,2026-07-07,2026-07-10,2026-07-11,W1,Sachsen
A02706,P02,59,2026-07-07,2026-07-09,2026-07-08,W5,Nordrhein-Westfalen
A02707,P03,37,2026-07-07,2026-07-09,2026-07-09,W4,Hessen
A02708,P04,19,2026-07-07,2026-07-09,2026-07-09,W1,Nordrhein-Westfalen
A02709,P01,6,2026-07-08,2026-07-10,2026-07-09,W4,Hessen
A02710,P03,30,2026-07-08,2026-07-10,2026-07-10,W4,Niedersachsen
A02711,P05,59,2026-07-08,2026-07-11,2026-07-11,W3,Sachsen
A02712,P03,36,2026-07-08,2026-07-10,2026-07-10,W3,Nordrhein-Westfalen
A02713,P01,23,2026-07-09,2026-07-10,2026-07-10,W5,Bayern
A02714,P01,13,2026-07-09,2026-07-11,2026-07-10,W2,Niedersachsen
A02715,P02,10,2026-07-09,2026-07-10,2026-07-10,W4,Sachsen
A02716,P02,54,2026-07-09,2026-07-11,2026-07-11,W1,Bayern
A02717,P04,52,2026-07-10,2026-07-14,2026-07-12,W5,Baden-Württemberg
A02718,P01,50,2026-07-10,2026-07-11,2026-07-11,W5,Rheinland-Pfalz
A02719,P05,28,2026-07-10,2026-07-13,2026-07-12,W5,Hessen
A02720,P02,15,2026-07-10,2026-07-12,2026-07-11,W1,Niedersachsen
A02721,P02,47,2026-07-10,2026-07-13,2026-07-12,W3,Rheinland-Pfalz
A02722,P01,20,2026-07-10,2026-07-12,2026-07-11,W1,Berlin
A02723,P02,10,2026-07-10,2026-07-11,2026-07-11,W4,Berlin
A02724,P01,9,2026-07-11,2026-07-13,2026-07-12,W1,Niedersachsen
A02725,P01,28,2026-07-11,2026-07-12,2026-07-12,W5,Nordrhein-Westfalen
A02726,P02,46,2026-07-11,2026-07-13,2026-07-12,W2,Nordrhein-Westfalen
A02727,P03,41,2026-07-11,2026-07-13,2026-07-13,W2,Rheinland-Pfalz
A02728,P01,38,2026-07-12,2026-07-13,2026-07-13,W3,Hessen
A02729,P02,16,2026-07-12,2026-07-14,2026-07-14,W5,Nordrhein-Westfalen
A02730,P03,37,2026-07-12,2026-07-14,2026-07-15,W3,Nordrhein-Westfalen
A02731,P01,54,2026-07-12,2026-07-14,2026-07-13,W2,Brandenburg
A02732,P02,48,2026-07-12,2026-07-15,2026-07-13,W3,Rheinland-Pfalz
A02733,P02,5,2026-07-12,2026-07-14,2026-07-13,W4,Niedersachsen
A02734,P05,57,2026-07-12,2026-07-15,2026-07-15,W2,Baden-Württemberg
A02735,P01,48,2026-07-13,2026-07-15,2026-07-14,W5,Hamburg
A02736,P01,22,2026-07-13,2026-07-15,2026-07-15,W1,Hessen
A02737,P05,24,2026-07-13,2026-07-16,2026-07-15,W1,Baden-Württemberg
A02738,P01,40,2026-07-13,2026-07-15,2026-07-14,W2,Mecklenburg-Vorpommern
A02739,P04,43,2026-07-13,2026-07-16,2026-07-15,W1,Bayern
A02740,P02,27,2026-07-14,2026-07-16,2026-07-15,W4,Nordrhein-Westfalen
A02741,P02,30,2026-07-14,2026-07-16,2026-07-15,W4,Nordrhein-Westfalen
A02742,P03,57,2026-07-14,2026-07-16,2026-07-15,W1,Nordrhein-Westfalen
A02743,P04,17,2026-07-14,2026-07-16,2026-07-16,W5,Rheinland-Pfalz
A02744,P03,24,2026-07-14,2026-07-15,2026-07-15,W2,Sachsen-Anhalt
A02745,P04,42,2026-07-14,2026-07-16,2026-07-16,W5,Bremen
A02746,P01,48,2026-07-14,2026-07-17,2026-07-16,W1,Bayern
A02747,P02,6,2026-07-15,2026-07-17,2026-07-16,W1,Nordrhein-Westfalen
A02748,P03,53,2026-07-15,2026-07-17,2026-07-17,W4,Sachsen
A02749,P04,34,2026-07-15,2026-07-19,2026-07-16,W1,Niedersachsen
A02750,P03,19,2026-07-15,2026-07-18,2026-07-16,W2,Brandenburg
A02751,P02,54,2026-07-15,2026-07-17,2026-07-16,W1,Berlin
A02752,P02,10,2026-07-15,2026-07-16,2026-07-17,W5,Sachsen
A02753,P04,39,2026-07-16,2026-07-19,2026-07-18,W2,Sachsen
A02754,P04,57,2026-07-16,2026-07-19,2026-07-19,W4,Sachsen
A02755,P05,36,2026-07-16,2026-07-19,2026-07-18,W1,Schleswig-Holstein
A02756,P05,21,2026-07-16,2026-07-19,2026-07-18,W3,Niedersachsen
A02757,P01,39,2026-07-16,2026-07-17,2026-07-17,W1,Hessen
A02758,P01,7,2026-07-16,2026-07-19,2026-07-17,W1,Bayern
A02759,P01,6,2026-07-16,2026-07-18,2026-07-17,W1,Sachsen
A02760,P04,47,2026-07-16,2026-07-19,2026-07-18,W2,Niedersachsen
A02761,P03,50,2026-07-17,2026-07-18,2026-07-18,W4,Baden-Württemberg
A02762,P01,47,2026-07-17,2026-07-20,2026-07-18,W5,Rheinland-Pfalz
A02763,P01,42,2026-07-17,2026-07-19,2026-07-18,W5,Brandenburg
A02764,P05,22,2026-07-17,2026-07-20,2026-07-19,W4,Nordrhein-Westfalen
A02765,P04,16,2026-07-17,2026-07-18,2026-07-18,W4,Sachsen
A02766,P04,45,2026-07-17,2026-07-20,2026-07-19,W1,Baden-Württemberg
A02767,P04,9,2026-07-18,2026-07-21,2026-07-20,W5,Hessen
A02768,P01,52,2026-07-18,2026-07-20,2026-07-19,W1,Rheinland-Pfalz
A02769,P05,26,2026-07-19,2026-07-22,2026-07-21,W2,Bayern
A02770,P02,33,2026-07-19,2026-07-21,2026-07-20,W3,Berlin
A02771,P05,16,2026-07-19,2026-07-21,2026-07-21,W3,Baden-Württemberg
A02772,P03,33,2026-07-19,2026-07-20,2026-07-20,W1,Bayern
A02773,P02,23,2026-07-20,2026-07-23,2026-07-22,W2,Nordrhein-Westfalen
A02774,P04,30,2026-07-20,2026-07-23,2026-07-22,W4,Thüringen
A02775,P03,32,2026-07-20,2026-07-22,2026-07-21,W2,Rheinland-Pfalz
A02776,P03,53,2026-07-20,2026-07-21,2026-07-22,W2,Bayern
A02777,P03,13,2026-07-20,2026-07-22,2026-07-21,W5,Bremen
A02778,P02,56,2026-07-20,2026-07-21,2026-07-21,W2,Bayern
A02779,P03,22,2026-07-20,2026-07-22,2026-07-21,W4,Niedersachsen
A02780,P02,22,2026-07-20,2026-07-21,2026-07-21,W2,Rheinland-Pfalz
A02781,P04,45,2026-07-20,2026-07-23,2026-07-22,W3,Baden-Württemberg
A02782,P01,8,2026-07-21,2026-07-24,2026-07-22,W1,Hessen
A02783,P03,16,2026-07-21,2026-07-24,2026-07-22,W4,Baden-Württemberg
A02784,P02,10,2026-07-21,2026-07-22,2026-07-22,W1,Sachsen-Anhalt
A02785,P01,43,2026-07-21,2026-07-23,2026-07-24,W1,Bayern
A02786,P04,31,2026-07-21,2026-07-25,2026-07-23,W2,Thüringen
A02787,P03,58,2026-07-21,2026-07-23,2026-07-23,W4,Sachsen-Anhalt
A02788,P03,48,2026-07-22,2026-07-25,2026-07-24,W4,Sachsen-Anhalt
A02789,P01,45,2026-07-22,2026-07-24,2026-07-24,W1,Bayern
A02790,P02,50,2026-07-22,2026-07-25,2026-07-23,W1,Rheinland-Pfalz
A02791,P02,40,2026-07-22,2026-07-25,2026-07-23,W1,Baden-Württemberg
A02792,P01,37,2026-07-22,2026-07-24,2026-07-23,W1,Hamburg
A02793,P02,13,2026-07-22,2026-07-25,2026-07-23,W1,Hamburg
A02794,P01,24,2026-07-23,2026-07-24,2026-07-25,W1,Nordrhein-Westfalen
A02795,P02,19,2026-07-23,2026-07-25,2026-07-24,W3,Bayern
A02796,P05,47,2026-07-23,2026-07-27,2026-07-26,W1,Nordrhein-Westfalen
A02797,P05,19,2026-07-23,2026-07-26,2026-07-25,W4,Thüringen
A02798,P04,59,2026-07-23,2026-07-25,2026-07-25,W2,Niedersachsen
A02799,P02,57,2026-07-23,2026-07-26,2026-07-25,W1,Hamburg
A02800,P03,30,2026-07-23,2026-07-25,2026-07-25,W4,Nordrhein-Westfalen
A02801,P03,42,2026-07-23,2026-07-24,2026-07-25,W1,Hamburg
A02802,P03,28,2026-07-23,2026-07-26,2026-07-25,W4,Nordrhein-Westfalen
A02803,P04,59,2026-07-23,2026-07-27,2026-07-25,W1,Hessen
A02804,P05,44,2026-07-23,2026-07-25,2026-07-25,W3,Niedersachsen
A02805,P04,48,2026-07-23,2026-07-26,2026-07-25,W2,Nordrhein-Westfalen
A02806,P05,55,2026-07-23,2026-07-26,2026-07-26,W1,Niedersachsen
A02807,P01,25,2026-07-23,2026-07-25,2026-07-24,W1,Berlin
A02808,P01,31,2026-07-24,2026-07-26,2026-07-25,W5,Baden-Württemberg
A02809,P05,18,2026-07-24,2026-07-26,2026-07-26,W3,Sachsen
A02810,P05,47,2026-07-24,2026-07-28,2026-07-27,W1,Nordrhein-Westfalen
A02811,P01,11,2026-07-24,2026-07-26,2026-07-25,W1,Baden-Württemberg
A02812,P05,14,2026-07-24,2026-07-27,2026-07-26,W5,Schleswig-Holstein
A02813,P02,44,2026-07-25,2026-07-27,2026-07-26,W1,Bayern
A02814,P02,47,2026-07-25,2026-07-27,2026-07-27,W4,Nordrhein-Westfalen
A02815,P03,6,2026-07-25,2026-07-26,2026-07-26,W2,Nordrhein-Westfalen
A02816,P03,9,2026-07-25,2026-07-28,2026-07-26,W3,Nordrhein-Westfalen
A02817,P03,22,2026-07-25,2026-07-27,2026-07-26,W1,Schleswig-Holstein
A02818,P04,37,2026-07-25,2026-07-29,2026-07-27,W1,Nordrhein-Westfalen
A02819,P03,34,2026-07-26,2026-07-28,2026-07-27,W1,Niedersachsen
A02820,P05,28,2026-07-26,2026-07-29,2026-07-28,W1,Nordrhein-Westfalen
A02821,P02,50,2026-07-26,2026-07-27,2026-07-28,W4,Niedersachsen
A02822,P05,17,2026-07-27,2026-07-30,2026-07-29,W1,Mecklenburg-Vorpommern
A02823,P02,43,2026-07-27,2026-07-29,2026-07-28,W2,Bayern
A02824,P05,9,2026-07-28,2026-08-01,2026-07-30,W5,Rheinland-Pfalz
A02825,P02,11,2026-07-29,2026-07-30,2026-07-31,W5,Nordrhein-Westfalen
A02826,P02,55,2026-07-29,2026-07-30,2026-07-31,W2,Baden-Württemberg
A02827,P05,7,2026-07-29,2026-08-01,2026-07-31,W1,Brandenburg
A02828,P02,31,2026-07-29,2026-07-31,2026-07-30,W5,Nordrhein-Westfalen
A02829,P01,18,2026-07-29,2026-07-31,2026-07-30,W2,Bayern
A02830,P02,28,2026-07-30,2026-08-01,2026-07-31,W4,Baden-Württemberg
A02831,P02,10,2026-07-30,2026-07-31,2026-07-31,W4,Schleswig-Holstein
A02832,P01,24,2026-07-30,2026-08-01,2026-07-31,W1,Nordrhein-Westfalen
A02833,P02,13,2026-07-30,2026-07-31,2026-07-31,W1,Baden-Württemberg
A02834,P03,32,2026-07-30,2026-08-01,2026-08-01,W5,Rheinland-Pfalz
A02835,P05,6,2026-07-30,2026-08-02,2026-08-01,W5,Nordrhein-Westfalen
A02836,P01,5,2026-07-30,2026-08-01,2026-07-31,W5,Bayern
A02837,P02,22,2026-07-30,2026-08-02,2026-08-01,W3,Sachsen-Anhalt
A02838,P04,16,2026-07-31,2026-08-02,2026-08-02,W2,Berlin
A02839,P01,36,2026-07-31,2026-08-02,2026-08-02,W1,Hamburg
A02840,P03,30,2026-07-31,2026-08-02,2026-08-01,W1,Nordrhein-Westfalen
A02841,P05,27,2026-07-31,2026-08-04,2026-08-02,W1,Hessen
A02842,P01,38,2026-07-31,2026-08-02,2026-08-02,W1,Nordrhein-Westfalen
A02843,P01,59,2026-08-01,2026-08-02,2026-08-02,W1,Saarland
A02844,P02,49,2026-08-01,2026-08-03,2026-08-03,W1,Nordrhein-Westfalen
A02845,P01,9,2026-08-02,2026-08-04,2026-08-03,W4,Berlin
A02846,P05,41,2026-08-02,2026-08-04,2026-08-05,W2,Nordrhein-Westfalen
A02847,P01,43,2026-08-02,2026-08-05,2026-08-03,W4,Baden-Württemberg
A02848,P03,41,2026-08-02,2026-08-05,2026-08-04,W4,Rheinland-Pfalz
A02849,P01,19,2026-08-02,2026-08-05,2026-08-03,W3,Berlin
A02850,P01,20,2026-08-02,2026-08-04,2026-08-03,W2,Berlin
A02851,P05,56,2026-08-02,2026-08-05,2026-08-05,W1,Nordrhein-Westfalen
A02852,P02,20,2026-08-02,2026-08-04,2026-08-04,W4,Bayern
A02853,P01,24,2026-08-02,2026-08-04,2026-08-03,W4,Schleswig-Holstein
A02854,P03,20,2026-08-03,2026-08-05,2026-08-04,W1,Mecklenburg-Vorpommern
A02855,P05,39,2026-08-03,2026-08-05,2026-08-06,W2,Hessen
A02856,P05,44,2026-08-03,2026-08-05,2026-08-06,W2,Hamburg
A02857,P01,37,2026-08-04,2026-08-07,2026-08-05,W5,Bayern
A02858,P04,23,2026-08-04,2026-08-06,2026-08-06,W3,Nordrhein-Westfalen
A02859,P03,21,2026-08-04,2026-08-06,2026-08-05,W5,Nordrhein-Westfalen
A02860,P05,45,2026-08-05,2026-08-09,2026-08-07,W2,Niedersachsen
A02861,P05,43,2026-08-05,2026-08-07,2026-08-08,W5,Sachsen
A02862,P04,53,2026-08-05,2026-08-08,2026-08-07,W5,Saarland
A02863,P05,14,2026-08-05,2026-08-08,2026-08-07,W5,Bayern
A02864,P04,11,2026-08-06,2026-08-08,2026-08-08,W2,Niedersachsen
A02865,P03,10,2026-08-06,2026-08-08,2026-08-08,W2,Thüringen
A02866,P01,12,2026-08-06,2026-08-09,2026-08-07,W2,Schleswig-Holstein
A02867,P04,48,2026-08-06,2026-08-09,2026-08-08,W3,Schleswig-Holstein
A02868,P05,57,2026-08-06,2026-08-10,2026-08-09,W4,Nordrhein-Westfalen
A02869,P05,9,2026-08-06,2026-08-09,2026-08-09,W5,Sachsen
A02870,P01,58,2026-08-06,2026-08-08,2026-08-07,W4,Saarland
A02871,P02,19,2026-08-06,2026-08-08,2026-08-07,W3,Bayern
A02872,P02,47,2026-08-06,2026-08-08,2026-08-08,W3,Baden-Württemberg
A02873,P02,6,2026-08-07,2026-08-10,2026-08-08,W2,Thüringen
A02874,P03,36,2026-08-07,2026-08-08,2026-08-09,W5,Baden-Württemberg
A02875,P04,48,2026-08-07,2026-08-10,2026-08-09,W4,Mecklenburg-Vorpommern
A02876,P03,35,2026-08-07,2026-08-08,2026-08-09,W5,Niedersachsen
A02877,P03,31,2026-08-07,2026-08-09,2026-08-09,W4,Mecklenburg-Vorpommern
A02878,P03,24,2026-08-07,2026-08-09,2026-08-09,W4,Schleswig-Holstein
A02879,P02,45,2026-08-07,2026-08-08,2026-08-08,W3,Nordrhein-Westfalen
A02880,P04,23,2026-08-07,2026-08-08,2026-08-08,W4,Bayern
A02881,P05,29,2026-08-07,2026-08-10,2026-08-10,W5,Bayern
A02882,P02,42,2026-08-08,2026-08-10,2026-08-09,W2,Bayern
A02883,P04,46,2026-08-08,2026-08-11,2026-08-11,W3,Berlin
A02884,P04,36,2026-08-08,2026-08-11,2026-08-10,W1,Nordrhein-Westfalen
A02885,P05,18,2026-08-08,2026-08-11,2026-08-11,W5,Bremen
A02886,P04,17,2026-08-08,2026-08-11,2026-08-11,W2,Hessen
A02887,P02,33,2026-08-08,2026-08-10,2026-08-09,W5,Baden-Württemberg
A02888,P03,58,2026-08-08,2026-08-10,2026-08-09,W1,Nordrhein-Westfalen
A02889,P05,39,2026-08-08,2026-08-11,2026-08-12,W2,Nordrhein-Westfalen
A02890,P03,36,2026-08-08,2026-08-09,2026-08-09,W1,Rheinland-Pfalz
A02891,P02,48,2026-08-08,2026-08-10,2026-08-09,W4,Baden-Württemberg
A02892,P01,38,2026-08-08,2026-08-09,2026-08-09,W1,Nordrhein-Westfalen
A02893,P01,25,2026-08-09,2026-08-11,2026-08-10,W2,Berlin
A02894,P02,36,2026-08-09,2026-08-10,2026-08-10,W4,Niedersachsen
A02895,P02,42,2026-08-10,2026-08-13,2026-08-11,W1,Berlin
A02896,P02,33,2026-08-10,2026-08-13,2026-08-11,W3,Schleswig-Holstein
A02897,P03,32,2026-08-10,2026-08-11,2026-08-12,W4,Sachsen
A02898,P05,9,2026-08-11,2026-08-13,2026-08-12,W1,Nordrhein-Westfalen
A02899,P04,38,2026-08-11,2026-08-14,2026-08-13,W5,Hessen
A02900,P04,50,2026-08-11,2026-08-13,2026-08-14,W4,Schleswig-Holstein
A02901,P04,12,2026-08-11,2026-08-13,2026-08-13,W5,Bayern
A02902,P02,23,2026-08-11,2026-08-13,2026-08-12,W1,Hessen
A02903,P01,6,2026-08-12,2026-08-14,2026-08-13,W3,Nordrhein-Westfalen
A02904,P05,47,2026-08-12,2026-08-15,2026-08-15,W1,Baden-Württemberg
A02905,P04,55,2026-08-12,2026-08-15,2026-08-14,W1,Berlin
A02906,P04,50,2026-08-12,2026-08-14,2026-08-14,W2,Hessen
A02907,P01,53,2026-08-12,2026-08-14,2026-08-14,W5,Bayern
A02908,P01,35,2026-08-12,2026-08-13,2026-08-13,W4,Nordrhein-Westfalen
A02909,P03,15,2026-08-12,2026-08-14,2026-08-13,W2,Sachsen-Anhalt
A02910,P02,47,2026-08-13,2026-08-15,2026-08-14,W1,Baden-Württemberg
A02911,P05,15,2026-08-13,2026-08-16,2026-08-15,W5,Nordrhein-Westfalen
A02912,P01,17,2026-08-13,2026-08-15,2026-08-14,W4,Nordrhein-Westfalen
A02913,P01,10,2026-08-13,2026-08-15,2026-08-14,W5,Niedersachsen
A02914,P05,32,2026-08-13,2026-08-16,2026-08-15,W3,Sachsen-Anhalt
A02915,P05,41,2026-08-13,2026-08-16,2026-08-16,W2,Bayern
A02916,P01,59,2026-08-13,2026-08-16,2026-08-14,W1,Nordrhein-Westfalen
A02917,P02,15,2026-08-13,2026-08-15,2026-08-14,W1,Saarland
A02918,P05,55,2026-08-14,2026-08-18,2026-08-16,W1,Bayern
A02919,P04,27,2026-08-14,2026-08-17,2026-08-16,W2,Bayern
A02920,P02,23,2026-08-14,2026-08-16,2026-08-15,W1,Hamburg
A02921,P01,34,2026-08-15,2026-08-18,2026-08-16,W1,Bayern
A02922,P02,51,2026-08-15,2026-08-18,2026-08-17,W5,Hamburg
A02923,P05,40,2026-08-16,2026-08-20,2026-08-18,W5,Nordrhein-Westfalen
A02924,P03,57,2026-08-16,2026-08-18,2026-08-18,W2,Niedersachsen
A02925,P04,14,2026-08-16,2026-08-19,2026-08-17,W4,Bayern
A02926,P02,17,2026-08-16,2026-08-17,2026-08-18,W2,Nordrhein-Westfalen
A02927,P05,31,2026-08-16,2026-08-19,2026-08-18,W4,Baden-Württemberg
A02928,P03,42,2026-08-16,2026-08-18,2026-08-17,W4,Berlin
A02929,P03,39,2026-08-16,2026-08-18,2026-08-18,W2,Brandenburg
A02930,P01,7,2026-08-16,2026-08-19,2026-08-18,W3,Hamburg
A02931,P03,39,2026-08-17,2026-08-18,2026-08-19,W1,Hessen
A02932,P02,59,2026-08-17,2026-08-19,2026-08-18,W2,Thüringen
A02933,P04,15,2026-08-17,2026-08-19,2026-08-18,W3,Nordrhein-Westfalen
A02934,P03,23,2026-08-17,2026-08-20,2026-08-19,W2,Hessen
A02935,P04,18,2026-08-18,2026-08-20,2026-08-20,W3,Brandenburg
A02936,P01,12,2026-08-18,2026-08-20,2026-08-20,W1,Rheinland-Pfalz
A02937,P03,43,2026-08-18,2026-08-19,2026-08-20,W5,Baden-Württemberg
A02938,P02,17,2026-08-18,2026-08-19,2026-08-19,W2,Hessen
A02939,P01,13,2026-08-18,2026-08-20,2026-08-19,W4,Rheinland-Pfalz
A02940,P02,21,2026-08-18,2026-08-21,2026-08-19,W1,Nordrhein-Westfalen
A02941,P02,12,2026-08-18,2026-08-20,2026-08-20,W3,Nordrhein-Westfalen
A02942,P02,24,2026-08-19,2026-08-21,2026-08-20,W2,Niedersachsen
A02943,P02,56,2026-08-19,2026-08-21,2026-08-20,W3,Nordrhein-Westfalen
A02944,P05,52,2026-08-19,2026-08-23,2026-08-23,W1,Niedersachsen
A02945,P02,28,2026-08-19,2026-08-21,2026-08-20,W3,Hamburg
A02946,P05,8,2026-08-19,2026-08-22,2026-08-21,W5,Bayern
A02947,P03,37,2026-08-20,2026-08-22,2026-08-21,W3,Berlin
A02948,P01,12,2026-08-20,2026-08-23,2026-08-21,W2,Nordrhein-Westfalen
A02949,P03,22,2026-08-20,2026-08-22,2026-08-22,W1,Bayern
A02950,P02,36,2026-08-20,2026-08-21,2026-08-21,W4,Berlin
A02951,P01,22,2026-08-21,2026-08-23,2026-08-23,W5,Bayern
A02952,P03,25,2026-08-21,2026-08-22,2026-08-23,W2,Mecklenburg-Vorpommern
A02953,P05,47,2026-08-21,2026-08-24,2026-08-24,W1,Niedersachsen
A02954,P01,52,2026-08-21,2026-08-22,2026-08-23,W5,Sachsen
A02955,P01,17,2026-08-21,2026-08-23,2026-08-22,W3,Bayern
A02956,P02,45,2026-08-21,2026-08-23,2026-08-22,W2,Berlin
A02957,P02,58,2026-08-21,2026-08-24,2026-08-23,W5,Rheinland-Pfalz
A02958,P04,58,2026-08-21,2026-08-23,2026-08-23,W4,Bayern
A02959,P04,50,2026-08-22,2026-08-25,2026-08-24,W3,Nordrhein-Westfalen
A02960,P03,7,2026-08-22,2026-08-23,2026-08-23,W1,Bayern
A02961,P02,56,2026-08-22,2026-08-24,2026-08-24,W3,Bayern
A02962,P02,52,2026-08-23,2026-08-24,2026-08-24,W1,Bayern
A02963,P04,38,2026-08-23,2026-08-26,2026-08-25,W1,Niedersachsen
A02964,P05,32,2026-08-23,2026-08-26,2026-08-26,W1,Bayern
A02965,P05,32,2026-08-23,2026-08-26,2026-08-25,W1,Brandenburg
A02966,P02,28,2026-08-24,2026-08-25,2026-08-25,W2,Sachsen-Anhalt
A02967,P03,9,2026-08-24,2026-08-26,2026-08-26,W4,Nordrhein-Westfalen
A02968,P02,43,2026-08-24,2026-08-26,2026-08-26,W1,Baden-Württemberg
A02969,P05,10,2026-08-24,2026-08-27,2026-08-26,W5,Nordrhein-Westfalen
A02970,P03,54,2026-08-25,2026-08-27,2026-08-27,W2,Berlin
A02971,P02,22,2026-08-25,2026-08-26,2026-08-26,W1,Nordrhein-Westfalen
A02972,P03,13,2026-08-25,2026-08-27,2026-08-26,W5,Hessen
A02973,P04,38,2026-08-25,2026-08-28,2026-08-26,W2,Niedersachsen
A02974,P03,49,2026-08-26,2026-08-28,2026-08-28,W1,Bayern
A02975,P04,48,2026-08-26,2026-08-28,2026-08-28,W4,Sachsen
A02976,P02,37,2026-08-26,2026-08-28,2026-08-28,W3,Thüringen
A02977,P05,45,2026-08-26,2026-08-30,2026-08-28,W3,Mecklenburg-Vorpommern
A02978,P02,7,2026-08-26,2026-08-28,2026-08-27,W3,Bayern
A02979,P05,46,2026-08-26,2026-08-29,2026-08-29,W4,Nordrhein-Westfalen
A02980,P04,55,2026-08-26,2026-08-30,2026-08-28,W2,Nordrhein-Westfalen
A02981,P02,47,2026-08-26,2026-08-28,2026-08-27,W5,Berlin
A02982,P04,32,2026-08-27,2026-08-30,2026-08-29,W3,Baden-Württemberg
A02983,P03,24,2026-08-27,2026-08-30,2026-08-29,W2,Nordrhein-Westfalen
A02984,P03,10,2026-08-27,2026-08-29,2026-08-29,W1,Berlin
A02985,P01,10,2026-08-27,2026-08-30,2026-08-28,W2,Nordrhein-Westfalen
A02986,P01,49,2026-08-28,2026-08-30,2026-08-29,W1,Sachsen-Anhalt
A02987,P02,36,2026-08-28,2026-08-30,2026-08-29,W2,Sachsen
A02988,P03,28,2026-08-28,2026-08-30,2026-08-29,W2,Bayern
A02989,P04,43,2026-08-28,2026-08-30,2026-08-29,W2,Schleswig-Holstein
A02990,P05,41,2026-08-28,2026-08-31,2026-08-30,W1,Baden-Württemberg
A02991,P05,41,2026-08-28,2026-08-30,2026-08-30,W2,Thüringen
A02992,P02,23,2026-08-29,2026-08-30,2026-08-30,W2,Baden-Württemberg
A02993,P05,51,2026-08-29,2026-09-01,2026-09-02,W2,Baden-Württemberg
A02994,P01,13,2026-08-29,2026-09-01,2026-08-30,W4,Baden-Württemberg
A02995,P03,27,2026-08-29,2026-08-31,2026-08-30,W2,Sachsen
A02996,P03,14,2026-08-29,2026-08-31,2026-08-31,W5,Nordrhein-Westfalen
A02997,P01,44,2026-08-30,2026-09-01,2026-08-31,W2,Hamburg
A02998,P01,43,2026-08-30,2026-08-31,2026-09-01,W5,Nordrhein-Westfalen
A02999,P03,7,2026-08-30,2026-09-01,2026-08-31,W5,Nordrhein-Westfalen
A03000,P02,8,2026-08-30,2026-08-31,2026-08-31,W1,Brandenburg
