PruefID,AuftragID,StationID,Pruefdatum,FehlerartID,Ausschuss,Nacharbeit
Q000001,A00001,S3,2025-01-02,F01,1,0
Q000002,A00001,S3,2025-01-02,F05,0,1
Q000003,A00001,S3,2025-01-02,F05,1,0
Q000004,A00001,S3,2025-01-02,F03,0,1
Q000005,A00001,S4,2025-01-02,F01,0,1
Q000006,A00001,S4,2025-01-02,F01,0,1
Q000007,A00001,S4,2025-01-02,F02,0,1
Q000008,A00001,S5,2025-01-02,F05,0,1
Q000009,A00002,S3,2025-01-02,F01,0,1
Q000010,A00002,S4,2025-01-03,F01,0,1
Q000011,A00002,S5,2025-01-03,F01,1,0
Q000012,A00003,S4,2025-01-02,F04,0,1
Q000013,A00003,S4,2025-01-02,F02,0,1
Q000014,A00003,S4,2025-01-02,F02,0,1
Q000015,A00003,S5,2025-01-02,F04,0,1
Q000016,A00004,S4,2025-01-03,F02,0,1
Q000017,A00004,S4,2025-01-03,F03,0,1
Q000018,A00004,S4,2025-01-03,F01,0,1
Q000019,A00004,S4,2025-01-03,F02,0,1
Q000020,A00004,S5,2025-01-03,F02,0,1
Q000021,A00004,S5,2025-01-03,F05,0,1
Q000022,A00005,S4,2025-01-02,F06,0,1
Q000023,A00006,S3,2025-01-03,F01,1,0
Q000024,A00006,S4,2025-01-04,F03,0,1
Q000025,A00006,S4,2025-01-04,F03,1,0
Q000026,A00007,S3,2025-01-04,F01,0,1
Q000027,A00007,S4,2025-01-05,F02,0,1
Q000028,A00007,S4,2025-01-05,F03,1,0
Q000029,A00007,S5,2025-01-06,F01,0,1
Q000030,A00007,S5,2025-01-06,F02,0,1
Q000031,A00008,S3,2025-01-03,F04,0,1
Q000032,A00008,S3,2025-01-03,F01,0,1
Q000033,A00008,S3,2025-01-03,F02,0,1
Q000034,A00008,S3,2025-01-03,F02,0,1
Q000035,A00008,S4,2025-01-03,F03,0,1
Q000036,A00008,S4,2025-01-03,F04,0,1
Q000037,A00008,S4,2025-01-03,F01,1,0
Q000038,A00008,S4,2025-01-03,F01,1,0
Q000039,A00008,S4,2025-01-03,F01,0,1
Q000040,A00008,S4,2025-01-03,F02,1,0
Q000041,A00008,S5,2025-01-03,F04,1,0
Q000042,A00008,S5,2025-01-03,F05,0,1
Q000043,A00009,S3,2025-01-03,F03,0,1
Q000044,A00009,S3,2025-01-03,F02,0,1
Q000045,A00009,S3,2025-01-03,F01,1,0
Q000046,A00009,S3,2025-01-03,F06,0,1
Q000047,A00009,S3,2025-01-03,F01,1,0
Q000048,A00009,S4,2025-01-04,F05,0,1
Q000049,A00009,S4,2025-01-04,F01,1,0
Q000050,A00009,S4,2025-01-04,F01,0,1
Q000051,A00009,S4,2025-01-04,F03,0,1
Q000052,A00009,S4,2025-01-04,F03,1,0
Q000053,A00009,S5,2025-01-04,F02,0,1
Q000054,A00010,S3,2025-01-03,F06,1,0
Q000055,A00010,S4,2025-01-04,F01,0,1
Q000056,A00010,S4,2025-01-04,F01,1,0
Q000057,A00010,S4,2025-01-04,F01,1,0
Q000058,A00010,S4,2025-01-04,F03,0,1
Q000059,A00010,S5,2025-01-04,F04,0,1
Q000060,A00011,S3,2025-01-04,F01,0,1
Q000061,A00011,S3,2025-01-04,F02,0,1
Q000062,A00011,S3,2025-01-04,F03,1,0
Q000063,A00011,S3,2025-01-04,F01,0,1
Q000064,A00011,S4,2025-01-05,F05,1,0
Q000065,A00011,S4,2025-01-05,F01,0,1
Q000066,A00011,S4,2025-01-05,F02,0,1
Q000067,A00011,S4,2025-01-05,F02,0,1
Q000068,A00012,S5,2025-01-05,F01,0,1
Q000069,A00013,S3,2025-01-04,F02,1,0
Q000070,A00013,S3,2025-01-04,F01,0,1
Q000071,A00013,S3,2025-01-04,F03,0,1
Q000072,A00013,S4,2025-01-05,F06,0,1
Q000073,A00013,S4,2025-01-05,F02,0,1
Q000074,A00013,S4,2025-01-05,F06,0,1
Q000075,A00013,S4,2025-01-05,F04,0,1
Q000076,A00013,S5,2025-01-05,F03,0,1
Q000077,A00015,S3,2025-01-03,F05,0,1
Q000078,A00015,S3,2025-01-03,F05,1,0
Q000079,A00015,S3,2025-01-03,F03,0,1
Q000080,A00015,S4,2025-01-04,F03,0,1
Q000081,A00015,S4,2025-01-04,F02,0,1
Q000082,A00015,S4,2025-01-04,F01,1,0
Q000083,A00015,S5,2025-01-04,F01,0,1
Q000084,A00017,S4,2025-01-04,F03,0,1
Q000085,A00017,S5,2025-01-04,F05,0,1
Q000086,A00018,S3,2025-01-04,F03,0,1
Q000087,A00018,S4,2025-01-04,F01,1,0
Q000088,A00018,S5,2025-01-04,F02,0,1
Q000089,A00019,S4,2025-01-06,F01,0,1
Q000090,A00020,S3,2025-01-05,F03,1,0
Q000091,A00020,S3,2025-01-05,F04,0,1
Q000092,A00020,S4,2025-01-05,F02,0,1
Q000093,A00020,S4,2025-01-05,F04,0,1
Q000094,A00020,S4,2025-01-05,F01,0,1
Q000095,A00020,S4,2025-01-05,F05,0,1
Q000096,A00020,S5,2025-01-05,F01,1,0
Q000097,A00020,S5,2025-01-05,F03,1,0
Q000098,A00021,S4,2025-01-05,F06,1,0
Q000099,A00021,S4,2025-01-05,F01,1,0
Q000100,A00021,S4,2025-01-05,F01,0,1
Q000101,A00021,S5,2025-01-06,F03,0,1
Q000102,A00022,S3,2025-01-05,F02,0,1
Q000103,A00022,S3,2025-01-05,F03,0,1
Q000104,A00022,S3,2025-01-05,F02,0,1
Q000105,A00023,S3,2025-01-05,F02,0,1
Q000106,A00023,S5,2025-01-06,F02,1,0
Q000107,A00024,S3,2025-01-05,F04,1,0
Q000108,A00024,S3,2025-01-05,F02,0,1
Q000109,A00024,S4,2025-01-05,F02,0,1
Q000110,A00024,S4,2025-01-05,F04,1,0
Q000111,A00024,S4,2025-01-05,F05,0,1
Q000112,A00024,S4,2025-01-05,F05,0,1
Q000113,A00024,S4,2025-01-05,F01,0,1
Q000114,A00025,S4,2025-01-06,F02,0,1
Q000115,A00026,S3,2025-01-05,F03,0,1
Q000116,A00026,S4,2025-01-07,F04,0,1
Q000117,A00026,S4,2025-01-07,F05,0,1
Q000118,A00026,S4,2025-01-07,F01,0,1
Q000119,A00026,S4,2025-01-07,F04,0,1
Q000120,A00027,S3,2025-01-06,F05,0,1
Q000121,A00027,S3,2025-01-06,F01,0,1
Q000122,A00027,S3,2025-01-06,F02,0,1
Q000123,A00027,S4,2025-01-07,F01,0,1
Q000124,A00027,S5,2025-01-07,F03,0,1
Q000125,A00028,S3,2025-01-06,F05,0,1
Q000126,A00029,S3,2025-01-06,F04,0,1
Q000127,A00029,S3,2025-01-06,F01,0,1
Q000128,A00029,S4,2025-01-07,F02,0,1
Q000129,A00029,S4,2025-01-07,F03,0,1
Q000130,A00030,S3,2025-01-06,F03,0,1
Q000131,A00030,S3,2025-01-06,F04,0,1
Q000132,A00030,S4,2025-01-06,F01,0,1
Q000133,A00030,S4,2025-01-06,F06,0,1
Q000134,A00030,S4,2025-01-06,F01,1,0
Q000135,A00030,S4,2025-01-06,F03,0,1
Q000136,A00031,S3,2025-01-07,F03,0,1
Q000137,A00031,S4,2025-01-08,F03,1,0
Q000138,A00031,S4,2025-01-08,F01,1,0
Q000139,A00031,S5,2025-01-09,F01,1,0
Q000140,A00032,S3,2025-01-07,F04,0,1
Q000141,A00032,S4,2025-01-07,F03,0,1
Q000142,A00032,S4,2025-01-07,F05,0,1
Q000143,A00032,S4,2025-01-07,F01,0,1
Q000144,A00032,S5,2025-01-08,F01,0,1
Q000145,A00033,S3,2025-01-07,F01,1,0
Q000146,A00033,S4,2025-01-07,F01,1,0
Q000147,A00033,S4,2025-01-07,F03,1,0
Q000148,A00033,S4,2025-01-07,F04,1,0
Q000149,A00034,S3,2025-01-07,F05,0,1
Q000150,A00034,S3,2025-01-07,F01,0,1
Q000151,A00034,S3,2025-01-07,F06,0,1
Q000152,A00034,S3,2025-01-07,F06,0,1
Q000153,A00034,S4,2025-01-08,F01,0,1
Q000154,A00034,S4,2025-01-08,F05,0,1
Q000155,A00034,S4,2025-01-08,F06,0,1
Q000156,A00034,S4,2025-01-08,F03,0,1
Q000157,A00034,S4,2025-01-08,F04,0,1
Q000158,A00034,S4,2025-01-08,F03,0,1
Q000159,A00034,S4,2025-01-08,F05,1,0
Q000160,A00034,S5,2025-01-08,F03,0,1
Q000161,A00034,S5,2025-01-08,F01,0,1
Q000162,A00034,S5,2025-01-08,F01,0,1
Q000163,A00035,S3,2025-01-08,F03,0,1
Q000164,A00035,S3,2025-01-08,F02,0,1
Q000165,A00035,S4,2025-01-09,F04,1,0
Q000166,A00035,S4,2025-01-09,F03,0,1
Q000167,A00035,S4,2025-01-09,F03,0,1
Q000168,A00035,S4,2025-01-09,F05,0,1
Q000169,A00036,S4,2025-01-08,F05,0,1
Q000170,A00038,S3,2025-01-09,F02,1,0
Q000171,A00038,S3,2025-01-09,F01,1,0
Q000172,A00038,S3,2025-01-09,F01,0,1
Q000173,A00038,S3,2025-01-09,F01,0,1
Q000174,A00038,S3,2025-01-09,F02,0,1
Q000175,A00038,S3,2025-01-09,F06,0,1
Q000176,A00038,S4,2025-01-09,F02,0,1
Q000177,A00038,S4,2025-01-09,F02,0,1
Q000178,A00038,S4,2025-01-09,F03,0,1
Q000179,A00038,S4,2025-01-09,F02,0,1
Q000180,A00038,S4,2025-01-09,F03,0,1
Q000181,A00038,S5,2025-01-10,F02,0,1
Q000182,A00038,S5,2025-01-10,F03,0,1
Q000183,A00038,S5,2025-01-10,F03,0,1
Q000184,A00039,S3,2025-01-09,F04,1,0
Q000185,A00039,S4,2025-01-09,F04,0,1
Q000186,A00040,S3,2025-01-09,F03,0,1
Q000187,A00040,S4,2025-01-09,F01,0,1
Q000188,A00040,S4,2025-01-09,F06,0,1
Q000189,A00041,S4,2025-01-11,F01,0,1
Q000190,A00041,S4,2025-01-11,F04,1,0
Q000191,A00041,S5,2025-01-11,F02,0,1
Q000192,A00042,S3,2025-01-09,F02,1,0
Q000193,A00042,S4,2025-01-10,F03,0,1
Q000194,A00043,S3,2025-01-10,F02,0,1
Q000195,A00043,S4,2025-01-11,F03,0,1
Q000196,A00044,S4,2025-01-10,F02,0,1
Q000197,A00044,S4,2025-01-10,F03,0,1
Q000198,A00045,S3,2025-01-11,F01,0,1
Q000199,A00045,S3,2025-01-11,F04,1,0
Q000200,A00045,S3,2025-01-11,F04,0,1
Q000201,A00045,S4,2025-01-12,F04,0,1
Q000202,A00045,S4,2025-01-12,F03,0,1
Q000203,A00045,S4,2025-01-12,F04,0,1
Q000204,A00045,S4,2025-01-12,F04,1,0
Q000205,A00045,S4,2025-01-12,F06,0,1
Q000206,A00045,S4,2025-01-12,F01,1,0
Q000207,A00045,S4,2025-01-12,F05,0,1
Q000208,A00045,S5,2025-01-12,F05,0,1
Q000209,A00046,S3,2025-01-12,F01,0,1
Q000210,A00046,S4,2025-01-13,F01,1,0
Q000211,A00046,S4,2025-01-13,F02,0,1
Q000212,A00046,S4,2025-01-13,F03,0,1
Q000213,A00046,S4,2025-01-13,F01,1,0
Q000214,A00046,S5,2025-01-13,F04,0,1
Q000215,A00046,S5,2025-01-13,F03,0,1
Q000216,A00047,S3,2025-01-12,F02,0,1
Q000217,A00047,S3,2025-01-12,F03,0,1
Q000218,A00047,S3,2025-01-12,F03,0,1
Q000219,A00047,S3,2025-01-12,F05,0,1
Q000220,A00047,S3,2025-01-12,F02,1,0
Q000221,A00047,S4,2025-01-12,F01,0,1
Q000222,A00047,S4,2025-01-12,F05,0,1
Q000223,A00047,S4,2025-01-12,F01,0,1
Q000224,A00047,S4,2025-01-12,F02,1,0
Q000225,A00047,S4,2025-01-12,F02,0,1
Q000226,A00047,S4,2025-01-12,F01,0,1
Q000227,A00047,S4,2025-01-12,F02,0,1
Q000228,A00047,S5,2025-01-12,F06,0,1
Q000229,A00047,S5,2025-01-12,F02,0,1
Q000230,A00049,S3,2025-01-12,F02,0,1
Q000231,A00049,S3,2025-01-12,F04,0,1
Q000232,A00049,S3,2025-01-12,F05,0,1
Q000233,A00049,S3,2025-01-12,F03,0,1
Q000234,A00049,S4,2025-01-13,F04,1,0
Q000235,A00049,S4,2025-01-13,F05,0,1
Q000236,A00049,S4,2025-01-13,F01,1,0
Q000237,A00049,S4,2025-01-13,F04,1,0
Q000238,A00049,S4,2025-01-13,F03,0,1
Q000239,A00049,S4,2025-01-13,F03,0,1
Q000240,A00049,S5,2025-01-13,F02,0,1
Q000241,A00049,S5,2025-01-13,F01,0,1
Q000242,A00049,S5,2025-01-13,F04,1,0
Q000243,A00049,S5,2025-01-13,F06,1,0
Q000244,A00049,S5,2025-01-13,F04,0,1
Q000245,A00049,S5,2025-01-13,F05,0,1
Q000246,A00049,S5,2025-01-13,F03,1,0
Q000247,A00049,S5,2025-01-13,F02,0,1
Q000248,A00050,S4,2025-01-12,F02,0,1
Q000249,A00050,S4,2025-01-12,F03,1,0
Q000250,A00051,S3,2025-01-12,F01,1,0
Q000251,A00051,S3,2025-01-12,F01,0,1
Q000252,A00051,S3,2025-01-12,F04,0,1
Q000253,A00051,S4,2025-01-14,F01,1,0
Q000254,A00051,S4,2025-01-14,F02,0,1
Q000255,A00051,S5,2025-01-14,F01,0,1
Q000256,A00051,S5,2025-01-14,F02,0,1
Q000257,A00051,S5,2025-01-14,F05,0,1
Q000258,A00053,S3,2025-01-13,F03,0,1
Q000259,A00053,S4,2025-01-14,F02,0,1
Q000260,A00053,S4,2025-01-14,F03,0,1
Q000261,A00053,S4,2025-01-14,F01,1,0
Q000262,A00053,S4,2025-01-14,F05,0,1
Q000263,A00053,S4,2025-01-14,F06,0,1
Q000264,A00053,S5,2025-01-14,F04,0,1
Q000265,A00053,S5,2025-01-14,F01,1,0
Q000266,A00054,S4,2025-01-13,F01,0,1
Q000267,A00054,S4,2025-01-13,F02,0,1
Q000268,A00054,S5,2025-01-14,F04,0,1
Q000269,A00054,S5,2025-01-14,F01,1,0
Q000270,A00055,S3,2025-01-14,F05,1,0
Q000271,A00055,S3,2025-01-14,F02,0,1
Q000272,A00055,S4,2025-01-15,F05,0,1
Q000273,A00055,S4,2025-01-15,F01,0,1
Q000274,A00055,S4,2025-01-15,F01,0,1
Q000275,A00055,S5,2025-01-15,F01,0,1
Q000276,A00055,S5,2025-01-15,F06,0,1
Q000277,A00055,S5,2025-01-15,F02,0,1
Q000278,A00056,S3,2025-01-14,F01,1,0
Q000279,A00056,S5,2025-01-14,F01,0,1
Q000280,A00057,S3,2025-01-13,F01,0,1
Q000281,A00059,S4,2025-01-15,F04,0,1
Q000282,A00060,S3,2025-01-15,F04,0,1
Q000283,A00060,S3,2025-01-15,F02,1,0
Q000284,A00060,S4,2025-01-15,F03,0,1
Q000285,A00060,S5,2025-01-16,F01,0,1
Q000286,A00060,S5,2025-01-16,F04,0,1
Q000287,A00061,S3,2025-01-15,F02,0,1
Q000288,A00061,S3,2025-01-15,F05,1,0
Q000289,A00061,S4,2025-01-16,F04,0,1
Q000290,A00062,S3,2025-01-15,F01,0,1
Q000291,A00062,S3,2025-01-15,F02,0,1
Q000292,A00062,S4,2025-01-15,F03,0,1
Q000293,A00062,S4,2025-01-15,F02,0,1
Q000294,A00062,S4,2025-01-15,F04,0,1
Q000295,A00062,S4,2025-01-15,F01,0,1
Q000296,A00062,S4,2025-01-15,F02,1,0
Q000297,A00062,S5,2025-01-15,F03,1,0
Q000298,A00062,S5,2025-01-15,F03,0,1
Q000299,A00063,S3,2025-01-16,F01,1,0
Q000300,A00063,S3,2025-01-16,F01,0,1
Q000301,A00063,S3,2025-01-16,F04,0,1
Q000302,A00063,S3,2025-01-16,F01,0,1
Q000303,A00063,S3,2025-01-16,F02,0,1
Q000304,A00063,S4,2025-01-17,F04,0,1
Q000305,A00063,S4,2025-01-17,F03,0,1
Q000306,A00063,S4,2025-01-17,F01,1,0
Q000307,A00063,S4,2025-01-17,F05,0,1
Q000308,A00063,S4,2025-01-17,F03,0,1
Q000309,A00063,S5,2025-01-17,F02,0,1
Q000310,A00064,S4,2025-01-16,F01,0,1
Q000311,A00064,S4,2025-01-16,F02,0,1
Q000312,A00064,S4,2025-01-16,F04,1,0
Q000313,A00065,S3,2025-01-16,F03,1,0
Q000314,A00065,S3,2025-01-16,F04,0,1
Q000315,A00065,S3,2025-01-16,F01,0,1
Q000316,A00065,S3,2025-01-16,F06,1,0
Q000317,A00065,S3,2025-01-16,F02,0,1
Q000318,A00065,S3,2025-01-16,F05,0,1
Q000319,A00065,S4,2025-01-17,F01,1,0
Q000320,A00065,S4,2025-01-17,F03,0,1
Q000321,A00065,S4,2025-01-17,F01,1,0
Q000322,A00065,S4,2025-01-17,F04,0,1
Q000323,A00065,S4,2025-01-17,F04,1,0
Q000324,A00065,S4,2025-01-17,F04,0,1
Q000325,A00065,S4,2025-01-17,F02,0,1
Q000326,A00065,S5,2025-01-17,F01,0,1
Q000327,A00065,S5,2025-01-17,F03,0,1
Q000328,A00065,S5,2025-01-17,F05,0,1
Q000329,A00067,S3,2025-01-16,F06,0,1
Q000330,A00067,S3,2025-01-16,F04,0,1
Q000331,A00067,S3,2025-01-16,F04,1,0
Q000332,A00067,S4,2025-01-17,F03,0,1
Q000333,A00067,S4,2025-01-17,F03,0,1
Q000334,A00067,S4,2025-01-17,F05,0,1
Q000335,A00067,S5,2025-01-17,F04,0,1
Q000336,A00067,S5,2025-01-17,F01,0,1
Q000337,A00068,S4,2025-01-16,F01,0,1
Q000338,A00068,S4,2025-01-16,F02,0,1
Q000339,A00068,S5,2025-01-16,F01,1,0
Q000340,A00069,S3,2025-01-17,F01,0,1
Q000341,A00069,S3,2025-01-17,F04,0,1
Q000342,A00069,S3,2025-01-17,F01,0,1
Q000343,A00069,S3,2025-01-17,F06,0,1
Q000344,A00069,S4,2025-01-18,F01,0,1
Q000345,A00069,S4,2025-01-18,F01,0,1
Q000346,A00069,S4,2025-01-18,F01,0,1
Q000347,A00069,S4,2025-01-18,F03,0,1
Q000348,A00070,S3,2025-01-17,F01,0,1
Q000349,A00070,S4,2025-01-17,F04,0,1
Q000350,A00070,S5,2025-01-17,F01,0,1
Q000351,A00071,S4,2025-01-18,F03,0,1
Q000352,A00071,S4,2025-01-18,F05,0,1
Q000353,A00071,S4,2025-01-18,F02,0,1
Q000354,A00071,S5,2025-01-18,F06,1,0
Q000355,A00071,S5,2025-01-18,F03,0,1
Q000356,A00072,S3,2025-01-17,F03,0,1
Q000357,A00072,S5,2025-01-18,F01,0,1
Q000358,A00073,S3,2025-01-17,F03,0,1
Q000359,A00073,S3,2025-01-17,F06,0,1
Q000360,A00073,S4,2025-01-17,F01,0,1
Q000361,A00073,S4,2025-01-17,F02,0,1
Q000362,A00073,S5,2025-01-17,F02,0,1
Q000363,A00074,S3,2025-01-18,F04,0,1
Q000364,A00075,S4,2025-01-19,F05,0,1
Q000365,A00075,S4,2025-01-19,F01,1,0
Q000366,A00075,S5,2025-01-19,F01,0,1
Q000367,A00075,S5,2025-01-19,F04,1,0
Q000368,A00076,S3,2025-01-18,F01,0,1
Q000369,A00077,S4,2025-01-18,F03,0,1
Q000370,A00077,S4,2025-01-18,F03,0,1
Q000371,A00077,S4,2025-01-18,F03,0,1
Q000372,A00077,S5,2025-01-18,F02,0,1
Q000373,A00078,S3,2025-01-19,F01,0,1
Q000374,A00078,S3,2025-01-19,F01,0,1
Q000375,A00078,S3,2025-01-19,F04,1,0
Q000376,A00078,S3,2025-01-19,F01,0,1
Q000377,A00078,S4,2025-01-20,F02,0,1
Q000378,A00078,S4,2025-01-20,F01,1,0
Q000379,A00078,S4,2025-01-20,F06,0,1
Q000380,A00078,S5,2025-01-20,F02,0,1
Q000381,A00078,S5,2025-01-20,F01,1,0
Q000382,A00079,S4,2025-01-19,F01,0,1
Q000383,A00080,S3,2025-01-19,F01,0,1
Q000384,A00080,S3,2025-01-19,F02,0,1
Q000385,A00080,S3,2025-01-19,F01,0,1
Q000386,A00080,S4,2025-01-20,F01,0,1
Q000387,A00080,S4,2025-01-20,F01,0,1
Q000388,A00080,S4,2025-01-20,F04,1,0
Q000389,A00080,S4,2025-01-20,F05,0,1
Q000390,A00080,S4,2025-01-20,F01,1,0
Q000391,A00080,S5,2025-01-20,F05,0,1
Q000392,A00081,S3,2025-01-20,F01,0,1
Q000393,A00081,S3,2025-01-20,F02,0,1
Q000394,A00081,S3,2025-01-20,F01,1,0
Q000395,A00081,S4,2025-01-21,F03,1,0
Q000396,A00081,S4,2025-01-21,F04,0,1
Q000397,A00081,S4,2025-01-21,F04,0,1
Q000398,A00081,S4,2025-01-21,F01,0,1
Q000399,A00081,S4,2025-01-21,F01,1,0
Q000400,A00081,S4,2025-01-21,F03,0,1
Q000401,A00081,S4,2025-01-21,F01,1,0
Q000402,A00081,S4,2025-01-21,F02,0,1
Q000403,A00081,S4,2025-01-21,F02,1,0
Q000404,A00081,S4,2025-01-21,F06,0,1
Q000405,A00081,S5,2025-01-22,F01,1,0
Q000406,A00081,S5,2025-01-22,F03,0,1
Q000407,A00081,S5,2025-01-22,F03,1,0
Q000408,A00081,S5,2025-01-22,F05,0,1
Q000409,A00081,S5,2025-01-22,F02,0,1
Q000410,A00082,S4,2025-01-21,F06,0,1
Q000411,A00082,S4,2025-01-21,F01,1,0
Q000412,A00083,S3,2025-01-20,F04,0,1
Q000413,A00083,S3,2025-01-20,F06,0,1
Q000414,A00083,S3,2025-01-20,F05,0,1
Q000415,A00083,S4,2025-01-21,F05,0,1
Q000416,A00083,S4,2025-01-21,F01,1,0
Q000417,A00083,S4,2025-01-21,F02,0,1
Q000418,A00083,S4,2025-01-21,F02,0,1
Q000419,A00084,S3,2025-01-20,F01,1,0
Q000420,A00084,S3,2025-01-20,F01,0,1
Q000421,A00084,S3,2025-01-20,F02,1,0
Q000422,A00084,S3,2025-01-20,F01,0,1
Q000423,A00084,S4,2025-01-20,F03,0,1
Q000424,A00084,S4,2025-01-20,F02,1,0
Q000425,A00084,S4,2025-01-20,F03,0,1
Q000426,A00084,S4,2025-01-20,F04,1,0
Q000427,A00084,S4,2025-01-20,F01,0,1
Q000428,A00084,S4,2025-01-20,F04,0,1
Q000429,A00084,S4,2025-01-20,F04,0,1
Q000430,A00084,S4,2025-01-20,F05,0,1
Q000431,A00084,S5,2025-01-20,F04,0,1
Q000432,A00084,S5,2025-01-20,F03,1,0
Q000433,A00084,S5,2025-01-20,F03,0,1
Q000434,A00085,S3,2025-01-20,F02,0,1
Q000435,A00085,S3,2025-01-20,F01,0,1
Q000436,A00085,S3,2025-01-20,F03,0,1
Q000437,A00085,S3,2025-01-20,F03,0,1
Q000438,A00085,S3,2025-01-20,F01,0,1
Q000439,A00085,S3,2025-01-20,F05,0,1
Q000440,A00085,S3,2025-01-20,F03,0,1
Q000441,A00085,S3,2025-01-20,F04,0,1
Q000442,A00085,S4,2025-01-21,F03,0,1
Q000443,A00085,S4,2025-01-21,F03,0,1
Q000444,A00085,S4,2025-01-21,F01,0,1
Q000445,A00085,S4,2025-01-21,F01,0,1
Q000446,A00085,S4,2025-01-21,F01,0,1
Q000447,A00085,S5,2025-01-21,F03,0,1
Q000448,A00085,S5,2025-01-21,F06,0,1
Q000449,A00085,S5,2025-01-21,F03,0,1
Q000450,A00085,S5,2025-01-21,F04,0,1
Q000451,A00086,S3,2025-01-20,F03,0,1
Q000452,A00086,S3,2025-01-20,F04,0,1
Q000453,A00087,S3,2025-01-21,F01,0,1
Q000454,A00087,S3,2025-01-21,F02,0,1
Q000455,A00087,S3,2025-01-21,F01,1,0
Q000456,A00087,S4,2025-01-23,F02,0,1
Q000457,A00087,S5,2025-01-23,F04,0,1
Q000458,A00087,S5,2025-01-23,F02,1,0
Q000459,A00088,S3,2025-01-20,F02,0,1
Q000460,A00088,S4,2025-01-21,F01,0,1
Q000461,A00088,S5,2025-01-21,F05,0,1
Q000462,A00089,S3,2025-01-21,F01,0,1
Q000463,A00089,S3,2025-01-21,F03,0,1
Q000464,A00089,S4,2025-01-21,F06,0,1
Q000465,A00089,S4,2025-01-21,F01,0,1
Q000466,A00090,S3,2025-01-21,F04,0,1
Q000467,A00090,S3,2025-01-21,F02,0,1
Q000468,A00090,S3,2025-01-21,F05,0,1
Q000469,A00090,S3,2025-01-21,F04,1,0
Q000470,A00090,S4,2025-01-22,F06,0,1
Q000471,A00090,S4,2025-01-22,F01,0,1
Q000472,A00090,S4,2025-01-22,F02,0,1
Q000473,A00090,S5,2025-01-22,F01,0,1
Q000474,A00090,S5,2025-01-22,F05,1,0
Q000475,A00090,S5,2025-01-22,F02,0,1
Q000476,A00090,S5,2025-01-22,F02,0,1
Q000477,A00090,S5,2025-01-22,F03,0,1
Q000478,A00090,S5,2025-01-22,F05,1,0
Q000479,A00091,S4,2025-01-22,F02,0,1
Q000480,A00092,S3,2025-01-23,F05,0,1
Q000481,A00092,S3,2025-01-23,F01,0,1
Q000482,A00092,S3,2025-01-23,F05,0,1
Q000483,A00092,S4,2025-01-23,F05,0,1
Q000484,A00092,S4,2025-01-23,F03,0,1
Q000485,A00092,S4,2025-01-23,F02,0,1
Q000486,A00092,S4,2025-01-23,F06,0,1
Q000487,A00092,S4,2025-01-23,F01,0,1
Q000488,A00092,S4,2025-01-23,F03,0,1
Q000489,A00092,S4,2025-01-23,F04,0,1
Q000490,A00092,S4,2025-01-23,F01,1,0
Q000491,A00092,S5,2025-01-23,F06,0,1
Q000492,A00092,S5,2025-01-23,F01,0,1
Q000493,A00092,S5,2025-01-23,F03,0,1
Q000494,A00092,S5,2025-01-23,F03,1,0
Q000495,A00093,S3,2025-01-24,F05,0,1
Q000496,A00093,S3,2025-01-24,F02,0,1
Q000497,A00093,S4,2025-01-24,F02,0,1
Q000498,A00093,S4,2025-01-24,F05,0,1
Q000499,A00094,S3,2025-01-23,F01,0,1
Q000500,A00094,S3,2025-01-23,F02,0,1
Q000501,A00094,S3,2025-01-23,F05,0,1
Q000502,A00094,S3,2025-01-23,F05,0,1
Q000503,A00094,S4,2025-01-24,F03,0,1
Q000504,A00094,S4,2025-01-24,F01,1,0
Q000505,A00094,S4,2025-01-24,F04,1,0
Q000506,A00094,S4,2025-01-24,F02,0,1
Q000507,A00094,S4,2025-01-24,F03,0,1
Q000508,A00094,S4,2025-01-24,F04,1,0
Q000509,A00094,S5,2025-01-24,F01,1,0
Q000510,A00094,S5,2025-01-24,F05,0,1
Q000511,A00094,S5,2025-01-24,F01,1,0
Q000512,A00094,S5,2025-01-24,F02,0,1
Q000513,A00095,S5,2025-01-23,F02,1,0
Q000514,A00095,S5,2025-01-23,F01,0,1
Q000515,A00096,S3,2025-01-23,F03,0,1
Q000516,A00096,S3,2025-01-23,F03,0,1
Q000517,A00096,S3,2025-01-23,F05,0,1
Q000518,A00096,S4,2025-01-24,F01,0,1
Q000519,A00096,S4,2025-01-24,F03,0,1
Q000520,A00096,S4,2025-01-24,F01,1,0
Q000521,A00096,S4,2025-01-24,F02,0,1
Q000522,A00096,S4,2025-01-24,F01,0,1
Q000523,A00096,S4,2025-01-24,F01,0,1
Q000524,A00096,S4,2025-01-24,F01,1,0
Q000525,A00096,S5,2025-01-25,F01,0,1
Q000526,A00096,S5,2025-01-25,F03,0,1
Q000527,A00097,S3,2025-01-23,F03,0,1
Q000528,A00097,S3,2025-01-23,F02,0,1
Q000529,A00097,S4,2025-01-23,F02,0,1
Q000530,A00097,S4,2025-01-23,F02,1,0
Q000531,A00097,S4,2025-01-23,F03,0,1
Q000532,A00097,S5,2025-01-24,F01,0,1
Q000533,A00097,S5,2025-01-24,F06,1,0
Q000534,A00098,S3,2025-01-23,F02,0,1
Q000535,A00098,S3,2025-01-23,F02,0,1
Q000536,A00098,S3,2025-01-23,F01,1,0
Q000537,A00098,S4,2025-01-24,F01,0,1
Q000538,A00098,S4,2025-01-24,F01,1,0
Q000539,A00098,S5,2025-01-24,F02,0,1
Q000540,A00098,S5,2025-01-24,F01,0,1
Q000541,A00098,S5,2025-01-24,F03,1,0
Q000542,A00099,S3,2025-01-23,F02,0,1
Q000543,A00100,S3,2025-01-23,F01,0,1
Q000544,A00100,S5,2025-01-23,F01,0,1
Q000545,A00101,S3,2025-01-24,F03,0,1
Q000546,A00101,S4,2025-01-24,F05,0,1
Q000547,A00101,S4,2025-01-24,F06,0,1
Q000548,A00102,S3,2025-01-23,F01,0,1
Q000549,A00102,S5,2025-01-24,F01,0,1
Q000550,A00103,S3,2025-01-24,F01,0,1
Q000551,A00103,S3,2025-01-24,F03,0,1
Q000552,A00103,S3,2025-01-24,F03,0,1
Q000553,A00103,S3,2025-01-24,F02,0,1
Q000554,A00103,S4,2025-01-24,F06,0,1
Q000555,A00103,S4,2025-01-24,F05,0,1
Q000556,A00103,S4,2025-01-24,F01,1,0
Q000557,A00103,S5,2025-01-24,F01,1,0
Q000558,A00103,S5,2025-01-24,F04,0,1
Q000559,A00104,S3,2025-01-24,F02,1,0
Q000560,A00104,S4,2025-01-25,F02,0,1
Q000561,A00104,S4,2025-01-25,F04,1,0
Q000562,A00104,S5,2025-01-25,F03,1,0
Q000563,A00105,S4,2025-01-26,F04,0,1
Q000564,A00105,S4,2025-01-26,F03,1,0
Q000565,A00105,S5,2025-01-27,F02,0,1
Q000566,A00106,S3,2025-01-25,F01,1,0
Q000567,A00106,S4,2025-01-25,F01,0,1
Q000568,A00106,S4,2025-01-25,F04,0,1
Q000569,A00106,S4,2025-01-25,F06,0,1
Q000570,A00106,S5,2025-01-25,F03,0,1
Q000571,A00106,S5,2025-01-25,F02,0,1
Q000572,A00107,S3,2025-01-26,F03,0,1
Q000573,A00107,S3,2025-01-26,F06,0,1
Q000574,A00107,S4,2025-01-27,F03,0,1
Q000575,A00107,S4,2025-01-27,F04,0,1
Q000576,A00107,S4,2025-01-27,F01,0,1
Q000577,A00107,S5,2025-01-27,F05,0,1
Q000578,A00107,S5,2025-01-27,F01,0,1
Q000579,A00107,S5,2025-01-27,F01,1,0
Q000580,A00107,S5,2025-01-27,F03,0,1
Q000581,A00108,S3,2025-01-26,F03,1,0
Q000582,A00108,S4,2025-01-27,F05,0,1
Q000583,A00109,S5,2025-01-26,F03,0,1
Q000584,A00110,S3,2025-01-26,F04,0,1
Q000585,A00110,S4,2025-01-26,F01,0,1
Q000586,A00110,S4,2025-01-26,F05,0,1
Q000587,A00110,S4,2025-01-26,F04,1,0
Q000588,A00110,S5,2025-01-26,F01,0,1
Q000589,A00111,S4,2025-01-26,F02,0,1
Q000590,A00111,S4,2025-01-26,F02,0,1
Q000591,A00111,S4,2025-01-26,F01,1,0
Q000592,A00111,S5,2025-01-26,F03,0,1
Q000593,A00111,S5,2025-01-26,F05,0,1
Q000594,A00113,S3,2025-01-26,F04,0,1
Q000595,A00113,S3,2025-01-26,F02,0,1
Q000596,A00113,S4,2025-01-28,F04,0,1
Q000597,A00113,S4,2025-01-28,F02,0,1
Q000598,A00113,S4,2025-01-28,F04,1,0
Q000599,A00113,S4,2025-01-28,F03,1,0
Q000600,A00113,S4,2025-01-28,F03,0,1
Q000601,A00113,S4,2025-01-28,F01,0,1
Q000602,A00113,S4,2025-01-28,F01,0,1
Q000603,A00113,S5,2025-01-28,F02,1,0
Q000604,A00113,S5,2025-01-28,F05,0,1
Q000605,A00113,S5,2025-01-28,F04,0,1
Q000606,A00113,S5,2025-01-28,F01,0,1
Q000607,A00114,S3,2025-01-27,F02,0,1
Q000608,A00114,S4,2025-01-27,F01,0,1
Q000609,A00114,S4,2025-01-27,F03,0,1
Q000610,A00114,S4,2025-01-27,F01,0,1
Q000611,A00114,S5,2025-01-27,F01,0,1
Q000612,A00115,S4,2025-01-29,F06,0,1
Q000613,A00115,S5,2025-01-29,F02,1,0
Q000614,A00116,S4,2025-01-27,F01,1,0
Q000615,A00116,S4,2025-01-27,F02,0,1
Q000616,A00117,S4,2025-01-27,F05,0,1
Q000617,A00117,S5,2025-01-27,F02,1,0
Q000618,A00117,S5,2025-01-27,F01,0,1
Q000619,A00118,S3,2025-01-28,F03,0,1
Q000620,A00118,S4,2025-01-28,F02,0,1
Q000621,A00119,S3,2025-01-28,F01,1,0
Q000622,A00119,S4,2025-01-29,F06,0,1
Q000623,A00119,S4,2025-01-29,F04,1,0
Q000624,A00119,S4,2025-01-29,F01,1,0
Q000625,A00119,S4,2025-01-29,F01,0,1
Q000626,A00119,S4,2025-01-29,F01,0,1
Q000627,A00119,S4,2025-01-29,F03,0,1
Q000628,A00119,S4,2025-01-29,F04,0,1
Q000629,A00119,S5,2025-01-29,F01,0,1
Q000630,A00120,S3,2025-01-27,F04,1,0
Q000631,A00120,S4,2025-01-28,F01,0,1
Q000632,A00120,S4,2025-01-28,F01,0,1
Q000633,A00120,S4,2025-01-28,F01,0,1
Q000634,A00120,S5,2025-01-28,F02,1,0
Q000635,A00120,S5,2025-01-28,F06,0,1
Q000636,A00122,S3,2025-01-28,F04,1,0
Q000637,A00122,S5,2025-01-29,F03,0,1
Q000638,A00122,S5,2025-01-29,F06,0,1
Q000639,A00122,S5,2025-01-29,F02,0,1
Q000640,A00123,S3,2025-01-28,F01,0,1
Q000641,A00123,S3,2025-01-28,F02,1,0
Q000642,A00123,S3,2025-01-28,F01,1,0
Q000643,A00123,S3,2025-01-28,F03,0,1
Q000644,A00123,S4,2025-01-28,F03,0,1
Q000645,A00123,S4,2025-01-28,F04,0,1
Q000646,A00123,S4,2025-01-28,F04,0,1
Q000647,A00123,S4,2025-01-28,F04,0,1
Q000648,A00123,S5,2025-01-28,F02,0,1
Q000649,A00123,S5,2025-01-28,F03,0,1
Q000650,A00124,S3,2025-01-27,F01,0,1
Q000651,A00124,S4,2025-01-28,F02,0,1
Q000652,A00124,S4,2025-01-28,F06,0,1
Q000653,A00124,S5,2025-01-28,F04,1,0
Q000654,A00124,S5,2025-01-28,F02,0,1
Q000655,A00124,S5,2025-01-28,F04,1,0
Q000656,A00125,S3,2025-01-28,F01,0,1
Q000657,A00125,S3,2025-01-28,F01,0,1
Q000658,A00125,S4,2025-01-29,F03,0,1
Q000659,A00125,S4,2025-01-29,F04,0,1
Q000660,A00125,S4,2025-01-29,F03,0,1
Q000661,A00125,S5,2025-01-29,F01,1,0
Q000662,A00125,S5,2025-01-29,F03,0,1
Q000663,A00125,S5,2025-01-29,F06,1,0
Q000664,A00126,S3,2025-01-29,F04,0,1
Q000665,A00126,S4,2025-01-30,F02,0,1
Q000666,A00126,S4,2025-01-30,F02,0,1
Q000667,A00126,S4,2025-01-30,F06,0,1
Q000668,A00126,S4,2025-01-30,F01,0,1
Q000669,A00126,S5,2025-01-30,F01,0,1
Q000670,A00126,S5,2025-01-30,F03,0,1
Q000671,A00127,S3,2025-01-29,F01,1,0
Q000672,A00128,S3,2025-01-29,F03,0,1
Q000673,A00128,S3,2025-01-29,F01,0,1
Q000674,A00128,S3,2025-01-29,F02,0,1
Q000675,A00128,S4,2025-01-30,F04,1,0
Q000676,A00128,S4,2025-01-30,F05,0,1
Q000677,A00128,S4,2025-01-30,F05,0,1
Q000678,A00128,S4,2025-01-30,F01,0,1
Q000679,A00128,S5,2025-01-30,F04,1,0
Q000680,A00129,S3,2025-01-29,F01,0,1
Q000681,A00129,S3,2025-01-29,F01,0,1
Q000682,A00129,S4,2025-01-29,F03,1,0
Q000683,A00130,S3,2025-01-29,F01,0,1
Q000684,A00130,S5,2025-01-29,F05,0,1
Q000685,A00131,S4,2025-02-01,F01,0,1
Q000686,A00131,S4,2025-02-01,F04,1,0
Q000687,A00131,S4,2025-02-01,F01,0,1
Q000688,A00131,S4,2025-02-01,F02,0,1
Q000689,A00131,S5,2025-02-01,F01,0,1
Q000690,A00131,S5,2025-02-01,F01,0,1
Q000691,A00131,S5,2025-02-01,F04,1,0
Q000692,A00131,S5,2025-02-01,F06,1,0
Q000693,A00132,S3,2025-01-30,F03,0,1
Q000694,A00132,S3,2025-01-30,F03,1,0
Q000695,A00132,S4,2025-01-31,F03,0,1
Q000696,A00132,S5,2025-01-31,F05,0,1
Q000697,A00133,S3,2025-01-30,F01,0,1
Q000698,A00133,S4,2025-01-30,F06,0,1
Q000699,A00133,S4,2025-01-30,F02,0,1
Q000700,A00134,S4,2025-01-31,F02,0,1
Q000701,A00134,S4,2025-01-31,F03,0,1
Q000702,A00134,S5,2025-02-01,F02,0,1
Q000703,A00136,S3,2025-01-31,F01,0,1
Q000704,A00136,S4,2025-01-31,F04,1,0
Q000705,A00136,S4,2025-01-31,F02,1,0
Q000706,A00136,S4,2025-01-31,F01,0,1
Q000707,A00136,S5,2025-01-31,F04,0,1
Q000708,A00137,S3,2025-01-31,F05,1,0
Q000709,A00137,S3,2025-01-31,F01,0,1
Q000710,A00137,S4,2025-01-31,F03,0,1
Q000711,A00137,S5,2025-02-01,F03,0,1
Q000712,A00137,S5,2025-02-01,F06,0,1
Q000713,A00138,S3,2025-01-31,F02,0,1
Q000714,A00138,S4,2025-01-31,F06,1,0
Q000715,A00138,S4,2025-01-31,F01,0,1
Q000716,A00138,S4,2025-01-31,F03,0,1
Q000717,A00138,S4,2025-01-31,F02,1,0
Q000718,A00138,S4,2025-01-31,F01,1,0
Q000719,A00138,S4,2025-01-31,F02,1,0
Q000720,A00138,S4,2025-01-31,F02,0,1
Q000721,A00139,S3,2025-02-01,F01,0,1
Q000722,A00139,S3,2025-02-01,F01,0,1
Q000723,A00139,S3,2025-02-01,F01,0,1
Q000724,A00139,S3,2025-02-01,F06,1,0
Q000725,A00139,S3,2025-02-01,F04,0,1
Q000726,A00139,S4,2025-02-02,F01,0,1
Q000727,A00139,S4,2025-02-02,F05,1,0
Q000728,A00139,S4,2025-02-02,F05,0,1
Q000729,A00139,S5,2025-02-02,F04,1,0
Q000730,A00139,S5,2025-02-02,F02,0,1
Q000731,A00140,S3,2025-02-01,F01,0,1
Q000732,A00142,S4,2025-02-02,F05,0,1
Q000733,A00142,S4,2025-02-02,F01,0,1
Q000734,A00143,S3,2025-01-31,F01,0,1
Q000735,A00143,S4,2025-01-31,F06,0,1
Q000736,A00143,S5,2025-02-01,F04,0,1
Q000737,A00143,S5,2025-02-01,F06,1,0
Q000738,A00144,S3,2025-02-01,F01,0,1
Q000739,A00144,S3,2025-02-01,F02,0,1
Q000740,A00144,S4,2025-02-01,F03,0,1
Q000741,A00144,S4,2025-02-01,F03,0,1
Q000742,A00144,S5,2025-02-01,F03,0,1
Q000743,A00145,S3,2025-01-31,F01,1,0
Q000744,A00145,S3,2025-01-31,F03,0,1
Q000745,A00145,S3,2025-01-31,F04,0,1
Q000746,A00145,S5,2025-02-01,F01,0,1
Q000747,A00145,S5,2025-02-01,F02,0,1
Q000748,A00146,S3,2025-02-02,F03,1,0
Q000749,A00146,S4,2025-02-04,F06,0,1
Q000750,A00146,S4,2025-02-04,F03,0,1
Q000751,A00146,S4,2025-02-04,F06,0,1
Q000752,A00146,S4,2025-02-04,F03,0,1
Q000753,A00146,S4,2025-02-04,F04,0,1
Q000754,A00146,S4,2025-02-04,F02,1,0
Q000755,A00146,S5,2025-02-04,F01,0,1
Q000756,A00146,S5,2025-02-04,F04,0,1
Q000757,A00147,S4,2025-02-03,F02,0,1
Q000758,A00147,S4,2025-02-03,F02,0,1
Q000759,A00148,S3,2025-02-02,F05,0,1
Q000760,A00148,S3,2025-02-02,F03,0,1
Q000761,A00148,S4,2025-02-02,F06,0,1
Q000762,A00148,S5,2025-02-02,F02,0,1
Q000763,A00148,S5,2025-02-02,F03,0,1
Q000764,A00148,S5,2025-02-02,F01,1,0
Q000765,A00148,S5,2025-02-02,F01,0,1
Q000766,A00149,S3,2025-02-02,F03,0,1
Q000767,A00149,S3,2025-02-02,F04,1,0
Q000768,A00149,S3,2025-02-02,F05,0,1
Q000769,A00149,S3,2025-02-02,F04,1,0
Q000770,A00149,S3,2025-02-02,F02,0,1
Q000771,A00149,S4,2025-02-03,F01,0,1
Q000772,A00149,S4,2025-02-03,F01,0,1
Q000773,A00149,S4,2025-02-03,F02,0,1
Q000774,A00149,S4,2025-02-03,F03,0,1
Q000775,A00149,S4,2025-02-03,F01,0,1
Q000776,A00149,S5,2025-02-03,F02,1,0
Q000777,A00149,S5,2025-02-03,F01,0,1
Q000778,A00149,S5,2025-02-03,F01,1,0
Q000779,A00149,S5,2025-02-03,F05,0,1
Q000780,A00151,S3,2025-02-02,F02,1,0
Q000781,A00151,S3,2025-02-02,F05,0,1
Q000782,A00151,S3,2025-02-02,F02,0,1
Q000783,A00151,S3,2025-02-02,F03,0,1
Q000784,A00151,S4,2025-02-03,F02,0,1
Q000785,A00151,S4,2025-02-03,F02,0,1
Q000786,A00151,S5,2025-02-03,F03,0,1
Q000787,A00151,S5,2025-02-03,F02,0,1
Q000788,A00151,S5,2025-02-03,F03,0,1
Q000789,A00152,S5,2025-02-04,F04,0,1
Q000790,A00153,S3,2025-02-03,F01,0,1
Q000791,A00153,S3,2025-02-03,F02,0,1
Q000792,A00153,S3,2025-02-03,F01,1,0
Q000793,A00153,S4,2025-02-03,F03,0,1
Q000794,A00153,S4,2025-02-03,F03,0,1
Q000795,A00153,S4,2025-02-03,F01,1,0
Q000796,A00153,S4,2025-02-03,F03,0,1
Q000797,A00153,S4,2025-02-03,F01,0,1
Q000798,A00153,S4,2025-02-03,F01,1,0
Q000799,A00153,S4,2025-02-03,F06,0,1
Q000800,A00153,S4,2025-02-03,F02,1,0
Q000801,A00153,S5,2025-02-03,F06,0,1
Q000802,A00153,S5,2025-02-03,F02,0,1
Q000803,A00153,S5,2025-02-03,F01,0,1
Q000804,A00153,S5,2025-02-03,F01,1,0
Q000805,A00154,S3,2025-02-02,F02,0,1
Q000806,A00155,S3,2025-02-03,F02,0,1
Q000807,A00155,S5,2025-02-03,F03,1,0
Q000808,A00156,S3,2025-02-04,F03,0,1
Q000809,A00156,S4,2025-02-04,F03,0,1
Q000810,A00156,S4,2025-02-04,F02,0,1
Q000811,A00156,S5,2025-02-04,F03,0,1
Q000812,A00157,S3,2025-02-03,F03,0,1
Q000813,A00157,S4,2025-02-03,F04,0,1
Q000814,A00158,S4,2025-02-04,F02,1,0
Q000815,A00159,S3,2025-02-04,F01,0,1
Q000816,A00159,S3,2025-02-04,F05,0,1
Q000817,A00159,S3,2025-02-04,F02,1,0
Q000818,A00159,S3,2025-02-04,F02,0,1
Q000819,A00159,S3,2025-02-04,F02,0,1
Q000820,A00159,S4,2025-02-05,F03,0,1
Q000821,A00159,S4,2025-02-05,F04,0,1
Q000822,A00159,S4,2025-02-05,F01,0,1
Q000823,A00159,S4,2025-02-05,F04,1,0
Q000824,A00160,S3,2025-02-04,F01,0,1
Q000825,A00160,S4,2025-02-06,F03,0,1
Q000826,A00161,S3,2025-02-04,F02,1,0
Q000827,A00162,S3,2025-02-05,F01,0,1
Q000828,A00162,S4,2025-02-06,F05,0,1
Q000829,A00162,S4,2025-02-06,F05,0,1
Q000830,A00162,S4,2025-02-06,F03,0,1
Q000831,A00162,S5,2025-02-06,F01,0,1
Q000832,A00163,S3,2025-02-05,F02,1,0
Q000833,A00164,S3,2025-02-05,F01,0,1
Q000834,A00164,S3,2025-02-05,F04,0,1
Q000835,A00164,S4,2025-02-05,F02,1,0
Q000836,A00165,S4,2025-02-07,F02,0,1
Q000837,A00165,S4,2025-02-07,F03,0,1
Q000838,A00165,S5,2025-02-07,F04,1,0
Q000839,A00166,S3,2025-02-06,F04,0,1
Q000840,A00166,S4,2025-02-06,F01,1,0
Q000841,A00166,S4,2025-02-06,F01,1,0
Q000842,A00166,S4,2025-02-06,F04,0,1
Q000843,A00166,S5,2025-02-06,F01,0,1
Q000844,A00167,S4,2025-02-06,F04,0,1
Q000845,A00168,S4,2025-02-07,F03,0,1
Q000846,A00168,S4,2025-02-07,F03,0,1
Q000847,A00168,S5,2025-02-08,F04,0,1
Q000848,A00169,S3,2025-02-07,F01,1,0
Q000849,A00169,S4,2025-02-07,F02,1,0
Q000850,A00169,S4,2025-02-07,F04,0,1
Q000851,A00169,S5,2025-02-07,F02,0,1
Q000852,A00169,S5,2025-02-07,F03,0,1
Q000853,A00170,S4,2025-02-07,F02,0,1
Q000854,A00170,S4,2025-02-07,F02,0,1
Q000855,A00170,S4,2025-02-07,F06,0,1
Q000856,A00170,S4,2025-02-07,F05,0,1
Q000857,A00170,S4,2025-02-07,F03,0,1
Q000858,A00170,S4,2025-02-07,F05,0,1
Q000859,A00170,S5,2025-02-07,F02,0,1
Q000860,A00171,S3,2025-02-07,F02,0,1
Q000861,A00171,S3,2025-02-07,F03,0,1
Q000862,A00171,S4,2025-02-08,F05,0,1
Q000863,A00171,S4,2025-02-08,F02,0,1
Q000864,A00171,S4,2025-02-08,F02,1,0
Q000865,A00171,S5,2025-02-09,F01,1,0
Q000866,A00171,S5,2025-02-09,F05,0,1
Q000867,A00173,S4,2025-02-08,F01,1,0
Q000868,A00173,S4,2025-02-08,F04,0,1
Q000869,A00173,S4,2025-02-08,F04,1,0
Q000870,A00173,S4,2025-02-08,F01,0,1
Q000871,A00173,S4,2025-02-08,F04,0,1
Q000872,A00173,S5,2025-02-08,F04,0,1
Q000873,A00174,S3,2025-02-07,F02,1,0
Q000874,A00174,S3,2025-02-07,F04,1,0
Q000875,A00174,S4,2025-02-07,F03,0,1
Q000876,A00174,S4,2025-02-07,F02,0,1
Q000877,A00174,S4,2025-02-07,F01,0,1
Q000878,A00174,S4,2025-02-07,F03,0,1
Q000879,A00174,S5,2025-02-08,F03,0,1
Q000880,A00174,S5,2025-02-08,F04,0,1
Q000881,A00174,S5,2025-02-08,F05,0,1
Q000882,A00175,S3,2025-02-08,F02,0,1
Q000883,A00176,S3,2025-02-08,F03,1,0
Q000884,A00177,S3,2025-02-09,F01,0,1
Q000885,A00177,S3,2025-02-09,F04,0,1
Q000886,A00177,S3,2025-02-09,F01,0,1
Q000887,A00177,S4,2025-02-09,F02,0,1
Q000888,A00177,S4,2025-02-09,F03,0,1
Q000889,A00177,S4,2025-02-09,F02,0,1
Q000890,A00177,S4,2025-02-09,F02,0,1
Q000891,A00177,S4,2025-02-09,F06,0,1
Q000892,A00178,S3,2025-02-08,F01,0,1
Q000893,A00178,S4,2025-02-09,F06,0,1
Q000894,A00178,S4,2025-02-09,F01,0,1
Q000895,A00179,S4,2025-02-08,F01,1,0
Q000896,A00180,S4,2025-02-09,F01,0,1
Q000897,A00181,S3,2025-02-09,F05,0,1
Q000898,A00181,S3,2025-02-09,F05,0,1
Q000899,A00181,S3,2025-02-09,F01,1,0
Q000900,A00181,S3,2025-02-09,F05,0,1
Q000901,A00181,S3,2025-02-09,F02,0,1
Q000902,A00181,S4,2025-02-11,F04,0,1
Q000903,A00181,S4,2025-02-11,F02,0,1
Q000904,A00181,S5,2025-02-11,F06,0,1
Q000905,A00182,S4,2025-02-09,F02,1,0
Q000906,A00182,S5,2025-02-09,F02,1,0
Q000907,A00183,S3,2025-02-08,F04,1,0
Q000908,A00183,S3,2025-02-08,F04,1,0
Q000909,A00183,S3,2025-02-08,F03,0,1
Q000910,A00184,S3,2025-02-10,F04,0,1
Q000911,A00184,S3,2025-02-10,F05,0,1
Q000912,A00184,S3,2025-02-10,F05,1,0
Q000913,A00184,S3,2025-02-10,F01,0,1
Q000914,A00184,S4,2025-02-11,F03,0,1
Q000915,A00184,S4,2025-02-11,F03,1,0
Q000916,A00184,S4,2025-02-11,F05,0,1
Q000917,A00184,S4,2025-02-11,F03,0,1
Q000918,A00184,S4,2025-02-11,F02,0,1
Q000919,A00184,S4,2025-02-11,F02,0,1
Q000920,A00184,S4,2025-02-11,F03,1,0
Q000921,A00185,S4,2025-02-11,F02,0,1
Q000922,A00185,S4,2025-02-11,F03,1,0
Q000923,A00185,S5,2025-02-11,F04,0,1
Q000924,A00186,S4,2025-02-11,F03,0,1
Q000925,A00186,S4,2025-02-11,F01,0,1
Q000926,A00186,S4,2025-02-11,F06,0,1
Q000927,A00186,S4,2025-02-11,F05,1,0
Q000928,A00186,S5,2025-02-12,F01,0,1
Q000929,A00187,S3,2025-02-10,F04,0,1
Q000930,A00187,S3,2025-02-10,F06,1,0
Q000931,A00187,S4,2025-02-11,F05,0,1
Q000932,A00187,S4,2025-02-11,F01,1,0
Q000933,A00187,S4,2025-02-11,F02,1,0
Q000934,A00187,S4,2025-02-11,F02,1,0
Q000935,A00187,S5,2025-02-11,F03,0,1
Q000936,A00188,S3,2025-02-11,F01,0,1
Q000937,A00188,S3,2025-02-11,F03,0,1
Q000938,A00188,S3,2025-02-11,F02,0,1
Q000939,A00188,S3,2025-02-11,F02,0,1
Q000940,A00188,S3,2025-02-11,F02,1,0
Q000941,A00188,S4,2025-02-12,F03,0,1
Q000942,A00188,S4,2025-02-12,F04,0,1
Q000943,A00188,S4,2025-02-12,F02,0,1
Q000944,A00188,S4,2025-02-12,F03,0,1
Q000945,A00188,S4,2025-02-12,F04,0,1
Q000946,A00188,S4,2025-02-12,F01,1,0
Q000947,A00188,S4,2025-02-12,F03,0,1
Q000948,A00188,S4,2025-02-12,F01,0,1
Q000949,A00188,S4,2025-02-12,F01,0,1
Q000950,A00188,S4,2025-02-12,F05,0,1
Q000951,A00188,S5,2025-02-13,F01,0,1
Q000952,A00188,S5,2025-02-13,F03,0,1
Q000953,A00189,S3,2025-02-11,F02,1,0
Q000954,A00189,S5,2025-02-12,F05,0,1
Q000955,A00190,S3,2025-02-11,F06,1,0
Q000956,A00190,S4,2025-02-11,F01,1,0
Q000957,A00190,S4,2025-02-11,F05,0,1
Q000958,A00190,S4,2025-02-11,F05,0,1
Q000959,A00190,S4,2025-02-11,F01,1,0
Q000960,A00190,S4,2025-02-11,F02,0,1
Q000961,A00190,S4,2025-02-11,F02,0,1
Q000962,A00190,S4,2025-02-11,F01,0,1
Q000963,A00190,S4,2025-02-11,F01,0,1
Q000964,A00191,S3,2025-02-10,F03,0,1
Q000965,A00191,S4,2025-02-11,F02,0,1
Q000966,A00191,S4,2025-02-11,F01,0,1
Q000967,A00191,S5,2025-02-11,F01,0,1
Q000968,A00192,S4,2025-02-12,F03,0,1
Q000969,A00192,S4,2025-02-12,F01,0,1
Q000970,A00192,S5,2025-02-12,F05,0,1
Q000971,A00193,S3,2025-02-11,F05,1,0
Q000972,A00193,S3,2025-02-11,F05,0,1
Q000973,A00193,S3,2025-02-11,F02,0,1
Q000974,A00193,S3,2025-02-11,F02,1,0
Q000975,A00193,S4,2025-02-13,F01,0,1
Q000976,A00193,S4,2025-02-13,F03,1,0
Q000977,A00194,S4,2025-02-13,F04,1,0
Q000978,A00194,S4,2025-02-13,F04,0,1
Q000979,A00194,S4,2025-02-13,F04,0,1
Q000980,A00194,S4,2025-02-13,F02,0,1
Q000981,A00194,S4,2025-02-13,F05,0,1
Q000982,A00194,S4,2025-02-13,F01,0,1
Q000983,A00194,S4,2025-02-13,F03,0,1
Q000984,A00194,S5,2025-02-13,F01,0,1
Q000985,A00194,S5,2025-02-13,F01,1,0
Q000986,A00195,S4,2025-02-12,F02,1,0
Q000987,A00196,S3,2025-02-12,F01,0,1
Q000988,A00196,S4,2025-02-12,F03,0,1
Q000989,A00196,S4,2025-02-12,F02,1,0
Q000990,A00196,S4,2025-02-12,F02,0,1
Q000991,A00196,S4,2025-02-12,F03,0,1
Q000992,A00196,S5,2025-02-12,F01,0,1
Q000993,A00196,S5,2025-02-12,F03,0,1
Q000994,A00196,S5,2025-02-12,F03,0,1
Q000995,A00197,S4,2025-02-12,F02,0,1
Q000996,A00198,S4,2025-02-13,F01,0,1
Q000997,A00198,S4,2025-02-13,F03,0,1
Q000998,A00198,S4,2025-02-13,F01,1,0
Q000999,A00199,S4,2025-02-13,F02,0,1
Q001000,A00200,S3,2025-02-13,F06,0,1
Q001001,A00200,S3,2025-02-13,F02,0,1
Q001002,A00200,S4,2025-02-14,F04,0,1
Q001003,A00200,S4,2025-02-14,F02,0,1
Q001004,A00200,S4,2025-02-14,F02,0,1
Q001005,A00200,S4,2025-02-14,F04,0,1
Q001006,A00200,S4,2025-02-14,F03,0,1
Q001007,A00200,S4,2025-02-14,F01,0,1
Q001008,A00200,S4,2025-02-14,F04,1,0
Q001009,A00200,S4,2025-02-14,F01,1,0
Q001010,A00201,S4,2025-02-13,F02,0,1
Q001011,A00202,S3,2025-02-14,F02,0,1
Q001012,A00202,S3,2025-02-14,F01,0,1
Q001013,A00202,S3,2025-02-14,F03,0,1
Q001014,A00202,S3,2025-02-14,F02,0,1
Q001015,A00202,S3,2025-02-14,F02,1,0
Q001016,A00202,S4,2025-02-15,F01,0,1
Q001017,A00202,S4,2025-02-15,F02,0,1
Q001018,A00202,S4,2025-02-15,F02,0,1
Q001019,A00202,S4,2025-02-15,F04,0,1
Q001020,A00202,S4,2025-02-15,F03,0,1
Q001021,A00202,S4,2025-02-15,F03,0,1
Q001022,A00202,S5,2025-02-15,F01,0,1
Q001023,A00203,S3,2025-02-14,F05,0,1
Q001024,A00203,S3,2025-02-14,F05,0,1
Q001025,A00203,S3,2025-02-14,F04,1,0
Q001026,A00203,S4,2025-02-15,F04,0,1
Q001027,A00204,S3,2025-02-14,F05,0,1
Q001028,A00204,S3,2025-02-14,F01,0,1
Q001029,A00205,S3,2025-02-14,F04,0,1
Q001030,A00205,S3,2025-02-14,F03,0,1
Q001031,A00205,S3,2025-02-14,F03,0,1
Q001032,A00205,S4,2025-02-14,F02,0,1
Q001033,A00205,S4,2025-02-14,F01,0,1
Q001034,A00205,S4,2025-02-14,F01,1,0
Q001035,A00205,S4,2025-02-14,F03,0,1
Q001036,A00205,S5,2025-02-15,F04,0,1
Q001037,A00206,S3,2025-02-15,F01,0,1
Q001038,A00206,S3,2025-02-15,F04,1,0
Q001039,A00206,S3,2025-02-15,F01,0,1
Q001040,A00206,S4,2025-02-16,F01,1,0
Q001041,A00206,S4,2025-02-16,F02,0,1
Q001042,A00206,S4,2025-02-16,F03,0,1
Q001043,A00207,S3,2025-02-14,F02,0,1
Q001044,A00207,S3,2025-02-14,F04,0,1
Q001045,A00207,S4,2025-02-15,F03,0,1
Q001046,A00207,S4,2025-02-15,F01,0,1
Q001047,A00207,S5,2025-02-15,F03,0,1
Q001048,A00207,S5,2025-02-15,F06,0,1
Q001049,A00208,S3,2025-02-15,F03,0,1
Q001050,A00208,S4,2025-02-16,F06,0,1
Q001051,A00208,S4,2025-02-16,F02,0,1
Q001052,A00208,S5,2025-02-16,F06,0,1
Q001053,A00209,S4,2025-02-16,F01,0,1
Q001054,A00209,S4,2025-02-16,F01,0,1
Q001055,A00209,S4,2025-02-16,F01,0,1
Q001056,A00209,S4,2025-02-16,F06,1,0
Q001057,A00209,S4,2025-02-16,F02,0,1
Q001058,A00209,S4,2025-02-16,F06,0,1
Q001059,A00209,S5,2025-02-16,F05,0,1
Q001060,A00209,S5,2025-02-16,F02,0,1
Q001061,A00209,S5,2025-02-16,F04,0,1
Q001062,A00209,S5,2025-02-16,F02,0,1
Q001063,A00209,S5,2025-02-16,F04,0,1
Q001064,A00210,S3,2025-02-17,F02,1,0
Q001065,A00211,S3,2025-02-17,F04,1,0
Q001066,A00211,S5,2025-02-17,F01,0,1
Q001067,A00212,S3,2025-02-16,F06,0,1
Q001068,A00212,S3,2025-02-16,F06,0,1
Q001069,A00212,S4,2025-02-17,F04,1,0
Q001070,A00212,S4,2025-02-17,F03,0,1
Q001071,A00212,S5,2025-02-17,F04,0,1
Q001072,A00212,S5,2025-02-17,F01,0,1
Q001073,A00213,S3,2025-02-18,F02,1,0
Q001074,A00213,S3,2025-02-18,F02,1,0
Q001075,A00213,S4,2025-02-18,F01,0,1
Q001076,A00213,S4,2025-02-18,F03,0,1
Q001077,A00213,S5,2025-02-18,F01,0,1
Q001078,A00213,S5,2025-02-18,F05,0,1
Q001079,A00214,S4,2025-02-18,F02,0,1
Q001080,A00214,S4,2025-02-18,F06,0,1
Q001081,A00214,S4,2025-02-18,F04,0,1
Q001082,A00214,S5,2025-02-19,F03,0,1
Q001083,A00214,S5,2025-02-19,F02,0,1
Q001084,A00214,S5,2025-02-19,F04,0,1
Q001085,A00215,S3,2025-02-18,F01,0,1
Q001086,A00215,S4,2025-02-19,F01,0,1
Q001087,A00215,S4,2025-02-19,F05,0,1
Q001088,A00215,S4,2025-02-19,F02,0,1
Q001089,A00215,S4,2025-02-19,F02,0,1
Q001090,A00215,S4,2025-02-19,F04,1,0
Q001091,A00215,S5,2025-02-19,F01,1,0
Q001092,A00215,S5,2025-02-19,F02,0,1
Q001093,A00216,S3,2025-02-18,F03,0,1
Q001094,A00216,S4,2025-02-18,F03,0,1
Q001095,A00216,S4,2025-02-18,F02,0,1
Q001096,A00216,S4,2025-02-18,F01,1,0
Q001097,A00216,S4,2025-02-18,F03,0,1
Q001098,A00216,S4,2025-02-18,F01,0,1
Q001099,A00216,S5,2025-02-18,F02,0,1
Q001100,A00216,S5,2025-02-18,F03,0,1
Q001101,A00217,S3,2025-02-19,F05,0,1
Q001102,A00217,S3,2025-02-19,F04,0,1
Q001103,A00217,S4,2025-02-20,F03,0,1
Q001104,A00217,S5,2025-02-20,F03,0,1
Q001105,A00218,S3,2025-02-19,F01,0,1
Q001106,A00218,S3,2025-02-19,F02,1,0
Q001107,A00218,S4,2025-02-20,F04,0,1
Q001108,A00218,S5,2025-02-20,F06,0,1
Q001109,A00218,S5,2025-02-20,F01,0,1
Q001110,A00218,S5,2025-02-20,F01,0,1
Q001111,A00219,S3,2025-02-19,F01,0,1
Q001112,A00219,S3,2025-02-19,F03,0,1
Q001113,A00219,S3,2025-02-19,F04,0,1
Q001114,A00219,S3,2025-02-19,F02,0,1
Q001115,A00219,S3,2025-02-19,F01,0,1
Q001116,A00219,S4,2025-02-20,F02,0,1
Q001117,A00219,S4,2025-02-20,F02,0,1
Q001118,A00219,S4,2025-02-20,F01,0,1
Q001119,A00219,S4,2025-02-20,F01,0,1
Q001120,A00219,S4,2025-02-20,F01,0,1
Q001121,A00219,S5,2025-02-20,F01,0,1
Q001122,A00219,S5,2025-02-20,F04,0,1
Q001123,A00219,S5,2025-02-20,F05,1,0
Q001124,A00219,S5,2025-02-20,F06,0,1
Q001125,A00220,S4,2025-02-20,F02,0,1
Q001126,A00221,S3,2025-02-20,F02,0,1
Q001127,A00221,S3,2025-02-20,F05,0,1
Q001128,A00221,S4,2025-02-21,F01,0,1
Q001129,A00221,S4,2025-02-21,F01,0,1
Q001130,A00221,S4,2025-02-21,F05,1,0
Q001131,A00222,S3,2025-02-21,F02,0,1
Q001132,A00222,S3,2025-02-21,F04,0,1
Q001133,A00222,S3,2025-02-21,F06,1,0
Q001134,A00222,S4,2025-02-21,F05,0,1
Q001135,A00222,S4,2025-02-21,F02,1,0
Q001136,A00222,S4,2025-02-21,F01,1,0
Q001137,A00222,S4,2025-02-21,F04,0,1
Q001138,A00222,S4,2025-02-21,F01,0,1
Q001139,A00222,S4,2025-02-21,F01,1,0
Q001140,A00222,S5,2025-02-22,F02,0,1
Q001141,A00222,S5,2025-02-22,F02,1,0
Q001142,A00222,S5,2025-02-22,F05,0,1
Q001143,A00222,S5,2025-02-22,F02,0,1
Q001144,A00223,S3,2025-02-20,F05,0,1
Q001145,A00223,S3,2025-02-20,F01,1,0
Q001146,A00223,S4,2025-02-20,F01,0,1
Q001147,A00223,S4,2025-02-20,F02,0,1
Q001148,A00223,S4,2025-02-20,F05,0,1
Q001149,A00224,S3,2025-02-21,F01,1,0
Q001150,A00224,S3,2025-02-21,F01,0,1
Q001151,A00224,S3,2025-02-21,F01,0,1
Q001152,A00224,S3,2025-02-21,F01,0,1
Q001153,A00224,S3,2025-02-21,F01,0,1
Q001154,A00224,S4,2025-02-22,F02,0,1
Q001155,A00224,S4,2025-02-22,F02,1,0
Q001156,A00224,S4,2025-02-22,F03,0,1
Q001157,A00225,S3,2025-02-21,F05,0,1
Q001158,A00225,S3,2025-02-21,F02,0,1
Q001159,A00225,S3,2025-02-21,F01,1,0
Q001160,A00225,S4,2025-02-22,F02,0,1
Q001161,A00225,S4,2025-02-22,F03,0,1
Q001162,A00226,S3,2025-02-21,F04,0,1
Q001163,A00226,S3,2025-02-21,F01,0,1
Q001164,A00226,S3,2025-02-21,F03,0,1
Q001165,A00226,S4,2025-02-22,F01,0,1
Q001166,A00226,S4,2025-02-22,F05,1,0
Q001167,A00226,S5,2025-02-22,F05,1,0
Q001168,A00227,S3,2025-02-22,F05,0,1
Q001169,A00227,S3,2025-02-22,F04,0,1
Q001170,A00227,S3,2025-02-22,F01,0,1
Q001171,A00227,S4,2025-02-23,F05,0,1
Q001172,A00227,S5,2025-02-23,F01,1,0
Q001173,A00228,S3,2025-02-22,F02,0,1
Q001174,A00228,S3,2025-02-22,F04,1,0
Q001175,A00228,S3,2025-02-22,F02,0,1
Q001176,A00228,S4,2025-02-23,F01,0,1
Q001177,A00228,S4,2025-02-23,F06,0,1
Q001178,A00228,S4,2025-02-23,F03,0,1
Q001179,A00228,S4,2025-02-23,F04,0,1
Q001180,A00228,S4,2025-02-23,F05,0,1
Q001181,A00228,S5,2025-02-23,F04,0,1
Q001182,A00228,S5,2025-02-23,F04,1,0
Q001183,A00229,S3,2025-02-22,F02,1,0
Q001184,A00230,S3,2025-02-22,F01,0,1
Q001185,A00230,S3,2025-02-22,F06,1,0
Q001186,A00230,S4,2025-02-23,F01,0,1
Q001187,A00230,S4,2025-02-23,F01,1,0
Q001188,A00231,S4,2025-02-22,F04,1,0
Q001189,A00231,S4,2025-02-22,F02,0,1
Q001190,A00231,S4,2025-02-22,F06,0,1
Q001191,A00231,S5,2025-02-22,F06,0,1
Q001192,A00231,S5,2025-02-22,F01,0,1
Q001193,A00232,S4,2025-02-22,F04,0,1
Q001194,A00232,S4,2025-02-22,F02,0,1
Q001195,A00234,S3,2025-02-23,F02,0,1
Q001196,A00234,S3,2025-02-23,F06,0,1
Q001197,A00234,S3,2025-02-23,F02,0,1
Q001198,A00234,S5,2025-02-24,F01,0,1
Q001199,A00235,S3,2025-02-23,F03,0,1
Q001200,A00235,S3,2025-02-23,F03,0,1
Q001201,A00235,S3,2025-02-23,F03,0,1
Q001202,A00235,S3,2025-02-23,F01,1,0
Q001203,A00235,S3,2025-02-23,F01,0,1
Q001204,A00235,S4,2025-02-24,F02,0,1
Q001205,A00235,S4,2025-02-24,F06,1,0
Q001206,A00235,S4,2025-02-24,F05,0,1
Q001207,A00235,S4,2025-02-24,F04,1,0
Q001208,A00235,S4,2025-02-24,F03,0,1
Q001209,A00235,S4,2025-02-24,F01,1,0
Q001210,A00235,S4,2025-02-24,F01,0,1
Q001211,A00235,S4,2025-02-24,F03,0,1
Q001212,A00235,S4,2025-02-24,F03,0,1
Q001213,A00235,S4,2025-02-24,F01,1,0
Q001214,A00235,S5,2025-02-24,F04,1,0
Q001215,A00235,S5,2025-02-24,F05,0,1
Q001216,A00235,S5,2025-02-24,F02,1,0
Q001217,A00236,S3,2025-02-23,F02,1,0
Q001218,A00236,S3,2025-02-23,F05,0,1
Q001219,A00236,S4,2025-02-23,F02,1,0
Q001220,A00236,S5,2025-02-23,F01,0,1
Q001221,A00236,S5,2025-02-23,F04,1,0
Q001222,A00236,S5,2025-02-23,F02,0,1
Q001223,A00236,S5,2025-02-23,F05,0,1
Q001224,A00237,S4,2025-02-24,F02,0,1
Q001225,A00237,S5,2025-02-24,F01,0,1
Q001226,A00237,S5,2025-02-24,F02,1,0
Q001227,A00238,S3,2025-02-23,F01,0,1
Q001228,A00238,S3,2025-02-23,F01,0,1
Q001229,A00238,S3,2025-02-23,F03,0,1
Q001230,A00238,S4,2025-02-24,F03,0,1
Q001231,A00238,S4,2025-02-24,F02,0,1
Q001232,A00238,S4,2025-02-24,F03,0,1
Q001233,A00238,S4,2025-02-24,F04,1,0
Q001234,A00238,S5,2025-02-24,F05,0,1
Q001235,A00238,S5,2025-02-24,F02,0,1
Q001236,A00240,S3,2025-02-25,F01,0,1
Q001237,A00240,S4,2025-02-25,F05,0,1
Q001238,A00240,S4,2025-02-25,F01,0,1
Q001239,A00240,S4,2025-02-25,F01,0,1
Q001240,A00240,S4,2025-02-25,F01,1,0
Q001241,A00240,S5,2025-02-25,F03,0,1
Q001242,A00240,S5,2025-02-25,F01,1,0
Q001243,A00241,S3,2025-02-24,F06,0,1
Q001244,A00241,S4,2025-02-24,F02,1,0
Q001245,A00241,S4,2025-02-24,F01,0,1
Q001246,A00241,S4,2025-02-24,F01,0,1
Q001247,A00241,S5,2025-02-24,F04,0,1
Q001248,A00241,S5,2025-02-24,F01,0,1
Q001249,A00241,S5,2025-02-24,F04,0,1
Q001250,A00241,S5,2025-02-24,F01,1,0
Q001251,A00242,S4,2025-02-25,F03,0,1
Q001252,A00242,S4,2025-02-25,F03,0,1
Q001253,A00242,S4,2025-02-25,F04,0,1
Q001254,A00242,S5,2025-02-25,F04,1,0
Q001255,A00242,S5,2025-02-25,F05,1,0
Q001256,A00244,S3,2025-02-25,F01,0,1
Q001257,A00244,S3,2025-02-25,F02,0,1
Q001258,A00244,S4,2025-02-25,F03,0,1
Q001259,A00244,S4,2025-02-25,F01,1,0
Q001260,A00244,S4,2025-02-25,F01,0,1
Q001261,A00244,S4,2025-02-25,F04,0,1
Q001262,A00244,S4,2025-02-25,F03,0,1
Q001263,A00244,S4,2025-02-25,F02,0,1
Q001264,A00245,S3,2025-02-25,F05,0,1
Q001265,A00245,S4,2025-02-25,F02,1,0
Q001266,A00245,S4,2025-02-25,F02,0,1
Q001267,A00245,S4,2025-02-25,F04,0,1
Q001268,A00246,S4,2025-02-26,F02,0,1
Q001269,A00246,S4,2025-02-26,F01,0,1
Q001270,A00246,S4,2025-02-26,F02,1,0
Q001271,A00246,S4,2025-02-26,F03,0,1
Q001272,A00246,S4,2025-02-26,F05,0,1
Q001273,A00246,S5,2025-02-26,F03,0,1
Q001274,A00247,S3,2025-02-25,F01,0,1
Q001275,A00247,S3,2025-02-25,F06,1,0
Q001276,A00247,S3,2025-02-25,F02,1,0
Q001277,A00247,S4,2025-02-25,F02,0,1
Q001278,A00247,S4,2025-02-25,F02,0,1
Q001279,A00247,S4,2025-02-25,F01,0,1
Q001280,A00247,S4,2025-02-25,F04,0,1
Q001281,A00247,S4,2025-02-25,F02,0,1
Q001282,A00247,S5,2025-02-25,F01,1,0
Q001283,A00247,S5,2025-02-25,F05,1,0
Q001284,A00248,S3,2025-02-24,F03,0,1
Q001285,A00248,S4,2025-02-25,F02,0,1
Q001286,A00248,S4,2025-02-25,F01,1,0
Q001287,A00249,S3,2025-02-25,F01,0,1
Q001288,A00249,S4,2025-02-25,F02,1,0
Q001289,A00249,S5,2025-02-25,F04,1,0
Q001290,A00250,S3,2025-02-25,F02,0,1
Q001291,A00250,S3,2025-02-25,F02,0,1
Q001292,A00250,S4,2025-02-25,F01,0,1
Q001293,A00250,S4,2025-02-25,F03,0,1
Q001294,A00250,S4,2025-02-25,F06,1,0
Q001295,A00250,S4,2025-02-25,F04,1,0
Q001296,A00250,S5,2025-02-25,F01,0,1
Q001297,A00251,S3,2025-02-25,F03,0,1
Q001298,A00251,S5,2025-02-25,F03,0,1
Q001299,A00251,S5,2025-02-25,F02,0,1
Q001300,A00251,S5,2025-02-25,F05,0,1
Q001301,A00252,S3,2025-02-25,F06,0,1
Q001302,A00252,S3,2025-02-25,F06,0,1
Q001303,A00252,S4,2025-02-25,F04,0,1
Q001304,A00253,S4,2025-02-25,F04,0,1
Q001305,A00253,S4,2025-02-25,F04,1,0
Q001306,A00254,S3,2025-02-26,F03,0,1
Q001307,A00254,S4,2025-02-27,F01,0,1
Q001308,A00254,S4,2025-02-27,F03,0,1
Q001309,A00254,S4,2025-02-27,F04,0,1
Q001310,A00254,S4,2025-02-27,F04,1,0
Q001311,A00254,S5,2025-02-27,F04,0,1
Q001312,A00254,S5,2025-02-27,F01,0,1
Q001313,A00255,S3,2025-02-26,F04,0,1
Q001314,A00255,S4,2025-02-27,F03,0,1
Q001315,A00255,S5,2025-02-27,F01,0,1
Q001316,A00255,S5,2025-02-27,F06,0,1
Q001317,A00255,S5,2025-02-27,F02,0,1
Q001318,A00256,S4,2025-02-27,F01,0,1
Q001319,A00256,S4,2025-02-27,F01,0,1
Q001320,A00256,S4,2025-02-27,F03,0,1
Q001321,A00256,S4,2025-02-27,F01,0,1
Q001322,A00256,S4,2025-02-27,F02,0,1
Q001323,A00257,S5,2025-02-26,F02,1,0
Q001324,A00259,S3,2025-02-26,F04,1,0
Q001325,A00259,S3,2025-02-26,F05,1,0
Q001326,A00259,S3,2025-02-26,F04,1,0
Q001327,A00259,S4,2025-02-26,F04,1,0
Q001328,A00259,S4,2025-02-26,F01,0,1
Q001329,A00259,S4,2025-02-26,F03,0,1
Q001330,A00259,S5,2025-02-26,F01,0,1
Q001331,A00259,S5,2025-02-26,F04,1,0
Q001332,A00260,S4,2025-02-28,F04,0,1
Q001333,A00260,S4,2025-02-28,F04,1,0
Q001334,A00260,S4,2025-02-28,F02,0,1
Q001335,A00261,S3,2025-02-27,F03,0,1
Q001336,A00261,S3,2025-02-27,F05,0,1
Q001337,A00261,S4,2025-02-28,F04,0,1
Q001338,A00261,S4,2025-02-28,F04,0,1
Q001339,A00261,S4,2025-02-28,F01,0,1
Q001340,A00261,S4,2025-02-28,F01,1,0
Q001341,A00261,S4,2025-02-28,F03,0,1
Q001342,A00262,S3,2025-02-27,F01,0,1
Q001343,A00262,S3,2025-02-27,F06,0,1
Q001344,A00262,S4,2025-02-28,F03,1,0
Q001345,A00262,S4,2025-02-28,F03,0,1
Q001346,A00262,S5,2025-02-28,F01,0,1
Q001347,A00263,S3,2025-02-28,F02,0,1
Q001348,A00263,S4,2025-03-01,F05,0,1
Q001349,A00263,S4,2025-03-01,F01,1,0
Q001350,A00263,S4,2025-03-01,F03,0,1
Q001351,A00263,S4,2025-03-01,F04,0,1
Q001352,A00264,S3,2025-02-28,F04,0,1
Q001353,A00264,S3,2025-02-28,F02,0,1
Q001354,A00264,S3,2025-02-28,F03,0,1
Q001355,A00264,S3,2025-02-28,F01,0,1
Q001356,A00264,S4,2025-03-01,F01,0,1
Q001357,A00264,S4,2025-03-01,F01,1,0
Q001358,A00264,S4,2025-03-01,F02,0,1
Q001359,A00264,S4,2025-03-01,F01,0,1
Q001360,A00264,S5,2025-03-01,F01,1,0
Q001361,A00265,S3,2025-02-28,F02,1,0
Q001362,A00265,S3,2025-02-28,F02,0,1
Q001363,A00265,S3,2025-02-28,F06,0,1
Q001364,A00265,S4,2025-02-28,F02,1,0
Q001365,A00265,S4,2025-02-28,F03,0,1
Q001366,A00265,S5,2025-03-01,F02,0,1
Q001367,A00265,S5,2025-03-01,F03,0,1
Q001368,A00265,S5,2025-03-01,F01,1,0
Q001369,A00265,S5,2025-03-01,F04,0,1
Q001370,A00265,S5,2025-03-01,F02,0,1
Q001371,A00266,S3,2025-02-28,F02,0,1
Q001372,A00266,S4,2025-03-01,F02,0,1
Q001373,A00266,S5,2025-03-01,F01,0,1
Q001374,A00267,S3,2025-02-27,F06,0,1
Q001375,A00267,S4,2025-02-28,F04,0,1
Q001376,A00268,S4,2025-02-28,F02,0,1
Q001377,A00268,S5,2025-02-28,F06,0,1
Q001378,A00269,S4,2025-03-01,F02,0,1
Q001379,A00269,S4,2025-03-01,F01,0,1
Q001380,A00269,S4,2025-03-01,F01,0,1
Q001381,A00269,S4,2025-03-01,F01,1,0
Q001382,A00269,S4,2025-03-01,F04,0,1
Q001383,A00269,S4,2025-03-01,F01,0,1
Q001384,A00269,S4,2025-03-01,F01,1,0
Q001385,A00269,S4,2025-03-01,F01,0,1
Q001386,A00269,S4,2025-03-01,F01,0,1
Q001387,A00269,S5,2025-03-01,F02,0,1
Q001388,A00269,S5,2025-03-01,F03,0,1
Q001389,A00269,S5,2025-03-01,F02,0,1
Q001390,A00270,S4,2025-02-28,F01,0,1
Q001391,A00270,S4,2025-02-28,F02,0,1
Q001392,A00270,S4,2025-02-28,F02,1,0
Q001393,A00271,S3,2025-02-28,F03,0,1
Q001394,A00271,S3,2025-02-28,F01,0,1
Q001395,A00271,S4,2025-03-01,F03,0,1
Q001396,A00271,S4,2025-03-01,F05,0,1
Q001397,A00271,S4,2025-03-01,F02,0,1
Q001398,A00271,S4,2025-03-01,F04,0,1
Q001399,A00272,S4,2025-03-01,F04,0,1
Q001400,A00272,S4,2025-03-01,F02,1,0
Q001401,A00272,S5,2025-03-01,F03,0,1
Q001402,A00272,S5,2025-03-01,F03,0,1
Q001403,A00273,S3,2025-02-28,F02,0,1
Q001404,A00273,S5,2025-03-01,F01,1,0
Q001405,A00274,S4,2025-03-01,F04,1,0
Q001406,A00274,S4,2025-03-01,F01,1,0
Q001407,A00274,S5,2025-03-01,F03,0,1
Q001408,A00275,S3,2025-03-01,F05,0,1
Q001409,A00275,S3,2025-03-01,F04,0,1
Q001410,A00275,S3,2025-03-01,F04,0,1
Q001411,A00275,S4,2025-03-01,F02,0,1
Q001412,A00275,S4,2025-03-01,F03,0,1
Q001413,A00275,S4,2025-03-01,F01,0,1
Q001414,A00275,S4,2025-03-01,F01,0,1
Q001415,A00275,S4,2025-03-01,F04,0,1
Q001416,A00275,S4,2025-03-01,F02,0,1
Q001417,A00275,S4,2025-03-01,F03,0,1
Q001418,A00275,S5,2025-03-01,F03,0,1
Q001419,A00275,S5,2025-03-01,F03,1,0
Q001420,A00275,S5,2025-03-01,F04,0,1
Q001421,A00276,S3,2025-03-01,F01,0,1
Q001422,A00276,S3,2025-03-01,F04,0,1
Q001423,A00276,S3,2025-03-01,F02,0,1
Q001424,A00276,S4,2025-03-01,F01,1,0
Q001425,A00276,S4,2025-03-01,F02,0,1
Q001426,A00276,S4,2025-03-01,F02,0,1
Q001427,A00276,S4,2025-03-01,F03,0,1
Q001428,A00277,S3,2025-03-01,F02,1,0
Q001429,A00277,S4,2025-03-02,F06,1,0
Q001430,A00277,S4,2025-03-02,F01,0,1
Q001431,A00277,S4,2025-03-02,F06,0,1
Q001432,A00277,S4,2025-03-02,F05,0,1
Q001433,A00277,S5,2025-03-02,F02,1,0
Q001434,A00277,S5,2025-03-02,F04,0,1
Q001435,A00277,S5,2025-03-02,F04,0,1
Q001436,A00277,S5,2025-03-02,F04,1,0
Q001437,A00278,S4,2025-03-01,F02,1,0
Q001438,A00279,S3,2025-03-02,F05,0,1
Q001439,A00279,S4,2025-03-02,F04,1,0
Q001440,A00280,S3,2025-03-01,F06,1,0
Q001441,A00280,S3,2025-03-01,F06,0,1
Q001442,A00280,S5,2025-03-02,F01,0,1
Q001443,A00281,S4,2025-03-03,F03,0,1
Q001444,A00282,S3,2025-03-03,F05,0,1
Q001445,A00282,S3,2025-03-03,F01,0,1
Q001446,A00282,S3,2025-03-03,F04,0,1
Q001447,A00282,S5,2025-03-04,F01,0,1
Q001448,A00282,S5,2025-03-04,F04,0,1
Q001449,A00282,S5,2025-03-04,F01,0,1
Q001450,A00283,S4,2025-03-04,F01,0,1
Q001451,A00283,S4,2025-03-04,F03,0,1
Q001452,A00283,S5,2025-03-04,F02,0,1
Q001453,A00284,S3,2025-03-03,F03,0,1
Q001454,A00284,S3,2025-03-03,F01,0,1
Q001455,A00284,S3,2025-03-03,F04,0,1
Q001456,A00284,S4,2025-03-04,F01,0,1
Q001457,A00284,S5,2025-03-04,F04,1,0
Q001458,A00284,S5,2025-03-04,F04,0,1
Q001459,A00286,S3,2025-03-03,F01,0,1
Q001460,A00286,S3,2025-03-03,F01,0,1
Q001461,A00286,S4,2025-03-03,F04,1,0
Q001462,A00286,S4,2025-03-03,F03,0,1
Q001463,A00286,S4,2025-03-03,F02,0,1
Q001464,A00286,S4,2025-03-03,F05,1,0
Q001465,A00286,S4,2025-03-03,F05,0,1
Q001466,A00286,S4,2025-03-03,F02,0,1
Q001467,A00286,S4,2025-03-03,F02,0,1
Q001468,A00286,S5,2025-03-04,F02,1,0
Q001469,A00286,S5,2025-03-04,F05,0,1
Q001470,A00287,S3,2025-03-03,F02,0,1
Q001471,A00287,S3,2025-03-03,F02,0,1
Q001472,A00287,S3,2025-03-03,F06,1,0
Q001473,A00287,S4,2025-03-03,F02,1,0
Q001474,A00287,S4,2025-03-03,F02,0,1
Q001475,A00287,S5,2025-03-03,F01,0,1
Q001476,A00288,S3,2025-03-03,F04,1,0
Q001477,A00288,S4,2025-03-04,F02,0,1
Q001478,A00288,S4,2025-03-04,F04,0,1
Q001479,A00289,S3,2025-03-03,F02,1,0
Q001480,A00289,S4,2025-03-04,F05,1,0
Q001481,A00289,S4,2025-03-04,F03,0,1
Q001482,A00289,S5,2025-03-04,F02,0,1
Q001483,A00290,S4,2025-03-05,F03,0,1
Q001484,A00291,S3,2025-03-03,F01,0,1
Q001485,A00291,S4,2025-03-05,F03,0,1
Q001486,A00291,S4,2025-03-05,F02,0,1
Q001487,A00291,S5,2025-03-05,F04,0,1
Q001488,A00292,S3,2025-03-05,F04,1,0
Q001489,A00292,S4,2025-03-06,F01,0,1
Q001490,A00292,S4,2025-03-06,F03,0,1
Q001491,A00292,S5,2025-03-06,F05,0,1
Q001492,A00293,S3,2025-03-05,F01,0,1
Q001493,A00293,S3,2025-03-05,F03,0,1
Q001494,A00293,S3,2025-03-05,F01,0,1
Q001495,A00293,S3,2025-03-05,F01,0,1
Q001496,A00293,S4,2025-03-05,F05,0,1
Q001497,A00293,S4,2025-03-05,F04,0,1
Q001498,A00293,S4,2025-03-05,F03,0,1
Q001499,A00293,S4,2025-03-05,F02,1,0
Q001500,A00293,S4,2025-03-05,F03,0,1
Q001501,A00293,S4,2025-03-05,F03,0,1
Q001502,A00293,S4,2025-03-05,F03,0,1
Q001503,A00293,S5,2025-03-06,F03,0,1
Q001504,A00293,S5,2025-03-06,F04,1,0
Q001505,A00293,S5,2025-03-06,F05,1,0
Q001506,A00294,S3,2025-03-05,F01,0,1
Q001507,A00294,S3,2025-03-05,F02,0,1
Q001508,A00294,S4,2025-03-05,F01,0,1
Q001509,A00294,S5,2025-03-06,F03,0,1
Q001510,A00294,S5,2025-03-06,F03,1,0
Q001511,A00294,S5,2025-03-06,F05,0,1
Q001512,A00295,S4,2025-03-05,F01,0,1
Q001513,A00295,S4,2025-03-05,F05,0,1
Q001514,A00295,S4,2025-03-05,F02,0,1
Q001515,A00295,S5,2025-03-05,F05,0,1
Q001516,A00296,S3,2025-03-05,F03,0,1
Q001517,A00296,S3,2025-03-05,F01,0,1
Q001518,A00296,S4,2025-03-05,F05,0,1
Q001519,A00296,S5,2025-03-05,F01,0,1
Q001520,A00297,S4,2025-03-05,F03,0,1
Q001521,A00298,S3,2025-03-06,F03,0,1
Q001522,A00299,S3,2025-03-06,F03,1,0
Q001523,A00299,S4,2025-03-06,F03,0,1
Q001524,A00299,S4,2025-03-06,F01,0,1
Q001525,A00299,S5,2025-03-07,F01,0,1
Q001526,A00300,S3,2025-03-06,F04,0,1
Q001527,A00300,S4,2025-03-06,F03,0,1
Q001528,A00301,S3,2025-03-05,F01,0,1
Q001529,A00301,S4,2025-03-06,F03,0,1
Q001530,A00301,S5,2025-03-06,F01,0,1
Q001531,A00304,S3,2025-03-06,F05,0,1
Q001532,A00304,S4,2025-03-06,F05,0,1
Q001533,A00304,S4,2025-03-06,F01,1,0
Q001534,A00304,S4,2025-03-06,F02,0,1
Q001535,A00304,S5,2025-03-06,F03,0,1
Q001536,A00304,S5,2025-03-06,F02,0,1
Q001537,A00305,S4,2025-03-07,F05,0,1
Q001538,A00305,S4,2025-03-07,F04,0,1
Q001539,A00305,S4,2025-03-07,F04,0,1
Q001540,A00305,S4,2025-03-07,F04,0,1
Q001541,A00305,S5,2025-03-07,F03,0,1
Q001542,A00305,S5,2025-03-07,F03,0,1
Q001543,A00306,S3,2025-03-06,F02,1,0
Q001544,A00306,S3,2025-03-06,F03,0,1
Q001545,A00306,S3,2025-03-06,F04,0,1
Q001546,A00306,S4,2025-03-06,F06,0,1
Q001547,A00306,S4,2025-03-06,F02,0,1
Q001548,A00306,S4,2025-03-06,F01,0,1
Q001549,A00306,S4,2025-03-06,F02,1,0
Q001550,A00306,S5,2025-03-06,F01,1,0
Q001551,A00306,S5,2025-03-06,F01,0,1
Q001552,A00307,S4,2025-03-07,F02,0,1
Q001553,A00307,S4,2025-03-07,F05,0,1
Q001554,A00307,S4,2025-03-07,F02,0,1
Q001555,A00307,S4,2025-03-07,F04,1,0
Q001556,A00307,S4,2025-03-07,F01,0,1
Q001557,A00307,S4,2025-03-07,F01,0,1
Q001558,A00307,S5,2025-03-08,F01,0,1
Q001559,A00308,S4,2025-03-08,F01,0,1
Q001560,A00308,S4,2025-03-08,F04,0,1
Q001561,A00308,S5,2025-03-08,F03,0,1
Q001562,A00309,S4,2025-03-07,F04,1,0
Q001563,A00309,S4,2025-03-07,F05,0,1
Q001564,A00309,S4,2025-03-07,F04,0,1
Q001565,A00309,S5,2025-03-07,F01,0,1
Q001566,A00309,S5,2025-03-07,F06,0,1
Q001567,A00310,S3,2025-03-07,F02,0,1
Q001568,A00310,S4,2025-03-07,F02,0,1
Q001569,A00310,S4,2025-03-07,F01,0,1
Q001570,A00310,S4,2025-03-07,F01,0,1
Q001571,A00311,S3,2025-03-07,F02,0,1
Q001572,A00312,S4,2025-03-07,F03,0,1
Q001573,A00312,S4,2025-03-07,F01,0,1
Q001574,A00312,S5,2025-03-07,F03,0,1
Q001575,A00313,S3,2025-03-08,F02,1,0
Q001576,A00313,S4,2025-03-09,F02,0,1
Q001577,A00313,S4,2025-03-09,F02,0,1
Q001578,A00313,S4,2025-03-09,F03,0,1
Q001579,A00313,S4,2025-03-09,F04,1,0
Q001580,A00313,S4,2025-03-09,F05,0,1
Q001581,A00313,S5,2025-03-09,F01,0,1
Q001582,A00313,S5,2025-03-09,F05,0,1
Q001583,A00313,S5,2025-03-09,F01,0,1
Q001584,A00313,S5,2025-03-09,F04,0,1
Q001585,A00314,S4,2025-03-08,F04,0,1
Q001586,A00314,S5,2025-03-09,F01,1,0
Q001587,A00315,S3,2025-03-08,F02,1,0
Q001588,A00315,S3,2025-03-08,F04,0,1
Q001589,A00315,S4,2025-03-08,F02,0,1
Q001590,A00315,S4,2025-03-08,F01,1,0
Q001591,A00316,S3,2025-03-08,F03,0,1
Q001592,A00316,S4,2025-03-08,F06,1,0
Q001593,A00316,S4,2025-03-08,F04,0,1
Q001594,A00316,S4,2025-03-08,F03,0,1
Q001595,A00316,S5,2025-03-09,F01,0,1
Q001596,A00317,S5,2025-03-08,F01,0,1
Q001597,A00318,S3,2025-03-08,F01,0,1
Q001598,A00318,S4,2025-03-09,F04,1,0
Q001599,A00319,S3,2025-03-09,F05,0,1
Q001600,A00319,S5,2025-03-10,F01,0,1
Q001601,A00320,S4,2025-03-13,F01,0,1
Q001602,A00320,S4,2025-03-13,F05,0,1
Q001603,A00320,S4,2025-03-13,F01,1,0
Q001604,A00320,S4,2025-03-13,F02,0,1
Q001605,A00320,S5,2025-03-13,F01,0,1
Q001606,A00320,S5,2025-03-13,F03,0,1
Q001607,A00320,S5,2025-03-13,F03,0,1
Q001608,A00321,S3,2025-03-10,F05,1,0
Q001609,A00321,S4,2025-03-11,F03,0,1
Q001610,A00321,S4,2025-03-11,F03,0,1
Q001611,A00321,S4,2025-03-11,F01,0,1
Q001612,A00321,S5,2025-03-11,F01,1,0
Q001613,A00321,S5,2025-03-11,F06,0,1
Q001614,A00321,S5,2025-03-11,F02,0,1
Q001615,A00322,S3,2025-03-10,F04,0,1
Q001616,A00322,S3,2025-03-10,F02,0,1
Q001617,A00322,S3,2025-03-10,F03,0,1
Q001618,A00322,S3,2025-03-10,F03,0,1
Q001619,A00322,S4,2025-03-11,F01,1,0
Q001620,A00322,S4,2025-03-11,F04,0,1
Q001621,A00322,S4,2025-03-11,F01,0,1
Q001622,A00322,S4,2025-03-11,F03,0,1
Q001623,A00322,S4,2025-03-11,F04,0,1
Q001624,A00322,S4,2025-03-11,F02,0,1
Q001625,A00322,S4,2025-03-11,F02,0,1
Q001626,A00322,S4,2025-03-11,F04,0,1
Q001627,A00322,S4,2025-03-11,F01,0,1
Q001628,A00322,S5,2025-03-11,F05,0,1
Q001629,A00323,S3,2025-03-10,F02,1,0
Q001630,A00323,S3,2025-03-10,F03,0,1
Q001631,A00323,S4,2025-03-11,F01,0,1
Q001632,A00323,S4,2025-03-11,F01,1,0
Q001633,A00323,S4,2025-03-11,F02,0,1
Q001634,A00324,S3,2025-03-09,F04,0,1
Q001635,A00324,S4,2025-03-10,F01,1,0
Q001636,A00324,S4,2025-03-10,F01,0,1
Q001637,A00325,S4,2025-03-10,F04,0,1
Q001638,A00325,S4,2025-03-10,F04,0,1
Q001639,A00325,S5,2025-03-10,F05,0,1
Q001640,A00325,S5,2025-03-10,F06,0,1
Q001641,A00326,S4,2025-03-10,F03,0,1
Q001642,A00326,S4,2025-03-10,F03,0,1
Q001643,A00327,S3,2025-03-11,F01,0,1
Q001644,A00328,S3,2025-03-11,F01,0,1
Q001645,A00328,S3,2025-03-11,F04,1,0
Q001646,A00328,S4,2025-03-11,F01,1,0
Q001647,A00328,S4,2025-03-11,F04,1,0
Q001648,A00328,S5,2025-03-12,F01,1,0
Q001649,A00329,S3,2025-03-11,F02,0,1
Q001650,A00329,S3,2025-03-11,F01,0,1
Q001651,A00329,S4,2025-03-12,F03,0,1
Q001652,A00329,S4,2025-03-12,F01,0,1
Q001653,A00329,S4,2025-03-12,F03,0,1
Q001654,A00329,S4,2025-03-12,F01,1,0
Q001655,A00329,S4,2025-03-12,F02,0,1
Q001656,A00330,S4,2025-03-13,F01,1,0
Q001657,A00330,S5,2025-03-13,F05,0,1
Q001658,A00330,S5,2025-03-13,F01,0,1
Q001659,A00331,S3,2025-03-12,F05,0,1
Q001660,A00331,S3,2025-03-12,F01,0,1
Q001661,A00331,S4,2025-03-13,F01,0,1
Q001662,A00331,S4,2025-03-13,F01,1,0
Q001663,A00331,S5,2025-03-13,F04,1,0
Q001664,A00332,S3,2025-03-12,F02,0,1
Q001665,A00332,S3,2025-03-12,F01,1,0
Q001666,A00332,S5,2025-03-13,F05,1,0
Q001667,A00332,S5,2025-03-13,F01,0,1
Q001668,A00333,S3,2025-03-12,F04,1,0
Q001669,A00333,S3,2025-03-12,F03,0,1
Q001670,A00333,S4,2025-03-13,F02,1,0
Q001671,A00333,S4,2025-03-13,F01,0,1
Q001672,A00333,S4,2025-03-13,F03,0,1
Q001673,A00333,S4,2025-03-13,F01,1,0
Q001674,A00333,S4,2025-03-13,F03,1,0
Q001675,A00333,S4,2025-03-13,F05,0,1
Q001676,A00333,S4,2025-03-13,F01,0,1
Q001677,A00333,S5,2025-03-13,F05,0,1
Q001678,A00334,S4,2025-03-13,F01,1,0
Q001679,A00335,S3,2025-03-12,F01,0,1
Q001680,A00335,S4,2025-03-14,F05,1,0
Q001681,A00335,S4,2025-03-14,F05,0,1
Q001682,A00335,S4,2025-03-14,F03,0,1
Q001683,A00335,S5,2025-03-14,F03,0,1
Q001684,A00336,S5,2025-03-14,F05,0,1
Q001685,A00336,S5,2025-03-14,F04,0,1
Q001686,A00336,S5,2025-03-14,F02,1,0
Q001687,A00338,S3,2025-03-13,F04,0,1
Q001688,A00338,S3,2025-03-13,F03,0,1
Q001689,A00338,S3,2025-03-13,F03,0,1
Q001690,A00338,S3,2025-03-13,F03,0,1
Q001691,A00338,S3,2025-03-13,F04,1,0
Q001692,A00338,S4,2025-03-13,F03,0,1
Q001693,A00338,S4,2025-03-13,F02,1,0
Q001694,A00338,S4,2025-03-13,F06,0,1
Q001695,A00338,S4,2025-03-13,F01,0,1
Q001696,A00338,S5,2025-03-14,F01,0,1
Q001697,A00338,S5,2025-03-14,F01,0,1
Q001698,A00338,S5,2025-03-14,F01,0,1
Q001699,A00338,S5,2025-03-14,F04,1,0
Q001700,A00339,S3,2025-03-12,F01,1,0
Q001701,A00339,S3,2025-03-12,F05,0,1
Q001702,A00339,S4,2025-03-13,F05,1,0
Q001703,A00339,S4,2025-03-13,F03,0,1
Q001704,A00339,S4,2025-03-13,F05,0,1
Q001705,A00339,S4,2025-03-13,F02,0,1
Q001706,A00340,S3,2025-03-12,F01,0,1
Q001707,A00340,S5,2025-03-13,F06,0,1
Q001708,A00341,S3,2025-03-12,F02,0,1
Q001709,A00341,S3,2025-03-12,F04,1,0
Q001710,A00341,S5,2025-03-13,F01,0,1
Q001711,A00342,S3,2025-03-13,F01,0,1
Q001712,A00342,S4,2025-03-14,F04,1,0
Q001713,A00342,S5,2025-03-14,F01,1,0
Q001714,A00342,S5,2025-03-14,F03,0,1
Q001715,A00343,S3,2025-03-13,F03,0,1
Q001716,A00343,S3,2025-03-13,F03,0,1
Q001717,A00343,S5,2025-03-14,F02,0,1
Q001718,A00344,S3,2025-03-14,F01,0,1
Q001719,A00344,S4,2025-03-14,F01,0,1
Q001720,A00344,S4,2025-03-14,F02,0,1
Q001721,A00344,S4,2025-03-14,F05,0,1
Q001722,A00344,S4,2025-03-14,F04,0,1
Q001723,A00344,S4,2025-03-14,F04,1,0
Q001724,A00344,S4,2025-03-14,F04,0,1
Q001725,A00344,S5,2025-03-15,F02,0,1
Q001726,A00344,S5,2025-03-15,F02,0,1
Q001727,A00344,S5,2025-03-15,F02,0,1
Q001728,A00345,S3,2025-03-14,F05,0,1
Q001729,A00345,S4,2025-03-17,F05,0,1
Q001730,A00345,S4,2025-03-17,F05,0,1
Q001731,A00345,S4,2025-03-17,F01,1,0
Q001732,A00345,S4,2025-03-17,F01,1,0
Q001733,A00345,S4,2025-03-17,F02,0,1
Q001734,A00346,S3,2025-03-14,F04,0,1
Q001735,A00346,S3,2025-03-14,F04,0,1
Q001736,A00347,S3,2025-03-14,F02,0,1
Q001737,A00347,S4,2025-03-14,F06,0,1
Q001738,A00347,S4,2025-03-14,F05,0,1
Q001739,A00347,S4,2025-03-14,F03,0,1
Q001740,A00347,S5,2025-03-15,F03,1,0
Q001741,A00347,S5,2025-03-15,F05,0,1
Q001742,A00347,S5,2025-03-15,F05,1,0
Q001743,A00348,S4,2025-03-14,F03,0,1
Q001744,A00348,S5,2025-03-14,F01,0,1
Q001745,A00349,S3,2025-03-13,F02,0,1
Q001746,A00349,S4,2025-03-14,F03,0,1
Q001747,A00350,S3,2025-03-15,F04,0,1
Q001748,A00350,S3,2025-03-15,F04,0,1
Q001749,A00350,S4,2025-03-15,F02,0,1
Q001750,A00350,S4,2025-03-15,F04,0,1
Q001751,A00350,S4,2025-03-15,F02,0,1
Q001752,A00350,S5,2025-03-15,F02,0,1
Q001753,A00351,S3,2025-03-15,F05,0,1
Q001754,A00351,S3,2025-03-15,F01,0,1
Q001755,A00351,S4,2025-03-17,F04,0,1
Q001756,A00351,S4,2025-03-17,F04,0,1
Q001757,A00351,S5,2025-03-17,F02,0,1
Q001758,A00351,S5,2025-03-17,F03,0,1
Q001759,A00352,S5,2025-03-15,F03,0,1
Q001760,A00353,S3,2025-03-15,F06,0,1
Q001761,A00353,S4,2025-03-15,F02,0,1
Q001762,A00353,S5,2025-03-15,F02,0,1
Q001763,A00353,S5,2025-03-15,F05,0,1
Q001764,A00354,S4,2025-03-15,F01,0,1
Q001765,A00355,S3,2025-03-15,F02,0,1
Q001766,A00355,S3,2025-03-15,F01,0,1
Q001767,A00355,S3,2025-03-15,F01,1,0
Q001768,A00355,S4,2025-03-16,F01,1,0
Q001769,A00355,S4,2025-03-16,F01,0,1
Q001770,A00355,S4,2025-03-16,F01,0,1
Q001771,A00355,S4,2025-03-16,F04,1,0
Q001772,A00355,S4,2025-03-16,F01,0,1
Q001773,A00355,S4,2025-03-16,F05,1,0
Q001774,A00355,S4,2025-03-16,F04,0,1
Q001775,A00355,S4,2025-03-16,F01,0,1
Q001776,A00355,S5,2025-03-16,F05,0,1
Q001777,A00355,S5,2025-03-16,F03,0,1
Q001778,A00355,S5,2025-03-16,F02,0,1
Q001779,A00355,S5,2025-03-16,F03,0,1
Q001780,A00356,S3,2025-03-15,F03,0,1
Q001781,A00356,S3,2025-03-15,F01,0,1
Q001782,A00356,S5,2025-03-15,F03,0,1
Q001783,A00357,S3,2025-03-14,F02,0,1
Q001784,A00358,S4,2025-03-16,F04,0,1
Q001785,A00358,S4,2025-03-16,F02,1,0
Q001786,A00359,S4,2025-03-16,F02,0,1
Q001787,A00359,S4,2025-03-16,F02,0,1
Q001788,A00359,S4,2025-03-16,F03,1,0
Q001789,A00359,S4,2025-03-16,F03,0,1
Q001790,A00360,S3,2025-03-16,F03,0,1
Q001791,A00360,S4,2025-03-17,F01,0,1
Q001792,A00360,S4,2025-03-17,F04,0,1
Q001793,A00360,S4,2025-03-17,F01,0,1
Q001794,A00360,S4,2025-03-17,F04,0,1
Q001795,A00360,S4,2025-03-17,F01,1,0
Q001796,A00360,S4,2025-03-17,F02,0,1
Q001797,A00360,S4,2025-03-17,F04,0,1
Q001798,A00360,S4,2025-03-17,F02,0,1
Q001799,A00360,S4,2025-03-17,F05,1,0
Q001800,A00360,S4,2025-03-17,F01,0,1
Q001801,A00360,S4,2025-03-17,F03,0,1
Q001802,A00360,S5,2025-03-17,F02,0,1
Q001803,A00360,S5,2025-03-17,F05,0,1
Q001804,A00360,S5,2025-03-17,F01,0,1
Q001805,A00360,S5,2025-03-17,F04,1,0
Q001806,A00361,S3,2025-03-16,F03,0,1
Q001807,A00361,S3,2025-03-16,F03,0,1
Q001808,A00361,S3,2025-03-16,F01,0,1
Q001809,A00361,S4,2025-03-17,F01,0,1
Q001810,A00361,S4,2025-03-17,F04,1,0
Q001811,A00361,S4,2025-03-17,F05,0,1
Q001812,A00361,S4,2025-03-17,F04,0,1
Q001813,A00361,S5,2025-03-17,F03,0,1
Q001814,A00361,S5,2025-03-17,F05,0,1
Q001815,A00363,S3,2025-03-17,F04,1,0
Q001816,A00363,S4,2025-03-17,F01,0,1
Q001817,A00364,S3,2025-03-17,F02,0,1
Q001818,A00364,S3,2025-03-17,F03,1,0
Q001819,A00364,S3,2025-03-17,F04,1,0
Q001820,A00364,S4,2025-03-18,F02,1,0
Q001821,A00364,S4,2025-03-18,F06,0,1
Q001822,A00364,S4,2025-03-18,F05,0,1
Q001823,A00364,S4,2025-03-18,F02,0,1
Q001824,A00364,S4,2025-03-18,F02,0,1
Q001825,A00364,S4,2025-03-18,F01,0,1
Q001826,A00364,S4,2025-03-18,F01,0,1
Q001827,A00364,S4,2025-03-18,F01,0,1
Q001828,A00364,S5,2025-03-18,F04,0,1
Q001829,A00364,S5,2025-03-18,F01,0,1
Q001830,A00365,S3,2025-03-17,F03,0,1
Q001831,A00365,S3,2025-03-17,F01,0,1
Q001832,A00365,S4,2025-03-18,F01,0,1
Q001833,A00365,S5,2025-03-18,F03,1,0
Q001834,A00365,S5,2025-03-18,F02,0,1
Q001835,A00365,S5,2025-03-18,F04,0,1
Q001836,A00366,S4,2025-03-17,F01,0,1
Q001837,A00367,S3,2025-03-18,F04,1,0
Q001838,A00367,S3,2025-03-18,F05,0,1
Q001839,A00367,S4,2025-03-18,F01,1,0
Q001840,A00367,S4,2025-03-18,F01,0,1
Q001841,A00368,S3,2025-03-18,F02,0,1
Q001842,A00368,S3,2025-03-18,F05,0,1
Q001843,A00368,S3,2025-03-18,F02,0,1
Q001844,A00368,S3,2025-03-18,F02,0,1
Q001845,A00368,S3,2025-03-18,F02,0,1
Q001846,A00368,S4,2025-03-18,F03,0,1
Q001847,A00368,S4,2025-03-18,F06,0,1
Q001848,A00368,S4,2025-03-18,F04,1,0
Q001849,A00368,S4,2025-03-18,F03,0,1
Q001850,A00368,S4,2025-03-18,F03,0,1
Q001851,A00368,S4,2025-03-18,F04,1,0
Q001852,A00368,S4,2025-03-18,F02,0,1
Q001853,A00368,S5,2025-03-18,F01,0,1
Q001854,A00369,S3,2025-03-18,F02,0,1
Q001855,A00369,S3,2025-03-18,F02,0,1
Q001856,A00369,S4,2025-03-19,F06,0,1
Q001857,A00369,S4,2025-03-19,F03,1,0
Q001858,A00369,S4,2025-03-19,F05,0,1
Q001859,A00369,S4,2025-03-19,F02,0,1
Q001860,A00369,S5,2025-03-20,F02,0,1
Q001861,A00370,S3,2025-03-19,F01,1,0
Q001862,A00370,S4,2025-03-19,F04,0,1
Q001863,A00370,S4,2025-03-19,F01,0,1
Q001864,A00370,S4,2025-03-19,F02,1,0
Q001865,A00371,S3,2025-03-17,F03,0,1
Q001866,A00371,S5,2025-03-18,F02,0,1
Q001867,A00371,S5,2025-03-18,F03,0,1
Q001868,A00372,S3,2025-03-18,F02,1,0
Q001869,A00372,S3,2025-03-18,F06,0,1
Q001870,A00372,S4,2025-03-19,F01,0,1
Q001871,A00372,S5,2025-03-19,F06,0,1
Q001872,A00372,S5,2025-03-19,F04,0,1
Q001873,A00373,S5,2025-03-20,F04,0,1
Q001874,A00374,S3,2025-03-19,F01,0,1
Q001875,A00374,S3,2025-03-19,F06,0,1
Q001876,A00374,S4,2025-03-19,F05,0,1
Q001877,A00374,S5,2025-03-19,F06,0,1
Q001878,A00374,S5,2025-03-19,F03,0,1
Q001879,A00375,S3,2025-03-19,F02,0,1
Q001880,A00375,S4,2025-03-19,F01,0,1
Q001881,A00375,S4,2025-03-19,F02,0,1
Q001882,A00375,S4,2025-03-19,F01,0,1
Q001883,A00375,S5,2025-03-20,F04,1,0
Q001884,A00376,S3,2025-03-20,F05,0,1
Q001885,A00376,S4,2025-03-20,F04,0,1
Q001886,A00376,S4,2025-03-20,F02,0,1
Q001887,A00376,S4,2025-03-20,F01,1,0
Q001888,A00376,S5,2025-03-21,F05,0,1
Q001889,A00377,S4,2025-03-20,F02,0,1
Q001890,A00377,S4,2025-03-20,F01,0,1
Q001891,A00377,S5,2025-03-20,F03,0,1
Q001892,A00378,S3,2025-03-20,F02,0,1
Q001893,A00378,S3,2025-03-20,F01,1,0
Q001894,A00378,S4,2025-03-20,F01,0,1
Q001895,A00378,S4,2025-03-20,F01,0,1
Q001896,A00378,S4,2025-03-20,F02,0,1
Q001897,A00379,S3,2025-03-19,F02,0,1
Q001898,A00379,S3,2025-03-19,F01,0,1
Q001899,A00379,S4,2025-03-20,F02,1,0
Q001900,A00379,S4,2025-03-20,F03,0,1
Q001901,A00380,S3,2025-03-20,F05,0,1
Q001902,A00380,S3,2025-03-20,F02,0,1
Q001903,A00380,S4,2025-03-21,F03,0,1
Q001904,A00380,S4,2025-03-21,F03,0,1
Q001905,A00380,S4,2025-03-21,F01,0,1
Q001906,A00380,S4,2025-03-21,F01,0,1
Q001907,A00380,S5,2025-03-21,F03,1,0
Q001908,A00381,S3,2025-03-20,F04,0,1
Q001909,A00381,S4,2025-03-20,F01,0,1
Q001910,A00381,S5,2025-03-20,F02,0,1
Q001911,A00382,S4,2025-03-20,F03,0,1
Q001912,A00382,S4,2025-03-20,F03,0,1
Q001913,A00382,S4,2025-03-20,F02,1,0
Q001914,A00382,S4,2025-03-20,F02,0,1
Q001915,A00382,S4,2025-03-20,F03,0,1
Q001916,A00383,S3,2025-03-19,F03,0,1
Q001917,A00383,S3,2025-03-19,F04,1,0
Q001918,A00383,S4,2025-03-20,F02,0,1
Q001919,A00383,S4,2025-03-20,F02,0,1
Q001920,A00384,S3,2025-03-20,F03,0,1
Q001921,A00384,S4,2025-03-21,F04,0,1
Q001922,A00384,S4,2025-03-21,F02,1,0
Q001923,A00384,S4,2025-03-21,F02,0,1
Q001924,A00384,S4,2025-03-21,F01,0,1
Q001925,A00384,S5,2025-03-21,F04,0,1
Q001926,A00384,S5,2025-03-21,F04,1,0
Q001927,A00384,S5,2025-03-21,F06,0,1
Q001928,A00384,S5,2025-03-21,F03,1,0
Q001929,A00386,S3,2025-03-20,F01,1,0
Q001930,A00386,S4,2025-03-21,F01,0,1
Q001931,A00386,S4,2025-03-21,F01,0,1
Q001932,A00386,S4,2025-03-21,F06,0,1
Q001933,A00386,S5,2025-03-21,F03,0,1
Q001934,A00386,S5,2025-03-21,F01,0,1
Q001935,A00386,S5,2025-03-21,F05,1,0
Q001936,A00387,S4,2025-03-20,F01,0,1
Q001937,A00387,S4,2025-03-20,F06,0,1
Q001938,A00387,S5,2025-03-20,F01,0,1
Q001939,A00388,S3,2025-03-21,F04,0,1
Q001940,A00388,S4,2025-03-21,F03,0,1
Q001941,A00388,S5,2025-03-21,F03,0,1
Q001942,A00389,S3,2025-03-21,F01,1,0
Q001943,A00389,S4,2025-03-21,F02,1,0
Q001944,A00389,S4,2025-03-21,F03,0,1
Q001945,A00390,S3,2025-03-21,F03,0,1
Q001946,A00390,S4,2025-03-22,F06,0,1
Q001947,A00390,S5,2025-03-22,F04,1,0
Q001948,A00390,S5,2025-03-22,F03,0,1
Q001949,A00391,S3,2025-03-21,F01,1,0
Q001950,A00391,S3,2025-03-21,F05,0,1
Q001951,A00391,S4,2025-03-21,F02,0,1
Q001952,A00391,S4,2025-03-21,F06,1,0
Q001953,A00391,S4,2025-03-21,F01,0,1
Q001954,A00392,S3,2025-03-21,F03,0,1
Q001955,A00392,S5,2025-03-22,F03,0,1
Q001956,A00393,S3,2025-03-21,F05,0,1
Q001957,A00393,S4,2025-03-21,F06,1,0
Q001958,A00394,S3,2025-03-22,F04,0,1
Q001959,A00394,S4,2025-03-24,F01,0,1
Q001960,A00394,S4,2025-03-24,F02,0,1
Q001961,A00394,S4,2025-03-24,F03,0,1
Q001962,A00394,S4,2025-03-24,F02,0,1
Q001963,A00394,S4,2025-03-24,F04,0,1
Q001964,A00394,S4,2025-03-24,F03,0,1
Q001965,A00395,S3,2025-03-22,F04,1,0
Q001966,A00395,S3,2025-03-22,F03,0,1
Q001967,A00395,S4,2025-03-23,F03,0,1
Q001968,A00395,S4,2025-03-23,F02,1,0
Q001969,A00395,S4,2025-03-23,F02,0,1
Q001970,A00395,S5,2025-03-23,F04,1,0
Q001971,A00395,S5,2025-03-23,F06,0,1
Q001972,A00396,S4,2025-03-24,F01,0,1
Q001973,A00396,S4,2025-03-24,F03,0,1
Q001974,A00396,S4,2025-03-24,F06,0,1
Q001975,A00396,S5,2025-03-24,F01,1,0
Q001976,A00396,S5,2025-03-24,F02,0,1
Q001977,A00396,S5,2025-03-24,F01,0,1
Q001978,A00397,S3,2025-03-22,F01,0,1
Q001979,A00397,S3,2025-03-22,F01,1,0
Q001980,A00397,S4,2025-03-23,F04,1,0
Q001981,A00398,S3,2025-03-23,F02,0,1
Q001982,A00398,S4,2025-03-23,F05,0,1
Q001983,A00399,S3,2025-03-23,F03,0,1
Q001984,A00399,S3,2025-03-23,F02,0,1
Q001985,A00399,S4,2025-03-24,F03,0,1
Q001986,A00399,S4,2025-03-24,F03,0,1
Q001987,A00399,S4,2025-03-24,F02,0,1
Q001988,A00399,S5,2025-03-24,F06,0,1
Q001989,A00399,S5,2025-03-24,F03,0,1
Q001990,A00399,S5,2025-03-24,F06,0,1
Q001991,A00399,S5,2025-03-24,F01,1,0
Q001992,A00400,S3,2025-03-23,F02,0,1
Q001993,A00400,S3,2025-03-23,F03,0,1
Q001994,A00400,S3,2025-03-23,F05,0,1
Q001995,A00400,S3,2025-03-23,F01,1,0
Q001996,A00400,S4,2025-03-23,F01,0,1
Q001997,A00400,S4,2025-03-23,F05,0,1
Q001998,A00400,S4,2025-03-23,F02,0,1
Q001999,A00400,S4,2025-03-23,F02,0,1
Q002000,A00400,S4,2025-03-23,F01,0,1
Q002001,A00400,S5,2025-03-23,F03,0,1
Q002002,A00400,S5,2025-03-23,F01,0,1
Q002003,A00400,S5,2025-03-23,F04,0,1
Q002004,A00401,S3,2025-03-23,F03,0,1
Q002005,A00401,S3,2025-03-23,F01,1,0
Q002006,A00401,S3,2025-03-23,F02,0,1
Q002007,A00401,S3,2025-03-23,F01,1,0
Q002008,A00401,S4,2025-03-23,F03,0,1
Q002009,A00401,S4,2025-03-23,F01,0,1
Q002010,A00401,S4,2025-03-23,F05,0,1
Q002011,A00401,S4,2025-03-23,F01,0,1
Q002012,A00401,S4,2025-03-23,F02,0,1
Q002013,A00401,S4,2025-03-23,F04,0,1
Q002014,A00401,S5,2025-03-24,F01,0,1
Q002015,A00402,S3,2025-03-23,F01,0,1
Q002016,A00402,S3,2025-03-23,F01,0,1
Q002017,A00402,S3,2025-03-23,F04,1,0
Q002018,A00402,S4,2025-03-23,F02,0,1
Q002019,A00402,S4,2025-03-23,F06,0,1
Q002020,A00402,S4,2025-03-23,F02,0,1
Q002021,A00402,S4,2025-03-23,F03,0,1
Q002022,A00402,S4,2025-03-23,F02,0,1
Q002023,A00402,S4,2025-03-23,F01,0,1
Q002024,A00402,S5,2025-03-23,F01,0,1
Q002025,A00402,S5,2025-03-23,F02,1,0
Q002026,A00402,S5,2025-03-23,F01,0,1
Q002027,A00402,S5,2025-03-23,F02,0,1
Q002028,A00403,S3,2025-03-24,F01,0,1
Q002029,A00403,S3,2025-03-24,F06,0,1
Q002030,A00403,S3,2025-03-24,F01,1,0
Q002031,A00403,S3,2025-03-24,F04,1,0
Q002032,A00403,S3,2025-03-24,F03,0,1
Q002033,A00403,S4,2025-03-25,F02,0,1
Q002034,A00403,S4,2025-03-25,F04,1,0
Q002035,A00403,S4,2025-03-25,F03,0,1
Q002036,A00403,S4,2025-03-25,F03,1,0
Q002037,A00403,S4,2025-03-25,F05,1,0
Q002038,A00403,S4,2025-03-25,F02,1,0
Q002039,A00403,S5,2025-03-26,F01,1,0
Q002040,A00403,S5,2025-03-26,F02,0,1
Q002041,A00403,S5,2025-03-26,F04,0,1
Q002042,A00404,S3,2025-03-24,F01,0,1
Q002043,A00404,S3,2025-03-24,F02,0,1
Q002044,A00404,S3,2025-03-24,F01,0,1
Q002045,A00404,S4,2025-03-24,F01,1,0
Q002046,A00404,S4,2025-03-24,F02,1,0
Q002047,A00404,S4,2025-03-24,F03,0,1
Q002048,A00404,S4,2025-03-24,F02,0,1
Q002049,A00404,S4,2025-03-24,F03,0,1
Q002050,A00404,S5,2025-03-24,F05,0,1
Q002051,A00404,S5,2025-03-24,F04,0,1
Q002052,A00405,S4,2025-03-25,F01,1,0
Q002053,A00405,S5,2025-03-25,F01,0,1
Q002054,A00405,S5,2025-03-25,F01,0,1
Q002055,A00406,S3,2025-03-24,F04,0,1
Q002056,A00406,S3,2025-03-24,F05,0,1
Q002057,A00406,S3,2025-03-24,F03,0,1
Q002058,A00406,S4,2025-03-25,F04,0,1
Q002059,A00406,S4,2025-03-25,F02,0,1
Q002060,A00406,S4,2025-03-25,F01,0,1
Q002061,A00406,S5,2025-03-25,F06,0,1
Q002062,A00407,S3,2025-03-24,F03,0,1
Q002063,A00407,S4,2025-03-25,F02,0,1
Q002064,A00407,S4,2025-03-25,F02,0,1
Q002065,A00407,S4,2025-03-25,F05,0,1
Q002066,A00407,S5,2025-03-25,F03,0,1
Q002067,A00407,S5,2025-03-25,F01,1,0
Q002068,A00407,S5,2025-03-25,F04,0,1
Q002069,A00408,S3,2025-03-24,F01,0,1
Q002070,A00408,S4,2025-03-24,F03,0,1
Q002071,A00408,S4,2025-03-24,F02,0,1
Q002072,A00408,S4,2025-03-24,F01,1,0
Q002073,A00408,S4,2025-03-24,F04,0,1
Q002074,A00408,S4,2025-03-24,F01,0,1
Q002075,A00408,S5,2025-03-24,F05,1,0
Q002076,A00408,S5,2025-03-24,F05,0,1
Q002077,A00408,S5,2025-03-24,F01,1,0
Q002078,A00409,S3,2025-03-24,F01,1,0
Q002079,A00409,S3,2025-03-24,F03,0,1
Q002080,A00409,S3,2025-03-24,F01,0,1
Q002081,A00409,S3,2025-03-24,F04,0,1
Q002082,A00409,S4,2025-03-26,F01,0,1
Q002083,A00409,S4,2025-03-26,F03,0,1
Q002084,A00409,S4,2025-03-26,F01,0,1
Q002085,A00409,S4,2025-03-26,F01,0,1
Q002086,A00410,S3,2025-03-25,F01,0,1
Q002087,A00410,S3,2025-03-25,F03,0,1
Q002088,A00410,S4,2025-03-25,F03,0,1
Q002089,A00410,S4,2025-03-25,F02,0,1
Q002090,A00410,S4,2025-03-25,F05,0,1
Q002091,A00410,S4,2025-03-25,F06,1,0
Q002092,A00410,S5,2025-03-25,F03,0,1
Q002093,A00410,S5,2025-03-25,F03,0,1
Q002094,A00411,S3,2025-03-25,F04,0,1
Q002095,A00411,S3,2025-03-25,F01,0,1
Q002096,A00411,S3,2025-03-25,F05,0,1
Q002097,A00411,S3,2025-03-25,F02,0,1
Q002098,A00411,S4,2025-03-25,F05,0,1
Q002099,A00411,S4,2025-03-25,F01,1,0
Q002100,A00411,S4,2025-03-25,F02,0,1
Q002101,A00411,S5,2025-03-26,F05,1,0
Q002102,A00411,S5,2025-03-26,F01,0,1
Q002103,A00411,S5,2025-03-26,F04,0,1
Q002104,A00412,S3,2025-03-25,F02,0,1
Q002105,A00412,S3,2025-03-25,F03,0,1
Q002106,A00412,S4,2025-03-25,F01,1,0
Q002107,A00412,S4,2025-03-25,F03,0,1
Q002108,A00412,S4,2025-03-25,F02,0,1
Q002109,A00412,S4,2025-03-25,F01,1,0
Q002110,A00412,S5,2025-03-25,F01,0,1
Q002111,A00413,S4,2025-03-26,F04,0,1
Q002112,A00414,S3,2025-03-26,F01,1,0
Q002113,A00414,S4,2025-03-26,F02,1,0
Q002114,A00414,S4,2025-03-26,F04,1,0
Q002115,A00414,S4,2025-03-26,F02,1,0
Q002116,A00414,S4,2025-03-26,F01,0,1
Q002117,A00415,S4,2025-03-28,F05,0,1
Q002118,A00415,S4,2025-03-28,F01,0,1
Q002119,A00415,S4,2025-03-28,F02,0,1
Q002120,A00415,S5,2025-03-29,F03,0,1
Q002121,A00416,S3,2025-03-25,F01,0,1
Q002122,A00416,S5,2025-03-27,F03,0,1
Q002123,A00417,S3,2025-03-26,F04,0,1
Q002124,A00417,S3,2025-03-26,F03,0,1
Q002125,A00417,S4,2025-03-26,F02,1,0
Q002126,A00418,S3,2025-03-26,F02,1,0
Q002127,A00419,S3,2025-03-26,F02,0,1
Q002128,A00419,S3,2025-03-26,F02,1,0
Q002129,A00420,S3,2025-03-27,F02,0,1
Q002130,A00420,S3,2025-03-27,F03,0,1
Q002131,A00420,S3,2025-03-27,F03,0,1
Q002132,A00420,S4,2025-03-27,F02,0,1
Q002133,A00420,S4,2025-03-27,F05,0,1
Q002134,A00420,S4,2025-03-27,F06,0,1
Q002135,A00420,S4,2025-03-27,F05,0,1
Q002136,A00420,S5,2025-03-28,F04,0,1
Q002137,A00420,S5,2025-03-28,F01,0,1
Q002138,A00421,S4,2025-03-27,F05,0,1
Q002139,A00421,S4,2025-03-27,F02,0,1
Q002140,A00421,S4,2025-03-27,F04,0,1
Q002141,A00422,S3,2025-03-27,F02,1,0
Q002142,A00422,S3,2025-03-27,F01,0,1
Q002143,A00422,S3,2025-03-27,F03,1,0
Q002144,A00422,S4,2025-03-28,F05,0,1
Q002145,A00422,S4,2025-03-28,F03,0,1
Q002146,A00422,S4,2025-03-28,F02,0,1
Q002147,A00422,S4,2025-03-28,F05,0,1
Q002148,A00422,S5,2025-03-28,F01,0,1
Q002149,A00423,S3,2025-03-28,F06,0,1
Q002150,A00423,S3,2025-03-28,F01,0,1
Q002151,A00423,S3,2025-03-28,F01,1,0
Q002152,A00423,S3,2025-03-28,F03,0,1
Q002153,A00423,S3,2025-03-28,F02,1,0
Q002154,A00423,S4,2025-03-28,F01,0,1
Q002155,A00423,S4,2025-03-28,F02,0,1
Q002156,A00423,S5,2025-03-29,F01,0,1
Q002157,A00423,S5,2025-03-29,F01,0,1
Q002158,A00424,S3,2025-03-27,F05,0,1
Q002159,A00424,S3,2025-03-27,F04,1,0
Q002160,A00424,S3,2025-03-27,F05,1,0
Q002161,A00424,S3,2025-03-27,F03,0,1
Q002162,A00424,S3,2025-03-27,F04,0,1
Q002163,A00424,S3,2025-03-27,F02,1,0
Q002164,A00424,S4,2025-03-28,F06,1,0
Q002165,A00424,S4,2025-03-28,F04,0,1
Q002166,A00424,S4,2025-03-28,F02,1,0
Q002167,A00424,S4,2025-03-28,F04,1,0
Q002168,A00424,S4,2025-03-28,F05,0,1
Q002169,A00424,S4,2025-03-28,F03,0,1
Q002170,A00424,S5,2025-03-28,F01,0,1
Q002171,A00424,S5,2025-03-28,F03,0,1
Q002172,A00424,S5,2025-03-28,F03,1,0
Q002173,A00426,S5,2025-03-27,F01,0,1
Q002174,A00427,S3,2025-03-27,F04,0,1
Q002175,A00427,S3,2025-03-27,F01,0,1
Q002176,A00427,S4,2025-03-27,F03,0,1
Q002177,A00427,S5,2025-03-27,F06,1,0
Q002178,A00428,S3,2025-03-28,F01,1,0
Q002179,A00428,S5,2025-03-29,F02,0,1
Q002180,A00428,S5,2025-03-29,F05,0,1
Q002181,A00428,S5,2025-03-29,F05,0,1
Q002182,A00429,S3,2025-03-28,F03,0,1
Q002183,A00429,S4,2025-03-28,F05,0,1
Q002184,A00430,S4,2025-03-29,F04,1,0
Q002185,A00430,S4,2025-03-29,F03,0,1
Q002186,A00430,S5,2025-03-29,F04,0,1
Q002187,A00430,S5,2025-03-29,F02,0,1
Q002188,A00430,S5,2025-03-29,F01,0,1
Q002189,A00431,S3,2025-03-28,F03,0,1
Q002190,A00431,S3,2025-03-28,F02,0,1
Q002191,A00431,S3,2025-03-28,F06,0,1
Q002192,A00431,S3,2025-03-28,F05,0,1
Q002193,A00431,S3,2025-03-28,F01,1,0
Q002194,A00431,S4,2025-03-29,F05,0,1
Q002195,A00431,S4,2025-03-29,F02,0,1
Q002196,A00431,S4,2025-03-29,F03,0,1
Q002197,A00431,S4,2025-03-29,F03,0,1
Q002198,A00431,S4,2025-03-29,F03,0,1
Q002199,A00431,S5,2025-03-30,F01,0,1
Q002200,A00431,S5,2025-03-30,F05,0,1
Q002201,A00432,S3,2025-03-28,F04,0,1
Q002202,A00432,S3,2025-03-28,F03,0,1
Q002203,A00432,S3,2025-03-28,F02,1,0
Q002204,A00432,S4,2025-03-29,F01,1,0
Q002205,A00432,S4,2025-03-29,F02,0,1
Q002206,A00432,S4,2025-03-29,F02,0,1
Q002207,A00432,S5,2025-03-29,F01,1,0
Q002208,A00433,S4,2025-03-29,F02,0,1
Q002209,A00434,S5,2025-03-30,F02,0,1
Q002210,A00435,S3,2025-03-29,F01,1,0
Q002211,A00435,S3,2025-03-29,F03,0,1
Q002212,A00435,S3,2025-03-29,F05,0,1
Q002213,A00435,S4,2025-03-30,F02,0,1
Q002214,A00435,S4,2025-03-30,F06,1,0
Q002215,A00436,S4,2025-03-29,F02,0,1
Q002216,A00436,S4,2025-03-29,F02,1,0
Q002217,A00436,S4,2025-03-29,F01,0,1
Q002218,A00436,S4,2025-03-29,F03,0,1
Q002219,A00436,S4,2025-03-29,F02,0,1
Q002220,A00436,S4,2025-03-29,F04,1,0
Q002221,A00436,S5,2025-03-30,F03,0,1
Q002222,A00436,S5,2025-03-30,F01,0,1
Q002223,A00437,S3,2025-03-30,F01,1,0
Q002224,A00437,S3,2025-03-30,F03,0,1
Q002225,A00437,S3,2025-03-30,F02,0,1
Q002226,A00437,S3,2025-03-30,F05,1,0
Q002227,A00437,S4,2025-03-31,F01,0,1
Q002228,A00437,S5,2025-03-31,F06,0,1
Q002229,A00438,S3,2025-03-30,F01,1,0
Q002230,A00438,S3,2025-03-30,F05,0,1
Q002231,A00438,S4,2025-03-30,F02,0,1
Q002232,A00438,S4,2025-03-30,F03,1,0
Q002233,A00438,S4,2025-03-30,F03,0,1
Q002234,A00438,S4,2025-03-30,F02,0,1
Q002235,A00438,S4,2025-03-30,F04,0,1
Q002236,A00438,S4,2025-03-30,F04,0,1
Q002237,A00438,S4,2025-03-30,F02,0,1
Q002238,A00438,S5,2025-03-30,F05,0,1
Q002239,A00438,S5,2025-03-30,F02,0,1
Q002240,A00438,S5,2025-03-30,F01,1,0
Q002241,A00439,S4,2025-03-31,F01,0,1
Q002242,A00439,S5,2025-03-31,F03,1,0
Q002243,A00440,S3,2025-03-30,F04,1,0
Q002244,A00440,S5,2025-03-31,F03,0,1
Q002245,A00440,S5,2025-03-31,F03,0,1
Q002246,A00440,S5,2025-03-31,F02,0,1
Q002247,A00440,S5,2025-03-31,F04,1,0
Q002248,A00440,S5,2025-03-31,F02,0,1
Q002249,A00440,S5,2025-03-31,F04,0,1
Q002250,A00441,S3,2025-03-30,F02,0,1
Q002251,A00441,S3,2025-03-30,F04,1,0
Q002252,A00441,S3,2025-03-30,F06,0,1
Q002253,A00441,S3,2025-03-30,F03,0,1
Q002254,A00441,S4,2025-03-30,F03,0,1
Q002255,A00441,S4,2025-03-30,F03,0,1
Q002256,A00441,S4,2025-03-30,F03,0,1
Q002257,A00441,S4,2025-03-30,F01,0,1
Q002258,A00441,S4,2025-03-30,F01,0,1
Q002259,A00441,S4,2025-03-30,F01,0,1
Q002260,A00441,S5,2025-03-31,F02,0,1
Q002261,A00442,S5,2025-03-30,F01,0,1
Q002262,A00442,S5,2025-03-30,F03,0,1
Q002263,A00442,S5,2025-03-30,F02,0,1
Q002264,A00443,S3,2025-03-31,F03,0,1
Q002265,A00443,S3,2025-03-31,F01,1,0
Q002266,A00443,S4,2025-04-01,F01,0,1
Q002267,A00443,S4,2025-04-01,F01,0,1
Q002268,A00443,S5,2025-04-01,F06,0,1
Q002269,A00443,S5,2025-04-01,F01,0,1
Q002270,A00444,S3,2025-03-31,F03,0,1
Q002271,A00444,S4,2025-03-31,F02,0,1
Q002272,A00445,S3,2025-03-31,F05,0,1
Q002273,A00445,S4,2025-04-02,F02,0,1
Q002274,A00445,S4,2025-04-02,F02,0,1
Q002275,A00445,S5,2025-04-02,F05,0,1
Q002276,A00446,S3,2025-04-01,F06,0,1
Q002277,A00446,S3,2025-04-01,F05,1,0
Q002278,A00446,S4,2025-04-01,F01,0,1
Q002279,A00447,S3,2025-04-01,F01,1,0
Q002280,A00447,S4,2025-04-01,F01,0,1
Q002281,A00447,S4,2025-04-01,F05,0,1
Q002282,A00447,S4,2025-04-01,F02,0,1
Q002283,A00447,S4,2025-04-01,F02,1,0
Q002284,A00447,S5,2025-04-01,F02,0,1
Q002285,A00448,S4,2025-04-02,F03,0,1
Q002286,A00448,S4,2025-04-02,F02,0,1
Q002287,A00448,S4,2025-04-02,F01,1,0
Q002288,A00448,S5,2025-04-02,F02,1,0
Q002289,A00449,S3,2025-04-01,F03,1,0
Q002290,A00449,S4,2025-04-02,F02,1,0
Q002291,A00449,S4,2025-04-02,F05,0,1
Q002292,A00449,S4,2025-04-02,F06,0,1
Q002293,A00450,S3,2025-04-01,F05,0,1
Q002294,A00450,S3,2025-04-01,F03,0,1
Q002295,A00450,S4,2025-04-01,F04,0,1
Q002296,A00452,S3,2025-04-02,F01,0,1
Q002297,A00452,S4,2025-04-02,F01,0,1
Q002298,A00452,S4,2025-04-02,F01,0,1
Q002299,A00452,S4,2025-04-02,F05,0,1
Q002300,A00452,S5,2025-04-02,F03,1,0
Q002301,A00453,S3,2025-04-02,F02,0,1
Q002302,A00453,S3,2025-04-02,F06,0,1
Q002303,A00453,S3,2025-04-02,F03,0,1
Q002304,A00453,S4,2025-04-03,F02,0,1
Q002305,A00453,S4,2025-04-03,F03,0,1
Q002306,A00453,S4,2025-04-03,F01,0,1
Q002307,A00453,S4,2025-04-03,F02,1,0
Q002308,A00453,S4,2025-04-03,F03,0,1
Q002309,A00453,S4,2025-04-03,F04,1,0
Q002310,A00453,S4,2025-04-03,F01,0,1
Q002311,A00453,S4,2025-04-03,F01,1,0
Q002312,A00454,S3,2025-04-02,F01,1,0
Q002313,A00454,S3,2025-04-02,F05,0,1
Q002314,A00454,S4,2025-04-03,F01,1,0
Q002315,A00454,S4,2025-04-03,F03,0,1
Q002316,A00454,S4,2025-04-03,F03,0,1
Q002317,A00454,S4,2025-04-03,F02,0,1
Q002318,A00454,S4,2025-04-03,F04,1,0
Q002319,A00454,S4,2025-04-03,F02,0,1
Q002320,A00454,S4,2025-04-03,F01,0,1
Q002321,A00454,S5,2025-04-03,F03,0,1
Q002322,A00454,S5,2025-04-03,F01,0,1
Q002323,A00454,S5,2025-04-03,F02,0,1
Q002324,A00455,S4,2025-04-02,F05,0,1
Q002325,A00455,S5,2025-04-02,F03,0,1
Q002326,A00456,S3,2025-04-02,F01,0,1
Q002327,A00456,S5,2025-04-03,F03,0,1
Q002328,A00457,S3,2025-04-02,F03,0,1
Q002329,A00457,S4,2025-04-02,F06,1,0
Q002330,A00457,S4,2025-04-02,F02,0,1
Q002331,A00457,S4,2025-04-02,F05,1,0
Q002332,A00457,S4,2025-04-02,F04,1,0
Q002333,A00457,S5,2025-04-02,F02,0,1
Q002334,A00457,S5,2025-04-02,F02,1,0
Q002335,A00458,S3,2025-04-01,F02,0,1
Q002336,A00458,S4,2025-04-02,F03,0,1
Q002337,A00458,S4,2025-04-02,F06,0,1
Q002338,A00459,S3,2025-04-04,F02,0,1
Q002339,A00459,S3,2025-04-04,F02,0,1
Q002340,A00459,S3,2025-04-04,F02,0,1
Q002341,A00459,S4,2025-04-04,F01,1,0
Q002342,A00459,S4,2025-04-04,F02,1,0
Q002343,A00459,S4,2025-04-04,F01,1,0
Q002344,A00459,S5,2025-04-04,F01,1,0
Q002345,A00459,S5,2025-04-04,F03,0,1
Q002346,A00459,S5,2025-04-04,F01,0,1
Q002347,A00459,S5,2025-04-04,F03,0,1
Q002348,A00459,S5,2025-04-04,F03,0,1
Q002349,A00460,S4,2025-04-04,F01,0,1
Q002350,A00460,S4,2025-04-04,F01,0,1
Q002351,A00460,S4,2025-04-04,F04,0,1
Q002352,A00460,S4,2025-04-04,F01,0,1
Q002353,A00460,S4,2025-04-04,F06,1,0
Q002354,A00460,S4,2025-04-04,F01,0,1
Q002355,A00460,S5,2025-04-04,F01,1,0
Q002356,A00460,S5,2025-04-04,F03,0,1
Q002357,A00461,S3,2025-04-03,F03,0,1
Q002358,A00461,S4,2025-04-04,F02,0,1
Q002359,A00461,S5,2025-04-04,F03,0,1
Q002360,A00461,S5,2025-04-04,F03,0,1
Q002361,A00462,S3,2025-04-03,F02,0,1
Q002362,A00462,S4,2025-04-04,F02,0,1
Q002363,A00462,S4,2025-04-04,F01,0,1
Q002364,A00462,S4,2025-04-04,F04,0,1
Q002365,A00462,S4,2025-04-04,F06,0,1
Q002366,A00462,S5,2025-04-05,F05,0,1
Q002367,A00463,S3,2025-04-03,F01,0,1
Q002368,A00463,S3,2025-04-03,F06,0,1
Q002369,A00463,S3,2025-04-03,F02,1,0
Q002370,A00463,S4,2025-04-04,F04,0,1
Q002371,A00463,S4,2025-04-04,F03,0,1
Q002372,A00463,S5,2025-04-04,F04,0,1
Q002373,A00463,S5,2025-04-04,F02,0,1
Q002374,A00464,S4,2025-04-03,F05,0,1
Q002375,A00464,S4,2025-04-03,F01,0,1
Q002376,A00464,S4,2025-04-03,F04,0,1
Q002377,A00465,S3,2025-04-04,F03,0,1
Q002378,A00465,S3,2025-04-04,F01,1,0
Q002379,A00465,S3,2025-04-04,F01,0,1
Q002380,A00465,S4,2025-04-05,F04,0,1
Q002381,A00465,S4,2025-04-05,F03,1,0
Q002382,A00465,S4,2025-04-05,F03,0,1
Q002383,A00465,S5,2025-04-05,F03,0,1
Q002384,A00466,S3,2025-04-04,F04,0,1
Q002385,A00466,S3,2025-04-04,F01,0,1
Q002386,A00466,S3,2025-04-04,F04,1,0
Q002387,A00466,S3,2025-04-04,F04,1,0
Q002388,A00466,S4,2025-04-05,F02,1,0
Q002389,A00466,S4,2025-04-05,F02,0,1
Q002390,A00466,S4,2025-04-05,F02,0,1
Q002391,A00466,S4,2025-04-05,F04,0,1
Q002392,A00466,S5,2025-04-06,F04,0,1
Q002393,A00466,S5,2025-04-06,F03,1,0
Q002394,A00467,S3,2025-04-04,F01,0,1
Q002395,A00467,S3,2025-04-04,F01,0,1
Q002396,A00467,S3,2025-04-04,F04,1,0
Q002397,A00467,S4,2025-04-04,F01,1,0
Q002398,A00467,S4,2025-04-04,F05,1,0
Q002399,A00467,S4,2025-04-04,F02,0,1
Q002400,A00467,S4,2025-04-04,F03,0,1
Q002401,A00467,S5,2025-04-04,F01,0,1
Q002402,A00467,S5,2025-04-04,F03,1,0
Q002403,A00468,S3,2025-04-04,F04,0,1
Q002404,A00468,S3,2025-04-04,F06,1,0
Q002405,A00468,S3,2025-04-04,F05,0,1
Q002406,A00468,S4,2025-04-05,F03,0,1
Q002407,A00468,S4,2025-04-05,F01,0,1
Q002408,A00468,S4,2025-04-05,F05,0,1
Q002409,A00468,S5,2025-04-05,F01,1,0
Q002410,A00469,S4,2025-04-06,F01,1,0
Q002411,A00469,S4,2025-04-06,F01,0,1
Q002412,A00469,S4,2025-04-06,F03,0,1
Q002413,A00469,S4,2025-04-06,F01,0,1
Q002414,A00470,S3,2025-04-05,F04,1,0
Q002415,A00470,S3,2025-04-05,F03,0,1
Q002416,A00470,S5,2025-04-06,F04,1,0
Q002417,A00471,S4,2025-04-05,F02,0,1
Q002418,A00471,S5,2025-04-05,F01,0,1
Q002419,A00472,S3,2025-04-04,F01,0,1
Q002420,A00472,S3,2025-04-04,F02,0,1
Q002421,A00472,S4,2025-04-05,F05,0,1
Q002422,A00472,S4,2025-04-05,F04,0,1
Q002423,A00472,S5,2025-04-05,F05,0,1
Q002424,A00473,S4,2025-04-06,F04,1,0
Q002425,A00473,S5,2025-04-06,F03,0,1
Q002426,A00474,S3,2025-04-04,F01,0,1
Q002427,A00474,S4,2025-04-05,F01,0,1
Q002428,A00476,S3,2025-04-05,F01,0,1
Q002429,A00476,S3,2025-04-05,F03,1,0
Q002430,A00476,S3,2025-04-05,F02,1,0
Q002431,A00476,S4,2025-04-05,F02,0,1
Q002432,A00476,S4,2025-04-05,F02,1,0
Q002433,A00476,S5,2025-04-06,F01,1,0
Q002434,A00477,S3,2025-04-06,F01,0,1
Q002435,A00477,S4,2025-04-07,F01,0,1
Q002436,A00477,S4,2025-04-07,F01,0,1
Q002437,A00477,S4,2025-04-07,F02,1,0
Q002438,A00477,S4,2025-04-07,F03,0,1
Q002439,A00477,S4,2025-04-07,F04,0,1
Q002440,A00477,S4,2025-04-07,F04,1,0
Q002441,A00477,S4,2025-04-07,F02,0,1
Q002442,A00477,S5,2025-04-07,F03,0,1
Q002443,A00477,S5,2025-04-07,F03,0,1
Q002444,A00478,S4,2025-04-05,F04,1,0
Q002445,A00479,S3,2025-04-06,F03,0,1
Q002446,A00479,S3,2025-04-06,F03,0,1
Q002447,A00479,S3,2025-04-06,F01,0,1
Q002448,A00479,S4,2025-04-07,F05,0,1
Q002449,A00479,S4,2025-04-07,F05,0,1
Q002450,A00479,S4,2025-04-07,F03,0,1
Q002451,A00479,S5,2025-04-07,F03,0,1
Q002452,A00479,S5,2025-04-07,F01,0,1
Q002453,A00480,S3,2025-04-06,F02,0,1
Q002454,A00480,S3,2025-04-06,F01,0,1
Q002455,A00480,S3,2025-04-06,F01,1,0
Q002456,A00480,S4,2025-04-07,F02,0,1
Q002457,A00480,S4,2025-04-07,F03,0,1
Q002458,A00480,S4,2025-04-07,F06,0,1
Q002459,A00480,S5,2025-04-07,F06,0,1
Q002460,A00480,S5,2025-04-07,F03,0,1
Q002461,A00480,S5,2025-04-07,F02,0,1
Q002462,A00480,S5,2025-04-07,F01,1,0
Q002463,A00481,S4,2025-04-06,F01,0,1
Q002464,A00481,S4,2025-04-06,F02,0,1
Q002465,A00481,S4,2025-04-06,F05,0,1
Q002466,A00481,S4,2025-04-06,F03,0,1
Q002467,A00481,S4,2025-04-06,F04,0,1
Q002468,A00481,S5,2025-04-07,F01,1,0
Q002469,A00482,S3,2025-04-06,F04,0,1
Q002470,A00482,S3,2025-04-06,F01,0,1
Q002471,A00482,S3,2025-04-06,F06,0,1
Q002472,A00482,S4,2025-04-06,F03,0,1
Q002473,A00482,S4,2025-04-06,F01,1,0
Q002474,A00482,S4,2025-04-06,F03,0,1
Q002475,A00482,S5,2025-04-06,F02,0,1
Q002476,A00482,S5,2025-04-06,F02,0,1
Q002477,A00483,S3,2025-04-06,F04,0,1
Q002478,A00483,S3,2025-04-06,F03,0,1
Q002479,A00483,S4,2025-04-07,F03,0,1
Q002480,A00483,S4,2025-04-07,F02,1,0
Q002481,A00483,S4,2025-04-07,F01,0,1
Q002482,A00483,S4,2025-04-07,F04,1,0
Q002483,A00484,S3,2025-04-06,F05,0,1
Q002484,A00484,S3,2025-04-06,F01,0,1
Q002485,A00484,S3,2025-04-06,F03,1,0
Q002486,A00484,S4,2025-04-07,F02,0,1
Q002487,A00484,S4,2025-04-07,F03,1,0
Q002488,A00484,S4,2025-04-07,F01,0,1
Q002489,A00484,S4,2025-04-07,F01,1,0
Q002490,A00484,S4,2025-04-07,F02,0,1
Q002491,A00484,S4,2025-04-07,F05,0,1
Q002492,A00484,S4,2025-04-07,F05,0,1
Q002493,A00484,S4,2025-04-07,F02,0,1
Q002494,A00484,S5,2025-04-07,F01,1,0
Q002495,A00485,S3,2025-04-06,F02,1,0
Q002496,A00485,S4,2025-04-06,F01,0,1
Q002497,A00485,S5,2025-04-06,F02,0,1
Q002498,A00486,S3,2025-04-07,F04,0,1
Q002499,A00486,S3,2025-04-07,F01,0,1
Q002500,A00486,S3,2025-04-07,F01,0,1
Q002501,A00486,S3,2025-04-07,F01,0,1
Q002502,A00486,S4,2025-04-08,F04,1,0
Q002503,A00486,S5,2025-04-08,F02,0,1
Q002504,A00486,S5,2025-04-08,F03,0,1
Q002505,A00486,S5,2025-04-08,F04,0,1
Q002506,A00486,S5,2025-04-08,F01,1,0
Q002507,A00487,S3,2025-04-07,F06,0,1
Q002508,A00487,S3,2025-04-07,F01,0,1
Q002509,A00487,S3,2025-04-07,F01,0,1
Q002510,A00487,S4,2025-04-07,F02,0,1
Q002511,A00487,S4,2025-04-07,F06,1,0
Q002512,A00487,S5,2025-04-07,F03,0,1
Q002513,A00488,S3,2025-04-06,F01,1,0
Q002514,A00488,S4,2025-04-07,F02,0,1
Q002515,A00488,S4,2025-04-07,F01,0,1
Q002516,A00488,S4,2025-04-07,F03,0,1
Q002517,A00489,S3,2025-04-07,F05,0,1
Q002518,A00489,S3,2025-04-07,F01,0,1
Q002519,A00489,S4,2025-04-07,F01,1,0
Q002520,A00489,S4,2025-04-07,F06,0,1
Q002521,A00489,S4,2025-04-07,F01,0,1
Q002522,A00489,S4,2025-04-07,F01,0,1
Q002523,A00489,S4,2025-04-07,F01,0,1
Q002524,A00489,S4,2025-04-07,F03,1,0
Q002525,A00489,S4,2025-04-07,F03,0,1
Q002526,A00489,S5,2025-04-07,F06,0,1
Q002527,A00490,S3,2025-04-07,F03,0,1
Q002528,A00490,S4,2025-04-08,F04,1,0
Q002529,A00490,S4,2025-04-08,F05,0,1
Q002530,A00490,S4,2025-04-08,F03,0,1
Q002531,A00490,S4,2025-04-08,F02,0,1
Q002532,A00490,S4,2025-04-08,F03,0,1
Q002533,A00490,S4,2025-04-08,F02,0,1
Q002534,A00490,S5,2025-04-08,F01,1,0
Q002535,A00491,S3,2025-04-09,F03,1,0
Q002536,A00491,S3,2025-04-09,F01,1,0
Q002537,A00491,S4,2025-04-10,F01,0,1
Q002538,A00491,S4,2025-04-10,F04,0,1
Q002539,A00491,S4,2025-04-10,F03,0,1
Q002540,A00491,S4,2025-04-10,F01,1,0
Q002541,A00491,S4,2025-04-10,F04,1,0
Q002542,A00491,S4,2025-04-10,F02,1,0
Q002543,A00491,S5,2025-04-10,F02,0,1
Q002544,A00492,S4,2025-04-10,F01,0,1
Q002545,A00492,S4,2025-04-10,F03,0,1
Q002546,A00492,S4,2025-04-10,F01,0,1
Q002547,A00492,S5,2025-04-10,F02,1,0
Q002548,A00493,S3,2025-04-09,F02,0,1
Q002549,A00493,S3,2025-04-09,F01,0,1
Q002550,A00493,S3,2025-04-09,F02,0,1
Q002551,A00493,S3,2025-04-09,F01,1,0
Q002552,A00493,S3,2025-04-09,F04,0,1
Q002553,A00493,S3,2025-04-09,F01,0,1
Q002554,A00493,S4,2025-04-09,F02,0,1
Q002555,A00493,S4,2025-04-09,F02,0,1
Q002556,A00493,S4,2025-04-09,F04,0,1
Q002557,A00493,S4,2025-04-09,F02,1,0
Q002558,A00493,S4,2025-04-09,F03,0,1
Q002559,A00493,S4,2025-04-09,F03,0,1
Q002560,A00493,S4,2025-04-09,F02,0,1
Q002561,A00494,S3,2025-04-09,F02,0,1
Q002562,A00494,S3,2025-04-09,F02,0,1
Q002563,A00494,S3,2025-04-09,F06,0,1
Q002564,A00494,S3,2025-04-09,F01,0,1
Q002565,A00494,S3,2025-04-09,F02,0,1
Q002566,A00494,S4,2025-04-09,F05,0,1
Q002567,A00494,S4,2025-04-09,F02,1,0
Q002568,A00494,S5,2025-04-10,F01,0,1
Q002569,A00494,S5,2025-04-10,F03,0,1
Q002570,A00495,S3,2025-04-08,F04,0,1
Q002571,A00495,S3,2025-04-08,F02,0,1
Q002572,A00495,S4,2025-04-09,F06,1,0
Q002573,A00496,S3,2025-04-09,F01,0,1
Q002574,A00496,S4,2025-04-09,F01,1,0
Q002575,A00496,S4,2025-04-09,F01,1,0
Q002576,A00497,S4,2025-04-09,F01,1,0
Q002577,A00497,S4,2025-04-09,F06,0,1
Q002578,A00497,S4,2025-04-09,F01,0,1
Q002579,A00497,S4,2025-04-09,F05,0,1
Q002580,A00497,S5,2025-04-10,F03,0,1
Q002581,A00498,S3,2025-04-10,F04,1,0
Q002582,A00498,S4,2025-04-10,F06,1,0
Q002583,A00498,S4,2025-04-10,F01,0,1
Q002584,A00498,S5,2025-04-10,F04,0,1
Q002585,A00499,S4,2025-04-10,F03,0,1
Q002586,A00500,S3,2025-04-10,F03,0,1
Q002587,A00500,S3,2025-04-10,F02,0,1
Q002588,A00500,S4,2025-04-10,F01,0,1
Q002589,A00500,S4,2025-04-10,F03,0,1
Q002590,A00500,S4,2025-04-10,F02,0,1
Q002591,A00500,S5,2025-04-11,F02,0,1
Q002592,A00500,S5,2025-04-11,F05,0,1
Q002593,A00500,S5,2025-04-11,F04,0,1
Q002594,A00501,S3,2025-04-10,F05,0,1
Q002595,A00502,S3,2025-04-10,F02,0,1
Q002596,A00502,S3,2025-04-10,F01,0,1
Q002597,A00502,S4,2025-04-11,F01,0,1
Q002598,A00503,S4,2025-04-10,F03,1,0
Q002599,A00503,S4,2025-04-10,F02,0,1
Q002600,A00503,S4,2025-04-10,F05,0,1
Q002601,A00503,S5,2025-04-11,F03,0,1
Q002602,A00503,S5,2025-04-11,F01,0,1
Q002603,A00503,S5,2025-04-11,F02,0,1
Q002604,A00503,S5,2025-04-11,F05,0,1
Q002605,A00504,S4,2025-04-10,F04,1,0
Q002606,A00504,S4,2025-04-10,F01,0,1
Q002607,A00505,S4,2025-04-12,F06,0,1
Q002608,A00505,S4,2025-04-12,F06,0,1
Q002609,A00505,S4,2025-04-12,F03,0,1
Q002610,A00505,S4,2025-04-12,F05,0,1
Q002611,A00505,S4,2025-04-12,F02,1,0
Q002612,A00505,S4,2025-04-12,F02,1,0
Q002613,A00506,S3,2025-04-11,F02,1,0
Q002614,A00506,S4,2025-04-11,F01,0,1
Q002615,A00506,S4,2025-04-11,F03,0,1
Q002616,A00506,S4,2025-04-11,F01,1,0
Q002617,A00506,S4,2025-04-11,F03,0,1
Q002618,A00506,S5,2025-04-12,F01,0,1
Q002619,A00506,S5,2025-04-12,F01,0,1
Q002620,A00507,S3,2025-04-10,F01,0,1
Q002621,A00507,S4,2025-04-11,F01,1,0
Q002622,A00507,S5,2025-04-11,F03,0,1
Q002623,A00507,S5,2025-04-11,F02,0,1
Q002624,A00508,S5,2025-04-11,F03,0,1
Q002625,A00508,S5,2025-04-11,F03,0,1
Q002626,A00509,S3,2025-04-10,F01,0,1
Q002627,A00509,S4,2025-04-11,F01,1,0
Q002628,A00509,S4,2025-04-11,F02,0,1
Q002629,A00510,S3,2025-04-12,F05,0,1
Q002630,A00510,S4,2025-04-14,F01,0,1
Q002631,A00510,S4,2025-04-14,F04,1,0
Q002632,A00510,S4,2025-04-14,F06,0,1
Q002633,A00510,S5,2025-04-14,F02,0,1
Q002634,A00511,S3,2025-04-11,F03,0,1
Q002635,A00512,S3,2025-04-13,F05,0,1
Q002636,A00512,S4,2025-04-13,F06,1,0
Q002637,A00512,S4,2025-04-13,F01,0,1
Q002638,A00512,S4,2025-04-13,F06,1,0
Q002639,A00513,S3,2025-04-12,F06,0,1
Q002640,A00513,S3,2025-04-12,F03,0,1
Q002641,A00513,S4,2025-04-12,F01,1,0
Q002642,A00513,S4,2025-04-12,F01,0,1
Q002643,A00513,S4,2025-04-12,F04,1,0
Q002644,A00513,S4,2025-04-12,F02,1,0
Q002645,A00513,S4,2025-04-12,F02,0,1
Q002646,A00513,S5,2025-04-12,F02,1,0
Q002647,A00513,S5,2025-04-12,F03,0,1
Q002648,A00513,S5,2025-04-12,F02,0,1
Q002649,A00513,S5,2025-04-12,F02,0,1
Q002650,A00513,S5,2025-04-12,F03,0,1
Q002651,A00513,S5,2025-04-12,F03,0,1
Q002652,A00514,S3,2025-04-12,F01,1,0
Q002653,A00514,S3,2025-04-12,F02,0,1
Q002654,A00514,S4,2025-04-12,F03,0,1
Q002655,A00514,S4,2025-04-12,F01,0,1
Q002656,A00514,S4,2025-04-12,F02,1,0
Q002657,A00514,S5,2025-04-12,F05,0,1
Q002658,A00514,S5,2025-04-12,F03,0,1
Q002659,A00515,S4,2025-04-13,F02,0,1
Q002660,A00515,S4,2025-04-13,F01,1,0
Q002661,A00515,S4,2025-04-13,F01,0,1
Q002662,A00515,S4,2025-04-13,F05,0,1
Q002663,A00515,S4,2025-04-13,F02,0,1
Q002664,A00515,S4,2025-04-13,F01,0,1
Q002665,A00515,S4,2025-04-13,F03,0,1
Q002666,A00515,S4,2025-04-13,F03,0,1
Q002667,A00515,S4,2025-04-13,F04,0,1
Q002668,A00515,S5,2025-04-13,F01,1,0
Q002669,A00516,S3,2025-04-12,F04,0,1
Q002670,A00516,S3,2025-04-12,F04,0,1
Q002671,A00516,S3,2025-04-12,F02,0,1
Q002672,A00516,S3,2025-04-12,F02,0,1
Q002673,A00516,S3,2025-04-12,F06,0,1
Q002674,A00516,S4,2025-04-12,F05,1,0
Q002675,A00516,S4,2025-04-12,F02,0,1
Q002676,A00516,S4,2025-04-12,F03,0,1
Q002677,A00516,S4,2025-04-12,F02,0,1
Q002678,A00516,S4,2025-04-12,F05,0,1
Q002679,A00516,S4,2025-04-12,F03,1,0
Q002680,A00517,S3,2025-04-12,F01,1,0
Q002681,A00518,S4,2025-04-12,F03,0,1
Q002682,A00518,S5,2025-04-12,F02,0,1
Q002683,A00518,S5,2025-04-12,F01,1,0
Q002684,A00519,S3,2025-04-11,F06,0,1
Q002685,A00519,S4,2025-04-12,F05,0,1
Q002686,A00519,S4,2025-04-12,F03,0,1
Q002687,A00519,S5,2025-04-12,F01,0,1
Q002688,A00520,S3,2025-04-13,F03,0,1
Q002689,A00520,S3,2025-04-13,F03,0,1
Q002690,A00520,S4,2025-04-14,F03,0,1
Q002691,A00520,S4,2025-04-14,F02,0,1
Q002692,A00520,S4,2025-04-14,F03,0,1
Q002693,A00520,S5,2025-04-14,F01,0,1
Q002694,A00522,S3,2025-04-13,F02,0,1
Q002695,A00522,S3,2025-04-13,F01,0,1
Q002696,A00522,S4,2025-04-14,F01,0,1
Q002697,A00522,S4,2025-04-14,F01,1,0
Q002698,A00522,S5,2025-04-14,F02,0,1
Q002699,A00522,S5,2025-04-14,F05,0,1
Q002700,A00522,S5,2025-04-14,F01,1,0
Q002701,A00522,S5,2025-04-14,F04,0,1
Q002702,A00523,S3,2025-04-13,F01,1,0
Q002703,A00523,S4,2025-04-14,F01,0,1
Q002704,A00523,S4,2025-04-14,F06,0,1
Q002705,A00523,S5,2025-04-14,F02,0,1
Q002706,A00524,S4,2025-04-14,F03,0,1
Q002707,A00524,S4,2025-04-14,F04,1,0
Q002708,A00524,S4,2025-04-14,F04,0,1
Q002709,A00524,S5,2025-04-15,F06,0,1
Q002710,A00525,S3,2025-04-14,F01,0,1
Q002711,A00525,S4,2025-04-14,F06,0,1
Q002712,A00526,S4,2025-04-15,F02,0,1
Q002713,A00526,S4,2025-04-15,F03,0,1
Q002714,A00526,S5,2025-04-15,F02,1,0
Q002715,A00527,S4,2025-04-16,F02,0,1
Q002716,A00527,S4,2025-04-16,F06,0,1
Q002717,A00527,S4,2025-04-16,F01,0,1
Q002718,A00528,S3,2025-04-15,F01,1,0
Q002719,A00528,S4,2025-04-16,F03,0,1
Q002720,A00528,S4,2025-04-16,F05,0,1
Q002721,A00528,S4,2025-04-16,F01,0,1
Q002722,A00528,S5,2025-04-17,F03,0,1
Q002723,A00529,S3,2025-04-16,F03,0,1
Q002724,A00529,S3,2025-04-16,F01,1,0
Q002725,A00529,S4,2025-04-16,F04,0,1
Q002726,A00529,S4,2025-04-16,F02,0,1
Q002727,A00529,S4,2025-04-16,F01,0,1
Q002728,A00529,S4,2025-04-16,F02,0,1
Q002729,A00530,S3,2025-04-15,F01,1,0
Q002730,A00530,S3,2025-04-15,F02,0,1
Q002731,A00530,S3,2025-04-15,F04,0,1
Q002732,A00530,S4,2025-04-15,F02,1,0
Q002733,A00530,S4,2025-04-15,F01,0,1
Q002734,A00530,S5,2025-04-15,F03,0,1
Q002735,A00531,S3,2025-04-15,F03,0,1
Q002736,A00531,S4,2025-04-15,F02,0,1
Q002737,A00531,S5,2025-04-15,F05,0,1
Q002738,A00532,S3,2025-04-16,F01,0,1
Q002739,A00532,S3,2025-04-16,F01,1,0
Q002740,A00532,S3,2025-04-16,F01,0,1
Q002741,A00532,S4,2025-04-16,F01,0,1
Q002742,A00532,S5,2025-04-16,F02,0,1
Q002743,A00533,S3,2025-04-16,F04,0,1
Q002744,A00533,S3,2025-04-16,F04,0,1
Q002745,A00533,S4,2025-04-16,F01,1,0
Q002746,A00533,S5,2025-04-17,F05,1,0
Q002747,A00534,S3,2025-04-15,F01,0,1
Q002748,A00534,S4,2025-04-16,F04,0,1
Q002749,A00534,S4,2025-04-16,F02,0,1
Q002750,A00534,S4,2025-04-16,F05,0,1
Q002751,A00534,S5,2025-04-16,F01,1,0
Q002752,A00534,S5,2025-04-16,F01,0,1
Q002753,A00535,S4,2025-04-17,F02,0,1
Q002754,A00535,S4,2025-04-17,F04,0,1
Q002755,A00535,S4,2025-04-17,F01,0,1
Q002756,A00535,S4,2025-04-17,F06,1,0
Q002757,A00535,S4,2025-04-17,F01,0,1
Q002758,A00535,S4,2025-04-17,F01,1,0
Q002759,A00535,S5,2025-04-18,F04,1,0
Q002760,A00535,S5,2025-04-18,F06,0,1
Q002761,A00535,S5,2025-04-18,F01,0,1
Q002762,A00535,S5,2025-04-18,F05,0,1
Q002763,A00536,S3,2025-04-16,F02,0,1
Q002764,A00536,S3,2025-04-16,F03,0,1
Q002765,A00536,S4,2025-04-16,F01,1,0
Q002766,A00536,S4,2025-04-16,F01,0,1
Q002767,A00536,S4,2025-04-16,F02,0,1
Q002768,A00536,S4,2025-04-16,F03,0,1
Q002769,A00536,S5,2025-04-16,F02,1,0
Q002770,A00536,S5,2025-04-16,F05,0,1
Q002771,A00536,S5,2025-04-16,F03,0,1
Q002772,A00537,S3,2025-04-17,F05,0,1
Q002773,A00537,S3,2025-04-17,F01,1,0
Q002774,A00537,S3,2025-04-17,F02,0,1
Q002775,A00537,S4,2025-04-17,F03,0,1
Q002776,A00537,S4,2025-04-17,F01,0,1
Q002777,A00538,S3,2025-04-17,F03,1,0
Q002778,A00538,S3,2025-04-17,F03,0,1
Q002779,A00538,S3,2025-04-17,F04,1,0
Q002780,A00538,S3,2025-04-17,F01,0,1
Q002781,A00538,S4,2025-04-17,F02,0,1
Q002782,A00538,S5,2025-04-18,F04,0,1
Q002783,A00539,S4,2025-04-18,F04,0,1
Q002784,A00539,S5,2025-04-18,F01,0,1
Q002785,A00540,S4,2025-04-18,F05,0,1
Q002786,A00540,S4,2025-04-18,F05,0,1
Q002787,A00540,S5,2025-04-18,F02,0,1
Q002788,A00540,S5,2025-04-18,F01,0,1
Q002789,A00543,S3,2025-04-18,F01,0,1
Q002790,A00543,S3,2025-04-18,F03,0,1
Q002791,A00543,S3,2025-04-18,F01,1,0
Q002792,A00543,S3,2025-04-18,F03,0,1
Q002793,A00543,S3,2025-04-18,F02,0,1
Q002794,A00543,S4,2025-04-19,F01,0,1
Q002795,A00543,S5,2025-04-19,F01,0,1
Q002796,A00543,S5,2025-04-19,F01,0,1
Q002797,A00544,S3,2025-04-18,F04,1,0
Q002798,A00544,S3,2025-04-18,F04,0,1
Q002799,A00544,S4,2025-04-19,F01,0,1
Q002800,A00544,S4,2025-04-19,F02,0,1
Q002801,A00545,S4,2025-04-19,F01,1,0
Q002802,A00545,S4,2025-04-19,F01,0,1
Q002803,A00545,S4,2025-04-19,F02,0,1
Q002804,A00545,S5,2025-04-19,F02,1,0
Q002805,A00546,S5,2025-04-20,F04,0,1
Q002806,A00547,S3,2025-04-18,F01,0,1
Q002807,A00547,S3,2025-04-18,F02,0,1
Q002808,A00547,S4,2025-04-19,F02,0,1
Q002809,A00547,S4,2025-04-19,F02,0,1
Q002810,A00547,S4,2025-04-19,F01,0,1
Q002811,A00547,S4,2025-04-19,F05,1,0
Q002812,A00549,S4,2025-04-19,F02,0,1
Q002813,A00549,S5,2025-04-19,F03,0,1
Q002814,A00550,S3,2025-04-19,F01,0,1
Q002815,A00550,S3,2025-04-19,F06,0,1
Q002816,A00550,S3,2025-04-19,F02,1,0
Q002817,A00550,S4,2025-04-20,F02,0,1
Q002818,A00550,S4,2025-04-20,F03,0,1
Q002819,A00550,S4,2025-04-20,F02,0,1
Q002820,A00550,S5,2025-04-20,F01,0,1
Q002821,A00551,S3,2025-04-19,F05,0,1
Q002822,A00551,S3,2025-04-19,F03,0,1
Q002823,A00551,S3,2025-04-19,F02,0,1
Q002824,A00551,S4,2025-04-20,F04,1,0
Q002825,A00552,S3,2025-04-19,F01,0,1
Q002826,A00552,S4,2025-04-19,F03,0,1
Q002827,A00552,S4,2025-04-19,F04,0,1
Q002828,A00552,S5,2025-04-19,F01,1,0
Q002829,A00552,S5,2025-04-19,F02,0,1
Q002830,A00552,S5,2025-04-19,F01,0,1
Q002831,A00553,S3,2025-04-18,F04,0,1
Q002832,A00553,S4,2025-04-19,F01,0,1
Q002833,A00553,S5,2025-04-19,F01,0,1
Q002834,A00553,S5,2025-04-19,F01,1,0
Q002835,A00554,S4,2025-04-19,F04,0,1
Q002836,A00554,S4,2025-04-19,F04,0,1
Q002837,A00554,S4,2025-04-19,F01,0,1
Q002838,A00555,S3,2025-04-19,F04,0,1
Q002839,A00555,S3,2025-04-19,F03,0,1
Q002840,A00555,S3,2025-04-19,F01,0,1
Q002841,A00555,S3,2025-04-19,F01,0,1
Q002842,A00555,S4,2025-04-21,F01,1,0
Q002843,A00555,S4,2025-04-21,F03,0,1
Q002844,A00555,S4,2025-04-21,F03,0,1
Q002845,A00555,S4,2025-04-21,F05,0,1
Q002846,A00555,S5,2025-04-21,F02,0,1
Q002847,A00555,S5,2025-04-21,F01,0,1
Q002848,A00556,S4,2025-04-22,F05,0,1
Q002849,A00556,S4,2025-04-22,F01,1,0
Q002850,A00556,S5,2025-04-22,F01,1,0
Q002851,A00557,S3,2025-04-20,F03,0,1
Q002852,A00557,S4,2025-04-21,F03,0,1
Q002853,A00557,S4,2025-04-21,F02,0,1
Q002854,A00558,S3,2025-04-20,F01,1,0
Q002855,A00558,S3,2025-04-20,F03,0,1
Q002856,A00558,S4,2025-04-20,F05,0,1
Q002857,A00558,S4,2025-04-20,F01,0,1
Q002858,A00558,S4,2025-04-20,F03,0,1
Q002859,A00558,S4,2025-04-20,F02,0,1
Q002860,A00558,S4,2025-04-20,F02,0,1
Q002861,A00558,S5,2025-04-20,F04,0,1
Q002862,A00558,S5,2025-04-20,F01,0,1
Q002863,A00560,S3,2025-04-20,F05,0,1
Q002864,A00560,S3,2025-04-20,F02,0,1
Q002865,A00560,S3,2025-04-20,F06,1,0
Q002866,A00560,S3,2025-04-20,F01,1,0
Q002867,A00560,S4,2025-04-20,F04,1,0
Q002868,A00560,S4,2025-04-20,F03,0,1
Q002869,A00560,S4,2025-04-20,F01,0,1
Q002870,A00560,S4,2025-04-20,F03,0,1
Q002871,A00560,S5,2025-04-20,F02,0,1
Q002872,A00561,S3,2025-04-21,F03,0,1
Q002873,A00561,S3,2025-04-21,F03,0,1
Q002874,A00561,S3,2025-04-21,F02,0,1
Q002875,A00561,S3,2025-04-21,F03,0,1
Q002876,A00561,S4,2025-04-23,F05,0,1
Q002877,A00561,S4,2025-04-23,F04,0,1
Q002878,A00561,S4,2025-04-23,F02,0,1
Q002879,A00561,S4,2025-04-23,F01,0,1
Q002880,A00561,S4,2025-04-23,F03,0,1
Q002881,A00561,S5,2025-04-23,F01,0,1
Q002882,A00561,S5,2025-04-23,F01,0,1
Q002883,A00562,S3,2025-04-21,F06,1,0
Q002884,A00562,S3,2025-04-21,F02,0,1
Q002885,A00562,S4,2025-04-22,F01,0,1
Q002886,A00562,S4,2025-04-22,F01,1,0
Q002887,A00562,S4,2025-04-22,F04,0,1
Q002888,A00562,S4,2025-04-22,F03,1,0
Q002889,A00563,S3,2025-04-21,F02,1,0
Q002890,A00563,S3,2025-04-21,F03,0,1
Q002891,A00563,S4,2025-04-21,F04,1,0
Q002892,A00563,S4,2025-04-21,F03,0,1
Q002893,A00563,S4,2025-04-21,F01,1,0
Q002894,A00563,S4,2025-04-21,F01,0,1
Q002895,A00563,S4,2025-04-21,F06,0,1
Q002896,A00563,S4,2025-04-21,F03,0,1
Q002897,A00563,S4,2025-04-21,F05,0,1
Q002898,A00563,S4,2025-04-21,F03,0,1
Q002899,A00563,S4,2025-04-21,F05,0,1
Q002900,A00563,S4,2025-04-21,F01,0,1
Q002901,A00563,S5,2025-04-21,F01,1,0
Q002902,A00563,S5,2025-04-21,F01,0,1
Q002903,A00563,S5,2025-04-21,F02,0,1
Q002904,A00563,S5,2025-04-21,F04,1,0
Q002905,A00564,S3,2025-04-22,F02,0,1
Q002906,A00564,S3,2025-04-22,F06,1,0
Q002907,A00564,S3,2025-04-22,F01,0,1
Q002908,A00564,S3,2025-04-22,F03,0,1
Q002909,A00564,S3,2025-04-22,F06,0,1
Q002910,A00564,S3,2025-04-22,F01,1,0
Q002911,A00564,S4,2025-04-22,F06,0,1
Q002912,A00564,S4,2025-04-22,F02,0,1
Q002913,A00564,S4,2025-04-22,F06,1,0
Q002914,A00564,S4,2025-04-22,F03,1,0
Q002915,A00564,S4,2025-04-22,F03,0,1
Q002916,A00564,S4,2025-04-22,F03,1,0
Q002917,A00564,S5,2025-04-23,F01,0,1
Q002918,A00565,S3,2025-04-22,F01,0,1
Q002919,A00565,S3,2025-04-22,F02,1,0
Q002920,A00565,S3,2025-04-22,F04,0,1
Q002921,A00565,S4,2025-04-23,F03,0,1
Q002922,A00565,S4,2025-04-23,F04,1,0
Q002923,A00565,S4,2025-04-23,F01,0,1
Q002924,A00565,S4,2025-04-23,F01,0,1
Q002925,A00565,S4,2025-04-23,F06,1,0
Q002926,A00565,S5,2025-04-23,F01,1,0
Q002927,A00565,S5,2025-04-23,F01,1,0
Q002928,A00566,S4,2025-04-22,F03,0,1
Q002929,A00566,S4,2025-04-22,F01,0,1
Q002930,A00566,S4,2025-04-22,F01,1,0
Q002931,A00566,S4,2025-04-22,F05,0,1
Q002932,A00566,S4,2025-04-22,F01,0,1
Q002933,A00567,S3,2025-04-21,F01,0,1
Q002934,A00567,S3,2025-04-21,F03,1,0
Q002935,A00567,S4,2025-04-22,F02,0,1
Q002936,A00567,S4,2025-04-22,F01,0,1
Q002937,A00567,S4,2025-04-22,F04,1,0
Q002938,A00567,S5,2025-04-22,F04,0,1
Q002939,A00568,S3,2025-04-22,F02,0,1
Q002940,A00568,S3,2025-04-22,F05,0,1
Q002941,A00568,S4,2025-04-23,F04,1,0
Q002942,A00568,S4,2025-04-23,F02,0,1
Q002943,A00568,S4,2025-04-23,F02,0,1
Q002944,A00568,S4,2025-04-23,F01,0,1
Q002945,A00568,S4,2025-04-23,F03,0,1
Q002946,A00569,S3,2025-04-22,F01,0,1
Q002947,A00569,S3,2025-04-22,F03,0,1
Q002948,A00569,S3,2025-04-22,F05,0,1
Q002949,A00569,S3,2025-04-22,F01,0,1
Q002950,A00569,S4,2025-04-23,F04,0,1
Q002951,A00569,S4,2025-04-23,F01,0,1
Q002952,A00569,S4,2025-04-23,F03,0,1
Q002953,A00569,S4,2025-04-23,F05,0,1
Q002954,A00569,S5,2025-04-23,F06,0,1
Q002955,A00569,S5,2025-04-23,F02,0,1
Q002956,A00570,S3,2025-04-22,F03,0,1
Q002957,A00570,S4,2025-04-23,F04,1,0
Q002958,A00570,S5,2025-04-23,F02,1,0
Q002959,A00570,S5,2025-04-23,F01,0,1
Q002960,A00570,S5,2025-04-23,F02,0,1
Q002961,A00571,S3,2025-04-23,F03,0,1
Q002962,A00571,S4,2025-04-23,F01,1,0
Q002963,A00571,S4,2025-04-23,F02,0,1
Q002964,A00571,S4,2025-04-23,F04,0,1
Q002965,A00571,S4,2025-04-23,F03,0,1
Q002966,A00571,S4,2025-04-23,F04,1,0
Q002967,A00571,S4,2025-04-23,F01,0,1
Q002968,A00571,S5,2025-04-24,F04,0,1
Q002969,A00571,S5,2025-04-24,F01,0,1
Q002970,A00571,S5,2025-04-24,F03,0,1
Q002971,A00571,S5,2025-04-24,F04,1,0
Q002972,A00572,S3,2025-04-23,F02,0,1
Q002973,A00572,S3,2025-04-23,F03,0,1
Q002974,A00572,S4,2025-04-23,F01,1,0
Q002975,A00572,S4,2025-04-23,F02,0,1
Q002976,A00572,S4,2025-04-23,F03,0,1
Q002977,A00572,S5,2025-04-24,F04,1,0
Q002978,A00573,S4,2025-04-23,F01,1,0
Q002979,A00574,S3,2025-04-24,F02,0,1
Q002980,A00574,S4,2025-04-24,F05,0,1
Q002981,A00574,S5,2025-04-25,F01,0,1
Q002982,A00574,S5,2025-04-25,F06,0,1
Q002983,A00575,S3,2025-04-24,F04,0,1
Q002984,A00575,S3,2025-04-24,F03,0,1
Q002985,A00575,S3,2025-04-24,F06,0,1
Q002986,A00575,S4,2025-04-24,F02,1,0
Q002987,A00575,S4,2025-04-24,F03,0,1
Q002988,A00575,S4,2025-04-24,F02,0,1
Q002989,A00575,S5,2025-04-24,F06,0,1
Q002990,A00576,S3,2025-04-24,F01,0,1
Q002991,A00576,S4,2025-04-24,F05,0,1
Q002992,A00576,S4,2025-04-24,F02,0,1
Q002993,A00576,S4,2025-04-24,F03,0,1
Q002994,A00576,S5,2025-04-24,F02,0,1
Q002995,A00577,S3,2025-04-24,F01,1,0
Q002996,A00577,S4,2025-04-24,F04,0,1
Q002997,A00577,S4,2025-04-24,F06,0,1
Q002998,A00577,S4,2025-04-24,F03,0,1
Q002999,A00577,S4,2025-04-24,F05,1,0
Q003000,A00577,S5,2025-04-24,F02,0,1
Q003001,A00579,S3,2025-04-24,F02,0,1
Q003002,A00579,S3,2025-04-24,F03,0,1
Q003003,A00579,S4,2025-04-24,F01,0,1
Q003004,A00579,S4,2025-04-24,F02,0,1
Q003005,A00579,S5,2025-04-24,F01,0,1
Q003006,A00580,S3,2025-04-25,F01,0,1
Q003007,A00580,S3,2025-04-25,F05,0,1
Q003008,A00580,S4,2025-04-25,F03,0,1
Q003009,A00580,S4,2025-04-25,F01,0,1
Q003010,A00580,S4,2025-04-25,F04,0,1
Q003011,A00580,S4,2025-04-25,F05,0,1
Q003012,A00580,S5,2025-04-26,F02,0,1
Q003013,A00581,S4,2025-04-25,F04,0,1
Q003014,A00581,S4,2025-04-25,F02,0,1
Q003015,A00581,S5,2025-04-25,F03,0,1
Q003016,A00581,S5,2025-04-25,F01,0,1
Q003017,A00582,S4,2025-04-25,F01,0,1
Q003018,A00582,S4,2025-04-25,F02,0,1
Q003019,A00582,S4,2025-04-25,F03,0,1
Q003020,A00582,S4,2025-04-25,F01,0,1
Q003021,A00582,S5,2025-04-26,F04,0,1
Q003022,A00583,S4,2025-04-26,F01,0,1
Q003023,A00583,S4,2025-04-26,F01,0,1
Q003024,A00583,S4,2025-04-26,F03,0,1
Q003025,A00583,S4,2025-04-26,F02,0,1
Q003026,A00584,S3,2025-04-26,F03,1,0
Q003027,A00584,S3,2025-04-26,F01,1,0
Q003028,A00584,S4,2025-04-28,F01,1,0
Q003029,A00584,S4,2025-04-28,F01,0,1
Q003030,A00584,S5,2025-04-28,F03,0,1
Q003031,A00585,S3,2025-04-26,F03,0,1
Q003032,A00585,S4,2025-04-27,F03,0,1
Q003033,A00585,S4,2025-04-27,F02,0,1
Q003034,A00585,S4,2025-04-27,F02,1,0
Q003035,A00585,S4,2025-04-27,F04,0,1
Q003036,A00585,S4,2025-04-27,F06,0,1
Q003037,A00585,S4,2025-04-27,F06,0,1
Q003038,A00585,S5,2025-04-27,F05,0,1
Q003039,A00586,S4,2025-04-28,F04,0,1
Q003040,A00587,S4,2025-04-27,F01,1,0
Q003041,A00587,S4,2025-04-27,F02,0,1
Q003042,A00587,S4,2025-04-27,F01,1,0
Q003043,A00587,S4,2025-04-27,F05,0,1
Q003044,A00587,S4,2025-04-27,F06,0,1
Q003045,A00587,S4,2025-04-27,F02,0,1
Q003046,A00587,S4,2025-04-27,F01,0,1
Q003047,A00587,S4,2025-04-27,F03,0,1
Q003048,A00587,S5,2025-04-28,F01,0,1
Q003049,A00587,S5,2025-04-28,F04,0,1
Q003050,A00587,S5,2025-04-28,F06,0,1
Q003051,A00587,S5,2025-04-28,F02,1,0
Q003052,A00588,S3,2025-04-25,F04,1,0
Q003053,A00588,S4,2025-04-26,F01,0,1
Q003054,A00589,S3,2025-04-27,F01,1,0
Q003055,A00589,S3,2025-04-27,F01,0,1
Q003056,A00589,S4,2025-04-27,F01,1,0
Q003057,A00590,S3,2025-04-26,F02,0,1
Q003058,A00591,S3,2025-04-27,F01,1,0
Q003059,A00591,S5,2025-04-28,F03,0,1
Q003060,A00592,S3,2025-04-28,F01,0,1
Q003061,A00592,S4,2025-04-29,F01,0,1
Q003062,A00592,S4,2025-04-29,F02,0,1
Q003063,A00593,S3,2025-04-27,F01,1,0
Q003064,A00593,S4,2025-04-28,F05,0,1
Q003065,A00593,S4,2025-04-28,F01,0,1
Q003066,A00594,S4,2025-05-01,F05,1,0
Q003067,A00594,S5,2025-05-01,F01,0,1
Q003068,A00595,S3,2025-04-28,F01,0,1
Q003069,A00595,S3,2025-04-28,F01,0,1
Q003070,A00595,S4,2025-04-28,F02,0,1
Q003071,A00595,S5,2025-04-29,F01,0,1
Q003072,A00595,S5,2025-04-29,F03,0,1
Q003073,A00596,S3,2025-04-27,F04,0,1
Q003074,A00596,S3,2025-04-27,F01,1,0
Q003075,A00596,S4,2025-04-28,F03,0,1
Q003076,A00596,S4,2025-04-28,F04,0,1
Q003077,A00599,S3,2025-04-28,F02,0,1
Q003078,A00599,S4,2025-04-29,F02,0,1
Q003079,A00599,S5,2025-04-29,F02,0,1
Q003080,A00600,S4,2025-04-29,F06,1,0
Q003081,A00600,S4,2025-04-29,F02,0,1
Q003082,A00600,S4,2025-04-29,F04,1,0
Q003083,A00600,S4,2025-04-29,F03,0,1
Q003084,A00601,S3,2025-04-29,F04,1,0
Q003085,A00601,S3,2025-04-29,F05,0,1
Q003086,A00601,S4,2025-04-29,F03,0,1
Q003087,A00601,S4,2025-04-29,F03,0,1
Q003088,A00601,S4,2025-04-29,F02,1,0
Q003089,A00601,S4,2025-04-29,F02,0,1
Q003090,A00601,S5,2025-04-29,F02,0,1
Q003091,A00601,S5,2025-04-29,F03,0,1
Q003092,A00601,S5,2025-04-29,F03,0,1
Q003093,A00602,S4,2025-04-30,F06,0,1
Q003094,A00602,S4,2025-04-30,F03,0,1
Q003095,A00602,S5,2025-04-30,F02,0,1
Q003096,A00603,S5,2025-04-30,F04,0,1
Q003097,A00604,S3,2025-04-30,F03,0,1
Q003098,A00604,S3,2025-04-30,F04,1,0
Q003099,A00604,S4,2025-05-01,F03,1,0
Q003100,A00604,S5,2025-05-01,F04,0,1
Q003101,A00605,S5,2025-04-30,F05,0,1
Q003102,A00605,S5,2025-04-30,F05,0,1
Q003103,A00606,S3,2025-04-30,F02,0,1
Q003104,A00606,S4,2025-04-30,F03,0,1
Q003105,A00606,S4,2025-04-30,F05,1,0
Q003106,A00606,S4,2025-04-30,F02,0,1
Q003107,A00607,S4,2025-04-30,F04,1,0
Q003108,A00607,S4,2025-04-30,F01,0,1
Q003109,A00608,S4,2025-05-01,F04,0,1
Q003110,A00608,S4,2025-05-01,F03,0,1
Q003111,A00609,S3,2025-05-01,F03,0,1
Q003112,A00609,S3,2025-05-01,F02,0,1
Q003113,A00609,S3,2025-05-01,F02,0,1
Q003114,A00609,S3,2025-05-01,F03,0,1
Q003115,A00609,S4,2025-05-01,F01,0,1
Q003116,A00609,S4,2025-05-01,F02,0,1
Q003117,A00609,S4,2025-05-01,F05,0,1
Q003118,A00610,S3,2025-05-01,F01,1,0
Q003119,A00610,S3,2025-05-01,F01,0,1
Q003120,A00610,S4,2025-05-02,F02,0,1
Q003121,A00610,S4,2025-05-02,F01,0,1
Q003122,A00611,S3,2025-05-02,F03,0,1
Q003123,A00611,S4,2025-05-03,F04,1,0
Q003124,A00611,S4,2025-05-03,F04,1,0
Q003125,A00611,S4,2025-05-03,F04,1,0
Q003126,A00611,S5,2025-05-03,F01,0,1
Q003127,A00611,S5,2025-05-03,F01,0,1
Q003128,A00611,S5,2025-05-03,F02,1,0
Q003129,A00611,S5,2025-05-03,F01,1,0
Q003130,A00612,S3,2025-05-01,F03,0,1
Q003131,A00612,S4,2025-05-02,F01,0,1
Q003132,A00612,S4,2025-05-02,F04,1,0
Q003133,A00612,S5,2025-05-02,F01,0,1
Q003134,A00613,S3,2025-05-01,F03,0,1
Q003135,A00613,S3,2025-05-01,F02,0,1
Q003136,A00613,S3,2025-05-01,F03,0,1
Q003137,A00613,S4,2025-05-02,F01,0,1
Q003138,A00613,S4,2025-05-02,F03,0,1
Q003139,A00613,S4,2025-05-02,F01,0,1
Q003140,A00613,S4,2025-05-02,F03,1,0
Q003141,A00614,S3,2025-05-02,F04,1,0
Q003142,A00615,S3,2025-05-02,F03,0,1
Q003143,A00615,S4,2025-05-02,F01,0,1
Q003144,A00615,S4,2025-05-02,F05,0,1
Q003145,A00615,S4,2025-05-02,F05,0,1
Q003146,A00615,S5,2025-05-02,F02,0,1
Q003147,A00615,S5,2025-05-02,F02,1,0
Q003148,A00616,S3,2025-05-02,F06,1,0
Q003149,A00616,S3,2025-05-02,F02,0,1
Q003150,A00616,S3,2025-05-02,F03,0,1
Q003151,A00616,S3,2025-05-02,F01,0,1
Q003152,A00616,S3,2025-05-02,F02,0,1
Q003153,A00616,S4,2025-05-02,F03,0,1
Q003154,A00616,S4,2025-05-02,F04,1,0
Q003155,A00616,S5,2025-05-02,F04,0,1
Q003156,A00617,S4,2025-05-03,F01,1,0
Q003157,A00617,S4,2025-05-03,F04,1,0
Q003158,A00617,S4,2025-05-03,F02,0,1
Q003159,A00618,S3,2025-05-03,F03,0,1
Q003160,A00618,S3,2025-05-03,F02,0,1
Q003161,A00618,S3,2025-05-03,F04,0,1
Q003162,A00618,S4,2025-05-03,F03,0,1
Q003163,A00618,S4,2025-05-03,F04,1,0
Q003164,A00618,S4,2025-05-03,F02,0,1
Q003165,A00618,S5,2025-05-04,F01,0,1
Q003166,A00618,S5,2025-05-04,F06,1,0
Q003167,A00619,S3,2025-05-03,F01,0,1
Q003168,A00619,S3,2025-05-03,F01,0,1
Q003169,A00619,S4,2025-05-04,F06,1,0
Q003170,A00619,S4,2025-05-04,F04,1,0
Q003171,A00620,S3,2025-05-02,F02,0,1
Q003172,A00620,S4,2025-05-03,F02,1,0
Q003173,A00620,S5,2025-05-03,F03,0,1
Q003174,A00621,S3,2025-05-03,F04,0,1
Q003175,A00621,S5,2025-05-04,F04,0,1
Q003176,A00622,S3,2025-05-03,F01,1,0
Q003177,A00622,S3,2025-05-03,F01,0,1
Q003178,A00622,S3,2025-05-03,F02,1,0
Q003179,A00622,S4,2025-05-04,F02,0,1
Q003180,A00622,S4,2025-05-04,F01,1,0
Q003181,A00622,S5,2025-05-04,F01,0,1
Q003182,A00623,S3,2025-05-04,F06,1,0
Q003183,A00623,S4,2025-05-04,F04,1,0
Q003184,A00623,S4,2025-05-04,F02,0,1
Q003185,A00624,S3,2025-05-04,F02,0,1
Q003186,A00624,S3,2025-05-04,F05,0,1
Q003187,A00624,S3,2025-05-04,F01,0,1
Q003188,A00624,S3,2025-05-04,F02,0,1
Q003189,A00624,S4,2025-05-05,F02,0,1
Q003190,A00624,S4,2025-05-05,F03,0,1
Q003191,A00624,S4,2025-05-05,F03,0,1
Q003192,A00624,S4,2025-05-05,F03,0,1
Q003193,A00624,S5,2025-05-05,F01,0,1
Q003194,A00624,S5,2025-05-05,F03,0,1
Q003195,A00625,S3,2025-05-04,F05,1,0
Q003196,A00625,S4,2025-05-04,F02,0,1
Q003197,A00625,S4,2025-05-04,F05,0,1
Q003198,A00626,S3,2025-05-04,F03,0,1
Q003199,A00626,S3,2025-05-04,F03,0,1
Q003200,A00626,S4,2025-05-05,F01,0,1
Q003201,A00626,S4,2025-05-05,F02,0,1
Q003202,A00626,S4,2025-05-05,F03,0,1
Q003203,A00626,S4,2025-05-05,F02,0,1
Q003204,A00626,S4,2025-05-05,F01,0,1
Q003205,A00626,S4,2025-05-05,F01,1,0
Q003206,A00626,S5,2025-05-05,F04,0,1
Q003207,A00628,S4,2025-05-05,F04,0,1
Q003208,A00628,S4,2025-05-05,F01,0,1
Q003209,A00628,S4,2025-05-05,F03,0,1
Q003210,A00629,S4,2025-05-04,F01,0,1
Q003211,A00629,S4,2025-05-04,F03,0,1
Q003212,A00629,S4,2025-05-04,F01,0,1
Q003213,A00630,S3,2025-05-04,F01,1,0
Q003214,A00630,S3,2025-05-04,F04,1,0
Q003215,A00630,S4,2025-05-04,F04,0,1
Q003216,A00630,S4,2025-05-04,F03,0,1
Q003217,A00630,S4,2025-05-04,F04,1,0
Q003218,A00630,S4,2025-05-04,F03,0,1
Q003219,A00630,S5,2025-05-05,F01,0,1
Q003220,A00630,S5,2025-05-05,F05,0,1
Q003221,A00631,S3,2025-05-03,F01,0,1
Q003222,A00631,S3,2025-05-03,F06,1,0
Q003223,A00631,S4,2025-05-04,F02,0,1
Q003224,A00631,S4,2025-05-04,F01,1,0
Q003225,A00631,S4,2025-05-04,F02,0,1
Q003226,A00631,S4,2025-05-04,F03,0,1
Q003227,A00631,S5,2025-05-04,F02,0,1
Q003228,A00631,S5,2025-05-04,F01,1,0
Q003229,A00631,S5,2025-05-04,F02,0,1
Q003230,A00631,S5,2025-05-04,F04,1,0
Q003231,A00631,S5,2025-05-04,F06,0,1
Q003232,A00633,S4,2025-05-05,F01,0,1
Q003233,A00633,S4,2025-05-05,F03,0,1
Q003234,A00633,S4,2025-05-05,F04,0,1
Q003235,A00633,S4,2025-05-05,F02,1,0
Q003236,A00633,S5,2025-05-06,F01,1,0
Q003237,A00634,S3,2025-05-05,F02,0,1
Q003238,A00634,S3,2025-05-05,F01,1,0
Q003239,A00634,S4,2025-05-06,F01,0,1
Q003240,A00634,S4,2025-05-06,F04,0,1
Q003241,A00634,S4,2025-05-06,F02,1,0
Q003242,A00634,S4,2025-05-06,F06,0,1
Q003243,A00634,S4,2025-05-06,F04,1,0
Q003244,A00634,S4,2025-05-06,F02,0,1
Q003245,A00635,S3,2025-05-06,F06,1,0
Q003246,A00635,S3,2025-05-06,F01,0,1
Q003247,A00635,S3,2025-05-06,F02,0,1
Q003248,A00635,S4,2025-05-06,F02,1,0
Q003249,A00635,S4,2025-05-06,F01,0,1
Q003250,A00635,S5,2025-05-06,F05,1,0
Q003251,A00636,S3,2025-05-06,F02,0,1
Q003252,A00636,S3,2025-05-06,F01,0,1
Q003253,A00636,S3,2025-05-06,F02,0,1
Q003254,A00636,S4,2025-05-07,F02,0,1
Q003255,A00636,S4,2025-05-07,F03,1,0
Q003256,A00637,S3,2025-05-06,F02,1,0
Q003257,A00637,S4,2025-05-07,F03,0,1
Q003258,A00637,S5,2025-05-07,F04,0,1
Q003259,A00638,S4,2025-05-07,F01,0,1
Q003260,A00638,S4,2025-05-07,F01,0,1
Q003261,A00638,S4,2025-05-07,F06,0,1
Q003262,A00638,S5,2025-05-07,F04,0,1
Q003263,A00639,S3,2025-05-07,F03,0,1
Q003264,A00639,S4,2025-05-08,F01,0,1
Q003265,A00639,S4,2025-05-08,F04,1,0
Q003266,A00639,S5,2025-05-08,F04,0,1
Q003267,A00640,S3,2025-05-07,F03,0,1
Q003268,A00640,S4,2025-05-08,F05,1,0
Q003269,A00640,S4,2025-05-08,F02,1,0
Q003270,A00640,S4,2025-05-08,F02,1,0
Q003271,A00640,S4,2025-05-08,F04,0,1
Q003272,A00640,S4,2025-05-08,F03,0,1
Q003273,A00640,S4,2025-05-08,F04,1,0
Q003274,A00640,S5,2025-05-08,F03,0,1
Q003275,A00640,S5,2025-05-08,F01,0,1
Q003276,A00640,S5,2025-05-08,F01,1,0
Q003277,A00641,S4,2025-05-07,F04,0,1
Q003278,A00641,S4,2025-05-07,F01,0,1
Q003279,A00642,S3,2025-05-08,F03,0,1
Q003280,A00642,S3,2025-05-08,F05,0,1
Q003281,A00643,S3,2025-05-08,F01,0,1
Q003282,A00643,S3,2025-05-08,F01,0,1
Q003283,A00643,S4,2025-05-08,F01,0,1
Q003284,A00643,S4,2025-05-08,F02,0,1
Q003285,A00643,S4,2025-05-08,F01,0,1
Q003286,A00643,S4,2025-05-08,F06,0,1
Q003287,A00643,S5,2025-05-08,F01,0,1
Q003288,A00643,S5,2025-05-08,F01,0,1
Q003289,A00644,S3,2025-05-08,F01,0,1
Q003290,A00644,S3,2025-05-08,F04,0,1
Q003291,A00644,S4,2025-05-08,F02,0,1
Q003292,A00645,S3,2025-05-07,F03,0,1
Q003293,A00645,S4,2025-05-08,F02,0,1
Q003294,A00646,S3,2025-05-09,F04,0,1
Q003295,A00646,S3,2025-05-09,F02,0,1
Q003296,A00646,S3,2025-05-09,F02,0,1
Q003297,A00646,S4,2025-05-10,F01,0,1
Q003298,A00646,S4,2025-05-10,F01,0,1
Q003299,A00646,S4,2025-05-10,F06,0,1
Q003300,A00646,S4,2025-05-10,F02,1,0
Q003301,A00646,S4,2025-05-10,F02,0,1
Q003302,A00646,S4,2025-05-10,F05,0,1
Q003303,A00646,S4,2025-05-10,F06,0,1
Q003304,A00647,S3,2025-05-09,F01,1,0
Q003305,A00648,S3,2025-05-09,F06,0,1
Q003306,A00648,S3,2025-05-09,F04,0,1
Q003307,A00648,S4,2025-05-09,F03,1,0
Q003308,A00648,S4,2025-05-09,F02,1,0
Q003309,A00648,S5,2025-05-09,F03,0,1
Q003310,A00648,S5,2025-05-09,F04,1,0
Q003311,A00649,S3,2025-05-09,F02,0,1
Q003312,A00649,S4,2025-05-10,F05,0,1
Q003313,A00651,S4,2025-05-11,F02,1,0
Q003314,A00651,S4,2025-05-11,F02,0,1
Q003315,A00651,S5,2025-05-11,F02,0,1
Q003316,A00651,S5,2025-05-11,F01,0,1
Q003317,A00652,S3,2025-05-10,F03,1,0
Q003318,A00652,S3,2025-05-10,F05,0,1
Q003319,A00652,S3,2025-05-10,F01,0,1
Q003320,A00652,S3,2025-05-10,F02,0,1
Q003321,A00652,S3,2025-05-10,F03,0,1
Q003322,A00652,S3,2025-05-10,F03,0,1
Q003323,A00652,S3,2025-05-10,F01,0,1
Q003324,A00652,S3,2025-05-10,F03,0,1
Q003325,A00652,S4,2025-05-10,F01,1,0
Q003326,A00652,S4,2025-05-10,F03,0,1
Q003327,A00652,S4,2025-05-10,F04,0,1
Q003328,A00652,S4,2025-05-10,F03,0,1
Q003329,A00652,S5,2025-05-10,F06,0,1
Q003330,A00652,S5,2025-05-10,F02,0,1
Q003331,A00652,S5,2025-05-10,F03,0,1
Q003332,A00653,S3,2025-05-11,F03,0,1
Q003333,A00653,S4,2025-05-13,F02,0,1
Q003334,A00653,S4,2025-05-13,F02,0,1
Q003335,A00653,S4,2025-05-13,F01,0,1
Q003336,A00653,S4,2025-05-13,F03,0,1
Q003337,A00653,S4,2025-05-13,F01,0,1
Q003338,A00653,S4,2025-05-13,F03,0,1
Q003339,A00653,S5,2025-05-13,F03,0,1
Q003340,A00654,S3,2025-05-12,F01,0,1
Q003341,A00654,S4,2025-05-12,F01,0,1
Q003342,A00654,S4,2025-05-12,F01,1,0
Q003343,A00654,S4,2025-05-12,F01,0,1
Q003344,A00654,S4,2025-05-12,F01,0,1
Q003345,A00654,S4,2025-05-12,F02,0,1
Q003346,A00654,S5,2025-05-12,F01,0,1
Q003347,A00654,S5,2025-05-12,F04,1,0
Q003348,A00654,S5,2025-05-12,F01,0,1
Q003349,A00654,S5,2025-05-12,F02,0,1
Q003350,A00654,S5,2025-05-12,F02,1,0
Q003351,A00654,S5,2025-05-12,F05,0,1
Q003352,A00655,S3,2025-05-12,F01,0,1
Q003353,A00655,S3,2025-05-12,F03,0,1
Q003354,A00655,S4,2025-05-13,F04,0,1
Q003355,A00655,S4,2025-05-13,F03,0,1
Q003356,A00655,S4,2025-05-13,F01,1,0
Q003357,A00655,S5,2025-05-13,F03,0,1
Q003358,A00656,S3,2025-05-12,F03,0,1
Q003359,A00656,S3,2025-05-12,F03,0,1
Q003360,A00656,S3,2025-05-12,F04,0,1
Q003361,A00656,S3,2025-05-12,F05,1,0
Q003362,A00656,S4,2025-05-12,F02,1,0
Q003363,A00656,S4,2025-05-12,F03,0,1
Q003364,A00656,S4,2025-05-12,F02,0,1
Q003365,A00656,S4,2025-05-12,F02,0,1
Q003366,A00656,S4,2025-05-12,F02,1,0
Q003367,A00656,S4,2025-05-12,F02,0,1
Q003368,A00656,S5,2025-05-12,F02,1,0
Q003369,A00656,S5,2025-05-12,F03,1,0
Q003370,A00657,S3,2025-05-12,F03,0,1
Q003371,A00657,S4,2025-05-13,F02,0,1
Q003372,A00657,S5,2025-05-13,F03,0,1
Q003373,A00658,S4,2025-05-12,F05,0,1
Q003374,A00658,S4,2025-05-12,F01,0,1
Q003375,A00658,S4,2025-05-12,F01,0,1
Q003376,A00658,S4,2025-05-12,F02,0,1
Q003377,A00658,S4,2025-05-12,F02,1,0
Q003378,A00658,S5,2025-05-12,F03,0,1
Q003379,A00658,S5,2025-05-12,F03,0,1
Q003380,A00659,S3,2025-05-12,F03,1,0
Q003381,A00659,S3,2025-05-12,F06,0,1
Q003382,A00659,S4,2025-05-14,F03,0,1
Q003383,A00659,S4,2025-05-14,F03,0,1
Q003384,A00659,S4,2025-05-14,F01,1,0
Q003385,A00659,S4,2025-05-14,F01,0,1
Q003386,A00659,S5,2025-05-14,F02,0,1
Q003387,A00660,S3,2025-05-12,F05,0,1
Q003388,A00660,S5,2025-05-12,F06,0,1
Q003389,A00661,S3,2025-05-13,F03,0,1
Q003390,A00661,S3,2025-05-13,F05,0,1
Q003391,A00661,S4,2025-05-15,F01,0,1
Q003392,A00661,S4,2025-05-15,F01,0,1
Q003393,A00661,S4,2025-05-15,F06,1,0
Q003394,A00661,S4,2025-05-15,F02,0,1
Q003395,A00662,S3,2025-05-13,F04,1,0
Q003396,A00662,S3,2025-05-13,F03,0,1
Q003397,A00662,S4,2025-05-14,F01,1,0
Q003398,A00662,S4,2025-05-14,F01,0,1
Q003399,A00662,S4,2025-05-14,F01,0,1
Q003400,A00662,S4,2025-05-14,F03,0,1
Q003401,A00662,S4,2025-05-14,F04,0,1
Q003402,A00662,S5,2025-05-14,F01,0,1
Q003403,A00663,S5,2025-05-15,F01,0,1
Q003404,A00664,S3,2025-05-14,F01,0,1
Q003405,A00664,S3,2025-05-14,F04,0,1
Q003406,A00664,S4,2025-05-14,F01,0,1
Q003407,A00664,S4,2025-05-14,F03,0,1
Q003408,A00664,S4,2025-05-14,F04,0,1
Q003409,A00664,S4,2025-05-14,F02,0,1
Q003410,A00664,S4,2025-05-14,F04,1,0
Q003411,A00664,S5,2025-05-15,F01,1,0
Q003412,A00664,S5,2025-05-15,F04,0,1
Q003413,A00664,S5,2025-05-15,F02,0,1
Q003414,A00665,S4,2025-05-14,F03,0,1
Q003415,A00665,S4,2025-05-14,F04,1,0
Q003416,A00665,S5,2025-05-14,F04,0,1
Q003417,A00666,S3,2025-05-15,F05,0,1
Q003418,A00666,S3,2025-05-15,F05,0,1
Q003419,A00666,S4,2025-05-16,F04,0,1
Q003420,A00666,S5,2025-05-16,F04,1,0
Q003421,A00666,S5,2025-05-16,F01,1,0
Q003422,A00666,S5,2025-05-16,F02,0,1
Q003423,A00667,S3,2025-05-15,F01,0,1
Q003424,A00667,S4,2025-05-16,F02,1,0
Q003425,A00667,S4,2025-05-16,F03,1,0
Q003426,A00667,S4,2025-05-16,F03,0,1
Q003427,A00667,S4,2025-05-16,F01,0,1
Q003428,A00667,S5,2025-05-16,F01,1,0
Q003429,A00667,S5,2025-05-16,F01,1,0
Q003430,A00668,S4,2025-05-15,F01,0,1
Q003431,A00668,S4,2025-05-15,F03,0,1
Q003432,A00669,S3,2025-05-16,F06,1,0
Q003433,A00669,S3,2025-05-16,F02,1,0
Q003434,A00669,S3,2025-05-16,F01,1,0
Q003435,A00669,S4,2025-05-17,F01,0,1
Q003436,A00669,S4,2025-05-17,F04,0,1
Q003437,A00669,S4,2025-05-17,F02,0,1
Q003438,A00669,S4,2025-05-17,F01,0,1
Q003439,A00669,S4,2025-05-17,F01,1,0
Q003440,A00669,S5,2025-05-17,F01,0,1
Q003441,A00669,S5,2025-05-17,F04,0,1
Q003442,A00670,S3,2025-05-16,F01,1,0
Q003443,A00670,S3,2025-05-16,F02,0,1
Q003444,A00670,S4,2025-05-16,F01,0,1
Q003445,A00670,S4,2025-05-16,F01,0,1
Q003446,A00670,S4,2025-05-16,F05,0,1
Q003447,A00670,S4,2025-05-16,F03,1,0
Q003448,A00670,S4,2025-05-16,F03,0,1
Q003449,A00670,S4,2025-05-16,F01,1,0
Q003450,A00670,S5,2025-05-17,F04,0,1
Q003451,A00670,S5,2025-05-17,F01,0,1
Q003452,A00671,S3,2025-05-16,F03,1,0
Q003453,A00671,S3,2025-05-16,F01,0,1
Q003454,A00671,S4,2025-05-17,F02,0,1
Q003455,A00671,S4,2025-05-17,F05,0,1
Q003456,A00671,S5,2025-05-17,F03,0,1
Q003457,A00671,S5,2025-05-17,F01,1,0
Q003458,A00672,S3,2025-05-15,F04,0,1
Q003459,A00672,S3,2025-05-15,F03,1,0
Q003460,A00672,S3,2025-05-15,F04,1,0
Q003461,A00672,S4,2025-05-16,F02,0,1
Q003462,A00673,S3,2025-05-16,F04,0,1
Q003463,A00673,S3,2025-05-16,F03,0,1
Q003464,A00673,S3,2025-05-16,F06,1,0
Q003465,A00673,S3,2025-05-16,F05,1,0
Q003466,A00673,S4,2025-05-16,F04,0,1
Q003467,A00673,S4,2025-05-16,F04,1,0
Q003468,A00673,S4,2025-05-16,F02,0,1
Q003469,A00673,S4,2025-05-16,F06,0,1
Q003470,A00674,S4,2025-05-18,F05,0,1
Q003471,A00674,S4,2025-05-18,F01,0,1
Q003472,A00674,S4,2025-05-18,F02,0,1
Q003473,A00674,S5,2025-05-18,F01,0,1
Q003474,A00675,S4,2025-05-17,F02,0,1
Q003475,A00676,S4,2025-05-18,F03,0,1
Q003476,A00676,S4,2025-05-18,F02,0,1
Q003477,A00676,S5,2025-05-18,F02,0,1
Q003478,A00676,S5,2025-05-18,F06,0,1
Q003479,A00677,S4,2025-05-19,F02,0,1
Q003480,A00677,S5,2025-05-20,F01,0,1
Q003481,A00678,S3,2025-05-19,F03,0,1
Q003482,A00678,S3,2025-05-19,F01,0,1
Q003483,A00678,S4,2025-05-20,F03,0,1
Q003484,A00678,S5,2025-05-20,F04,1,0
Q003485,A00678,S5,2025-05-20,F01,0,1
Q003486,A00679,S3,2025-05-19,F01,0,1
Q003487,A00679,S3,2025-05-19,F02,0,1
Q003488,A00679,S3,2025-05-19,F04,1,0
Q003489,A00679,S4,2025-05-19,F02,0,1
Q003490,A00679,S4,2025-05-19,F02,0,1
Q003491,A00679,S4,2025-05-19,F03,0,1
Q003492,A00679,S4,2025-05-19,F01,0,1
Q003493,A00679,S5,2025-05-19,F01,0,1
Q003494,A00679,S5,2025-05-19,F03,0,1
Q003495,A00680,S4,2025-05-19,F02,0,1
Q003496,A00680,S4,2025-05-19,F01,0,1
Q003497,A00680,S5,2025-05-20,F05,0,1
Q003498,A00681,S3,2025-05-19,F01,0,1
Q003499,A00681,S3,2025-05-19,F03,0,1
Q003500,A00681,S4,2025-05-19,F04,0,1
Q003501,A00681,S4,2025-05-19,F04,0,1
Q003502,A00681,S5,2025-05-19,F01,1,0
Q003503,A00682,S3,2025-05-20,F04,1,0
Q003504,A00682,S3,2025-05-20,F03,0,1
Q003505,A00682,S3,2025-05-20,F03,0,1
Q003506,A00682,S3,2025-05-20,F04,1,0
Q003507,A00682,S3,2025-05-20,F03,0,1
Q003508,A00682,S3,2025-05-20,F03,0,1
Q003509,A00682,S4,2025-05-20,F06,0,1
Q003510,A00682,S4,2025-05-20,F05,0,1
Q003511,A00682,S4,2025-05-20,F01,0,1
Q003512,A00682,S4,2025-05-20,F02,0,1
Q003513,A00682,S5,2025-05-21,F01,1,0
Q003514,A00683,S4,2025-05-21,F05,0,1
Q003515,A00683,S4,2025-05-21,F01,1,0
Q003516,A00683,S4,2025-05-21,F04,1,0
Q003517,A00683,S5,2025-05-21,F01,0,1
Q003518,A00684,S5,2025-05-20,F03,0,1
Q003519,A00685,S3,2025-05-20,F02,0,1
Q003520,A00685,S4,2025-05-21,F05,0,1
Q003521,A00685,S5,2025-05-21,F01,1,0
Q003522,A00686,S3,2025-05-20,F03,0,1
Q003523,A00686,S3,2025-05-20,F03,0,1
Q003524,A00686,S4,2025-05-21,F04,0,1
Q003525,A00686,S4,2025-05-21,F04,1,0
Q003526,A00686,S4,2025-05-21,F03,0,1
Q003527,A00686,S4,2025-05-21,F06,0,1
Q003528,A00686,S4,2025-05-21,F05,0,1
Q003529,A00686,S4,2025-05-21,F04,1,0
Q003530,A00687,S3,2025-05-21,F01,1,0
Q003531,A00687,S4,2025-05-21,F04,0,1
Q003532,A00688,S3,2025-05-21,F01,0,1
Q003533,A00688,S3,2025-05-21,F03,0,1
Q003534,A00688,S3,2025-05-21,F01,0,1
Q003535,A00688,S4,2025-05-21,F03,0,1
Q003536,A00688,S4,2025-05-21,F01,0,1
Q003537,A00688,S4,2025-05-21,F02,1,0
Q003538,A00688,S5,2025-05-21,F01,0,1
Q003539,A00688,S5,2025-05-21,F01,1,0
Q003540,A00688,S5,2025-05-21,F02,0,1
Q003541,A00689,S3,2025-05-21,F02,0,1
Q003542,A00689,S3,2025-05-21,F04,0,1
Q003543,A00689,S4,2025-05-22,F03,0,1
Q003544,A00689,S4,2025-05-22,F04,0,1
Q003545,A00689,S4,2025-05-22,F05,0,1
Q003546,A00689,S5,2025-05-22,F04,0,1
Q003547,A00689,S5,2025-05-22,F03,0,1
Q003548,A00690,S3,2025-05-22,F01,0,1
Q003549,A00690,S4,2025-05-22,F01,0,1
Q003550,A00691,S4,2025-05-22,F02,0,1
Q003551,A00691,S5,2025-05-22,F01,1,0
Q003552,A00692,S4,2025-05-23,F04,0,1
Q003553,A00693,S4,2025-05-24,F05,0,1
Q003554,A00693,S4,2025-05-24,F02,1,0
Q003555,A00693,S4,2025-05-24,F02,0,1
Q003556,A00693,S5,2025-05-24,F01,0,1
Q003557,A00694,S3,2025-05-23,F06,0,1
Q003558,A00694,S4,2025-05-23,F03,0,1
Q003559,A00695,S4,2025-05-24,F02,0,1
Q003560,A00696,S4,2025-05-24,F04,1,0
Q003561,A00696,S5,2025-05-24,F05,0,1
Q003562,A00698,S3,2025-05-24,F01,0,1
Q003563,A00698,S3,2025-05-24,F01,0,1
Q003564,A00698,S3,2025-05-24,F03,0,1
Q003565,A00698,S4,2025-05-25,F03,1,0
Q003566,A00698,S4,2025-05-25,F04,1,0
Q003567,A00698,S4,2025-05-25,F05,0,1
Q003568,A00698,S4,2025-05-25,F02,0,1
Q003569,A00698,S4,2025-05-25,F03,0,1
Q003570,A00698,S5,2025-05-25,F04,1,0
Q003571,A00699,S3,2025-05-24,F01,0,1
Q003572,A00699,S4,2025-05-24,F04,1,0
Q003573,A00699,S4,2025-05-24,F05,0,1
Q003574,A00699,S5,2025-05-24,F01,0,1
Q003575,A00699,S5,2025-05-24,F03,0,1
Q003576,A00700,S5,2025-05-24,F02,0,1
Q003577,A00701,S3,2025-05-24,F06,0,1
Q003578,A00701,S3,2025-05-24,F02,0,1
Q003579,A00701,S4,2025-05-24,F01,0,1
Q003580,A00701,S5,2025-05-24,F01,0,1
Q003581,A00702,S4,2025-05-24,F04,0,1
Q003582,A00702,S4,2025-05-24,F04,0,1
Q003583,A00703,S3,2025-05-24,F05,0,1
Q003584,A00703,S3,2025-05-24,F06,0,1
Q003585,A00703,S3,2025-05-24,F01,0,1
Q003586,A00703,S4,2025-05-24,F05,0,1
Q003587,A00703,S4,2025-05-24,F03,1,0
Q003588,A00703,S4,2025-05-24,F02,1,0
Q003589,A00703,S5,2025-05-24,F06,0,1
Q003590,A00703,S5,2025-05-24,F04,0,1
Q003591,A00704,S3,2025-05-24,F01,1,0
Q003592,A00706,S4,2025-05-25,F03,1,0
Q003593,A00707,S3,2025-05-25,F02,0,1
Q003594,A00707,S3,2025-05-25,F02,1,0
Q003595,A00707,S4,2025-05-27,F01,0,1
Q003596,A00707,S4,2025-05-27,F03,0,1
Q003597,A00707,S4,2025-05-27,F03,0,1
Q003598,A00707,S4,2025-05-27,F01,0,1
Q003599,A00707,S5,2025-05-27,F04,0,1
Q003600,A00707,S5,2025-05-27,F03,0,1
Q003601,A00707,S5,2025-05-27,F04,0,1
Q003602,A00708,S5,2025-05-27,F02,0,1
Q003603,A00709,S3,2025-05-25,F03,0,1
Q003604,A00710,S3,2025-05-25,F02,0,1
Q003605,A00710,S4,2025-05-25,F05,1,0
Q003606,A00710,S4,2025-05-25,F02,1,0
Q003607,A00711,S3,2025-05-26,F02,0,1
Q003608,A00711,S3,2025-05-26,F05,0,1
Q003609,A00711,S4,2025-05-27,F05,0,1
Q003610,A00711,S4,2025-05-27,F01,1,0
Q003611,A00711,S5,2025-05-27,F05,0,1
Q003612,A00711,S5,2025-05-27,F03,0,1
Q003613,A00712,S4,2025-05-26,F02,0,1
Q003614,A00712,S4,2025-05-26,F03,0,1
Q003615,A00712,S4,2025-05-26,F04,0,1
Q003616,A00712,S4,2025-05-26,F04,0,1
Q003617,A00712,S5,2025-05-26,F03,0,1
Q003618,A00712,S5,2025-05-26,F05,0,1
Q003619,A00712,S5,2025-05-26,F02,0,1
Q003620,A00713,S3,2025-05-26,F02,0,1
Q003621,A00713,S3,2025-05-26,F04,0,1
Q003622,A00713,S3,2025-05-26,F02,1,0
Q003623,A00713,S3,2025-05-26,F01,0,1
Q003624,A00713,S3,2025-05-26,F02,0,1
Q003625,A00713,S3,2025-05-26,F01,1,0
Q003626,A00713,S4,2025-05-26,F01,0,1
Q003627,A00713,S4,2025-05-26,F01,0,1
Q003628,A00713,S4,2025-05-26,F02,0,1
Q003629,A00713,S4,2025-05-26,F03,0,1
Q003630,A00713,S5,2025-05-26,F04,1,0
Q003631,A00714,S3,2025-05-26,F01,0,1
Q003632,A00714,S4,2025-05-26,F03,0,1
Q003633,A00714,S4,2025-05-26,F01,0,1
Q003634,A00714,S4,2025-05-26,F02,0,1
Q003635,A00714,S5,2025-05-27,F01,0,1
Q003636,A00714,S5,2025-05-27,F01,0,1
Q003637,A00714,S5,2025-05-27,F03,0,1
Q003638,A00714,S5,2025-05-27,F04,1,0
Q003639,A00715,S5,2025-05-27,F01,0,1
Q003640,A00716,S3,2025-05-27,F03,0,1
Q003641,A00716,S4,2025-05-27,F06,0,1
Q003642,A00716,S4,2025-05-27,F05,0,1
Q003643,A00716,S4,2025-05-27,F01,0,1
Q003644,A00717,S3,2025-05-27,F05,0,1
Q003645,A00717,S3,2025-05-27,F03,0,1
Q003646,A00717,S4,2025-05-27,F02,0,1
Q003647,A00717,S4,2025-05-27,F04,0,1
Q003648,A00719,S3,2025-05-27,F02,0,1
Q003649,A00719,S4,2025-05-27,F02,0,1
Q003650,A00719,S4,2025-05-27,F02,0,1
Q003651,A00719,S4,2025-05-27,F01,0,1
Q003652,A00719,S5,2025-05-27,F02,0,1
Q003653,A00720,S5,2025-05-28,F02,0,1
Q003654,A00720,S5,2025-05-28,F02,0,1
Q003655,A00721,S3,2025-05-28,F02,0,1
Q003656,A00721,S3,2025-05-28,F01,0,1
Q003657,A00721,S3,2025-05-28,F03,1,0
Q003658,A00721,S5,2025-05-30,F01,0,1
Q003659,A00722,S3,2025-05-28,F02,0,1
Q003660,A00722,S3,2025-05-28,F03,1,0
Q003661,A00722,S4,2025-05-28,F06,1,0
Q003662,A00723,S4,2025-05-28,F05,0,1
Q003663,A00724,S3,2025-05-28,F05,0,1
Q003664,A00724,S4,2025-05-29,F01,1,0
Q003665,A00724,S4,2025-05-29,F06,0,1
Q003666,A00725,S3,2025-05-28,F06,1,0
Q003667,A00725,S3,2025-05-28,F02,0,1
Q003668,A00725,S3,2025-05-28,F01,0,1
Q003669,A00725,S3,2025-05-28,F02,0,1
Q003670,A00725,S4,2025-05-29,F02,0,1
Q003671,A00725,S4,2025-05-29,F05,1,0
Q003672,A00726,S3,2025-05-27,F02,0,1
Q003673,A00726,S5,2025-05-28,F02,0,1
Q003674,A00727,S4,2025-05-30,F03,0,1
Q003675,A00727,S5,2025-05-31,F03,0,1
Q003676,A00727,S5,2025-05-31,F04,1,0
Q003677,A00728,S3,2025-05-29,F03,0,1
Q003678,A00728,S3,2025-05-29,F03,0,1
Q003679,A00728,S4,2025-05-31,F03,0,1
Q003680,A00728,S4,2025-05-31,F02,0,1
Q003681,A00729,S3,2025-05-29,F04,1,0
Q003682,A00729,S4,2025-05-29,F01,1,0
Q003683,A00729,S4,2025-05-29,F03,0,1
Q003684,A00729,S4,2025-05-29,F03,0,1
Q003685,A00729,S4,2025-05-29,F03,0,1
Q003686,A00730,S3,2025-05-29,F02,0,1
Q003687,A00730,S3,2025-05-29,F02,1,0
Q003688,A00730,S4,2025-05-29,F02,0,1
Q003689,A00730,S4,2025-05-29,F05,0,1
Q003690,A00730,S4,2025-05-29,F03,0,1
Q003691,A00730,S4,2025-05-29,F01,0,1
Q003692,A00730,S4,2025-05-29,F04,0,1
Q003693,A00730,S5,2025-05-29,F03,0,1
Q003694,A00731,S3,2025-05-29,F01,1,0
Q003695,A00731,S5,2025-05-29,F02,0,1
Q003696,A00732,S3,2025-05-30,F02,0,1
Q003697,A00732,S3,2025-05-30,F04,0,1
Q003698,A00732,S4,2025-05-31,F05,1,0
Q003699,A00732,S4,2025-05-31,F02,0,1
Q003700,A00732,S4,2025-05-31,F03,0,1
Q003701,A00732,S4,2025-05-31,F05,0,1
Q003702,A00732,S4,2025-05-31,F02,0,1
Q003703,A00732,S5,2025-05-31,F05,0,1
Q003704,A00732,S5,2025-05-31,F04,1,0
Q003705,A00734,S3,2025-05-30,F01,0,1
Q003706,A00734,S3,2025-05-30,F05,0,1
Q003707,A00734,S4,2025-05-30,F01,0,1
Q003708,A00734,S5,2025-05-30,F05,0,1
Q003709,A00736,S3,2025-05-30,F01,0,1
Q003710,A00736,S3,2025-05-30,F02,0,1
Q003711,A00736,S3,2025-05-30,F02,0,1
Q003712,A00736,S4,2025-05-31,F01,1,0
Q003713,A00736,S4,2025-05-31,F01,1,0
Q003714,A00736,S4,2025-05-31,F03,0,1
Q003715,A00736,S4,2025-05-31,F01,0,1
Q003716,A00736,S5,2025-05-31,F04,0,1
Q003717,A00737,S4,2025-05-31,F03,0,1
Q003718,A00738,S4,2025-05-30,F01,1,0
Q003719,A00738,S5,2025-05-30,F02,0,1
Q003720,A00739,S4,2025-05-31,F04,0,1
Q003721,A00739,S4,2025-05-31,F02,0,1
Q003722,A00740,S3,2025-05-30,F03,0,1
Q003723,A00740,S4,2025-05-30,F06,0,1
Q003724,A00740,S4,2025-05-30,F02,0,1
Q003725,A00740,S4,2025-05-30,F01,0,1
Q003726,A00740,S4,2025-05-30,F04,0,1
Q003727,A00740,S5,2025-05-30,F03,0,1
Q003728,A00741,S3,2025-05-30,F05,0,1
Q003729,A00741,S4,2025-05-30,F03,0,1
Q003730,A00741,S5,2025-05-30,F01,0,1
Q003731,A00742,S4,2025-05-31,F02,0,1
Q003732,A00742,S5,2025-05-31,F04,0,1
Q003733,A00742,S5,2025-05-31,F01,0,1
Q003734,A00743,S3,2025-05-31,F04,0,1
Q003735,A00744,S3,2025-06-01,F01,1,0
Q003736,A00744,S4,2025-06-01,F06,0,1
Q003737,A00744,S4,2025-06-01,F01,0,1
Q003738,A00745,S3,2025-05-31,F01,0,1
Q003739,A00745,S4,2025-05-31,F01,0,1
Q003740,A00745,S4,2025-05-31,F01,0,1
Q003741,A00745,S4,2025-05-31,F01,1,0
Q003742,A00745,S5,2025-05-31,F01,1,0
Q003743,A00746,S3,2025-05-31,F05,0,1
Q003744,A00746,S3,2025-05-31,F03,1,0
Q003745,A00746,S4,2025-05-31,F04,0,1
Q003746,A00746,S4,2025-05-31,F04,0,1
Q003747,A00746,S4,2025-05-31,F03,0,1
Q003748,A00746,S4,2025-05-31,F05,0,1
Q003749,A00746,S4,2025-05-31,F05,0,1
Q003750,A00747,S3,2025-05-30,F03,1,0
Q003751,A00747,S4,2025-05-31,F02,0,1
Q003752,A00748,S3,2025-05-31,F01,0,1
Q003753,A00748,S3,2025-05-31,F01,0,1
Q003754,A00748,S3,2025-05-31,F05,0,1
Q003755,A00748,S4,2025-05-31,F04,0,1
Q003756,A00748,S4,2025-05-31,F01,0,1
Q003757,A00748,S5,2025-05-31,F01,0,1
Q003758,A00748,S5,2025-05-31,F02,0,1
Q003759,A00749,S3,2025-06-01,F01,0,1
Q003760,A00749,S4,2025-06-02,F03,0,1
Q003761,A00749,S4,2025-06-02,F04,1,0
Q003762,A00749,S4,2025-06-02,F01,0,1
Q003763,A00749,S4,2025-06-02,F01,1,0
Q003764,A00749,S5,2025-06-02,F05,0,1
Q003765,A00750,S3,2025-06-01,F03,0,1
Q003766,A00750,S4,2025-06-01,F04,0,1
Q003767,A00751,S4,2025-05-31,F01,1,0
Q003768,A00751,S4,2025-05-31,F05,0,1
Q003769,A00751,S4,2025-05-31,F03,0,1
Q003770,A00751,S5,2025-06-01,F04,0,1
Q003771,A00752,S3,2025-06-01,F02,0,1
Q003772,A00752,S3,2025-06-01,F04,0,1
Q003773,A00752,S3,2025-06-01,F02,0,1
Q003774,A00752,S4,2025-06-01,F01,1,0
Q003775,A00752,S4,2025-06-01,F01,1,0
Q003776,A00752,S4,2025-06-01,F03,0,1
Q003777,A00752,S5,2025-06-01,F04,0,1
Q003778,A00753,S3,2025-06-02,F04,0,1
Q003779,A00753,S3,2025-06-02,F04,1,0
Q003780,A00753,S4,2025-06-02,F04,1,0
Q003781,A00753,S4,2025-06-02,F01,0,1
Q003782,A00753,S5,2025-06-02,F05,0,1
Q003783,A00754,S4,2025-06-03,F04,0,1
Q003784,A00754,S4,2025-06-03,F03,1,0
Q003785,A00754,S4,2025-06-03,F05,0,1
Q003786,A00755,S4,2025-06-03,F03,0,1
Q003787,A00756,S3,2025-06-03,F02,0,1
Q003788,A00756,S3,2025-06-03,F02,1,0
Q003789,A00756,S3,2025-06-03,F05,0,1
Q003790,A00756,S3,2025-06-03,F01,1,0
Q003791,A00756,S4,2025-06-04,F02,0,1
Q003792,A00757,S4,2025-06-04,F05,0,1
Q003793,A00757,S5,2025-06-04,F01,0,1
Q003794,A00757,S5,2025-06-04,F03,1,0
Q003795,A00758,S3,2025-06-03,F03,0,1
Q003796,A00758,S3,2025-06-03,F01,0,1
Q003797,A00758,S3,2025-06-03,F03,0,1
Q003798,A00758,S4,2025-06-04,F03,0,1
Q003799,A00758,S4,2025-06-04,F01,1,0
Q003800,A00758,S4,2025-06-04,F01,1,0
Q003801,A00758,S5,2025-06-04,F04,1,0
Q003802,A00758,S5,2025-06-04,F03,1,0
Q003803,A00758,S5,2025-06-04,F01,0,1
Q003804,A00759,S3,2025-06-04,F01,0,1
Q003805,A00759,S3,2025-06-04,F02,0,1
Q003806,A00759,S3,2025-06-04,F03,0,1
Q003807,A00759,S3,2025-06-04,F04,0,1
Q003808,A00759,S3,2025-06-04,F06,0,1
Q003809,A00759,S4,2025-06-05,F04,0,1
Q003810,A00759,S4,2025-06-05,F03,0,1
Q003811,A00759,S4,2025-06-05,F03,0,1
Q003812,A00759,S4,2025-06-05,F01,1,0
Q003813,A00759,S4,2025-06-05,F01,1,0
Q003814,A00759,S4,2025-06-05,F03,0,1
Q003815,A00760,S3,2025-06-04,F01,0,1
Q003816,A00760,S4,2025-06-04,F05,0,1
Q003817,A00760,S4,2025-06-04,F04,1,0
Q003818,A00760,S4,2025-06-04,F04,0,1
Q003819,A00760,S5,2025-06-04,F03,0,1
Q003820,A00760,S5,2025-06-04,F05,0,1
Q003821,A00760,S5,2025-06-04,F03,0,1
Q003822,A00760,S5,2025-06-04,F03,0,1
Q003823,A00760,S5,2025-06-04,F06,0,1
Q003824,A00761,S3,2025-06-04,F04,0,1
Q003825,A00761,S3,2025-06-04,F03,0,1
Q003826,A00761,S4,2025-06-07,F02,0,1
Q003827,A00761,S4,2025-06-07,F02,0,1
Q003828,A00761,S4,2025-06-07,F01,0,1
Q003829,A00762,S4,2025-06-05,F01,0,1
Q003830,A00762,S5,2025-06-06,F03,0,1
Q003831,A00762,S5,2025-06-06,F03,0,1
Q003832,A00763,S3,2025-06-04,F01,0,1
Q003833,A00763,S4,2025-06-05,F05,0,1
Q003834,A00763,S4,2025-06-05,F02,0,1
Q003835,A00764,S3,2025-06-05,F03,0,1
Q003836,A00764,S4,2025-06-05,F01,1,0
Q003837,A00765,S3,2025-06-05,F02,0,1
Q003838,A00765,S4,2025-06-05,F01,1,0
Q003839,A00765,S4,2025-06-05,F05,0,1
Q003840,A00766,S3,2025-06-05,F01,1,0
Q003841,A00766,S4,2025-06-06,F01,1,0
Q003842,A00766,S4,2025-06-06,F03,0,1
Q003843,A00767,S3,2025-06-05,F05,0,1
Q003844,A00767,S3,2025-06-05,F02,0,1
Q003845,A00767,S3,2025-06-05,F03,0,1
Q003846,A00767,S4,2025-06-06,F06,0,1
Q003847,A00767,S4,2025-06-06,F01,0,1
Q003848,A00767,S4,2025-06-06,F05,1,0
Q003849,A00767,S4,2025-06-06,F03,0,1
Q003850,A00767,S4,2025-06-06,F02,0,1
Q003851,A00767,S5,2025-06-06,F05,0,1
Q003852,A00768,S3,2025-06-06,F01,0,1
Q003853,A00769,S3,2025-06-06,F02,1,0
Q003854,A00769,S4,2025-06-06,F03,0,1
Q003855,A00769,S4,2025-06-06,F04,0,1
Q003856,A00769,S4,2025-06-06,F02,0,1
Q003857,A00769,S4,2025-06-06,F02,0,1
Q003858,A00770,S4,2025-06-09,F01,1,0
Q003859,A00771,S3,2025-06-07,F05,0,1
Q003860,A00771,S3,2025-06-07,F02,0,1
Q003861,A00772,S3,2025-06-06,F05,0,1
Q003862,A00772,S3,2025-06-06,F02,0,1
Q003863,A00772,S4,2025-06-07,F02,0,1
Q003864,A00773,S3,2025-06-07,F04,1,0
Q003865,A00773,S4,2025-06-07,F02,0,1
Q003866,A00773,S4,2025-06-07,F01,0,1
Q003867,A00773,S5,2025-06-08,F01,0,1
Q003868,A00774,S3,2025-06-07,F04,0,1
Q003869,A00774,S3,2025-06-07,F01,1,0
Q003870,A00774,S3,2025-06-07,F01,0,1
Q003871,A00774,S4,2025-06-08,F02,1,0
Q003872,A00774,S4,2025-06-08,F01,0,1
Q003873,A00774,S4,2025-06-08,F04,0,1
Q003874,A00774,S4,2025-06-08,F02,0,1
Q003875,A00774,S4,2025-06-08,F05,0,1
Q003876,A00774,S4,2025-06-08,F04,0,1
Q003877,A00774,S4,2025-06-08,F02,1,0
Q003878,A00774,S5,2025-06-09,F01,1,0
Q003879,A00774,S5,2025-06-09,F04,0,1
Q003880,A00775,S3,2025-06-07,F05,0,1
Q003881,A00775,S3,2025-06-07,F03,0,1
Q003882,A00775,S4,2025-06-07,F01,0,1
Q003883,A00775,S4,2025-06-07,F06,0,1
Q003884,A00775,S4,2025-06-07,F03,0,1
Q003885,A00775,S4,2025-06-07,F02,0,1
Q003886,A00775,S4,2025-06-07,F01,0,1
Q003887,A00775,S5,2025-06-07,F01,0,1
Q003888,A00776,S3,2025-06-08,F01,0,1
Q003889,A00776,S3,2025-06-08,F01,1,0
Q003890,A00776,S3,2025-06-08,F02,0,1
Q003891,A00776,S3,2025-06-08,F03,0,1
Q003892,A00776,S3,2025-06-08,F04,1,0
Q003893,A00776,S3,2025-06-08,F05,0,1
Q003894,A00776,S4,2025-06-09,F01,0,1
Q003895,A00776,S4,2025-06-09,F05,0,1
Q003896,A00776,S5,2025-06-09,F04,1,0
Q003897,A00776,S5,2025-06-09,F03,0,1
Q003898,A00777,S3,2025-06-08,F05,0,1
Q003899,A00777,S3,2025-06-08,F01,0,1
Q003900,A00777,S3,2025-06-08,F03,0,1
Q003901,A00777,S3,2025-06-08,F03,0,1
Q003902,A00777,S4,2025-06-08,F01,0,1
Q003903,A00777,S4,2025-06-08,F02,0,1
Q003904,A00777,S4,2025-06-08,F04,0,1
Q003905,A00777,S4,2025-06-08,F02,0,1
Q003906,A00777,S4,2025-06-08,F03,0,1
Q003907,A00777,S5,2025-06-08,F03,0,1
Q003908,A00777,S5,2025-06-08,F01,0,1
Q003909,A00777,S5,2025-06-08,F01,0,1
Q003910,A00778,S3,2025-06-08,F01,0,1
Q003911,A00778,S3,2025-06-08,F01,1,0
Q003912,A00778,S4,2025-06-09,F05,0,1
Q003913,A00778,S4,2025-06-09,F05,0,1
Q003914,A00778,S4,2025-06-09,F04,0,1
Q003915,A00778,S4,2025-06-09,F02,0,1
Q003916,A00778,S4,2025-06-09,F04,1,0
Q003917,A00778,S4,2025-06-09,F02,0,1
Q003918,A00778,S4,2025-06-09,F03,0,1
Q003919,A00779,S4,2025-06-09,F02,0,1
Q003920,A00779,S4,2025-06-09,F04,0,1
Q003921,A00780,S3,2025-06-09,F05,0,1
Q003922,A00780,S4,2025-06-09,F03,0,1
Q003923,A00780,S4,2025-06-09,F01,1,0
Q003924,A00780,S4,2025-06-09,F01,0,1
Q003925,A00780,S4,2025-06-09,F01,0,1
Q003926,A00780,S4,2025-06-09,F01,0,1
Q003927,A00780,S4,2025-06-09,F05,0,1
Q003928,A00780,S4,2025-06-09,F02,1,0
Q003929,A00780,S4,2025-06-09,F01,0,1
Q003930,A00780,S4,2025-06-09,F01,0,1
Q003931,A00780,S5,2025-06-10,F01,1,0
Q003932,A00780,S5,2025-06-10,F01,0,1
Q003933,A00780,S5,2025-06-10,F01,0,1
Q003934,A00780,S5,2025-06-10,F02,0,1
Q003935,A00781,S3,2025-06-09,F02,0,1
Q003936,A00781,S3,2025-06-09,F01,0,1
Q003937,A00781,S3,2025-06-09,F05,0,1
Q003938,A00781,S3,2025-06-09,F03,0,1
Q003939,A00781,S4,2025-06-11,F03,0,1
Q003940,A00781,S4,2025-06-11,F04,0,1
Q003941,A00781,S4,2025-06-11,F02,0,1
Q003942,A00781,S5,2025-06-11,F01,1,0
Q003943,A00781,S5,2025-06-11,F01,0,1
Q003944,A00781,S5,2025-06-11,F02,0,1
Q003945,A00782,S3,2025-06-10,F02,0,1
Q003946,A00782,S4,2025-06-11,F02,0,1
Q003947,A00782,S5,2025-06-11,F03,0,1
Q003948,A00783,S3,2025-06-10,F06,1,0
Q003949,A00783,S4,2025-06-10,F04,1,0
Q003950,A00783,S4,2025-06-10,F01,0,1
Q003951,A00783,S4,2025-06-10,F03,0,1
Q003952,A00783,S4,2025-06-10,F04,0,1
Q003953,A00783,S5,2025-06-11,F02,0,1
Q003954,A00783,S5,2025-06-11,F04,1,0
Q003955,A00784,S3,2025-06-10,F01,0,1
Q003956,A00784,S4,2025-06-11,F02,0,1
Q003957,A00784,S4,2025-06-11,F02,0,1
Q003958,A00785,S4,2025-06-12,F03,1,0
Q003959,A00785,S5,2025-06-12,F02,0,1
Q003960,A00785,S5,2025-06-12,F01,0,1
Q003961,A00785,S5,2025-06-12,F03,0,1
Q003962,A00787,S3,2025-06-11,F01,1,0
Q003963,A00787,S4,2025-06-12,F04,1,0
Q003964,A00787,S4,2025-06-12,F03,0,1
Q003965,A00788,S3,2025-06-10,F02,0,1
Q003966,A00788,S3,2025-06-10,F02,0,1
Q003967,A00788,S4,2025-06-11,F04,1,0
Q003968,A00788,S4,2025-06-11,F03,0,1
Q003969,A00788,S4,2025-06-11,F02,0,1
Q003970,A00788,S5,2025-06-11,F05,0,1
Q003971,A00788,S5,2025-06-11,F03,0,1
Q003972,A00789,S3,2025-06-12,F05,1,0
Q003973,A00789,S3,2025-06-12,F03,0,1
Q003974,A00789,S3,2025-06-12,F02,0,1
Q003975,A00789,S5,2025-06-13,F02,0,1
Q003976,A00790,S3,2025-06-11,F01,0,1
Q003977,A00790,S4,2025-06-12,F03,0,1
Q003978,A00790,S4,2025-06-12,F04,1,0
Q003979,A00790,S4,2025-06-12,F01,1,0
Q003980,A00791,S3,2025-06-11,F01,0,1
Q003981,A00791,S4,2025-06-12,F03,0,1
Q003982,A00791,S5,2025-06-12,F01,0,1
Q003983,A00792,S4,2025-06-13,F03,0,1
Q003984,A00793,S3,2025-06-13,F01,0,1
Q003985,A00793,S4,2025-06-14,F02,0,1
Q003986,A00793,S4,2025-06-14,F01,0,1
Q003987,A00793,S4,2025-06-14,F01,1,0
Q003988,A00793,S4,2025-06-14,F03,0,1
Q003989,A00793,S4,2025-06-14,F01,1,0
Q003990,A00793,S4,2025-06-14,F01,0,1
Q003991,A00793,S4,2025-06-14,F01,0,1
Q003992,A00793,S4,2025-06-14,F03,0,1
Q003993,A00794,S3,2025-06-13,F03,0,1
Q003994,A00794,S3,2025-06-13,F03,0,1
Q003995,A00794,S4,2025-06-13,F04,0,1
Q003996,A00794,S4,2025-06-13,F06,0,1
Q003997,A00794,S4,2025-06-13,F01,0,1
Q003998,A00795,S3,2025-06-13,F02,0,1
Q003999,A00795,S3,2025-06-13,F01,0,1
Q004000,A00795,S3,2025-06-13,F06,0,1
Q004001,A00795,S3,2025-06-13,F01,0,1
Q004002,A00795,S3,2025-06-13,F02,0,1
Q004003,A00795,S4,2025-06-13,F03,1,0
Q004004,A00795,S4,2025-06-13,F06,0,1
Q004005,A00795,S4,2025-06-13,F06,0,1
Q004006,A00795,S5,2025-06-13,F01,0,1
Q004007,A00795,S5,2025-06-13,F01,0,1
Q004008,A00796,S3,2025-06-13,F01,0,1
Q004009,A00796,S4,2025-06-14,F03,0,1
Q004010,A00796,S4,2025-06-14,F01,0,1
Q004011,A00796,S5,2025-06-14,F01,0,1
Q004012,A00797,S3,2025-06-14,F01,0,1
Q004013,A00797,S3,2025-06-14,F03,0,1
Q004014,A00797,S4,2025-06-14,F03,0,1
Q004015,A00797,S4,2025-06-14,F02,0,1
Q004016,A00797,S4,2025-06-14,F04,0,1
Q004017,A00797,S4,2025-06-14,F01,0,1
Q004018,A00797,S4,2025-06-14,F01,0,1
Q004019,A00797,S5,2025-06-14,F01,0,1
Q004020,A00797,S5,2025-06-14,F05,0,1
Q004021,A00797,S5,2025-06-14,F01,0,1
Q004022,A00799,S4,2025-06-15,F04,0,1
Q004023,A00799,S4,2025-06-15,F01,0,1
Q004024,A00800,S3,2025-06-14,F06,0,1
Q004025,A00800,S4,2025-06-16,F04,1,0
Q004026,A00800,S4,2025-06-16,F03,0,1
Q004027,A00800,S4,2025-06-16,F01,0,1
Q004028,A00800,S4,2025-06-16,F01,0,1
Q004029,A00800,S5,2025-06-16,F03,0,1
Q004030,A00801,S3,2025-06-15,F01,0,1
Q004031,A00801,S4,2025-06-16,F01,0,1
Q004032,A00801,S4,2025-06-16,F02,0,1
Q004033,A00801,S4,2025-06-16,F03,0,1
Q004034,A00801,S4,2025-06-16,F03,1,0
Q004035,A00802,S3,2025-06-15,F03,0,1
Q004036,A00802,S3,2025-06-15,F02,1,0
Q004037,A00802,S4,2025-06-16,F03,0,1
Q004038,A00802,S4,2025-06-16,F01,1,0
Q004039,A00802,S4,2025-06-16,F02,0,1
Q004040,A00802,S4,2025-06-16,F03,0,1
Q004041,A00803,S3,2025-06-15,F03,0,1
Q004042,A00803,S3,2025-06-15,F02,0,1
Q004043,A00803,S3,2025-06-15,F04,1,0
Q004044,A00803,S3,2025-06-15,F01,1,0
Q004045,A00803,S3,2025-06-15,F04,1,0
Q004046,A00803,S4,2025-06-15,F03,0,1
Q004047,A00803,S4,2025-06-15,F02,0,1
Q004048,A00803,S4,2025-06-15,F02,1,0
Q004049,A00803,S4,2025-06-15,F01,0,1
Q004050,A00803,S5,2025-06-16,F04,1,0
Q004051,A00803,S5,2025-06-16,F01,0,1
Q004052,A00803,S5,2025-06-16,F01,0,1
Q004053,A00803,S5,2025-06-16,F04,0,1
Q004054,A00803,S5,2025-06-16,F05,0,1
Q004055,A00804,S3,2025-06-15,F04,0,1
Q004056,A00804,S4,2025-06-15,F02,0,1
Q004057,A00804,S4,2025-06-15,F02,1,0
Q004058,A00804,S4,2025-06-15,F03,1,0
Q004059,A00804,S4,2025-06-15,F02,0,1
Q004060,A00804,S4,2025-06-15,F01,0,1
Q004061,A00805,S3,2025-06-14,F01,0,1
Q004062,A00805,S3,2025-06-14,F02,0,1
Q004063,A00805,S4,2025-06-15,F02,0,1
Q004064,A00805,S4,2025-06-15,F02,0,1
Q004065,A00805,S4,2025-06-15,F02,0,1
Q004066,A00805,S5,2025-06-15,F05,1,0
Q004067,A00806,S4,2025-06-16,F03,1,0
Q004068,A00806,S4,2025-06-16,F02,0,1
Q004069,A00806,S5,2025-06-17,F02,0,1
Q004070,A00807,S4,2025-06-16,F01,0,1
Q004071,A00808,S3,2025-06-16,F01,0,1
Q004072,A00808,S3,2025-06-16,F02,1,0
Q004073,A00808,S4,2025-06-17,F04,0,1
Q004074,A00808,S4,2025-06-17,F02,0,1
Q004075,A00808,S4,2025-06-17,F03,0,1
Q004076,A00808,S4,2025-06-17,F02,1,0
Q004077,A00808,S4,2025-06-17,F01,1,0
Q004078,A00808,S5,2025-06-17,F05,0,1
Q004079,A00809,S4,2025-06-18,F03,0,1
Q004080,A00809,S5,2025-06-18,F06,0,1
Q004081,A00809,S5,2025-06-18,F01,0,1
Q004082,A00809,S5,2025-06-18,F02,0,1
Q004083,A00810,S3,2025-06-17,F02,0,1
Q004084,A00810,S3,2025-06-17,F04,1,0
Q004085,A00810,S5,2025-06-18,F01,0,1
Q004086,A00811,S3,2025-06-17,F06,1,0
Q004087,A00811,S3,2025-06-17,F05,1,0
Q004088,A00812,S3,2025-06-17,F01,0,1
Q004089,A00812,S4,2025-06-17,F02,0,1
Q004090,A00813,S4,2025-06-18,F04,1,0
Q004091,A00813,S4,2025-06-18,F04,1,0
Q004092,A00813,S5,2025-06-19,F01,0,1
Q004093,A00814,S3,2025-06-18,F02,0,1
Q004094,A00814,S3,2025-06-18,F03,0,1
Q004095,A00814,S4,2025-06-19,F01,0,1
Q004096,A00814,S4,2025-06-19,F01,0,1
Q004097,A00814,S5,2025-06-19,F03,0,1
Q004098,A00815,S4,2025-06-19,F06,1,0
Q004099,A00815,S4,2025-06-19,F03,0,1
Q004100,A00815,S5,2025-06-19,F02,0,1
Q004101,A00816,S4,2025-06-19,F03,0,1
Q004102,A00816,S5,2025-06-19,F01,1,0
Q004103,A00817,S3,2025-06-19,F02,0,1
Q004104,A00817,S3,2025-06-19,F04,0,1
Q004105,A00817,S3,2025-06-19,F04,1,0
Q004106,A00817,S4,2025-06-20,F05,0,1
Q004107,A00817,S5,2025-06-20,F01,0,1
Q004108,A00817,S5,2025-06-20,F01,0,1
Q004109,A00819,S3,2025-06-19,F06,0,1
Q004110,A00819,S4,2025-06-21,F01,0,1
Q004111,A00819,S4,2025-06-21,F01,0,1
Q004112,A00819,S4,2025-06-21,F06,0,1
Q004113,A00819,S5,2025-06-21,F06,0,1
Q004114,A00819,S5,2025-06-21,F04,0,1
Q004115,A00820,S4,2025-06-19,F03,0,1
Q004116,A00821,S3,2025-06-20,F01,0,1
Q004117,A00821,S4,2025-06-21,F03,0,1
Q004118,A00821,S4,2025-06-21,F03,1,0
Q004119,A00821,S4,2025-06-21,F01,1,0
Q004120,A00821,S4,2025-06-21,F05,0,1
Q004121,A00821,S4,2025-06-21,F03,0,1
Q004122,A00821,S5,2025-06-21,F01,1,0
Q004123,A00821,S5,2025-06-21,F03,0,1
Q004124,A00821,S5,2025-06-21,F06,0,1
Q004125,A00821,S5,2025-06-21,F05,0,1
Q004126,A00822,S3,2025-06-19,F03,0,1
Q004127,A00822,S3,2025-06-19,F03,0,1
Q004128,A00823,S4,2025-06-20,F03,0,1
Q004129,A00823,S4,2025-06-20,F03,0,1
Q004130,A00824,S3,2025-06-20,F01,0,1
Q004131,A00824,S3,2025-06-20,F05,1,0
Q004132,A00824,S3,2025-06-20,F01,1,0
Q004133,A00824,S3,2025-06-20,F04,1,0
Q004134,A00824,S4,2025-06-20,F02,0,1
Q004135,A00824,S4,2025-06-20,F03,0,1
Q004136,A00824,S4,2025-06-20,F03,0,1
Q004137,A00824,S4,2025-06-20,F02,0,1
Q004138,A00824,S4,2025-06-20,F01,1,0
Q004139,A00824,S4,2025-06-20,F02,0,1
Q004140,A00824,S5,2025-06-20,F06,0,1
Q004141,A00824,S5,2025-06-20,F03,0,1
Q004142,A00824,S5,2025-06-20,F02,0,1
Q004143,A00825,S4,2025-06-21,F01,1,0
Q004144,A00826,S3,2025-06-20,F01,1,0
Q004145,A00826,S3,2025-06-20,F03,0,1
Q004146,A00826,S5,2025-06-21,F01,1,0
Q004147,A00827,S3,2025-06-21,F04,0,1
Q004148,A00827,S3,2025-06-21,F01,0,1
Q004149,A00827,S3,2025-06-21,F01,0,1
Q004150,A00827,S3,2025-06-21,F04,0,1
Q004151,A00827,S4,2025-06-21,F01,0,1
Q004152,A00827,S4,2025-06-21,F06,0,1
Q004153,A00827,S4,2025-06-21,F01,1,0
Q004154,A00827,S4,2025-06-21,F03,0,1
Q004155,A00827,S5,2025-06-21,F02,0,1
Q004156,A00827,S5,2025-06-21,F01,0,1
Q004157,A00827,S5,2025-06-21,F01,0,1
Q004158,A00828,S3,2025-06-21,F01,0,1
Q004159,A00828,S3,2025-06-21,F02,0,1
Q004160,A00828,S3,2025-06-21,F02,0,1
Q004161,A00828,S3,2025-06-21,F02,0,1
Q004162,A00828,S3,2025-06-21,F03,0,1
Q004163,A00828,S4,2025-06-22,F01,1,0
Q004164,A00828,S5,2025-06-22,F03,0,1
Q004165,A00828,S5,2025-06-22,F01,0,1
Q004166,A00829,S3,2025-06-21,F01,0,1
Q004167,A00829,S4,2025-06-21,F03,1,0
Q004168,A00829,S4,2025-06-21,F01,0,1
Q004169,A00829,S4,2025-06-21,F05,0,1
Q004170,A00830,S3,2025-06-21,F02,1,0
Q004171,A00830,S4,2025-06-21,F03,0,1
Q004172,A00830,S4,2025-06-21,F01,1,0
Q004173,A00831,S4,2025-06-22,F04,0,1
Q004174,A00832,S4,2025-06-22,F03,0,1
Q004175,A00832,S4,2025-06-22,F02,0,1
Q004176,A00833,S3,2025-06-20,F04,0,1
Q004177,A00833,S3,2025-06-20,F01,0,1
Q004178,A00833,S5,2025-06-21,F02,0,1
Q004179,A00834,S3,2025-06-21,F01,0,1
Q004180,A00834,S4,2025-06-21,F01,1,0
Q004181,A00835,S3,2025-06-22,F02,0,1
Q004182,A00835,S3,2025-06-22,F02,0,1
Q004183,A00835,S3,2025-06-22,F01,0,1
Q004184,A00835,S4,2025-06-23,F02,1,0
Q004185,A00835,S4,2025-06-23,F03,1,0
Q004186,A00835,S4,2025-06-23,F01,0,1
Q004187,A00835,S4,2025-06-23,F06,0,1
Q004188,A00835,S5,2025-06-23,F01,0,1
Q004189,A00835,S5,2025-06-23,F03,0,1
Q004190,A00836,S4,2025-06-22,F01,1,0
Q004191,A00836,S5,2025-06-22,F06,0,1
Q004192,A00838,S3,2025-06-22,F01,1,0
Q004193,A00838,S3,2025-06-22,F02,0,1
Q004194,A00838,S3,2025-06-22,F04,0,1
Q004195,A00838,S4,2025-06-22,F03,1,0
Q004196,A00838,S4,2025-06-22,F01,0,1
Q004197,A00838,S4,2025-06-22,F02,0,1
Q004198,A00838,S4,2025-06-22,F01,1,0
Q004199,A00839,S3,2025-06-21,F03,0,1
Q004200,A00839,S4,2025-06-22,F06,1,0
Q004201,A00840,S3,2025-06-22,F01,1,0
Q004202,A00840,S4,2025-06-23,F04,0,1
Q004203,A00840,S4,2025-06-23,F05,0,1
Q004204,A00840,S4,2025-06-23,F05,0,1
Q004205,A00840,S4,2025-06-23,F03,0,1
Q004206,A00840,S4,2025-06-23,F04,1,0
Q004207,A00840,S4,2025-06-23,F02,0,1
Q004208,A00840,S4,2025-06-23,F03,0,1
Q004209,A00842,S5,2025-06-23,F02,0,1
Q004210,A00843,S3,2025-06-23,F02,0,1
Q004211,A00843,S4,2025-06-23,F03,0,1
Q004212,A00843,S4,2025-06-23,F01,0,1
Q004213,A00843,S4,2025-06-23,F05,0,1
Q004214,A00843,S4,2025-06-23,F01,1,0
Q004215,A00843,S4,2025-06-23,F04,1,0
Q004216,A00843,S4,2025-06-23,F02,1,0
Q004217,A00843,S4,2025-06-23,F01,0,1
Q004218,A00843,S4,2025-06-23,F01,0,1
Q004219,A00843,S4,2025-06-23,F01,0,1
Q004220,A00843,S4,2025-06-23,F03,0,1
Q004221,A00843,S5,2025-06-23,F02,1,0
Q004222,A00843,S5,2025-06-23,F02,0,1
Q004223,A00844,S4,2025-06-23,F02,0,1
Q004224,A00844,S4,2025-06-23,F01,1,0
Q004225,A00846,S4,2025-06-24,F03,0,1
Q004226,A00846,S4,2025-06-24,F02,0,1
Q004227,A00847,S3,2025-06-23,F03,0,1
Q004228,A00847,S3,2025-06-23,F01,1,0
Q004229,A00847,S4,2025-06-24,F01,0,1
Q004230,A00847,S4,2025-06-24,F04,0,1
Q004231,A00847,S4,2025-06-24,F01,1,0
Q004232,A00847,S4,2025-06-24,F03,0,1
Q004233,A00847,S4,2025-06-24,F05,0,1
Q004234,A00847,S5,2025-06-24,F01,0,1
Q004235,A00848,S3,2025-06-24,F02,0,1
Q004236,A00848,S4,2025-06-25,F04,1,0
Q004237,A00848,S4,2025-06-25,F01,0,1
Q004238,A00848,S5,2025-06-25,F02,0,1
Q004239,A00850,S4,2025-06-24,F02,0,1
Q004240,A00850,S4,2025-06-24,F04,0,1
Q004241,A00850,S4,2025-06-24,F01,1,0
Q004242,A00850,S5,2025-06-24,F05,0,1
Q004243,A00851,S3,2025-06-23,F03,0,1
Q004244,A00851,S4,2025-06-24,F05,0,1
Q004245,A00852,S4,2025-06-25,F02,0,1
Q004246,A00852,S5,2025-06-25,F05,0,1
Q004247,A00853,S3,2025-06-26,F04,0,1
Q004248,A00853,S4,2025-06-26,F05,0,1
Q004249,A00853,S4,2025-06-26,F04,1,0
Q004250,A00853,S4,2025-06-26,F05,0,1
Q004251,A00853,S5,2025-06-27,F01,1,0
Q004252,A00854,S4,2025-06-26,F03,0,1
Q004253,A00855,S3,2025-06-25,F03,0,1
Q004254,A00855,S4,2025-06-26,F03,0,1
Q004255,A00855,S4,2025-06-26,F02,0,1
Q004256,A00855,S4,2025-06-26,F05,1,0
Q004257,A00855,S5,2025-06-26,F03,0,1
Q004258,A00856,S3,2025-06-25,F02,1,0
Q004259,A00856,S4,2025-06-26,F05,0,1
Q004260,A00856,S4,2025-06-26,F02,0,1
Q004261,A00856,S4,2025-06-26,F02,0,1
Q004262,A00856,S4,2025-06-26,F03,0,1
Q004263,A00856,S5,2025-06-26,F01,1,0
Q004264,A00857,S3,2025-06-25,F06,0,1
Q004265,A00857,S3,2025-06-25,F01,0,1
Q004266,A00857,S4,2025-06-26,F05,0,1
Q004267,A00857,S4,2025-06-26,F01,0,1
Q004268,A00857,S4,2025-06-26,F01,0,1
Q004269,A00857,S5,2025-06-26,F05,0,1
Q004270,A00857,S5,2025-06-26,F04,1,0
Q004271,A00857,S5,2025-06-26,F01,0,1
Q004272,A00858,S3,2025-06-26,F02,0,1
Q004273,A00858,S3,2025-06-26,F01,0,1
Q004274,A00858,S4,2025-06-26,F04,0,1
Q004275,A00858,S4,2025-06-26,F02,0,1
Q004276,A00858,S4,2025-06-26,F06,1,0
Q004277,A00858,S4,2025-06-26,F01,0,1
Q004278,A00858,S4,2025-06-26,F03,0,1
Q004279,A00858,S5,2025-06-26,F02,0,1
Q004280,A00859,S4,2025-06-26,F06,0,1
Q004281,A00860,S3,2025-06-25,F02,0,1
Q004282,A00860,S3,2025-06-25,F01,0,1
Q004283,A00860,S3,2025-06-25,F03,0,1
Q004284,A00860,S4,2025-06-27,F03,0,1
Q004285,A00860,S4,2025-06-27,F03,1,0
Q004286,A00860,S4,2025-06-27,F01,0,1
Q004287,A00860,S4,2025-06-27,F01,1,0
Q004288,A00860,S4,2025-06-27,F01,1,0
Q004289,A00860,S4,2025-06-27,F04,0,1
Q004290,A00860,S5,2025-06-27,F05,0,1
Q004291,A00860,S5,2025-06-27,F01,0,1
Q004292,A00860,S5,2025-06-27,F02,0,1
Q004293,A00861,S5,2025-06-26,F03,0,1
Q004294,A00862,S4,2025-06-26,F03,0,1
Q004295,A00862,S5,2025-06-26,F03,0,1
Q004296,A00864,S3,2025-06-26,F03,0,1
Q004297,A00864,S3,2025-06-26,F01,0,1
Q004298,A00864,S3,2025-06-26,F01,0,1
Q004299,A00864,S3,2025-06-26,F03,1,0
Q004300,A00864,S4,2025-06-26,F01,1,0
Q004301,A00864,S4,2025-06-26,F02,0,1
Q004302,A00864,S4,2025-06-26,F01,1,0
Q004303,A00864,S5,2025-06-26,F01,0,1
Q004304,A00865,S3,2025-06-26,F03,0,1
Q004305,A00865,S3,2025-06-26,F04,0,1
Q004306,A00865,S4,2025-06-28,F02,0,1
Q004307,A00865,S4,2025-06-28,F04,0,1
Q004308,A00865,S4,2025-06-28,F02,0,1
Q004309,A00865,S5,2025-06-28,F02,0,1
Q004310,A00866,S3,2025-06-26,F06,0,1
Q004311,A00866,S3,2025-06-26,F02,0,1
Q004312,A00866,S4,2025-06-26,F03,0,1
Q004313,A00866,S5,2025-06-26,F02,0,1
Q004314,A00866,S5,2025-06-26,F02,0,1
Q004315,A00867,S3,2025-06-27,F01,0,1
Q004316,A00867,S3,2025-06-27,F02,0,1
Q004317,A00867,S3,2025-06-27,F05,0,1
Q004318,A00867,S4,2025-06-27,F01,1,0
Q004319,A00868,S3,2025-06-27,F03,0,1
Q004320,A00868,S3,2025-06-27,F01,0,1
Q004321,A00868,S4,2025-06-27,F06,1,0
Q004322,A00868,S4,2025-06-27,F02,0,1
Q004323,A00868,S4,2025-06-27,F05,0,1
Q004324,A00868,S4,2025-06-27,F05,0,1
Q004325,A00868,S4,2025-06-27,F01,0,1
Q004326,A00868,S4,2025-06-27,F02,0,1
Q004327,A00868,S4,2025-06-27,F06,1,0
Q004328,A00868,S4,2025-06-27,F04,1,0
Q004329,A00868,S5,2025-06-28,F01,0,1
Q004330,A00868,S5,2025-06-28,F03,0,1
Q004331,A00868,S5,2025-06-28,F06,0,1
Q004332,A00869,S4,2025-06-27,F02,0,1
Q004333,A00869,S4,2025-06-27,F01,1,0
Q004334,A00869,S5,2025-06-28,F06,1,0
Q004335,A00869,S5,2025-06-28,F04,1,0
Q004336,A00870,S3,2025-06-27,F01,1,0
Q004337,A00870,S4,2025-06-27,F04,0,1
Q004338,A00870,S5,2025-06-27,F01,0,1
Q004339,A00871,S4,2025-06-28,F02,1,0
Q004340,A00871,S5,2025-06-28,F03,0,1
Q004341,A00871,S5,2025-06-28,F01,1,0
Q004342,A00873,S4,2025-06-29,F02,1,0
Q004343,A00873,S4,2025-06-29,F02,0,1
Q004344,A00874,S4,2025-06-29,F05,0,1
Q004345,A00874,S4,2025-06-29,F01,1,0
Q004346,A00874,S4,2025-06-29,F05,0,1
Q004347,A00874,S4,2025-06-29,F02,1,0
Q004348,A00874,S4,2025-06-29,F01,0,1
Q004349,A00874,S5,2025-06-29,F02,0,1
Q004350,A00875,S3,2025-06-29,F03,0,1
Q004351,A00875,S4,2025-06-29,F01,0,1
Q004352,A00875,S4,2025-06-29,F01,0,1
Q004353,A00875,S4,2025-06-29,F03,0,1
Q004354,A00876,S3,2025-06-29,F02,1,0
Q004355,A00876,S3,2025-06-29,F01,0,1
Q004356,A00876,S4,2025-06-30,F02,0,1
Q004357,A00876,S5,2025-06-30,F03,0,1
Q004358,A00876,S5,2025-06-30,F03,0,1
Q004359,A00877,S3,2025-06-29,F04,0,1
Q004360,A00877,S3,2025-06-29,F03,0,1
Q004361,A00877,S3,2025-06-29,F03,0,1
Q004362,A00877,S3,2025-06-29,F05,0,1
Q004363,A00877,S4,2025-06-29,F03,0,1
Q004364,A00877,S4,2025-06-29,F05,0,1
Q004365,A00877,S5,2025-06-29,F03,0,1
Q004366,A00877,S5,2025-06-29,F01,0,1
Q004367,A00877,S5,2025-06-29,F02,0,1
Q004368,A00878,S3,2025-06-30,F02,0,1
Q004369,A00878,S4,2025-07-01,F01,0,1
Q004370,A00878,S4,2025-07-01,F01,1,0
Q004371,A00879,S4,2025-06-30,F03,0,1
Q004372,A00879,S4,2025-06-30,F03,0,1
Q004373,A00879,S4,2025-06-30,F03,0,1
Q004374,A00879,S5,2025-06-30,F02,0,1
Q004375,A00880,S4,2025-07-02,F04,1,0
Q004376,A00880,S5,2025-07-02,F03,0,1
Q004377,A00880,S5,2025-07-02,F03,0,1
Q004378,A00881,S3,2025-06-30,F02,0,1
Q004379,A00881,S3,2025-06-30,F01,0,1
Q004380,A00881,S3,2025-06-30,F02,0,1
Q004381,A00881,S3,2025-06-30,F02,0,1
Q004382,A00881,S3,2025-06-30,F04,0,1
Q004383,A00881,S3,2025-06-30,F01,1,0
Q004384,A00881,S4,2025-06-30,F01,0,1
Q004385,A00881,S4,2025-06-30,F01,0,1
Q004386,A00881,S4,2025-06-30,F02,0,1
Q004387,A00881,S4,2025-06-30,F03,0,1
Q004388,A00881,S4,2025-06-30,F03,1,0
Q004389,A00881,S4,2025-06-30,F05,0,1
Q004390,A00881,S4,2025-06-30,F05,0,1
Q004391,A00881,S4,2025-06-30,F01,0,1
Q004392,A00881,S4,2025-06-30,F06,0,1
Q004393,A00881,S4,2025-06-30,F02,0,1
Q004394,A00882,S3,2025-06-30,F01,0,1
Q004395,A00882,S3,2025-06-30,F04,0,1
Q004396,A00882,S3,2025-06-30,F04,0,1
Q004397,A00882,S3,2025-06-30,F04,0,1
Q004398,A00882,S4,2025-07-03,F06,0,1
Q004399,A00882,S5,2025-07-03,F02,0,1
Q004400,A00882,S5,2025-07-03,F02,0,1
Q004401,A00883,S4,2025-06-30,F01,0,1
Q004402,A00884,S3,2025-06-30,F03,0,1
Q004403,A00884,S4,2025-07-01,F04,1,0
Q004404,A00884,S4,2025-07-01,F03,0,1
Q004405,A00884,S4,2025-07-01,F04,0,1
Q004406,A00884,S4,2025-07-01,F03,0,1
Q004407,A00884,S4,2025-07-01,F05,0,1
Q004408,A00884,S4,2025-07-01,F01,0,1
Q004409,A00884,S5,2025-07-01,F03,0,1
Q004410,A00884,S5,2025-07-01,F01,0,1
Q004411,A00885,S4,2025-07-01,F03,1,0
Q004412,A00885,S4,2025-07-01,F03,0,1
Q004413,A00885,S4,2025-07-01,F01,0,1
Q004414,A00885,S4,2025-07-01,F03,0,1
Q004415,A00885,S5,2025-07-01,F04,1,0
Q004416,A00885,S5,2025-07-01,F02,0,1
Q004417,A00886,S4,2025-07-01,F03,0,1
Q004418,A00886,S4,2025-07-01,F03,0,1
Q004419,A00886,S4,2025-07-01,F05,0,1
Q004420,A00886,S4,2025-07-01,F01,0,1
Q004421,A00886,S4,2025-07-01,F01,0,1
Q004422,A00886,S4,2025-07-01,F03,0,1
Q004423,A00886,S5,2025-07-01,F01,1,0
Q004424,A00886,S5,2025-07-01,F05,0,1
Q004425,A00886,S5,2025-07-01,F02,0,1
Q004426,A00887,S4,2025-07-01,F06,0,1
Q004427,A00888,S3,2025-07-02,F06,0,1
Q004428,A00888,S4,2025-07-03,F01,0,1
Q004429,A00888,S4,2025-07-03,F02,0,1
Q004430,A00888,S4,2025-07-03,F01,0,1
Q004431,A00889,S4,2025-07-03,F02,0,1
Q004432,A00889,S4,2025-07-03,F04,1,0
Q004433,A00889,S4,2025-07-03,F03,0,1
Q004434,A00889,S4,2025-07-03,F03,0,1
Q004435,A00889,S5,2025-07-03,F03,0,1
Q004436,A00889,S5,2025-07-03,F03,0,1
Q004437,A00890,S3,2025-07-02,F05,0,1
Q004438,A00890,S3,2025-07-02,F02,1,0
Q004439,A00890,S4,2025-07-02,F02,0,1
Q004440,A00890,S5,2025-07-02,F01,0,1
Q004441,A00890,S5,2025-07-02,F06,1,0
Q004442,A00891,S3,2025-07-02,F01,0,1
Q004443,A00891,S3,2025-07-02,F05,0,1
Q004444,A00891,S4,2025-07-02,F01,0,1
Q004445,A00891,S4,2025-07-02,F01,0,1
Q004446,A00891,S4,2025-07-02,F02,0,1
Q004447,A00891,S4,2025-07-02,F02,0,1
Q004448,A00892,S3,2025-07-02,F02,0,1
Q004449,A00892,S3,2025-07-02,F05,0,1
Q004450,A00892,S4,2025-07-02,F06,0,1
Q004451,A00892,S4,2025-07-02,F06,0,1
Q004452,A00892,S4,2025-07-02,F01,0,1
Q004453,A00892,S4,2025-07-02,F03,0,1
Q004454,A00892,S4,2025-07-02,F01,0,1
Q004455,A00892,S4,2025-07-02,F02,0,1
Q004456,A00892,S5,2025-07-03,F06,0,1
Q004457,A00892,S5,2025-07-03,F03,0,1
Q004458,A00892,S5,2025-07-03,F04,0,1
Q004459,A00892,S5,2025-07-03,F04,0,1
Q004460,A00892,S5,2025-07-03,F05,0,1
Q004461,A00893,S4,2025-07-03,F02,0,1
Q004462,A00894,S3,2025-07-03,F06,0,1
Q004463,A00894,S3,2025-07-03,F02,1,0
Q004464,A00894,S3,2025-07-03,F01,0,1
Q004465,A00894,S4,2025-07-03,F02,0,1
Q004466,A00894,S4,2025-07-03,F01,0,1
Q004467,A00894,S4,2025-07-03,F05,0,1
Q004468,A00894,S5,2025-07-03,F01,1,0
Q004469,A00895,S3,2025-07-03,F02,1,0
Q004470,A00895,S4,2025-07-04,F02,0,1
Q004471,A00895,S4,2025-07-04,F02,0,1
Q004472,A00895,S4,2025-07-04,F04,1,0
Q004473,A00895,S5,2025-07-04,F03,0,1
Q004474,A00896,S3,2025-07-03,F04,0,1
Q004475,A00896,S3,2025-07-03,F05,0,1
Q004476,A00896,S3,2025-07-03,F04,0,1
Q004477,A00896,S3,2025-07-03,F05,0,1
Q004478,A00896,S4,2025-07-03,F01,1,0
Q004479,A00896,S4,2025-07-03,F01,0,1
Q004480,A00896,S4,2025-07-03,F02,0,1
Q004481,A00896,S4,2025-07-03,F03,0,1
Q004482,A00896,S4,2025-07-03,F05,0,1
Q004483,A00896,S4,2025-07-03,F03,0,1
Q004484,A00897,S3,2025-07-03,F01,0,1
Q004485,A00897,S4,2025-07-03,F01,1,0
Q004486,A00897,S4,2025-07-03,F04,0,1
Q004487,A00897,S4,2025-07-03,F02,0,1
Q004488,A00898,S4,2025-07-05,F03,0,1
Q004489,A00898,S4,2025-07-05,F03,0,1
Q004490,A00899,S3,2025-07-04,F03,0,1
Q004491,A00899,S3,2025-07-04,F02,1,0
Q004492,A00899,S3,2025-07-04,F05,0,1
Q004493,A00899,S3,2025-07-04,F01,0,1
Q004494,A00899,S4,2025-07-04,F02,0,1
Q004495,A00899,S4,2025-07-04,F02,0,1
Q004496,A00899,S4,2025-07-04,F04,0,1
Q004497,A00899,S4,2025-07-04,F01,0,1
Q004498,A00899,S4,2025-07-04,F04,1,0
Q004499,A00899,S4,2025-07-04,F01,0,1
Q004500,A00899,S5,2025-07-04,F06,0,1
Q004501,A00899,S5,2025-07-04,F01,1,0
Q004502,A00899,S5,2025-07-04,F04,0,1
Q004503,A00900,S4,2025-07-05,F05,0,1
Q004504,A00901,S3,2025-07-04,F03,0,1
Q004505,A00901,S3,2025-07-04,F06,0,1
Q004506,A00901,S3,2025-07-04,F02,0,1
Q004507,A00901,S3,2025-07-04,F03,0,1
Q004508,A00901,S3,2025-07-04,F01,0,1
Q004509,A00901,S4,2025-07-06,F02,0,1
Q004510,A00901,S4,2025-07-06,F01,1,0
Q004511,A00901,S4,2025-07-06,F01,0,1
Q004512,A00901,S4,2025-07-06,F01,0,1
Q004513,A00901,S4,2025-07-06,F02,1,0
Q004514,A00901,S4,2025-07-06,F01,0,1
Q004515,A00901,S5,2025-07-06,F04,0,1
Q004516,A00902,S3,2025-07-04,F03,0,1
Q004517,A00902,S3,2025-07-04,F03,0,1
Q004518,A00902,S5,2025-07-04,F05,0,1
Q004519,A00902,S5,2025-07-04,F03,0,1
Q004520,A00902,S5,2025-07-04,F01,0,1
Q004521,A00903,S3,2025-07-04,F04,0,1
Q004522,A00903,S4,2025-07-04,F02,0,1
Q004523,A00903,S4,2025-07-04,F04,0,1
Q004524,A00903,S5,2025-07-04,F02,0,1
Q004525,A00904,S3,2025-07-04,F02,0,1
Q004526,A00904,S4,2025-07-04,F02,1,0
Q004527,A00904,S4,2025-07-04,F02,0,1
Q004528,A00904,S4,2025-07-04,F03,0,1
Q004529,A00904,S4,2025-07-04,F01,0,1
Q004530,A00904,S4,2025-07-04,F02,0,1
Q004531,A00904,S5,2025-07-04,F02,0,1
Q004532,A00904,S5,2025-07-04,F01,0,1
Q004533,A00904,S5,2025-07-04,F04,1,0
Q004534,A00905,S3,2025-07-04,F03,0,1
Q004535,A00905,S3,2025-07-04,F02,0,1
Q004536,A00905,S3,2025-07-04,F03,0,1
Q004537,A00905,S4,2025-07-04,F04,0,1
Q004538,A00905,S4,2025-07-04,F06,0,1
Q004539,A00905,S4,2025-07-04,F04,1,0
Q004540,A00905,S4,2025-07-04,F05,0,1
Q004541,A00905,S4,2025-07-04,F03,0,1
Q004542,A00905,S5,2025-07-05,F01,0,1
Q004543,A00906,S4,2025-07-05,F02,0,1
Q004544,A00906,S5,2025-07-05,F02,0,1
Q004545,A00907,S3,2025-07-04,F03,0,1
Q004546,A00907,S3,2025-07-04,F05,0,1
Q004547,A00907,S4,2025-07-04,F01,0,1
Q004548,A00907,S4,2025-07-04,F05,0,1
Q004549,A00907,S4,2025-07-04,F01,1,0
Q004550,A00907,S4,2025-07-04,F02,0,1
Q004551,A00908,S4,2025-07-04,F01,0,1
Q004552,A00909,S4,2025-07-05,F02,1,0
Q004553,A00910,S4,2025-07-06,F03,0,1
Q004554,A00910,S4,2025-07-06,F05,0,1
Q004555,A00911,S4,2025-07-06,F03,0,1
Q004556,A00911,S4,2025-07-06,F04,1,0
Q004557,A00912,S3,2025-07-05,F06,0,1
Q004558,A00912,S3,2025-07-05,F06,0,1
Q004559,A00912,S4,2025-07-05,F01,0,1
Q004560,A00912,S4,2025-07-05,F04,1,0
Q004561,A00912,S4,2025-07-05,F02,0,1
Q004562,A00913,S3,2025-07-06,F05,0,1
Q004563,A00913,S4,2025-07-06,F02,0,1
Q004564,A00913,S4,2025-07-06,F01,1,0
Q004565,A00913,S4,2025-07-06,F02,0,1
Q004566,A00913,S4,2025-07-06,F03,0,1
Q004567,A00914,S3,2025-07-06,F01,1,0
Q004568,A00914,S3,2025-07-06,F06,0,1
Q004569,A00914,S4,2025-07-06,F01,0,1
Q004570,A00914,S5,2025-07-06,F05,0,1
Q004571,A00915,S4,2025-07-07,F01,0,1
Q004572,A00916,S3,2025-07-06,F02,0,1
Q004573,A00916,S3,2025-07-06,F01,0,1
Q004574,A00916,S3,2025-07-06,F02,0,1
Q004575,A00916,S3,2025-07-06,F01,0,1
Q004576,A00916,S4,2025-07-07,F03,0,1
Q004577,A00916,S5,2025-07-07,F06,0,1
Q004578,A00916,S5,2025-07-07,F03,0,1
Q004579,A00917,S3,2025-07-06,F01,1,0
Q004580,A00917,S3,2025-07-06,F04,1,0
Q004581,A00917,S3,2025-07-06,F01,0,1
Q004582,A00917,S4,2025-07-06,F06,0,1
Q004583,A00917,S4,2025-07-06,F04,0,1
Q004584,A00917,S4,2025-07-06,F03,0,1
Q004585,A00917,S4,2025-07-06,F03,0,1
Q004586,A00917,S4,2025-07-06,F01,0,1
Q004587,A00917,S5,2025-07-06,F01,0,1
Q004588,A00917,S5,2025-07-06,F05,0,1
Q004589,A00917,S5,2025-07-06,F04,1,0
Q004590,A00918,S3,2025-07-05,F01,1,0
Q004591,A00918,S3,2025-07-05,F03,0,1
Q004592,A00918,S3,2025-07-05,F04,0,1
Q004593,A00918,S4,2025-07-06,F03,0,1
Q004594,A00918,S4,2025-07-06,F01,0,1
Q004595,A00918,S4,2025-07-06,F05,0,1
Q004596,A00919,S3,2025-07-05,F01,1,0
Q004597,A00919,S3,2025-07-05,F02,0,1
Q004598,A00919,S4,2025-07-06,F02,0,1
Q004599,A00919,S4,2025-07-06,F03,0,1
Q004600,A00919,S4,2025-07-06,F03,0,1
Q004601,A00919,S4,2025-07-06,F03,0,1
Q004602,A00920,S3,2025-07-07,F02,0,1
Q004603,A00920,S4,2025-07-08,F02,0,1
Q004604,A00920,S4,2025-07-08,F01,0,1
Q004605,A00920,S4,2025-07-08,F02,0,1
Q004606,A00920,S5,2025-07-08,F05,0,1
Q004607,A00921,S3,2025-07-07,F03,0,1
Q004608,A00921,S3,2025-07-07,F03,0,1
Q004609,A00921,S3,2025-07-07,F03,0,1
Q004610,A00921,S3,2025-07-07,F04,0,1
Q004611,A00921,S3,2025-07-07,F04,0,1
Q004612,A00921,S3,2025-07-07,F02,0,1
Q004613,A00921,S3,2025-07-07,F03,0,1
Q004614,A00921,S3,2025-07-07,F03,0,1
Q004615,A00921,S3,2025-07-07,F05,1,0
Q004616,A00921,S3,2025-07-07,F04,1,0
Q004617,A00921,S4,2025-07-08,F03,0,1
Q004618,A00921,S4,2025-07-08,F01,0,1
Q004619,A00921,S4,2025-07-08,F02,0,1
Q004620,A00921,S4,2025-07-08,F04,0,1
Q004621,A00921,S4,2025-07-08,F01,1,0
Q004622,A00921,S4,2025-07-08,F02,0,1
Q004623,A00921,S4,2025-07-08,F03,0,1
Q004624,A00921,S4,2025-07-08,F02,0,1
Q004625,A00921,S4,2025-07-08,F03,0,1
Q004626,A00921,S5,2025-07-08,F01,1,0
Q004627,A00922,S3,2025-07-07,F03,0,1
Q004628,A00922,S4,2025-07-09,F06,1,0
Q004629,A00922,S4,2025-07-09,F01,1,0
Q004630,A00922,S4,2025-07-09,F03,0,1
Q004631,A00922,S4,2025-07-09,F02,0,1
Q004632,A00922,S5,2025-07-09,F01,0,1
Q004633,A00922,S5,2025-07-09,F02,0,1
Q004634,A00922,S5,2025-07-09,F03,0,1
Q004635,A00923,S3,2025-07-06,F05,0,1
Q004636,A00923,S4,2025-07-07,F03,0,1
Q004637,A00923,S4,2025-07-07,F02,1,0
Q004638,A00923,S5,2025-07-07,F06,0,1
Q004639,A00924,S4,2025-07-08,F05,0,1
Q004640,A00924,S5,2025-07-08,F06,0,1
Q004641,A00925,S5,2025-07-09,F03,0,1
Q004642,A00926,S3,2025-07-08,F01,0,1
Q004643,A00927,S3,2025-07-09,F03,0,1
Q004644,A00927,S3,2025-07-09,F02,0,1
Q004645,A00927,S4,2025-07-10,F02,0,1
Q004646,A00927,S4,2025-07-10,F01,1,0
Q004647,A00927,S4,2025-07-10,F01,1,0
Q004648,A00927,S4,2025-07-10,F01,0,1
Q004649,A00927,S5,2025-07-11,F01,1,0
Q004650,A00928,S3,2025-07-09,F02,0,1
Q004651,A00928,S3,2025-07-09,F01,0,1
Q004652,A00928,S3,2025-07-09,F06,0,1
Q004653,A00928,S4,2025-07-10,F04,0,1
Q004654,A00928,S4,2025-07-10,F02,0,1
Q004655,A00928,S4,2025-07-10,F03,0,1
Q004656,A00928,S4,2025-07-10,F04,1,0
Q004657,A00928,S4,2025-07-10,F01,0,1
Q004658,A00928,S5,2025-07-10,F03,0,1
Q004659,A00928,S5,2025-07-10,F03,0,1
Q004660,A00929,S3,2025-07-09,F05,0,1
Q004661,A00929,S3,2025-07-09,F05,0,1
Q004662,A00929,S5,2025-07-09,F01,1,0
Q004663,A00929,S5,2025-07-09,F01,0,1
Q004664,A00930,S3,2025-07-09,F03,0,1
Q004665,A00932,S3,2025-07-10,F04,0,1
Q004666,A00932,S3,2025-07-10,F02,0,1
Q004667,A00932,S3,2025-07-10,F03,0,1
Q004668,A00932,S3,2025-07-10,F05,0,1
Q004669,A00932,S3,2025-07-10,F01,1,0
Q004670,A00932,S4,2025-07-10,F05,0,1
Q004671,A00932,S4,2025-07-10,F05,0,1
Q004672,A00932,S5,2025-07-11,F04,0,1
Q004673,A00933,S3,2025-07-09,F04,0,1
Q004674,A00934,S3,2025-07-10,F05,1,0
Q004675,A00934,S3,2025-07-10,F01,0,1
Q004676,A00934,S3,2025-07-10,F04,0,1
Q004677,A00934,S4,2025-07-11,F03,0,1
Q004678,A00934,S4,2025-07-11,F03,0,1
Q004679,A00934,S4,2025-07-11,F04,1,0
Q004680,A00934,S4,2025-07-11,F01,0,1
Q004681,A00935,S3,2025-07-11,F02,0,1
Q004682,A00935,S4,2025-07-11,F04,1,0
Q004683,A00935,S4,2025-07-11,F01,0,1
Q004684,A00935,S4,2025-07-11,F01,0,1
Q004685,A00935,S4,2025-07-11,F01,0,1
Q004686,A00935,S5,2025-07-11,F02,0,1
Q004687,A00935,S5,2025-07-11,F01,1,0
Q004688,A00936,S3,2025-07-11,F04,0,1
Q004689,A00936,S3,2025-07-11,F02,0,1
Q004690,A00936,S4,2025-07-11,F02,1,0
Q004691,A00936,S4,2025-07-11,F04,1,0
Q004692,A00936,S4,2025-07-11,F01,1,0
Q004693,A00937,S3,2025-07-11,F01,0,1
Q004694,A00937,S4,2025-07-12,F01,1,0
Q004695,A00937,S4,2025-07-12,F02,0,1
Q004696,A00937,S5,2025-07-12,F01,1,0
Q004697,A00938,S4,2025-07-11,F05,0,1
Q004698,A00938,S4,2025-07-11,F05,1,0
Q004699,A00938,S5,2025-07-11,F03,0,1
Q004700,A00939,S3,2025-07-11,F02,0,1
Q004701,A00939,S3,2025-07-11,F01,1,0
Q004702,A00939,S4,2025-07-12,F01,1,0
Q004703,A00939,S4,2025-07-12,F01,0,1
Q004704,A00939,S5,2025-07-12,F03,0,1
Q004705,A00940,S4,2025-07-12,F02,0,1
Q004706,A00940,S4,2025-07-12,F02,1,0
Q004707,A00941,S3,2025-07-11,F03,0,1
Q004708,A00941,S3,2025-07-11,F03,1,0
Q004709,A00941,S4,2025-07-11,F05,0,1
Q004710,A00943,S3,2025-07-13,F01,1,0
Q004711,A00943,S4,2025-07-14,F06,0,1
Q004712,A00943,S4,2025-07-14,F03,0,1
Q004713,A00943,S4,2025-07-14,F01,0,1
Q004714,A00943,S4,2025-07-14,F04,1,0
Q004715,A00943,S4,2025-07-14,F02,0,1
Q004716,A00943,S4,2025-07-14,F04,0,1
Q004717,A00943,S5,2025-07-14,F03,0,1
Q004718,A00943,S5,2025-07-14,F04,1,0
Q004719,A00943,S5,2025-07-14,F03,0,1
Q004720,A00944,S3,2025-07-13,F04,0,1
Q004721,A00944,S4,2025-07-14,F03,0,1
Q004722,A00944,S4,2025-07-14,F02,0,1
Q004723,A00944,S4,2025-07-14,F03,0,1
Q004724,A00945,S3,2025-07-12,F01,0,1
Q004725,A00945,S3,2025-07-12,F05,0,1
Q004726,A00945,S4,2025-07-12,F01,0,1
Q004727,A00945,S4,2025-07-12,F02,1,0
Q004728,A00945,S4,2025-07-12,F01,0,1
Q004729,A00945,S5,2025-07-12,F04,0,1
Q004730,A00945,S5,2025-07-12,F03,0,1
Q004731,A00946,S3,2025-07-12,F02,0,1
Q004732,A00946,S3,2025-07-12,F06,0,1
Q004733,A00946,S4,2025-07-13,F05,0,1
Q004734,A00946,S4,2025-07-13,F01,0,1
Q004735,A00946,S4,2025-07-13,F04,0,1
Q004736,A00946,S4,2025-07-13,F02,1,0
Q004737,A00946,S5,2025-07-13,F02,0,1
Q004738,A00947,S3,2025-07-13,F02,0,1
Q004739,A00947,S3,2025-07-13,F01,0,1
Q004740,A00947,S4,2025-07-13,F02,0,1
Q004741,A00947,S4,2025-07-13,F01,0,1
Q004742,A00947,S4,2025-07-13,F04,0,1
Q004743,A00947,S4,2025-07-13,F05,0,1
Q004744,A00947,S5,2025-07-13,F01,0,1
Q004745,A00948,S3,2025-07-13,F01,1,0
Q004746,A00948,S4,2025-07-15,F01,0,1
Q004747,A00948,S5,2025-07-15,F02,0,1
Q004748,A00948,S5,2025-07-15,F03,0,1
Q004749,A00949,S4,2025-07-13,F05,0,1
Q004750,A00949,S4,2025-07-13,F03,0,1
Q004751,A00950,S3,2025-07-13,F06,0,1
Q004752,A00951,S3,2025-07-13,F06,1,0
Q004753,A00951,S3,2025-07-13,F02,0,1
Q004754,A00951,S4,2025-07-13,F01,1,0
Q004755,A00951,S4,2025-07-13,F03,0,1
Q004756,A00952,S3,2025-07-14,F04,0,1
Q004757,A00952,S4,2025-07-14,F03,0,1
Q004758,A00952,S4,2025-07-14,F01,1,0
Q004759,A00952,S4,2025-07-14,F04,1,0
Q004760,A00953,S4,2025-07-15,F04,1,0
Q004761,A00953,S4,2025-07-15,F02,0,1
Q004762,A00953,S4,2025-07-15,F01,1,0
Q004763,A00954,S3,2025-07-14,F06,1,0
Q004764,A00954,S3,2025-07-14,F02,0,1
Q004765,A00954,S4,2025-07-15,F01,1,0
Q004766,A00954,S4,2025-07-15,F03,0,1
Q004767,A00955,S3,2025-07-14,F02,0,1
Q004768,A00955,S3,2025-07-14,F02,1,0
Q004769,A00955,S4,2025-07-14,F05,1,0
Q004770,A00956,S4,2025-07-15,F06,0,1
Q004771,A00956,S4,2025-07-15,F01,1,0
Q004772,A00956,S4,2025-07-15,F01,1,0
Q004773,A00956,S5,2025-07-15,F03,0,1
Q004774,A00957,S3,2025-07-14,F01,0,1
Q004775,A00958,S3,2025-07-14,F01,0,1
Q004776,A00958,S4,2025-07-15,F02,0,1
Q004777,A00958,S4,2025-07-15,F01,0,1
Q004778,A00958,S4,2025-07-15,F01,1,0
Q004779,A00958,S4,2025-07-15,F02,0,1
Q004780,A00958,S4,2025-07-15,F04,0,1
Q004781,A00958,S4,2025-07-15,F02,0,1
Q004782,A00958,S4,2025-07-15,F05,0,1
Q004783,A00958,S5,2025-07-15,F05,0,1
Q004784,A00959,S3,2025-07-14,F02,0,1
Q004785,A00959,S3,2025-07-14,F05,0,1
Q004786,A00959,S3,2025-07-14,F01,0,1
Q004787,A00959,S4,2025-07-14,F01,0,1
Q004788,A00959,S5,2025-07-15,F05,1,0
Q004789,A00960,S4,2025-07-15,F03,0,1
Q004790,A00960,S4,2025-07-15,F01,1,0
Q004791,A00960,S5,2025-07-15,F01,0,1
Q004792,A00960,S5,2025-07-15,F06,1,0
Q004793,A00961,S3,2025-07-15,F04,0,1
Q004794,A00961,S4,2025-07-15,F01,0,1
Q004795,A00961,S4,2025-07-15,F01,0,1
Q004796,A00961,S4,2025-07-15,F01,0,1
Q004797,A00963,S4,2025-07-15,F03,0,1
Q004798,A00963,S4,2025-07-15,F03,0,1
Q004799,A00963,S4,2025-07-15,F01,0,1
Q004800,A00963,S5,2025-07-15,F03,1,0
Q004801,A00964,S4,2025-07-16,F03,0,1
Q004802,A00965,S3,2025-07-14,F03,0,1
Q004803,A00965,S3,2025-07-14,F04,1,0
Q004804,A00965,S4,2025-07-15,F05,0,1
Q004805,A00965,S5,2025-07-15,F04,1,0
Q004806,A00966,S3,2025-07-15,F03,0,1
Q004807,A00966,S3,2025-07-15,F03,0,1
Q004808,A00966,S4,2025-07-16,F02,0,1
Q004809,A00966,S4,2025-07-16,F01,0,1
Q004810,A00966,S4,2025-07-16,F04,0,1
Q004811,A00966,S4,2025-07-16,F05,0,1
Q004812,A00966,S4,2025-07-16,F02,0,1
Q004813,A00966,S5,2025-07-16,F06,0,1
Q004814,A00966,S5,2025-07-16,F03,0,1
Q004815,A00967,S3,2025-07-15,F02,0,1
Q004816,A00967,S3,2025-07-15,F01,0,1
Q004817,A00967,S4,2025-07-15,F01,0,1
Q004818,A00967,S4,2025-07-15,F02,0,1
Q004819,A00967,S4,2025-07-15,F03,0,1
Q004820,A00968,S3,2025-07-15,F01,0,1
Q004821,A00968,S5,2025-07-16,F01,1,0
Q004822,A00968,S5,2025-07-16,F05,0,1
Q004823,A00968,S5,2025-07-16,F02,0,1
Q004824,A00971,S3,2025-07-16,F02,0,1
Q004825,A00971,S3,2025-07-16,F01,0,1
Q004826,A00971,S3,2025-07-16,F01,0,1
Q004827,A00971,S3,2025-07-16,F06,0,1
Q004828,A00971,S4,2025-07-17,F04,1,0
Q004829,A00971,S4,2025-07-17,F02,0,1
Q004830,A00971,S4,2025-07-17,F06,0,1
Q004831,A00971,S4,2025-07-17,F03,0,1
Q004832,A00971,S5,2025-07-17,F05,0,1
Q004833,A00971,S5,2025-07-17,F01,0,1
Q004834,A00972,S3,2025-07-16,F01,0,1
Q004835,A00972,S3,2025-07-16,F05,0,1
Q004836,A00972,S3,2025-07-16,F05,0,1
Q004837,A00972,S4,2025-07-16,F06,0,1
Q004838,A00972,S4,2025-07-16,F01,0,1
Q004839,A00972,S5,2025-07-17,F05,0,1
Q004840,A00973,S3,2025-07-16,F04,0,1
Q004841,A00973,S3,2025-07-16,F02,0,1
Q004842,A00973,S3,2025-07-16,F01,1,0
Q004843,A00973,S3,2025-07-16,F05,0,1
Q004844,A00973,S4,2025-07-17,F02,0,1
Q004845,A00973,S4,2025-07-17,F02,0,1
Q004846,A00974,S3,2025-07-16,F02,1,0
Q004847,A00974,S3,2025-07-16,F03,0,1
Q004848,A00974,S4,2025-07-16,F04,0,1
Q004849,A00974,S4,2025-07-16,F04,0,1
Q004850,A00974,S4,2025-07-16,F02,0,1
Q004851,A00974,S4,2025-07-16,F02,0,1
Q004852,A00976,S3,2025-07-17,F02,0,1
Q004853,A00976,S3,2025-07-17,F02,0,1
Q004854,A00976,S4,2025-07-17,F03,1,0
Q004855,A00976,S5,2025-07-18,F03,0,1
Q004856,A00977,S3,2025-07-17,F01,0,1
Q004857,A00977,S3,2025-07-17,F02,0,1
Q004858,A00977,S3,2025-07-17,F01,0,1
Q004859,A00977,S3,2025-07-17,F02,0,1
Q004860,A00977,S4,2025-07-18,F02,0,1
Q004861,A00977,S4,2025-07-18,F04,1,0
Q004862,A00977,S4,2025-07-18,F01,1,0
Q004863,A00977,S5,2025-07-18,F03,0,1
Q004864,A00978,S3,2025-07-17,F01,0,1
Q004865,A00978,S3,2025-07-17,F02,0,1
Q004866,A00978,S4,2025-07-17,F03,0,1
Q004867,A00978,S4,2025-07-17,F01,0,1
Q004868,A00978,S4,2025-07-17,F05,0,1
Q004869,A00978,S4,2025-07-17,F04,1,0
Q004870,A00978,S5,2025-07-17,F02,0,1
Q004871,A00978,S5,2025-07-17,F03,0,1
Q004872,A00979,S4,2025-07-18,F03,1,0
Q004873,A00979,S4,2025-07-18,F04,0,1
Q004874,A00980,S3,2025-07-17,F06,0,1
Q004875,A00980,S3,2025-07-17,F05,0,1
Q004876,A00980,S3,2025-07-17,F04,1,0
Q004877,A00980,S3,2025-07-17,F04,1,0
Q004878,A00980,S3,2025-07-17,F04,1,0
Q004879,A00980,S4,2025-07-18,F05,0,1
Q004880,A00980,S4,2025-07-18,F02,1,0
Q004881,A00980,S4,2025-07-18,F01,0,1
Q004882,A00980,S4,2025-07-18,F04,0,1
Q004883,A00980,S5,2025-07-19,F03,0,1
Q004884,A00980,S5,2025-07-19,F02,1,0
Q004885,A00981,S3,2025-07-17,F05,0,1
Q004886,A00981,S3,2025-07-17,F03,0,1
Q004887,A00981,S4,2025-07-18,F03,0,1
Q004888,A00981,S4,2025-07-18,F03,0,1
Q004889,A00982,S3,2025-07-17,F02,0,1
Q004890,A00982,S4,2025-07-18,F03,0,1
Q004891,A00982,S4,2025-07-18,F05,0,1
Q004892,A00982,S4,2025-07-18,F02,0,1
Q004893,A00983,S3,2025-07-19,F01,0,1
Q004894,A00983,S3,2025-07-19,F04,0,1
Q004895,A00984,S3,2025-07-18,F02,1,0
Q004896,A00984,S3,2025-07-18,F04,0,1
Q004897,A00984,S3,2025-07-18,F03,0,1
Q004898,A00984,S4,2025-07-18,F01,0,1
Q004899,A00984,S5,2025-07-19,F04,0,1
Q004900,A00984,S5,2025-07-19,F03,0,1
Q004901,A00984,S5,2025-07-19,F03,0,1
Q004902,A00984,S5,2025-07-19,F03,0,1
Q004903,A00986,S3,2025-07-19,F04,1,0
Q004904,A00986,S3,2025-07-19,F04,1,0
Q004905,A00986,S4,2025-07-19,F02,0,1
Q004906,A00986,S4,2025-07-19,F05,1,0
Q004907,A00986,S5,2025-07-19,F03,0,1
Q004908,A00987,S3,2025-07-19,F02,1,0
Q004909,A00987,S3,2025-07-19,F03,0,1
Q004910,A00987,S3,2025-07-19,F04,0,1
Q004911,A00987,S3,2025-07-19,F04,0,1
Q004912,A00987,S4,2025-07-20,F05,0,1
Q004913,A00987,S4,2025-07-20,F03,0,1
Q004914,A00988,S3,2025-07-19,F01,0,1
Q004915,A00988,S3,2025-07-19,F03,0,1
Q004916,A00988,S3,2025-07-19,F04,0,1
Q004917,A00988,S3,2025-07-19,F01,1,0
Q004918,A00988,S3,2025-07-19,F03,0,1
Q004919,A00988,S4,2025-07-19,F03,0,1
Q004920,A00988,S4,2025-07-19,F05,0,1
Q004921,A00988,S4,2025-07-19,F01,0,1
Q004922,A00988,S4,2025-07-19,F03,0,1
Q004923,A00988,S5,2025-07-19,F04,0,1
Q004924,A00989,S5,2025-07-21,F06,0,1
Q004925,A00990,S4,2025-07-20,F03,0,1
Q004926,A00990,S4,2025-07-20,F01,1,0
Q004927,A00990,S4,2025-07-20,F03,0,1
Q004928,A00990,S5,2025-07-20,F06,0,1
Q004929,A00991,S3,2025-07-20,F03,0,1
Q004930,A00991,S3,2025-07-20,F01,0,1
Q004931,A00991,S5,2025-07-20,F05,1,0
Q004932,A00991,S5,2025-07-20,F01,0,1
Q004933,A00991,S5,2025-07-20,F03,0,1
Q004934,A00992,S3,2025-07-20,F05,0,1
Q004935,A00992,S3,2025-07-20,F03,0,1
Q004936,A00992,S4,2025-07-21,F03,0,1
Q004937,A00992,S4,2025-07-21,F06,0,1
Q004938,A00992,S4,2025-07-21,F04,1,0
Q004939,A00992,S4,2025-07-21,F05,0,1
Q004940,A00992,S4,2025-07-21,F03,0,1
Q004941,A00992,S4,2025-07-21,F03,0,1
Q004942,A00992,S5,2025-07-21,F03,0,1
Q004943,A00993,S3,2025-07-20,F05,1,0
Q004944,A00993,S4,2025-07-20,F03,0,1
Q004945,A00993,S4,2025-07-20,F01,1,0
Q004946,A00993,S4,2025-07-20,F03,0,1
Q004947,A00993,S4,2025-07-20,F04,0,1
Q004948,A00993,S4,2025-07-20,F03,0,1
Q004949,A00994,S3,2025-07-21,F04,0,1
Q004950,A00994,S4,2025-07-22,F03,0,1
Q004951,A00994,S4,2025-07-22,F02,1,0
Q004952,A00994,S4,2025-07-22,F01,0,1
Q004953,A00995,S3,2025-07-21,F05,0,1
Q004954,A00995,S3,2025-07-21,F03,0,1
Q004955,A00995,S3,2025-07-21,F01,1,0
Q004956,A00995,S4,2025-07-22,F01,0,1
Q004957,A00995,S4,2025-07-22,F04,0,1
Q004958,A00995,S4,2025-07-22,F05,1,0
Q004959,A00995,S5,2025-07-22,F01,0,1
Q004960,A00997,S5,2025-07-21,F01,1,0
Q004961,A00998,S4,2025-07-21,F04,0,1
Q004962,A00998,S5,2025-07-21,F02,0,1
Q004963,A00999,S3,2025-07-21,F05,0,1
Q004964,A00999,S3,2025-07-21,F03,1,0
Q004965,A00999,S3,2025-07-21,F03,0,1
Q004966,A00999,S4,2025-07-21,F04,1,0
Q004967,A00999,S4,2025-07-21,F02,0,1
Q004968,A00999,S4,2025-07-21,F01,1,0
Q004969,A00999,S4,2025-07-21,F02,0,1
Q004970,A00999,S4,2025-07-21,F03,1,0
Q004971,A00999,S5,2025-07-21,F04,0,1
Q004972,A00999,S5,2025-07-21,F01,1,0
Q004973,A01000,S3,2025-07-22,F02,1,0
Q004974,A01000,S4,2025-07-23,F05,1,0
Q004975,A01000,S4,2025-07-23,F03,0,1
Q004976,A01000,S4,2025-07-23,F02,0,1
Q004977,A01000,S4,2025-07-23,F02,0,1
Q004978,A01000,S4,2025-07-23,F01,0,1
Q004979,A01000,S5,2025-07-23,F01,0,1
Q004980,A01001,S3,2025-07-22,F02,1,0
Q004981,A01001,S4,2025-07-22,F03,0,1
Q004982,A01001,S4,2025-07-22,F02,0,1
Q004983,A01001,S4,2025-07-22,F05,0,1
Q004984,A01001,S4,2025-07-22,F02,0,1
Q004985,A01001,S5,2025-07-22,F03,0,1
Q004986,A01001,S5,2025-07-22,F02,1,0
Q004987,A01002,S3,2025-07-23,F03,0,1
Q004988,A01002,S3,2025-07-23,F01,0,1
Q004989,A01002,S4,2025-07-23,F02,0,1
Q004990,A01002,S4,2025-07-23,F03,1,0
Q004991,A01002,S4,2025-07-23,F02,0,1
Q004992,A01002,S5,2025-07-23,F06,0,1
Q004993,A01002,S5,2025-07-23,F01,0,1
Q004994,A01003,S3,2025-07-23,F03,0,1
Q004995,A01003,S3,2025-07-23,F04,1,0
Q004996,A01003,S3,2025-07-23,F05,0,1
Q004997,A01003,S4,2025-07-24,F01,1,0
Q004998,A01003,S4,2025-07-24,F04,1,0
Q004999,A01003,S5,2025-07-24,F02,0,1
Q005000,A01004,S3,2025-07-23,F01,1,0
Q005001,A01004,S3,2025-07-23,F02,0,1
Q005002,A01004,S3,2025-07-23,F02,0,1
Q005003,A01004,S4,2025-07-23,F01,0,1
Q005004,A01004,S4,2025-07-23,F02,0,1
Q005005,A01004,S4,2025-07-23,F03,0,1
Q005006,A01004,S4,2025-07-23,F02,1,0
Q005007,A01005,S3,2025-07-23,F06,1,0
Q005008,A01005,S3,2025-07-23,F06,0,1
Q005009,A01005,S3,2025-07-23,F04,0,1
Q005010,A01005,S4,2025-07-23,F03,0,1
Q005011,A01005,S4,2025-07-23,F03,0,1
Q005012,A01005,S4,2025-07-23,F02,0,1
Q005013,A01005,S4,2025-07-23,F01,0,1
Q005014,A01005,S4,2025-07-23,F02,0,1
Q005015,A01005,S4,2025-07-23,F01,0,1
Q005016,A01005,S5,2025-07-23,F01,0,1
Q005017,A01005,S5,2025-07-23,F01,1,0
Q005018,A01006,S3,2025-07-23,F02,0,1
Q005019,A01006,S4,2025-07-25,F02,0,1
Q005020,A01006,S4,2025-07-25,F05,1,0
Q005021,A01006,S5,2025-07-25,F01,0,1
Q005022,A01006,S5,2025-07-25,F04,0,1
Q005023,A01007,S4,2025-07-23,F01,0,1
Q005024,A01008,S4,2025-07-24,F01,1,0
Q005025,A01008,S4,2025-07-24,F01,0,1
Q005026,A01008,S4,2025-07-24,F01,0,1
Q005027,A01009,S3,2025-07-23,F01,0,1
Q005028,A01009,S3,2025-07-23,F02,0,1
Q005029,A01009,S4,2025-07-23,F01,1,0
Q005030,A01009,S4,2025-07-23,F02,0,1
Q005031,A01009,S4,2025-07-23,F05,0,1
Q005032,A01009,S5,2025-07-23,F01,1,0
Q005033,A01010,S3,2025-07-23,F04,1,0
Q005034,A01010,S3,2025-07-23,F06,1,0
Q005035,A01010,S4,2025-07-23,F01,1,0
Q005036,A01010,S4,2025-07-23,F05,0,1
Q005037,A01010,S4,2025-07-23,F03,0,1
Q005038,A01010,S4,2025-07-23,F01,0,1
Q005039,A01010,S5,2025-07-23,F01,1,0
Q005040,A01011,S3,2025-07-24,F02,0,1
Q005041,A01011,S4,2025-07-25,F02,0,1
Q005042,A01011,S4,2025-07-25,F04,0,1
Q005043,A01011,S4,2025-07-25,F06,0,1
Q005044,A01011,S4,2025-07-25,F05,0,1
Q005045,A01011,S5,2025-07-25,F03,0,1
Q005046,A01012,S3,2025-07-24,F02,0,1
Q005047,A01012,S3,2025-07-24,F01,0,1
Q005048,A01012,S3,2025-07-24,F01,0,1
Q005049,A01012,S4,2025-07-25,F01,0,1
Q005050,A01012,S4,2025-07-25,F03,0,1
Q005051,A01012,S4,2025-07-25,F05,0,1
Q005052,A01012,S4,2025-07-25,F06,0,1
Q005053,A01012,S4,2025-07-25,F02,0,1
Q005054,A01012,S4,2025-07-25,F04,1,0
Q005055,A01012,S4,2025-07-25,F04,1,0
Q005056,A01012,S4,2025-07-25,F01,0,1
Q005057,A01012,S5,2025-07-25,F02,0,1
Q005058,A01012,S5,2025-07-25,F02,1,0
Q005059,A01013,S3,2025-07-26,F06,0,1
Q005060,A01013,S3,2025-07-26,F01,0,1
Q005061,A01013,S4,2025-07-27,F02,0,1
Q005062,A01013,S4,2025-07-27,F05,0,1
Q005063,A01013,S4,2025-07-27,F01,0,1
Q005064,A01013,S4,2025-07-27,F02,1,0
Q005065,A01013,S5,2025-07-27,F03,0,1
Q005066,A01013,S5,2025-07-27,F02,0,1
Q005067,A01014,S4,2025-07-25,F03,0,1
Q005068,A01014,S4,2025-07-25,F03,0,1
Q005069,A01014,S4,2025-07-25,F05,0,1
Q005070,A01016,S3,2025-07-26,F01,0,1
Q005071,A01016,S4,2025-07-27,F01,1,0
Q005072,A01016,S4,2025-07-27,F01,0,1
Q005073,A01016,S5,2025-07-27,F02,1,0
Q005074,A01017,S3,2025-07-25,F02,0,1
Q005075,A01018,S3,2025-07-26,F03,0,1
Q005076,A01018,S3,2025-07-26,F01,0,1
Q005077,A01018,S4,2025-07-27,F06,0,1
Q005078,A01018,S4,2025-07-27,F05,0,1
Q005079,A01018,S5,2025-07-27,F02,0,1
Q005080,A01019,S3,2025-07-26,F03,1,0
Q005081,A01019,S4,2025-07-26,F03,0,1
Q005082,A01019,S4,2025-07-26,F04,0,1
Q005083,A01019,S5,2025-07-26,F02,0,1
Q005084,A01020,S4,2025-07-27,F05,0,1
Q005085,A01020,S4,2025-07-27,F05,0,1
Q005086,A01021,S4,2025-07-27,F06,0,1
Q005087,A01021,S4,2025-07-27,F05,0,1
Q005088,A01021,S4,2025-07-27,F02,0,1
Q005089,A01021,S4,2025-07-27,F02,0,1
Q005090,A01022,S3,2025-07-27,F06,1,0
Q005091,A01022,S4,2025-07-28,F05,0,1
Q005092,A01022,S4,2025-07-28,F06,0,1
Q005093,A01022,S4,2025-07-28,F01,0,1
Q005094,A01022,S5,2025-07-29,F03,0,1
Q005095,A01023,S4,2025-07-28,F02,0,1
Q005096,A01023,S4,2025-07-28,F02,0,1
Q005097,A01023,S5,2025-07-28,F03,0,1
Q005098,A01024,S3,2025-07-26,F05,0,1
Q005099,A01024,S3,2025-07-26,F05,0,1
Q005100,A01024,S4,2025-07-27,F01,0,1
Q005101,A01024,S4,2025-07-27,F05,0,1
Q005102,A01024,S4,2025-07-27,F03,0,1
Q005103,A01025,S3,2025-07-27,F01,1,0
Q005104,A01025,S3,2025-07-27,F01,0,1
Q005105,A01025,S3,2025-07-27,F02,0,1
Q005106,A01025,S4,2025-07-28,F01,1,0
Q005107,A01025,S4,2025-07-28,F01,0,1
Q005108,A01026,S4,2025-07-28,F03,0,1
Q005109,A01027,S3,2025-07-28,F01,0,1
Q005110,A01027,S3,2025-07-28,F05,1,0
Q005111,A01027,S4,2025-07-28,F01,1,0
Q005112,A01027,S4,2025-07-28,F01,1,0
Q005113,A01027,S5,2025-07-29,F01,0,1
Q005114,A01028,S3,2025-07-28,F02,0,1
Q005115,A01028,S3,2025-07-28,F02,0,1
Q005116,A01028,S4,2025-07-29,F02,1,0
Q005117,A01028,S4,2025-07-29,F03,0,1
Q005118,A01028,S4,2025-07-29,F03,0,1
Q005119,A01028,S4,2025-07-29,F03,0,1
Q005120,A01028,S4,2025-07-29,F02,1,0
Q005121,A01028,S4,2025-07-29,F02,0,1
Q005122,A01028,S4,2025-07-29,F04,0,1
Q005123,A01028,S4,2025-07-29,F02,0,1
Q005124,A01028,S4,2025-07-29,F01,0,1
Q005125,A01028,S4,2025-07-29,F01,0,1
Q005126,A01028,S5,2025-07-29,F03,0,1
Q005127,A01028,S5,2025-07-29,F03,0,1
Q005128,A01028,S5,2025-07-29,F05,0,1
Q005129,A01029,S3,2025-07-27,F04,1,0
Q005130,A01029,S4,2025-07-28,F01,1,0
Q005131,A01029,S5,2025-07-28,F03,0,1
Q005132,A01030,S3,2025-07-28,F01,0,1
Q005133,A01030,S3,2025-07-28,F04,1,0
Q005134,A01030,S4,2025-07-30,F05,0,1
Q005135,A01030,S4,2025-07-30,F02,0,1
Q005136,A01030,S4,2025-07-30,F02,0,1
Q005137,A01030,S5,2025-07-30,F01,0,1
Q005138,A01030,S5,2025-07-30,F04,1,0
Q005139,A01030,S5,2025-07-30,F05,0,1
Q005140,A01031,S4,2025-07-28,F03,0,1
Q005141,A01031,S4,2025-07-28,F03,0,1
Q005142,A01031,S4,2025-07-28,F04,1,0
Q005143,A01031,S4,2025-07-28,F03,0,1
Q005144,A01031,S5,2025-07-28,F02,0,1
Q005145,A01032,S4,2025-07-28,F02,0,1
Q005146,A01032,S4,2025-07-28,F05,0,1
Q005147,A01032,S4,2025-07-28,F01,0,1
Q005148,A01032,S4,2025-07-28,F02,0,1
Q005149,A01032,S5,2025-07-28,F04,0,1
Q005150,A01032,S5,2025-07-28,F01,0,1
Q005151,A01032,S5,2025-07-28,F01,1,0
Q005152,A01033,S3,2025-07-29,F03,1,0
Q005153,A01033,S3,2025-07-29,F02,0,1
Q005154,A01033,S3,2025-07-29,F01,0,1
Q005155,A01033,S3,2025-07-29,F01,1,0
Q005156,A01033,S3,2025-07-29,F01,0,1
Q005157,A01033,S4,2025-08-01,F02,0,1
Q005158,A01033,S4,2025-08-01,F03,0,1
Q005159,A01033,S4,2025-08-01,F05,0,1
Q005160,A01033,S5,2025-08-01,F01,1,0
Q005161,A01033,S5,2025-08-01,F01,0,1
Q005162,A01033,S5,2025-08-01,F02,0,1
Q005163,A01034,S4,2025-07-29,F02,1,0
Q005164,A01034,S5,2025-07-29,F05,0,1
Q005165,A01035,S4,2025-07-29,F01,0,1
Q005166,A01036,S3,2025-07-30,F05,0,1
Q005167,A01036,S3,2025-07-30,F02,0,1
Q005168,A01036,S3,2025-07-30,F03,0,1
Q005169,A01036,S4,2025-07-30,F01,0,1
Q005170,A01036,S5,2025-07-30,F03,0,1
Q005171,A01037,S3,2025-07-30,F01,0,1
Q005172,A01037,S4,2025-07-31,F01,1,0
Q005173,A01037,S4,2025-07-31,F05,0,1
Q005174,A01037,S4,2025-07-31,F05,0,1
Q005175,A01037,S4,2025-07-31,F01,0,1
Q005176,A01037,S5,2025-08-01,F03,0,1
Q005177,A01038,S3,2025-07-29,F03,0,1
Q005178,A01038,S3,2025-07-29,F02,0,1
Q005179,A01038,S4,2025-07-30,F03,0,1
Q005180,A01039,S4,2025-07-30,F02,0,1
Q005181,A01039,S4,2025-07-30,F01,0,1
Q005182,A01039,S4,2025-07-30,F04,1,0
Q005183,A01039,S4,2025-07-30,F03,0,1
Q005184,A01039,S4,2025-07-30,F01,0,1
Q005185,A01039,S4,2025-07-30,F03,0,1
Q005186,A01039,S4,2025-07-30,F03,0,1
Q005187,A01039,S5,2025-07-30,F02,0,1
Q005188,A01040,S3,2025-07-29,F05,0,1
Q005189,A01040,S4,2025-07-29,F03,0,1
Q005190,A01040,S4,2025-07-29,F04,0,1
Q005191,A01041,S3,2025-07-30,F04,0,1
Q005192,A01041,S4,2025-07-31,F05,0,1
Q005193,A01041,S4,2025-07-31,F01,0,1
Q005194,A01041,S4,2025-07-31,F03,0,1
Q005195,A01041,S4,2025-07-31,F03,0,1
Q005196,A01041,S4,2025-07-31,F01,0,1
Q005197,A01041,S4,2025-07-31,F02,0,1
Q005198,A01041,S4,2025-07-31,F04,0,1
Q005199,A01041,S4,2025-07-31,F01,0,1
Q005200,A01041,S5,2025-08-01,F03,0,1
Q005201,A01041,S5,2025-08-01,F05,0,1
Q005202,A01042,S3,2025-07-31,F03,0,1
Q005203,A01042,S3,2025-07-31,F04,0,1
Q005204,A01042,S4,2025-07-31,F02,0,1
Q005205,A01042,S5,2025-07-31,F04,0,1
Q005206,A01043,S4,2025-08-02,F01,1,0
Q005207,A01043,S4,2025-08-02,F04,0,1
Q005208,A01043,S4,2025-08-02,F02,0,1
Q005209,A01043,S4,2025-08-02,F03,1,0
Q005210,A01043,S4,2025-08-02,F03,1,0
Q005211,A01043,S5,2025-08-02,F04,1,0
Q005212,A01043,S5,2025-08-02,F01,1,0
Q005213,A01043,S5,2025-08-02,F06,0,1
Q005214,A01044,S3,2025-07-31,F02,0,1
Q005215,A01044,S3,2025-07-31,F03,0,1
Q005216,A01044,S4,2025-07-31,F02,0,1
Q005217,A01045,S3,2025-07-31,F03,0,1
Q005218,A01045,S4,2025-07-31,F03,0,1
Q005219,A01045,S5,2025-07-31,F05,0,1
Q005220,A01046,S3,2025-07-31,F01,0,1
Q005221,A01046,S3,2025-07-31,F01,0,1
Q005222,A01046,S4,2025-07-31,F02,0,1
Q005223,A01046,S4,2025-07-31,F01,0,1
Q005224,A01046,S4,2025-07-31,F05,0,1
Q005225,A01046,S4,2025-07-31,F05,0,1
Q005226,A01046,S4,2025-07-31,F03,1,0
Q005227,A01046,S4,2025-07-31,F03,0,1
Q005228,A01046,S4,2025-07-31,F03,0,1
Q005229,A01046,S4,2025-07-31,F01,1,0
Q005230,A01046,S5,2025-07-31,F03,0,1
Q005231,A01046,S5,2025-07-31,F04,0,1
Q005232,A01046,S5,2025-07-31,F03,0,1
Q005233,A01048,S3,2025-08-01,F04,0,1
Q005234,A01048,S4,2025-08-01,F05,0,1
Q005235,A01048,S4,2025-08-01,F04,1,0
Q005236,A01048,S4,2025-08-01,F01,0,1
Q005237,A01048,S4,2025-08-01,F02,0,1
Q005238,A01048,S5,2025-08-01,F04,1,0
Q005239,A01048,S5,2025-08-01,F04,0,1
Q005240,A01048,S5,2025-08-01,F05,0,1
Q005241,A01049,S4,2025-08-01,F03,0,1
Q005242,A01049,S4,2025-08-01,F04,0,1
Q005243,A01049,S5,2025-08-01,F05,0,1
Q005244,A01050,S3,2025-08-01,F01,0,1
Q005245,A01050,S4,2025-08-03,F03,1,0
Q005246,A01050,S4,2025-08-03,F04,1,0
Q005247,A01051,S4,2025-08-02,F01,0,1
Q005248,A01052,S3,2025-08-01,F01,1,0
Q005249,A01052,S3,2025-08-01,F04,0,1
Q005250,A01052,S3,2025-08-01,F01,1,0
Q005251,A01052,S4,2025-08-01,F01,0,1
Q005252,A01052,S4,2025-08-01,F05,0,1
Q005253,A01052,S4,2025-08-01,F04,0,1
Q005254,A01052,S4,2025-08-01,F03,0,1
Q005255,A01052,S4,2025-08-01,F01,0,1
Q005256,A01052,S5,2025-08-01,F02,0,1
Q005257,A01052,S5,2025-08-01,F02,0,1
Q005258,A01052,S5,2025-08-01,F03,0,1
Q005259,A01053,S4,2025-08-02,F02,0,1
Q005260,A01054,S3,2025-08-02,F02,0,1
Q005261,A01054,S4,2025-08-02,F03,0,1
Q005262,A01054,S4,2025-08-02,F01,0,1
Q005263,A01054,S4,2025-08-02,F02,1,0
Q005264,A01054,S4,2025-08-02,F03,1,0
Q005265,A01055,S4,2025-08-02,F01,0,1
Q005266,A01055,S4,2025-08-02,F02,0,1
Q005267,A01055,S5,2025-08-03,F04,0,1
Q005268,A01056,S3,2025-08-04,F04,0,1
Q005269,A01056,S4,2025-08-05,F03,0,1
Q005270,A01056,S4,2025-08-05,F04,1,0
Q005271,A01056,S4,2025-08-05,F04,0,1
Q005272,A01056,S4,2025-08-05,F01,1,0
Q005273,A01056,S4,2025-08-05,F01,1,0
Q005274,A01056,S4,2025-08-05,F02,0,1
Q005275,A01056,S4,2025-08-05,F01,1,0
Q005276,A01056,S4,2025-08-05,F04,1,0
Q005277,A01056,S5,2025-08-05,F01,0,1
Q005278,A01056,S5,2025-08-05,F04,1,0
Q005279,A01056,S5,2025-08-05,F02,0,1
Q005280,A01057,S4,2025-08-05,F03,0,1
Q005281,A01057,S4,2025-08-05,F01,0,1
Q005282,A01058,S4,2025-08-05,F02,1,0
Q005283,A01059,S4,2025-08-07,F03,0,1
Q005284,A01059,S4,2025-08-07,F01,0,1
Q005285,A01059,S4,2025-08-07,F01,1,0
Q005286,A01060,S3,2025-08-06,F01,0,1
Q005287,A01060,S4,2025-08-06,F02,0,1
Q005288,A01060,S4,2025-08-06,F01,1,0
Q005289,A01060,S4,2025-08-06,F01,1,0
Q005290,A01061,S4,2025-08-08,F05,0,1
Q005291,A01061,S5,2025-08-08,F01,1,0
Q005292,A01061,S5,2025-08-08,F03,0,1
Q005293,A01061,S5,2025-08-08,F01,0,1
Q005294,A01061,S5,2025-08-08,F06,0,1
Q005295,A01062,S3,2025-08-07,F01,0,1
Q005296,A01062,S3,2025-08-07,F01,0,1
Q005297,A01062,S3,2025-08-07,F01,0,1
Q005298,A01062,S3,2025-08-07,F01,0,1
Q005299,A01062,S4,2025-08-07,F02,0,1
Q005300,A01062,S4,2025-08-07,F06,0,1
Q005301,A01062,S4,2025-08-07,F06,1,0
Q005302,A01062,S4,2025-08-07,F02,0,1
Q005303,A01062,S5,2025-08-07,F01,0,1
Q005304,A01062,S5,2025-08-07,F02,0,1
Q005305,A01062,S5,2025-08-07,F03,0,1
Q005306,A01063,S4,2025-08-08,F03,0,1
Q005307,A01063,S5,2025-08-08,F03,0,1
Q005308,A01064,S4,2025-08-09,F02,0,1
Q005309,A01064,S4,2025-08-09,F05,0,1
Q005310,A01064,S5,2025-08-09,F01,0,1
Q005311,A01065,S3,2025-08-08,F02,0,1
Q005312,A01065,S3,2025-08-08,F05,0,1
Q005313,A01065,S4,2025-08-08,F02,0,1
Q005314,A01065,S4,2025-08-08,F01,0,1
Q005315,A01065,S4,2025-08-08,F02,0,1
Q005316,A01065,S4,2025-08-08,F02,0,1
Q005317,A01065,S5,2025-08-09,F04,0,1
Q005318,A01065,S5,2025-08-09,F06,0,1
Q005319,A01065,S5,2025-08-09,F03,0,1
Q005320,A01065,S5,2025-08-09,F04,0,1
Q005321,A01065,S5,2025-08-09,F03,0,1
Q005322,A01066,S4,2025-08-09,F04,1,0
Q005323,A01066,S4,2025-08-09,F04,0,1
Q005324,A01066,S5,2025-08-09,F01,1,0
Q005325,A01067,S4,2025-08-09,F03,0,1
Q005326,A01067,S4,2025-08-09,F03,0,1
Q005327,A01067,S4,2025-08-09,F03,0,1
Q005328,A01067,S5,2025-08-09,F04,1,0
Q005329,A01067,S5,2025-08-09,F06,0,1
Q005330,A01067,S5,2025-08-09,F06,0,1
Q005331,A01068,S4,2025-08-09,F02,0,1
Q005332,A01069,S3,2025-08-07,F02,0,1
Q005333,A01070,S4,2025-08-09,F02,0,1
Q005334,A01070,S4,2025-08-09,F03,0,1
Q005335,A01070,S4,2025-08-09,F01,0,1
Q005336,A01070,S5,2025-08-09,F01,0,1
Q005337,A01070,S5,2025-08-09,F03,0,1
Q005338,A01070,S5,2025-08-09,F03,0,1
Q005339,A01071,S3,2025-08-08,F02,0,1
Q005340,A01072,S3,2025-08-09,F03,0,1
Q005341,A01072,S3,2025-08-09,F03,0,1
Q005342,A01072,S4,2025-08-10,F03,0,1
Q005343,A01072,S4,2025-08-10,F02,0,1
Q005344,A01072,S5,2025-08-11,F02,0,1
Q005345,A01072,S5,2025-08-11,F06,1,0
Q005346,A01073,S3,2025-08-09,F05,0,1
Q005347,A01073,S4,2025-08-09,F01,0,1
Q005348,A01073,S4,2025-08-09,F04,0,1
Q005349,A01073,S4,2025-08-09,F05,0,1
Q005350,A01073,S5,2025-08-10,F01,0,1
Q005351,A01074,S3,2025-08-08,F01,0,1
Q005352,A01075,S4,2025-08-10,F06,1,0
Q005353,A01076,S3,2025-08-09,F03,0,1
Q005354,A01076,S4,2025-08-10,F03,0,1
Q005355,A01076,S4,2025-08-10,F01,0,1
Q005356,A01076,S4,2025-08-10,F04,0,1
Q005357,A01076,S4,2025-08-10,F04,0,1
Q005358,A01076,S4,2025-08-10,F05,0,1
Q005359,A01076,S4,2025-08-10,F04,1,0
Q005360,A01076,S4,2025-08-10,F03,0,1
Q005361,A01076,S5,2025-08-11,F01,0,1
Q005362,A01077,S4,2025-08-11,F01,0,1
Q005363,A01077,S4,2025-08-11,F02,1,0
Q005364,A01077,S5,2025-08-11,F02,0,1
Q005365,A01078,S3,2025-08-10,F05,0,1
Q005366,A01078,S3,2025-08-10,F02,0,1
Q005367,A01078,S3,2025-08-10,F02,0,1
Q005368,A01078,S4,2025-08-11,F05,1,0
Q005369,A01078,S5,2025-08-11,F01,1,0
Q005370,A01079,S4,2025-08-11,F03,0,1
Q005371,A01079,S4,2025-08-11,F03,0,1
Q005372,A01079,S5,2025-08-11,F01,0,1
Q005373,A01080,S3,2025-08-10,F04,1,0
Q005374,A01080,S3,2025-08-10,F02,0,1
Q005375,A01080,S4,2025-08-10,F03,0,1
Q005376,A01080,S4,2025-08-10,F05,0,1
Q005377,A01080,S5,2025-08-10,F04,0,1
Q005378,A01080,S5,2025-08-10,F04,1,0
Q005379,A01081,S3,2025-08-10,F03,0,1
Q005380,A01081,S3,2025-08-10,F02,0,1
Q005381,A01081,S3,2025-08-10,F03,0,1
Q005382,A01081,S3,2025-08-10,F02,0,1
Q005383,A01081,S3,2025-08-10,F03,0,1
Q005384,A01081,S4,2025-08-10,F03,0,1
Q005385,A01081,S4,2025-08-10,F02,0,1
Q005386,A01081,S4,2025-08-10,F03,0,1
Q005387,A01081,S4,2025-08-10,F06,0,1
Q005388,A01081,S4,2025-08-10,F02,1,0
Q005389,A01081,S5,2025-08-10,F02,0,1
Q005390,A01081,S5,2025-08-10,F06,1,0
Q005391,A01082,S4,2025-08-12,F02,1,0
Q005392,A01083,S4,2025-08-13,F06,0,1
Q005393,A01083,S4,2025-08-13,F01,0,1
Q005394,A01084,S4,2025-08-11,F04,1,0
Q005395,A01084,S4,2025-08-11,F03,0,1
Q005396,A01084,S5,2025-08-11,F03,0,1
Q005397,A01085,S4,2025-08-11,F01,0,1
Q005398,A01085,S5,2025-08-11,F02,0,1
Q005399,A01086,S3,2025-08-11,F01,0,1
Q005400,A01086,S3,2025-08-11,F04,0,1
Q005401,A01086,S4,2025-08-11,F03,0,1
Q005402,A01086,S4,2025-08-11,F03,1,0
Q005403,A01086,S4,2025-08-11,F01,0,1
Q005404,A01086,S4,2025-08-11,F01,0,1
Q005405,A01086,S4,2025-08-11,F01,0,1
Q005406,A01086,S4,2025-08-11,F02,1,0
Q005407,A01086,S5,2025-08-11,F02,1,0
Q005408,A01088,S3,2025-08-12,F04,0,1
Q005409,A01088,S3,2025-08-12,F03,0,1
Q005410,A01088,S3,2025-08-12,F02,0,1
Q005411,A01088,S4,2025-08-12,F01,0,1
Q005412,A01088,S4,2025-08-12,F05,0,1
Q005413,A01088,S4,2025-08-12,F01,1,0
Q005414,A01088,S4,2025-08-12,F01,1,0
Q005415,A01088,S5,2025-08-12,F04,1,0
Q005416,A01089,S3,2025-08-11,F06,0,1
Q005417,A01089,S4,2025-08-12,F03,1,0
Q005418,A01089,S4,2025-08-12,F01,0,1
Q005419,A01089,S4,2025-08-12,F05,1,0
Q005420,A01090,S3,2025-08-12,F06,0,1
Q005421,A01090,S3,2025-08-12,F01,1,0
Q005422,A01090,S3,2025-08-12,F01,1,0
Q005423,A01090,S4,2025-08-14,F03,0,1
Q005424,A01090,S4,2025-08-14,F02,0,1
Q005425,A01090,S4,2025-08-14,F01,0,1
Q005426,A01090,S4,2025-08-14,F04,0,1
Q005427,A01090,S4,2025-08-14,F04,0,1
Q005428,A01091,S3,2025-08-12,F03,0,1
Q005429,A01091,S3,2025-08-12,F01,1,0
Q005430,A01091,S4,2025-08-13,F05,0,1
Q005431,A01091,S4,2025-08-13,F03,0,1
Q005432,A01091,S4,2025-08-13,F01,0,1
Q005433,A01091,S4,2025-08-13,F02,0,1
Q005434,A01091,S4,2025-08-13,F01,0,1
Q005435,A01091,S4,2025-08-13,F05,1,0
Q005436,A01091,S4,2025-08-13,F03,0,1
Q005437,A01091,S4,2025-08-13,F01,1,0
Q005438,A01091,S4,2025-08-13,F04,0,1
Q005439,A01092,S4,2025-08-12,F03,0,1
Q005440,A01092,S4,2025-08-12,F04,1,0
Q005441,A01093,S3,2025-08-12,F02,0,1
Q005442,A01093,S3,2025-08-12,F03,0,1
Q005443,A01093,S4,2025-08-13,F02,0,1
Q005444,A01093,S4,2025-08-13,F02,0,1
Q005445,A01093,S4,2025-08-13,F06,1,0
Q005446,A01093,S4,2025-08-13,F02,0,1
Q005447,A01093,S4,2025-08-13,F05,0,1
Q005448,A01093,S4,2025-08-13,F01,0,1
Q005449,A01093,S4,2025-08-13,F03,1,0
Q005450,A01093,S4,2025-08-13,F03,0,1
Q005451,A01093,S4,2025-08-13,F02,0,1
Q005452,A01093,S4,2025-08-13,F04,1,0
Q005453,A01093,S5,2025-08-13,F04,1,0
Q005454,A01094,S4,2025-08-13,F03,0,1
Q005455,A01094,S4,2025-08-13,F01,1,0
Q005456,A01094,S4,2025-08-13,F04,0,1
Q005457,A01094,S4,2025-08-13,F01,0,1
Q005458,A01094,S4,2025-08-13,F03,0,1
Q005459,A01094,S5,2025-08-13,F05,0,1
Q005460,A01096,S3,2025-08-13,F03,1,0
Q005461,A01096,S3,2025-08-13,F01,0,1
Q005462,A01096,S3,2025-08-13,F02,0,1
Q005463,A01096,S3,2025-08-13,F05,0,1
Q005464,A01096,S4,2025-08-14,F03,0,1
Q005465,A01096,S4,2025-08-14,F05,0,1
Q005466,A01096,S5,2025-08-14,F03,0,1
Q005467,A01096,S5,2025-08-14,F02,1,0
Q005468,A01096,S5,2025-08-14,F04,1,0
Q005469,A01097,S4,2025-08-13,F02,0,1
Q005470,A01098,S3,2025-08-14,F01,0,1
Q005471,A01098,S4,2025-08-14,F05,0,1
Q005472,A01098,S4,2025-08-14,F02,0,1
Q005473,A01098,S4,2025-08-14,F01,0,1
Q005474,A01098,S5,2025-08-14,F02,0,1
Q005475,A01098,S5,2025-08-14,F06,0,1
Q005476,A01098,S5,2025-08-14,F02,0,1
Q005477,A01099,S3,2025-08-14,F05,1,0
Q005478,A01099,S4,2025-08-14,F04,0,1
Q005479,A01099,S4,2025-08-14,F03,0,1
Q005480,A01099,S5,2025-08-14,F02,0,1
Q005481,A01099,S5,2025-08-14,F01,0,1
Q005482,A01099,S5,2025-08-14,F03,0,1
Q005483,A01100,S3,2025-08-14,F01,0,1
Q005484,A01100,S3,2025-08-14,F01,1,0
Q005485,A01100,S4,2025-08-15,F06,0,1
Q005486,A01100,S4,2025-08-15,F01,0,1
Q005487,A01100,S4,2025-08-15,F03,0,1
Q005488,A01100,S4,2025-08-15,F02,0,1
Q005489,A01100,S4,2025-08-15,F02,0,1
Q005490,A01100,S4,2025-08-15,F01,0,1
Q005491,A01100,S5,2025-08-15,F02,0,1
Q005492,A01100,S5,2025-08-15,F04,0,1
Q005493,A01100,S5,2025-08-15,F05,0,1
Q005494,A01101,S3,2025-08-14,F01,0,1
Q005495,A01101,S4,2025-08-15,F03,0,1
Q005496,A01102,S4,2025-08-14,F02,0,1
Q005497,A01102,S5,2025-08-15,F05,0,1
Q005498,A01102,S5,2025-08-15,F05,0,1
Q005499,A01103,S3,2025-08-15,F04,0,1
Q005500,A01103,S3,2025-08-15,F01,0,1
Q005501,A01103,S3,2025-08-15,F04,1,0
Q005502,A01103,S3,2025-08-15,F01,0,1
Q005503,A01103,S4,2025-08-16,F03,0,1
Q005504,A01103,S4,2025-08-16,F02,1,0
Q005505,A01103,S4,2025-08-16,F04,1,0
Q005506,A01103,S4,2025-08-16,F02,0,1
Q005507,A01103,S4,2025-08-16,F03,0,1
Q005508,A01103,S4,2025-08-16,F02,1,0
Q005509,A01103,S4,2025-08-16,F01,0,1
Q005510,A01104,S3,2025-08-15,F02,0,1
Q005511,A01104,S3,2025-08-15,F01,0,1
Q005512,A01104,S4,2025-08-16,F03,0,1
Q005513,A01104,S4,2025-08-16,F02,0,1
Q005514,A01104,S4,2025-08-16,F05,0,1
Q005515,A01105,S3,2025-08-15,F03,0,1
Q005516,A01105,S3,2025-08-15,F01,0,1
Q005517,A01105,S3,2025-08-15,F03,0,1
Q005518,A01106,S4,2025-08-15,F04,1,0
Q005519,A01106,S5,2025-08-15,F01,0,1
Q005520,A01107,S5,2025-08-15,F03,0,1
Q005521,A01108,S3,2025-08-15,F04,1,0
Q005522,A01108,S4,2025-08-15,F05,0,1
Q005523,A01108,S4,2025-08-15,F04,0,1
Q005524,A01108,S4,2025-08-15,F01,0,1
Q005525,A01108,S5,2025-08-16,F01,1,0
Q005526,A01108,S5,2025-08-16,F01,0,1
Q005527,A01109,S3,2025-08-14,F05,0,1
Q005528,A01109,S3,2025-08-14,F03,0,1
Q005529,A01109,S3,2025-08-14,F06,0,1
Q005530,A01109,S3,2025-08-14,F03,0,1
Q005531,A01109,S3,2025-08-14,F06,0,1
Q005532,A01109,S3,2025-08-14,F06,0,1
Q005533,A01109,S3,2025-08-14,F02,0,1
Q005534,A01109,S3,2025-08-14,F02,0,1
Q005535,A01109,S4,2025-08-15,F03,0,1
Q005536,A01109,S4,2025-08-15,F01,0,1
Q005537,A01109,S4,2025-08-15,F04,0,1
Q005538,A01109,S4,2025-08-15,F03,0,1
Q005539,A01109,S5,2025-08-15,F04,0,1
Q005540,A01111,S3,2025-08-16,F02,0,1
Q005541,A01111,S3,2025-08-16,F04,0,1
Q005542,A01111,S3,2025-08-16,F03,0,1
Q005543,A01111,S3,2025-08-16,F02,0,1
Q005544,A01111,S4,2025-08-16,F02,0,1
Q005545,A01111,S4,2025-08-16,F04,0,1
Q005546,A01111,S4,2025-08-16,F04,0,1
Q005547,A01111,S4,2025-08-16,F05,0,1
Q005548,A01111,S4,2025-08-16,F04,0,1
Q005549,A01111,S5,2025-08-16,F03,0,1
Q005550,A01112,S3,2025-08-16,F02,0,1
Q005551,A01112,S4,2025-08-17,F06,1,0
Q005552,A01112,S4,2025-08-17,F01,1,0
Q005553,A01112,S4,2025-08-17,F04,0,1
Q005554,A01112,S4,2025-08-17,F02,0,1
Q005555,A01112,S4,2025-08-17,F01,0,1
Q005556,A01112,S4,2025-08-17,F05,0,1
Q005557,A01112,S4,2025-08-17,F03,0,1
Q005558,A01112,S4,2025-08-17,F02,0,1
Q005559,A01112,S4,2025-08-17,F04,0,1
Q005560,A01112,S4,2025-08-17,F02,0,1
Q005561,A01112,S5,2025-08-17,F01,1,0
Q005562,A01113,S3,2025-08-16,F01,0,1
Q005563,A01114,S3,2025-08-16,F01,0,1
Q005564,A01114,S3,2025-08-16,F03,1,0
Q005565,A01114,S3,2025-08-16,F06,0,1
Q005566,A01114,S4,2025-08-16,F05,0,1
Q005567,A01114,S4,2025-08-16,F04,1,0
Q005568,A01114,S5,2025-08-17,F02,1,0
Q005569,A01114,S5,2025-08-17,F06,0,1
Q005570,A01114,S5,2025-08-17,F04,0,1
Q005571,A01115,S3,2025-08-15,F02,0,1
Q005572,A01115,S4,2025-08-16,F02,1,0
Q005573,A01115,S5,2025-08-16,F01,0,1
Q005574,A01116,S3,2025-08-17,F01,0,1
Q005575,A01116,S4,2025-08-17,F01,0,1
Q005576,A01116,S5,2025-08-17,F02,1,0
Q005577,A01117,S3,2025-08-17,F01,1,0
Q005578,A01117,S3,2025-08-17,F03,0,1
Q005579,A01117,S4,2025-08-18,F01,0,1
Q005580,A01118,S4,2025-08-17,F01,0,1
Q005581,A01118,S4,2025-08-17,F04,1,0
Q005582,A01118,S4,2025-08-17,F02,0,1
Q005583,A01118,S4,2025-08-17,F01,1,0
Q005584,A01118,S4,2025-08-17,F06,0,1
Q005585,A01118,S4,2025-08-17,F04,0,1
Q005586,A01118,S5,2025-08-17,F02,0,1
Q005587,A01119,S3,2025-08-18,F02,0,1
Q005588,A01119,S3,2025-08-18,F05,0,1
Q005589,A01119,S4,2025-08-18,F04,1,0
Q005590,A01119,S4,2025-08-18,F05,1,0
Q005591,A01120,S3,2025-08-18,F01,0,1
Q005592,A01120,S4,2025-08-18,F06,0,1
Q005593,A01120,S4,2025-08-18,F04,0,1
Q005594,A01120,S4,2025-08-18,F02,0,1
Q005595,A01120,S5,2025-08-19,F03,0,1
Q005596,A01121,S3,2025-08-18,F01,0,1
Q005597,A01121,S3,2025-08-18,F06,0,1
Q005598,A01121,S4,2025-08-18,F04,0,1
Q005599,A01121,S4,2025-08-18,F05,0,1
Q005600,A01121,S4,2025-08-18,F05,0,1
Q005601,A01121,S4,2025-08-18,F03,0,1
Q005602,A01121,S4,2025-08-18,F01,1,0
Q005603,A01121,S4,2025-08-18,F05,0,1
Q005604,A01122,S3,2025-08-18,F05,0,1
Q005605,A01122,S3,2025-08-18,F02,0,1
Q005606,A01122,S3,2025-08-18,F05,1,0
Q005607,A01122,S4,2025-08-18,F01,0,1
Q005608,A01123,S3,2025-08-18,F04,0,1
Q005609,A01123,S3,2025-08-18,F02,0,1
Q005610,A01123,S4,2025-08-18,F06,0,1
Q005611,A01123,S4,2025-08-18,F02,0,1
Q005612,A01123,S5,2025-08-18,F01,0,1
Q005613,A01124,S3,2025-08-18,F02,1,0
Q005614,A01124,S4,2025-08-19,F01,1,0
Q005615,A01124,S4,2025-08-19,F02,1,0
Q005616,A01124,S4,2025-08-19,F03,0,1
Q005617,A01124,S5,2025-08-20,F01,1,0
Q005618,A01125,S3,2025-08-19,F01,1,0
Q005619,A01125,S3,2025-08-19,F04,1,0
Q005620,A01125,S3,2025-08-19,F02,1,0
Q005621,A01125,S4,2025-08-20,F05,0,1
Q005622,A01125,S4,2025-08-20,F01,1,0
Q005623,A01125,S5,2025-08-20,F03,0,1
Q005624,A01126,S3,2025-08-20,F06,0,1
Q005625,A01126,S3,2025-08-20,F03,0,1
Q005626,A01126,S4,2025-08-21,F02,0,1
Q005627,A01126,S4,2025-08-21,F01,1,0
Q005628,A01126,S4,2025-08-21,F05,0,1
Q005629,A01126,S5,2025-08-21,F03,0,1
Q005630,A01126,S5,2025-08-21,F01,0,1
Q005631,A01127,S3,2025-08-19,F03,0,1
Q005632,A01127,S3,2025-08-19,F05,0,1
Q005633,A01127,S4,2025-08-20,F01,0,1
Q005634,A01127,S4,2025-08-20,F02,0,1
Q005635,A01127,S5,2025-08-21,F02,0,1
Q005636,A01127,S5,2025-08-21,F01,0,1
Q005637,A01127,S5,2025-08-21,F03,0,1
Q005638,A01127,S5,2025-08-21,F01,0,1
Q005639,A01128,S4,2025-08-20,F02,1,0
Q005640,A01129,S3,2025-08-20,F01,1,0
Q005641,A01129,S5,2025-08-21,F02,0,1
Q005642,A01129,S5,2025-08-21,F01,0,1
Q005643,A01130,S3,2025-08-20,F01,0,1
Q005644,A01130,S4,2025-08-21,F01,0,1
Q005645,A01130,S5,2025-08-21,F02,0,1
Q005646,A01131,S3,2025-08-21,F03,0,1
Q005647,A01131,S3,2025-08-21,F01,0,1
Q005648,A01131,S3,2025-08-21,F01,1,0
Q005649,A01131,S3,2025-08-21,F02,0,1
Q005650,A01131,S3,2025-08-21,F01,0,1
Q005651,A01131,S4,2025-08-22,F01,0,1
Q005652,A01131,S4,2025-08-22,F01,0,1
Q005653,A01131,S4,2025-08-22,F01,0,1
Q005654,A01131,S5,2025-08-22,F01,0,1
Q005655,A01132,S3,2025-08-20,F01,1,0
Q005656,A01132,S4,2025-08-21,F04,0,1
Q005657,A01132,S4,2025-08-21,F01,1,0
Q005658,A01132,S5,2025-08-21,F03,0,1
Q005659,A01133,S4,2025-08-22,F03,0,1
Q005660,A01133,S5,2025-08-22,F01,0,1
Q005661,A01134,S3,2025-08-21,F03,0,1
Q005662,A01134,S4,2025-08-22,F01,0,1
Q005663,A01135,S3,2025-08-23,F05,0,1
Q005664,A01135,S3,2025-08-23,F05,1,0
Q005665,A01135,S3,2025-08-23,F01,0,1
Q005666,A01135,S3,2025-08-23,F03,0,1
Q005667,A01135,S4,2025-08-23,F01,1,0
Q005668,A01135,S4,2025-08-23,F02,0,1
Q005669,A01135,S4,2025-08-23,F03,0,1
Q005670,A01135,S4,2025-08-23,F01,0,1
Q005671,A01136,S3,2025-08-23,F04,0,1
Q005672,A01136,S3,2025-08-23,F02,1,0
Q005673,A01136,S4,2025-08-24,F03,0,1
Q005674,A01136,S4,2025-08-24,F01,1,0
Q005675,A01136,S4,2025-08-24,F02,0,1
Q005676,A01136,S4,2025-08-24,F02,0,1
Q005677,A01136,S4,2025-08-24,F02,0,1
Q005678,A01136,S4,2025-08-24,F01,0,1
Q005679,A01136,S5,2025-08-24,F02,0,1
Q005680,A01136,S5,2025-08-24,F06,0,1
Q005681,A01138,S4,2025-08-23,F01,0,1
Q005682,A01138,S5,2025-08-23,F03,0,1
Q005683,A01138,S5,2025-08-23,F05,0,1
Q005684,A01138,S5,2025-08-23,F01,0,1
Q005685,A01139,S3,2025-08-23,F01,1,0
Q005686,A01139,S4,2025-08-24,F01,0,1
Q005687,A01139,S4,2025-08-24,F04,1,0
Q005688,A01139,S4,2025-08-24,F02,0,1
Q005689,A01140,S3,2025-08-23,F06,0,1
Q005690,A01140,S3,2025-08-23,F02,0,1
Q005691,A01140,S4,2025-08-25,F05,1,0
Q005692,A01140,S4,2025-08-25,F01,0,1
Q005693,A01140,S4,2025-08-25,F01,0,1
Q005694,A01140,S4,2025-08-25,F04,0,1
Q005695,A01140,S4,2025-08-25,F02,0,1
Q005696,A01140,S4,2025-08-25,F03,0,1
Q005697,A01140,S4,2025-08-25,F01,1,0
Q005698,A01140,S5,2025-08-25,F03,0,1
Q005699,A01140,S5,2025-08-25,F01,1,0
Q005700,A01141,S4,2025-08-23,F03,0,1
Q005701,A01141,S4,2025-08-23,F01,1,0
Q005702,A01142,S4,2025-08-24,F01,1,0
Q005703,A01142,S4,2025-08-24,F04,0,1
Q005704,A01142,S4,2025-08-24,F03,0,1
Q005705,A01142,S4,2025-08-24,F02,1,0
Q005706,A01142,S4,2025-08-24,F01,0,1
Q005707,A01142,S4,2025-08-24,F04,1,0
Q005708,A01142,S4,2025-08-24,F04,0,1
Q005709,A01142,S4,2025-08-24,F03,0,1
Q005710,A01142,S5,2025-08-24,F01,1,0
Q005711,A01142,S5,2025-08-24,F01,0,1
Q005712,A01142,S5,2025-08-24,F05,1,0
Q005713,A01142,S5,2025-08-24,F01,0,1
Q005714,A01142,S5,2025-08-24,F03,0,1
Q005715,A01143,S3,2025-08-23,F04,0,1
Q005716,A01143,S3,2025-08-23,F01,0,1
Q005717,A01143,S3,2025-08-23,F02,0,1
Q005718,A01143,S3,2025-08-23,F03,1,0
Q005719,A01143,S4,2025-08-23,F02,0,1
Q005720,A01143,S4,2025-08-23,F01,0,1
Q005721,A01143,S4,2025-08-23,F02,1,0
Q005722,A01143,S4,2025-08-23,F02,0,1
Q005723,A01143,S4,2025-08-23,F04,1,0
Q005724,A01143,S5,2025-08-24,F01,0,1
Q005725,A01143,S5,2025-08-24,F03,1,0
Q005726,A01143,S5,2025-08-24,F01,1,0
Q005727,A01144,S3,2025-08-23,F02,0,1
Q005728,A01144,S4,2025-08-24,F05,0,1
Q005729,A01144,S4,2025-08-24,F01,0,1
Q005730,A01144,S5,2025-08-24,F01,0,1
Q005731,A01144,S5,2025-08-24,F04,0,1
Q005732,A01144,S5,2025-08-24,F04,1,0
Q005733,A01144,S5,2025-08-24,F01,0,1
Q005734,A01144,S5,2025-08-24,F02,0,1
Q005735,A01144,S5,2025-08-24,F02,0,1
Q005736,A01145,S3,2025-08-23,F03,0,1
Q005737,A01145,S3,2025-08-23,F06,0,1
Q005738,A01145,S3,2025-08-23,F03,0,1
Q005739,A01145,S3,2025-08-23,F03,0,1
Q005740,A01145,S3,2025-08-23,F05,0,1
Q005741,A01145,S4,2025-08-23,F02,0,1
Q005742,A01145,S4,2025-08-23,F05,0,1
Q005743,A01145,S4,2025-08-23,F04,0,1
Q005744,A01145,S4,2025-08-23,F01,0,1
Q005745,A01145,S4,2025-08-23,F03,0,1
Q005746,A01145,S4,2025-08-23,F06,0,1
Q005747,A01145,S4,2025-08-23,F01,0,1
Q005748,A01145,S5,2025-08-23,F04,0,1
Q005749,A01146,S3,2025-08-24,F03,0,1
Q005750,A01146,S3,2025-08-24,F02,1,0
Q005751,A01146,S3,2025-08-24,F04,0,1
Q005752,A01146,S4,2025-08-25,F02,1,0
Q005753,A01146,S4,2025-08-25,F01,0,1
Q005754,A01146,S4,2025-08-25,F04,0,1
Q005755,A01146,S4,2025-08-25,F01,1,0
Q005756,A01146,S4,2025-08-25,F02,0,1
Q005757,A01146,S5,2025-08-25,F06,0,1
Q005758,A01146,S5,2025-08-25,F02,1,0
Q005759,A01146,S5,2025-08-25,F03,0,1
Q005760,A01147,S3,2025-08-24,F02,0,1
Q005761,A01147,S4,2025-08-25,F02,0,1
Q005762,A01147,S4,2025-08-25,F03,0,1
Q005763,A01147,S5,2025-08-25,F01,1,0
Q005764,A01147,S5,2025-08-25,F03,0,1
Q005765,A01148,S3,2025-08-24,F05,0,1
Q005766,A01148,S3,2025-08-24,F01,1,0
Q005767,A01148,S5,2025-08-25,F02,0,1
Q005768,A01148,S5,2025-08-25,F03,0,1
Q005769,A01149,S3,2025-08-25,F02,0,1
Q005770,A01149,S3,2025-08-25,F01,0,1
Q005771,A01149,S4,2025-08-26,F03,0,1
Q005772,A01149,S4,2025-08-26,F03,0,1
Q005773,A01150,S3,2025-08-25,F06,0,1
Q005774,A01151,S3,2025-08-24,F01,0,1
Q005775,A01151,S5,2025-08-25,F01,0,1
Q005776,A01152,S3,2025-08-24,F01,1,0
Q005777,A01152,S3,2025-08-24,F02,0,1
Q005778,A01152,S3,2025-08-24,F06,0,1
Q005779,A01152,S4,2025-08-25,F01,1,0
Q005780,A01152,S4,2025-08-25,F05,1,0
Q005781,A01152,S4,2025-08-25,F02,0,1
Q005782,A01152,S4,2025-08-25,F06,0,1
Q005783,A01152,S5,2025-08-25,F03,0,1
Q005784,A01152,S5,2025-08-25,F01,0,1
Q005785,A01153,S4,2025-08-27,F03,0,1
Q005786,A01154,S3,2025-08-26,F01,0,1
Q005787,A01154,S3,2025-08-26,F03,0,1
Q005788,A01154,S3,2025-08-26,F03,0,1
Q005789,A01154,S4,2025-08-27,F05,0,1
Q005790,A01154,S4,2025-08-27,F05,1,0
Q005791,A01154,S5,2025-08-27,F05,0,1
Q005792,A01154,S5,2025-08-27,F03,0,1
Q005793,A01155,S3,2025-08-25,F02,0,1
Q005794,A01155,S5,2025-08-26,F02,0,1
Q005795,A01156,S3,2025-08-26,F03,0,1
Q005796,A01156,S4,2025-08-27,F02,0,1
Q005797,A01156,S4,2025-08-27,F01,1,0
Q005798,A01157,S4,2025-08-28,F02,0,1
Q005799,A01157,S4,2025-08-28,F04,1,0
Q005800,A01157,S4,2025-08-28,F05,0,1
Q005801,A01157,S4,2025-08-28,F01,0,1
Q005802,A01157,S5,2025-08-28,F02,0,1
Q005803,A01158,S3,2025-08-27,F02,0,1
Q005804,A01158,S4,2025-08-27,F04,1,0
Q005805,A01158,S4,2025-08-27,F01,0,1
Q005806,A01158,S4,2025-08-27,F02,0,1
Q005807,A01158,S5,2025-08-27,F01,0,1
Q005808,A01159,S4,2025-08-27,F03,0,1
Q005809,A01160,S3,2025-08-28,F02,0,1
Q005810,A01160,S3,2025-08-28,F06,0,1
Q005811,A01160,S3,2025-08-28,F05,0,1
Q005812,A01160,S4,2025-08-28,F05,0,1
Q005813,A01160,S4,2025-08-28,F02,0,1
Q005814,A01160,S4,2025-08-28,F02,0,1
Q005815,A01160,S4,2025-08-28,F02,0,1
Q005816,A01160,S4,2025-08-28,F02,0,1
Q005817,A01160,S4,2025-08-28,F03,0,1
Q005818,A01160,S4,2025-08-28,F04,0,1
Q005819,A01160,S5,2025-08-28,F01,0,1
Q005820,A01161,S3,2025-08-28,F01,0,1
Q005821,A01161,S3,2025-08-28,F01,0,1
Q005822,A01161,S4,2025-08-28,F03,0,1
Q005823,A01161,S4,2025-08-28,F04,0,1
Q005824,A01161,S4,2025-08-28,F01,0,1
Q005825,A01161,S4,2025-08-28,F03,0,1
Q005826,A01161,S4,2025-08-28,F04,0,1
Q005827,A01161,S5,2025-08-28,F02,0,1
Q005828,A01161,S5,2025-08-28,F02,0,1
Q005829,A01162,S3,2025-08-29,F05,0,1
Q005830,A01162,S3,2025-08-29,F03,0,1
Q005831,A01162,S4,2025-08-29,F06,0,1
Q005832,A01162,S4,2025-08-29,F01,0,1
Q005833,A01162,S4,2025-08-29,F06,1,0
Q005834,A01162,S4,2025-08-29,F03,0,1
Q005835,A01162,S4,2025-08-29,F03,0,1
Q005836,A01162,S5,2025-08-30,F01,1,0
Q005837,A01162,S5,2025-08-30,F01,0,1
Q005838,A01162,S5,2025-08-30,F01,0,1
Q005839,A01163,S3,2025-08-28,F01,1,0
Q005840,A01163,S3,2025-08-28,F04,0,1
Q005841,A01163,S3,2025-08-28,F02,0,1
Q005842,A01163,S4,2025-08-29,F02,0,1
Q005843,A01163,S4,2025-08-29,F02,0,1
Q005844,A01163,S5,2025-08-29,F02,1,0
Q005845,A01163,S5,2025-08-29,F04,0,1
Q005846,A01164,S3,2025-08-27,F04,0,1
Q005847,A01164,S3,2025-08-27,F03,0,1
Q005848,A01164,S4,2025-08-28,F01,1,0
Q005849,A01164,S5,2025-08-28,F01,0,1
Q005850,A01164,S5,2025-08-28,F03,0,1
Q005851,A01165,S3,2025-08-28,F02,0,1
Q005852,A01165,S4,2025-08-29,F04,0,1
Q005853,A01165,S4,2025-08-29,F02,0,1
Q005854,A01165,S4,2025-08-29,F02,0,1
Q005855,A01165,S4,2025-08-29,F01,0,1
Q005856,A01165,S5,2025-08-29,F03,0,1
Q005857,A01168,S3,2025-08-29,F05,0,1
Q005858,A01168,S3,2025-08-29,F01,0,1
Q005859,A01168,S3,2025-08-29,F05,0,1
Q005860,A01168,S4,2025-08-31,F04,0,1
Q005861,A01168,S4,2025-08-31,F01,0,1
Q005862,A01168,S4,2025-08-31,F04,1,0
Q005863,A01168,S4,2025-08-31,F01,0,1
Q005864,A01168,S5,2025-08-31,F01,0,1
Q005865,A01168,S5,2025-08-31,F01,1,0
Q005866,A01169,S4,2025-08-30,F02,0,1
Q005867,A01170,S4,2025-08-29,F04,0,1
Q005868,A01171,S3,2025-08-29,F01,1,0
Q005869,A01172,S3,2025-08-29,F03,0,1
Q005870,A01172,S3,2025-08-29,F04,0,1
Q005871,A01172,S4,2025-08-29,F01,1,0
Q005872,A01173,S5,2025-08-30,F02,0,1
Q005873,A01174,S3,2025-08-28,F02,1,0
Q005874,A01174,S4,2025-08-29,F05,0,1
Q005875,A01174,S4,2025-08-29,F05,0,1
Q005876,A01174,S5,2025-08-29,F04,0,1
Q005877,A01174,S5,2025-08-29,F02,0,1
Q005878,A01175,S3,2025-08-29,F02,0,1
Q005879,A01175,S4,2025-08-29,F05,0,1
Q005880,A01175,S5,2025-08-30,F01,0,1
Q005881,A01176,S3,2025-08-30,F03,1,0
Q005882,A01176,S4,2025-08-30,F02,0,1
Q005883,A01176,S4,2025-08-30,F01,1,0
Q005884,A01176,S4,2025-08-30,F05,0,1
Q005885,A01176,S4,2025-08-30,F03,1,0
Q005886,A01176,S5,2025-08-31,F01,0,1
Q005887,A01176,S5,2025-08-31,F03,0,1
Q005888,A01177,S3,2025-08-31,F04,0,1
Q005889,A01178,S3,2025-08-31,F02,0,1
Q005890,A01178,S3,2025-08-31,F04,0,1
Q005891,A01178,S4,2025-08-31,F02,0,1
Q005892,A01178,S4,2025-08-31,F06,0,1
Q005893,A01178,S5,2025-09-01,F02,0,1
Q005894,A01178,S5,2025-09-01,F02,0,1
Q005895,A01179,S3,2025-08-30,F01,0,1
Q005896,A01179,S3,2025-08-30,F01,0,1
Q005897,A01179,S4,2025-08-31,F03,0,1
Q005898,A01179,S4,2025-08-31,F05,1,0
Q005899,A01179,S4,2025-08-31,F03,0,1
Q005900,A01179,S4,2025-08-31,F02,0,1
Q005901,A01179,S4,2025-08-31,F04,0,1
Q005902,A01179,S4,2025-08-31,F01,1,0
Q005903,A01179,S5,2025-08-31,F03,0,1
Q005904,A01181,S3,2025-08-30,F05,1,0
Q005905,A01181,S5,2025-08-31,F02,0,1
Q005906,A01182,S4,2025-08-31,F03,0,1
Q005907,A01182,S4,2025-08-31,F04,0,1
Q005908,A01182,S4,2025-08-31,F03,0,1
Q005909,A01182,S4,2025-08-31,F04,0,1
Q005910,A01183,S3,2025-09-01,F02,0,1
Q005911,A01183,S3,2025-09-01,F04,0,1
Q005912,A01183,S4,2025-09-02,F03,0,1
Q005913,A01183,S4,2025-09-02,F01,1,0
Q005914,A01183,S4,2025-09-02,F03,0,1
Q005915,A01183,S4,2025-09-02,F05,0,1
Q005916,A01183,S4,2025-09-02,F02,1,0
Q005917,A01183,S4,2025-09-02,F01,0,1
Q005918,A01183,S5,2025-09-03,F05,0,1
Q005919,A01183,S5,2025-09-03,F04,0,1
Q005920,A01184,S3,2025-09-01,F01,1,0
Q005921,A01184,S3,2025-09-01,F03,0,1
Q005922,A01184,S4,2025-09-02,F04,0,1
Q005923,A01184,S4,2025-09-02,F01,1,0
Q005924,A01184,S4,2025-09-02,F04,0,1
Q005925,A01184,S4,2025-09-02,F05,0,1
Q005926,A01184,S4,2025-09-02,F01,0,1
Q005927,A01184,S5,2025-09-03,F04,1,0
Q005928,A01184,S5,2025-09-03,F01,0,1
Q005929,A01186,S3,2025-09-02,F03,0,1
Q005930,A01186,S4,2025-09-02,F01,1,0
Q005931,A01186,S4,2025-09-02,F01,1,0
Q005932,A01186,S4,2025-09-02,F03,1,0
Q005933,A01186,S4,2025-09-02,F01,1,0
Q005934,A01187,S3,2025-09-02,F01,0,1
Q005935,A01187,S4,2025-09-02,F02,1,0
Q005936,A01187,S4,2025-09-02,F03,0,1
Q005937,A01187,S4,2025-09-02,F01,0,1
Q005938,A01187,S4,2025-09-02,F01,1,0
Q005939,A01187,S4,2025-09-02,F02,0,1
Q005940,A01188,S4,2025-09-02,F03,0,1
Q005941,A01188,S4,2025-09-02,F02,0,1
Q005942,A01188,S4,2025-09-02,F04,0,1
Q005943,A01188,S4,2025-09-02,F04,0,1
Q005944,A01189,S5,2025-09-03,F04,0,1
Q005945,A01191,S3,2025-09-03,F03,0,1
Q005946,A01191,S3,2025-09-03,F04,0,1
Q005947,A01191,S4,2025-09-03,F03,0,1
Q005948,A01191,S4,2025-09-03,F04,0,1
Q005949,A01191,S4,2025-09-03,F05,0,1
Q005950,A01191,S4,2025-09-03,F02,0,1
Q005951,A01191,S4,2025-09-03,F06,1,0
Q005952,A01191,S5,2025-09-03,F02,0,1
Q005953,A01192,S3,2025-09-03,F02,0,1
Q005954,A01192,S3,2025-09-03,F04,0,1
Q005955,A01192,S3,2025-09-03,F03,0,1
Q005956,A01192,S3,2025-09-03,F02,1,0
Q005957,A01192,S3,2025-09-03,F02,0,1
Q005958,A01192,S3,2025-09-03,F03,0,1
Q005959,A01192,S4,2025-09-03,F03,0,1
Q005960,A01192,S4,2025-09-03,F02,1,0
Q005961,A01192,S4,2025-09-03,F02,0,1
Q005962,A01192,S5,2025-09-03,F01,1,0
Q005963,A01192,S5,2025-09-03,F05,0,1
Q005964,A01193,S3,2025-09-04,F03,0,1
Q005965,A01193,S3,2025-09-04,F02,0,1
Q005966,A01193,S3,2025-09-04,F04,1,0
Q005967,A01193,S3,2025-09-04,F02,0,1
Q005968,A01193,S3,2025-09-04,F05,0,1
Q005969,A01193,S4,2025-09-04,F02,0,1
Q005970,A01193,S4,2025-09-04,F05,0,1
Q005971,A01193,S4,2025-09-04,F01,0,1
Q005972,A01194,S3,2025-09-03,F03,0,1
Q005973,A01194,S3,2025-09-03,F03,0,1
Q005974,A01194,S3,2025-09-03,F05,0,1
Q005975,A01194,S4,2025-09-03,F03,0,1
Q005976,A01194,S4,2025-09-03,F03,1,0
Q005977,A01194,S4,2025-09-03,F02,0,1
Q005978,A01194,S4,2025-09-03,F04,0,1
Q005979,A01195,S3,2025-09-03,F01,1,0
Q005980,A01195,S3,2025-09-03,F01,0,1
Q005981,A01195,S4,2025-09-04,F02,0,1
Q005982,A01195,S4,2025-09-04,F02,1,0
Q005983,A01195,S4,2025-09-04,F02,0,1
Q005984,A01195,S4,2025-09-04,F03,0,1
Q005985,A01196,S3,2025-09-04,F02,0,1
Q005986,A01196,S3,2025-09-04,F02,0,1
Q005987,A01196,S3,2025-09-04,F05,0,1
Q005988,A01196,S4,2025-09-04,F04,1,0
Q005989,A01196,S4,2025-09-04,F02,0,1
Q005990,A01196,S5,2025-09-05,F03,0,1
Q005991,A01196,S5,2025-09-05,F06,0,1
Q005992,A01197,S3,2025-09-04,F04,0,1
Q005993,A01197,S4,2025-09-05,F03,0,1
Q005994,A01197,S4,2025-09-05,F01,0,1
Q005995,A01197,S5,2025-09-05,F02,0,1
Q005996,A01198,S3,2025-09-04,F04,0,1
Q005997,A01198,S3,2025-09-04,F03,0,1
Q005998,A01198,S4,2025-09-05,F01,0,1
Q005999,A01198,S4,2025-09-05,F03,0,1
Q006000,A01198,S5,2025-09-05,F01,0,1
Q006001,A01198,S5,2025-09-05,F01,0,1
Q006002,A01199,S3,2025-09-05,F03,0,1
Q006003,A01199,S3,2025-09-05,F04,0,1
Q006004,A01199,S3,2025-09-05,F01,1,0
Q006005,A01199,S4,2025-09-05,F02,0,1
Q006006,A01199,S4,2025-09-05,F02,1,0
Q006007,A01199,S5,2025-09-05,F02,0,1
Q006008,A01200,S3,2025-09-05,F01,0,1
Q006009,A01200,S4,2025-09-06,F02,0,1
Q006010,A01200,S4,2025-09-06,F01,1,0
Q006011,A01200,S4,2025-09-06,F02,0,1
Q006012,A01200,S4,2025-09-06,F05,0,1
Q006013,A01200,S5,2025-09-07,F02,0,1
Q006014,A01200,S5,2025-09-07,F05,0,1
Q006015,A01200,S5,2025-09-07,F04,0,1
Q006016,A01201,S5,2025-09-06,F05,0,1
Q006017,A01201,S5,2025-09-06,F03,0,1
Q006018,A01202,S3,2025-09-06,F03,0,1
Q006019,A01202,S4,2025-09-06,F03,1,0
Q006020,A01202,S4,2025-09-06,F03,0,1
Q006021,A01202,S5,2025-09-06,F02,0,1
Q006022,A01202,S5,2025-09-06,F03,0,1
Q006023,A01203,S4,2025-09-06,F01,0,1
Q006024,A01203,S4,2025-09-06,F02,0,1
Q006025,A01203,S4,2025-09-06,F04,0,1
Q006026,A01203,S4,2025-09-06,F03,0,1
Q006027,A01203,S5,2025-09-06,F01,0,1
Q006028,A01204,S3,2025-09-06,F05,0,1
Q006029,A01204,S4,2025-09-09,F02,0,1
Q006030,A01204,S4,2025-09-09,F01,0,1
Q006031,A01204,S4,2025-09-09,F01,0,1
Q006032,A01204,S5,2025-09-09,F01,1,0
Q006033,A01204,S5,2025-09-09,F03,0,1
Q006034,A01204,S5,2025-09-09,F04,1,0
Q006035,A01205,S3,2025-09-06,F03,0,1
Q006036,A01205,S4,2025-09-07,F03,0,1
Q006037,A01205,S4,2025-09-07,F05,0,1
Q006038,A01205,S4,2025-09-07,F06,0,1
Q006039,A01205,S4,2025-09-07,F01,0,1
Q006040,A01205,S4,2025-09-07,F03,0,1
Q006041,A01205,S5,2025-09-07,F03,0,1
Q006042,A01205,S5,2025-09-07,F02,0,1
Q006043,A01205,S5,2025-09-07,F03,0,1
Q006044,A01205,S5,2025-09-07,F01,0,1
Q006045,A01205,S5,2025-09-07,F01,0,1
Q006046,A01206,S3,2025-09-06,F05,0,1
Q006047,A01206,S4,2025-09-07,F01,0,1
Q006048,A01206,S4,2025-09-07,F01,1,0
Q006049,A01206,S4,2025-09-07,F02,0,1
Q006050,A01206,S4,2025-09-07,F05,0,1
Q006051,A01206,S5,2025-09-08,F01,0,1
Q006052,A01206,S5,2025-09-08,F01,0,1
Q006053,A01206,S5,2025-09-08,F03,0,1
Q006054,A01207,S4,2025-09-06,F02,0,1
Q006055,A01207,S4,2025-09-06,F01,0,1
Q006056,A01208,S4,2025-09-06,F05,0,1
Q006057,A01208,S4,2025-09-06,F04,1,0
Q006058,A01208,S4,2025-09-06,F03,0,1
Q006059,A01208,S4,2025-09-06,F02,1,0
Q006060,A01208,S5,2025-09-07,F04,0,1
Q006061,A01209,S3,2025-09-07,F02,0,1
Q006062,A01209,S4,2025-09-07,F01,1,0
Q006063,A01209,S4,2025-09-07,F02,0,1
Q006064,A01209,S5,2025-09-07,F01,0,1
Q006065,A01209,S5,2025-09-07,F03,0,1
Q006066,A01210,S3,2025-09-07,F05,0,1
Q006067,A01210,S3,2025-09-07,F05,0,1
Q006068,A01210,S4,2025-09-08,F04,0,1
Q006069,A01210,S5,2025-09-08,F04,0,1
Q006070,A01211,S3,2025-09-07,F04,1,0
Q006071,A01211,S4,2025-09-08,F01,0,1
Q006072,A01211,S4,2025-09-08,F05,0,1
Q006073,A01211,S4,2025-09-08,F03,0,1
Q006074,A01211,S4,2025-09-08,F03,0,1
Q006075,A01211,S4,2025-09-08,F05,0,1
Q006076,A01211,S4,2025-09-08,F04,0,1
Q006077,A01211,S5,2025-09-08,F04,0,1
Q006078,A01211,S5,2025-09-08,F02,1,0
Q006079,A01211,S5,2025-09-08,F06,0,1
Q006080,A01211,S5,2025-09-08,F01,0,1
Q006081,A01212,S3,2025-09-07,F03,0,1
Q006082,A01213,S3,2025-09-07,F06,0,1
Q006083,A01213,S3,2025-09-07,F03,0,1
Q006084,A01213,S4,2025-09-09,F04,0,1
Q006085,A01213,S4,2025-09-09,F01,1,0
Q006086,A01213,S5,2025-09-09,F03,0,1
Q006087,A01214,S4,2025-09-07,F05,0,1
Q006088,A01214,S4,2025-09-07,F01,1,0
Q006089,A01214,S4,2025-09-07,F03,1,0
Q006090,A01214,S5,2025-09-08,F04,0,1
Q006091,A01214,S5,2025-09-08,F04,1,0
Q006092,A01215,S3,2025-09-07,F03,1,0
Q006093,A01215,S3,2025-09-07,F02,0,1
Q006094,A01215,S3,2025-09-07,F03,0,1
Q006095,A01215,S4,2025-09-08,F06,0,1
Q006096,A01215,S4,2025-09-08,F01,0,1
Q006097,A01215,S4,2025-09-08,F02,0,1
Q006098,A01215,S4,2025-09-08,F02,0,1
Q006099,A01215,S5,2025-09-09,F01,0,1
Q006100,A01216,S3,2025-09-08,F04,0,1
Q006101,A01216,S3,2025-09-08,F04,1,0
Q006102,A01216,S4,2025-09-08,F02,0,1
Q006103,A01216,S4,2025-09-08,F03,0,1
Q006104,A01216,S4,2025-09-08,F05,0,1
Q006105,A01216,S5,2025-09-09,F02,0,1
Q006106,A01217,S5,2025-09-08,F01,0,1
Q006107,A01218,S4,2025-09-08,F01,0,1
Q006108,A01218,S4,2025-09-08,F01,0,1
Q006109,A01218,S4,2025-09-08,F04,0,1
Q006110,A01218,S5,2025-09-08,F02,0,1
Q006111,A01219,S3,2025-09-08,F03,0,1
Q006112,A01219,S3,2025-09-08,F02,0,1
Q006113,A01219,S4,2025-09-08,F01,0,1
Q006114,A01220,S3,2025-09-08,F04,0,1
Q006115,A01220,S4,2025-09-09,F04,0,1
Q006116,A01220,S4,2025-09-09,F02,1,0
Q006117,A01221,S3,2025-09-07,F02,0,1
Q006118,A01221,S3,2025-09-07,F04,1,0
Q006119,A01221,S4,2025-09-08,F04,0,1
Q006120,A01221,S4,2025-09-08,F04,1,0
Q006121,A01221,S5,2025-09-08,F02,0,1
Q006122,A01222,S3,2025-09-09,F03,0,1
Q006123,A01222,S4,2025-09-10,F03,0,1
Q006124,A01223,S4,2025-09-09,F04,0,1
Q006125,A01223,S5,2025-09-09,F01,0,1
Q006126,A01223,S5,2025-09-09,F05,0,1
Q006127,A01223,S5,2025-09-09,F03,0,1
Q006128,A01224,S4,2025-09-10,F03,0,1
Q006129,A01224,S4,2025-09-10,F01,1,0
Q006130,A01224,S4,2025-09-10,F04,1,0
Q006131,A01225,S3,2025-09-10,F01,0,1
Q006132,A01225,S3,2025-09-10,F05,0,1
Q006133,A01225,S3,2025-09-10,F04,0,1
Q006134,A01225,S3,2025-09-10,F01,0,1
Q006135,A01225,S4,2025-09-10,F04,1,0
Q006136,A01225,S4,2025-09-10,F03,0,1
Q006137,A01225,S4,2025-09-10,F05,1,0
Q006138,A01225,S4,2025-09-10,F01,0,1
Q006139,A01225,S4,2025-09-10,F04,0,1
Q006140,A01225,S5,2025-09-10,F03,0,1
Q006141,A01226,S4,2025-09-11,F02,0,1
Q006142,A01226,S4,2025-09-11,F03,0,1
Q006143,A01226,S4,2025-09-11,F01,0,1
Q006144,A01227,S3,2025-09-11,F03,0,1
Q006145,A01227,S4,2025-09-11,F04,1,0
Q006146,A01227,S4,2025-09-11,F02,1,0
Q006147,A01227,S4,2025-09-11,F04,1,0
Q006148,A01229,S4,2025-09-11,F02,1,0
Q006149,A01229,S4,2025-09-11,F03,0,1
Q006150,A01230,S3,2025-09-10,F01,0,1
Q006151,A01230,S3,2025-09-10,F03,0,1
Q006152,A01230,S3,2025-09-10,F02,0,1
Q006153,A01230,S3,2025-09-10,F03,0,1
Q006154,A01230,S4,2025-09-11,F03,0,1
Q006155,A01230,S4,2025-09-11,F01,1,0
Q006156,A01230,S4,2025-09-11,F05,0,1
Q006157,A01230,S4,2025-09-11,F03,0,1
Q006158,A01231,S3,2025-09-10,F03,0,1
Q006159,A01231,S4,2025-09-10,F02,0,1
Q006160,A01231,S4,2025-09-10,F03,0,1
Q006161,A01231,S4,2025-09-10,F03,1,0
Q006162,A01231,S4,2025-09-10,F01,0,1
Q006163,A01231,S5,2025-09-10,F04,0,1
Q006164,A01232,S3,2025-09-11,F04,1,0
Q006165,A01232,S3,2025-09-11,F01,0,1
Q006166,A01232,S4,2025-09-13,F02,0,1
Q006167,A01232,S4,2025-09-13,F05,0,1
Q006168,A01232,S4,2025-09-13,F05,1,0
Q006169,A01232,S4,2025-09-13,F04,0,1
Q006170,A01232,S5,2025-09-13,F01,1,0
Q006171,A01233,S3,2025-09-11,F03,1,0
Q006172,A01233,S5,2025-09-12,F03,0,1
Q006173,A01234,S4,2025-09-11,F01,0,1
Q006174,A01234,S4,2025-09-11,F05,0,1
Q006175,A01235,S3,2025-09-11,F04,1,0
Q006176,A01235,S3,2025-09-11,F02,1,0
Q006177,A01235,S4,2025-09-12,F05,0,1
Q006178,A01235,S4,2025-09-12,F05,0,1
Q006179,A01235,S4,2025-09-12,F01,1,0
Q006180,A01235,S4,2025-09-12,F04,0,1
Q006181,A01235,S4,2025-09-12,F01,1,0
Q006182,A01235,S4,2025-09-12,F06,1,0
Q006183,A01235,S4,2025-09-12,F02,0,1
Q006184,A01235,S4,2025-09-12,F03,0,1
Q006185,A01235,S5,2025-09-12,F02,1,0
Q006186,A01235,S5,2025-09-12,F03,0,1
Q006187,A01236,S3,2025-09-11,F01,1,0
Q006188,A01236,S4,2025-09-11,F01,1,0
Q006189,A01237,S4,2025-09-12,F01,1,0
Q006190,A01238,S3,2025-09-12,F02,1,0
Q006191,A01238,S4,2025-09-12,F01,0,1
Q006192,A01239,S3,2025-09-12,F04,0,1
Q006193,A01239,S3,2025-09-12,F03,0,1
Q006194,A01239,S4,2025-09-13,F02,1,0
Q006195,A01239,S4,2025-09-13,F02,0,1
Q006196,A01239,S4,2025-09-13,F01,0,1
Q006197,A01240,S3,2025-09-12,F03,0,1
Q006198,A01240,S4,2025-09-12,F03,0,1
Q006199,A01240,S4,2025-09-12,F06,0,1
Q006200,A01240,S4,2025-09-12,F01,0,1
Q006201,A01241,S3,2025-09-12,F02,0,1
Q006202,A01241,S3,2025-09-12,F06,0,1
Q006203,A01241,S4,2025-09-13,F03,0,1
Q006204,A01241,S4,2025-09-13,F03,0,1
Q006205,A01241,S4,2025-09-13,F03,0,1
Q006206,A01241,S4,2025-09-13,F03,0,1
Q006207,A01241,S4,2025-09-13,F01,1,0
Q006208,A01241,S5,2025-09-13,F01,0,1
Q006209,A01241,S5,2025-09-13,F02,1,0
Q006210,A01242,S3,2025-09-11,F01,0,1
Q006211,A01242,S4,2025-09-11,F04,1,0
Q006212,A01243,S3,2025-09-12,F03,0,1
Q006213,A01243,S3,2025-09-12,F02,0,1
Q006214,A01243,S3,2025-09-12,F02,0,1
Q006215,A01244,S4,2025-09-12,F01,0,1
Q006216,A01245,S3,2025-09-12,F01,1,0
Q006217,A01245,S3,2025-09-12,F03,0,1
Q006218,A01245,S4,2025-09-13,F01,0,1
Q006219,A01246,S4,2025-09-13,F04,0,1
Q006220,A01246,S4,2025-09-13,F01,1,0
Q006221,A01246,S4,2025-09-13,F01,0,1
Q006222,A01247,S3,2025-09-13,F03,0,1
Q006223,A01247,S3,2025-09-13,F01,0,1
Q006224,A01247,S3,2025-09-13,F01,0,1
Q006225,A01247,S3,2025-09-13,F03,0,1
Q006226,A01247,S3,2025-09-13,F03,0,1
Q006227,A01247,S4,2025-09-13,F03,1,0
Q006228,A01247,S4,2025-09-13,F01,1,0
Q006229,A01247,S4,2025-09-13,F01,1,0
Q006230,A01247,S4,2025-09-13,F01,1,0
Q006231,A01247,S5,2025-09-13,F02,0,1
Q006232,A01247,S5,2025-09-13,F02,1,0
Q006233,A01248,S3,2025-09-13,F05,0,1
Q006234,A01248,S3,2025-09-13,F01,0,1
Q006235,A01248,S4,2025-09-14,F06,0,1
Q006236,A01248,S4,2025-09-14,F01,0,1
Q006237,A01248,S4,2025-09-14,F03,1,0
Q006238,A01248,S4,2025-09-14,F01,0,1
Q006239,A01249,S4,2025-09-14,F06,0,1
Q006240,A01249,S4,2025-09-14,F01,0,1
Q006241,A01249,S4,2025-09-14,F06,0,1
Q006242,A01250,S3,2025-09-13,F03,0,1
Q006243,A01250,S3,2025-09-13,F02,1,0
Q006244,A01250,S3,2025-09-13,F04,1,0
Q006245,A01250,S4,2025-09-15,F02,0,1
Q006246,A01250,S4,2025-09-15,F03,0,1
Q006247,A01250,S4,2025-09-15,F05,0,1
Q006248,A01250,S5,2025-09-15,F03,0,1
Q006249,A01250,S5,2025-09-15,F02,0,1
Q006250,A01251,S3,2025-09-13,F04,1,0
Q006251,A01251,S3,2025-09-13,F06,0,1
Q006252,A01251,S4,2025-09-13,F06,0,1
Q006253,A01251,S4,2025-09-13,F01,0,1
Q006254,A01252,S4,2025-09-13,F02,0,1
Q006255,A01253,S4,2025-09-14,F04,0,1
Q006256,A01254,S3,2025-09-14,F02,0,1
Q006257,A01254,S4,2025-09-14,F02,0,1
Q006258,A01254,S5,2025-09-14,F01,0,1
Q006259,A01255,S3,2025-09-15,F04,0,1
Q006260,A01255,S3,2025-09-15,F05,0,1
Q006261,A01255,S4,2025-09-15,F04,0,1
Q006262,A01255,S4,2025-09-15,F05,1,0
Q006263,A01255,S4,2025-09-15,F03,0,1
Q006264,A01255,S4,2025-09-15,F01,1,0
Q006265,A01255,S5,2025-09-15,F03,0,1
Q006266,A01256,S3,2025-09-15,F01,0,1
Q006267,A01256,S3,2025-09-15,F01,0,1
Q006268,A01256,S4,2025-09-16,F01,0,1
Q006269,A01256,S4,2025-09-16,F03,0,1
Q006270,A01256,S4,2025-09-16,F03,0,1
Q006271,A01256,S4,2025-09-16,F02,0,1
Q006272,A01256,S5,2025-09-17,F03,1,0
Q006273,A01257,S4,2025-09-15,F02,0,1
Q006274,A01257,S4,2025-09-15,F01,0,1
Q006275,A01257,S4,2025-09-15,F03,0,1
Q006276,A01258,S3,2025-09-15,F01,0,1
Q006277,A01258,S4,2025-09-15,F04,0,1
Q006278,A01258,S5,2025-09-15,F02,0,1
Q006279,A01258,S5,2025-09-15,F06,1,0
Q006280,A01259,S3,2025-09-15,F06,1,0
Q006281,A01259,S4,2025-09-15,F01,1,0
Q006282,A01259,S4,2025-09-15,F01,0,1
Q006283,A01259,S4,2025-09-15,F01,0,1
Q006284,A01259,S5,2025-09-15,F01,1,0
Q006285,A01260,S5,2025-09-16,F02,0,1
Q006286,A01261,S3,2025-09-15,F06,0,1
Q006287,A01261,S3,2025-09-15,F06,1,0
Q006288,A01261,S4,2025-09-16,F02,0,1
Q006289,A01261,S5,2025-09-16,F03,0,1
Q006290,A01261,S5,2025-09-16,F02,0,1
Q006291,A01262,S3,2025-09-15,F01,0,1
Q006292,A01262,S4,2025-09-16,F01,0,1
Q006293,A01263,S3,2025-09-16,F02,0,1
Q006294,A01264,S4,2025-09-16,F01,0,1
Q006295,A01264,S4,2025-09-16,F06,0,1
Q006296,A01264,S4,2025-09-16,F02,0,1
Q006297,A01264,S4,2025-09-16,F06,0,1
Q006298,A01264,S4,2025-09-16,F02,1,0
Q006299,A01264,S4,2025-09-16,F01,0,1
Q006300,A01264,S5,2025-09-17,F01,0,1
Q006301,A01265,S3,2025-09-16,F01,0,1
Q006302,A01265,S3,2025-09-16,F02,0,1
Q006303,A01265,S3,2025-09-16,F03,0,1
Q006304,A01265,S3,2025-09-16,F01,1,0
Q006305,A01265,S4,2025-09-16,F06,0,1
Q006306,A01265,S4,2025-09-16,F01,1,0
Q006307,A01265,S4,2025-09-16,F01,1,0
Q006308,A01265,S4,2025-09-16,F03,0,1
Q006309,A01265,S4,2025-09-16,F01,0,1
Q006310,A01265,S4,2025-09-16,F01,1,0
Q006311,A01265,S5,2025-09-17,F01,0,1
Q006312,A01265,S5,2025-09-17,F01,1,0
Q006313,A01266,S3,2025-09-16,F03,0,1
Q006314,A01266,S4,2025-09-17,F05,0,1
Q006315,A01266,S4,2025-09-17,F01,1,0
Q006316,A01266,S4,2025-09-17,F05,1,0
Q006317,A01266,S4,2025-09-17,F02,0,1
Q006318,A01267,S5,2025-09-18,F01,0,1
Q006319,A01268,S3,2025-09-18,F01,0,1
Q006320,A01268,S3,2025-09-18,F03,0,1
Q006321,A01268,S4,2025-09-18,F03,0,1
Q006322,A01268,S4,2025-09-18,F06,0,1
Q006323,A01268,S5,2025-09-18,F04,1,0
Q006324,A01269,S3,2025-09-18,F04,0,1
Q006325,A01269,S3,2025-09-18,F01,1,0
Q006326,A01269,S4,2025-09-18,F04,0,1
Q006327,A01269,S4,2025-09-18,F04,0,1
Q006328,A01269,S5,2025-09-19,F04,0,1
Q006329,A01270,S3,2025-09-18,F03,0,1
Q006330,A01270,S3,2025-09-18,F04,1,0
Q006331,A01270,S3,2025-09-18,F03,0,1
Q006332,A01270,S3,2025-09-18,F03,0,1
Q006333,A01270,S3,2025-09-18,F02,0,1
Q006334,A01270,S4,2025-09-19,F01,0,1
Q006335,A01270,S4,2025-09-19,F01,1,0
Q006336,A01270,S4,2025-09-19,F03,0,1
Q006337,A01270,S4,2025-09-19,F03,0,1
Q006338,A01270,S4,2025-09-19,F03,0,1
Q006339,A01270,S5,2025-09-19,F02,0,1
Q006340,A01270,S5,2025-09-19,F01,1,0
Q006341,A01271,S3,2025-09-18,F01,0,1
Q006342,A01271,S3,2025-09-18,F02,0,1
Q006343,A01271,S4,2025-09-18,F01,0,1
Q006344,A01271,S4,2025-09-18,F03,0,1
Q006345,A01271,S5,2025-09-18,F04,0,1
Q006346,A01271,S5,2025-09-18,F01,1,0
Q006347,A01272,S4,2025-09-20,F01,0,1
Q006348,A01272,S5,2025-09-20,F01,0,1
Q006349,A01273,S3,2025-09-18,F01,1,0
Q006350,A01273,S3,2025-09-18,F02,1,0
Q006351,A01273,S5,2025-09-19,F03,0,1
Q006352,A01274,S4,2025-09-20,F01,0,1
Q006353,A01274,S4,2025-09-20,F01,1,0
Q006354,A01274,S4,2025-09-20,F04,1,0
Q006355,A01274,S4,2025-09-20,F01,0,1
Q006356,A01275,S4,2025-09-20,F01,1,0
Q006357,A01275,S4,2025-09-20,F02,0,1
Q006358,A01275,S5,2025-09-21,F04,0,1
Q006359,A01276,S3,2025-09-20,F04,0,1
Q006360,A01276,S4,2025-09-21,F04,0,1
Q006361,A01276,S5,2025-09-21,F04,0,1
Q006362,A01276,S5,2025-09-21,F05,0,1
Q006363,A01277,S4,2025-09-20,F03,0,1
Q006364,A01277,S4,2025-09-20,F01,1,0
Q006365,A01278,S4,2025-09-20,F02,0,1
Q006366,A01278,S4,2025-09-20,F04,0,1
Q006367,A01279,S3,2025-09-20,F04,1,0
Q006368,A01279,S4,2025-09-20,F03,0,1
Q006369,A01279,S4,2025-09-20,F01,0,1
Q006370,A01279,S4,2025-09-20,F01,0,1
Q006371,A01280,S4,2025-09-20,F02,0,1
Q006372,A01281,S3,2025-09-21,F02,0,1
Q006373,A01281,S3,2025-09-21,F01,0,1
Q006374,A01281,S3,2025-09-21,F03,1,0
Q006375,A01281,S3,2025-09-21,F01,0,1
Q006376,A01281,S3,2025-09-21,F02,0,1
Q006377,A01281,S4,2025-09-22,F01,1,0
Q006378,A01281,S4,2025-09-22,F03,0,1
Q006379,A01281,S4,2025-09-22,F01,1,0
Q006380,A01281,S4,2025-09-22,F01,1,0
Q006381,A01281,S5,2025-09-22,F03,0,1
Q006382,A01281,S5,2025-09-22,F02,0,1
Q006383,A01282,S3,2025-09-21,F06,1,0
Q006384,A01282,S3,2025-09-21,F02,0,1
Q006385,A01282,S4,2025-09-23,F05,0,1
Q006386,A01282,S4,2025-09-23,F02,0,1
Q006387,A01282,S4,2025-09-23,F05,0,1
Q006388,A01282,S4,2025-09-23,F04,0,1
Q006389,A01282,S4,2025-09-23,F01,0,1
Q006390,A01282,S4,2025-09-23,F01,0,1
Q006391,A01282,S5,2025-09-23,F03,0,1
Q006392,A01283,S4,2025-09-21,F04,0,1
Q006393,A01283,S4,2025-09-21,F03,0,1
Q006394,A01283,S4,2025-09-21,F01,0,1
Q006395,A01283,S4,2025-09-21,F02,0,1
Q006396,A01283,S4,2025-09-21,F01,0,1
Q006397,A01284,S3,2025-09-21,F03,0,1
Q006398,A01284,S3,2025-09-21,F03,0,1
Q006399,A01284,S4,2025-09-22,F01,1,0
Q006400,A01284,S4,2025-09-22,F04,0,1
Q006401,A01284,S4,2025-09-22,F04,0,1
Q006402,A01284,S4,2025-09-22,F04,0,1
Q006403,A01284,S5,2025-09-23,F05,0,1
Q006404,A01285,S3,2025-09-22,F03,1,0
Q006405,A01285,S4,2025-09-23,F03,1,0
Q006406,A01285,S4,2025-09-23,F02,0,1
Q006407,A01286,S4,2025-09-22,F06,0,1
Q006408,A01287,S3,2025-09-22,F04,0,1
Q006409,A01287,S3,2025-09-22,F01,0,1
Q006410,A01287,S3,2025-09-22,F04,1,0
Q006411,A01287,S3,2025-09-22,F03,0,1
Q006412,A01287,S3,2025-09-22,F02,0,1
Q006413,A01287,S4,2025-09-22,F06,0,1
Q006414,A01287,S5,2025-09-22,F01,0,1
Q006415,A01287,S5,2025-09-22,F05,1,0
Q006416,A01288,S3,2025-09-22,F01,0,1
Q006417,A01288,S3,2025-09-22,F03,0,1
Q006418,A01288,S3,2025-09-22,F02,0,1
Q006419,A01288,S4,2025-09-23,F03,0,1
Q006420,A01288,S4,2025-09-23,F04,0,1
Q006421,A01288,S4,2025-09-23,F03,0,1
Q006422,A01288,S5,2025-09-23,F02,0,1
Q006423,A01288,S5,2025-09-23,F03,0,1
Q006424,A01288,S5,2025-09-23,F02,0,1
Q006425,A01288,S5,2025-09-23,F01,0,1
Q006426,A01289,S4,2025-09-22,F01,0,1
Q006427,A01290,S3,2025-09-22,F04,0,1
Q006428,A01290,S3,2025-09-22,F01,0,1
Q006429,A01290,S4,2025-09-22,F01,0,1
Q006430,A01290,S4,2025-09-22,F04,0,1
Q006431,A01290,S4,2025-09-22,F04,0,1
Q006432,A01290,S4,2025-09-22,F02,0,1
Q006433,A01290,S5,2025-09-22,F02,0,1
Q006434,A01290,S5,2025-09-22,F03,0,1
Q006435,A01290,S5,2025-09-22,F02,0,1
Q006436,A01291,S4,2025-09-23,F01,1,0
Q006437,A01291,S4,2025-09-23,F01,0,1
Q006438,A01291,S5,2025-09-23,F02,0,1
Q006439,A01291,S5,2025-09-23,F03,0,1
Q006440,A01292,S3,2025-09-23,F03,0,1
Q006441,A01292,S3,2025-09-23,F05,0,1
Q006442,A01292,S3,2025-09-23,F02,0,1
Q006443,A01292,S3,2025-09-23,F01,0,1
Q006444,A01292,S3,2025-09-23,F04,0,1
Q006445,A01292,S4,2025-09-24,F03,0,1
Q006446,A01292,S5,2025-09-24,F05,1,0
Q006447,A01293,S3,2025-09-23,F01,0,1
Q006448,A01293,S3,2025-09-23,F06,0,1
Q006449,A01293,S4,2025-09-23,F05,0,1
Q006450,A01293,S4,2025-09-23,F03,0,1
Q006451,A01293,S4,2025-09-23,F03,0,1
Q006452,A01293,S5,2025-09-23,F01,1,0
Q006453,A01294,S4,2025-09-22,F06,0,1
Q006454,A01294,S4,2025-09-22,F04,1,0
Q006455,A01294,S4,2025-09-22,F05,0,1
Q006456,A01294,S4,2025-09-22,F01,1,0
Q006457,A01294,S5,2025-09-22,F03,1,0
Q006458,A01295,S3,2025-09-22,F04,0,1
Q006459,A01295,S3,2025-09-22,F01,1,0
Q006460,A01295,S4,2025-09-23,F03,0,1
Q006461,A01295,S4,2025-09-23,F03,0,1
Q006462,A01295,S4,2025-09-23,F02,0,1
Q006463,A01295,S4,2025-09-23,F05,0,1
Q006464,A01295,S4,2025-09-23,F01,0,1
Q006465,A01296,S3,2025-09-23,F03,0,1
Q006466,A01296,S3,2025-09-23,F02,0,1
Q006467,A01298,S3,2025-09-23,F01,0,1
Q006468,A01299,S3,2025-09-23,F04,1,0
Q006469,A01299,S3,2025-09-23,F01,1,0
Q006470,A01299,S3,2025-09-23,F06,0,1
Q006471,A01299,S4,2025-09-23,F02,0,1
Q006472,A01299,S4,2025-09-23,F02,1,0
Q006473,A01299,S4,2025-09-23,F02,1,0
Q006474,A01299,S4,2025-09-23,F01,0,1
Q006475,A01299,S5,2025-09-23,F01,1,0
Q006476,A01299,S5,2025-09-23,F01,0,1
Q006477,A01299,S5,2025-09-23,F01,0,1
Q006478,A01300,S4,2025-09-24,F02,0,1
Q006479,A01301,S3,2025-09-24,F06,0,1
Q006480,A01301,S4,2025-09-25,F05,0,1
Q006481,A01301,S4,2025-09-25,F04,0,1
Q006482,A01301,S4,2025-09-25,F03,0,1
Q006483,A01301,S4,2025-09-25,F03,0,1
Q006484,A01301,S4,2025-09-25,F01,0,1
Q006485,A01302,S3,2025-09-24,F01,0,1
Q006486,A01302,S4,2025-09-25,F05,0,1
Q006487,A01302,S4,2025-09-25,F04,1,0
Q006488,A01302,S4,2025-09-25,F02,0,1
Q006489,A01302,S5,2025-09-25,F02,0,1
Q006490,A01303,S3,2025-09-24,F05,0,1
Q006491,A01303,S3,2025-09-24,F01,0,1
Q006492,A01303,S4,2025-09-24,F02,1,0
Q006493,A01303,S4,2025-09-24,F01,0,1
Q006494,A01303,S4,2025-09-24,F01,1,0
Q006495,A01303,S4,2025-09-24,F02,0,1
Q006496,A01303,S4,2025-09-24,F02,0,1
Q006497,A01303,S5,2025-09-24,F04,1,0
Q006498,A01304,S4,2025-09-24,F01,1,0
Q006499,A01304,S5,2025-09-24,F01,0,1
Q006500,A01305,S4,2025-09-24,F01,0,1
Q006501,A01305,S4,2025-09-24,F04,0,1
Q006502,A01305,S4,2025-09-24,F01,0,1
Q006503,A01305,S4,2025-09-24,F04,0,1
Q006504,A01305,S4,2025-09-24,F03,0,1
Q006505,A01305,S4,2025-09-24,F02,1,0
Q006506,A01306,S3,2025-09-24,F01,1,0
Q006507,A01306,S4,2025-09-25,F03,0,1
Q006508,A01306,S5,2025-09-25,F06,0,1
Q006509,A01306,S5,2025-09-25,F01,0,1
Q006510,A01307,S3,2025-09-24,F01,1,0
Q006511,A01307,S3,2025-09-24,F05,0,1
Q006512,A01307,S4,2025-09-24,F04,0,1
Q006513,A01307,S4,2025-09-24,F05,0,1
Q006514,A01308,S3,2025-09-25,F01,0,1
Q006515,A01308,S4,2025-09-25,F02,0,1
Q006516,A01308,S5,2025-09-26,F02,1,0
Q006517,A01309,S3,2025-09-25,F03,0,1
Q006518,A01309,S4,2025-09-27,F04,0,1
Q006519,A01309,S5,2025-09-27,F03,0,1
Q006520,A01309,S5,2025-09-27,F01,0,1
Q006521,A01310,S3,2025-09-25,F03,0,1
Q006522,A01310,S3,2025-09-25,F04,0,1
Q006523,A01310,S3,2025-09-25,F04,0,1
Q006524,A01310,S3,2025-09-25,F01,1,0
Q006525,A01310,S4,2025-09-25,F04,1,0
Q006526,A01310,S4,2025-09-25,F02,1,0
Q006527,A01310,S4,2025-09-25,F05,0,1
Q006528,A01310,S4,2025-09-25,F01,1,0
Q006529,A01310,S5,2025-09-26,F02,0,1
Q006530,A01310,S5,2025-09-26,F06,0,1
Q006531,A01310,S5,2025-09-26,F01,0,1
Q006532,A01310,S5,2025-09-26,F06,1,0
Q006533,A01310,S5,2025-09-26,F03,0,1
Q006534,A01310,S5,2025-09-26,F01,0,1
Q006535,A01312,S4,2025-09-25,F06,0,1
Q006536,A01312,S5,2025-09-25,F04,1,0
Q006537,A01313,S3,2025-09-26,F04,0,1
Q006538,A01313,S3,2025-09-26,F02,0,1
Q006539,A01313,S4,2025-09-27,F03,0,1
Q006540,A01313,S4,2025-09-27,F06,0,1
Q006541,A01313,S4,2025-09-27,F01,0,1
Q006542,A01313,S4,2025-09-27,F04,1,0
Q006543,A01313,S4,2025-09-27,F06,1,0
Q006544,A01313,S4,2025-09-27,F05,0,1
Q006545,A01313,S4,2025-09-27,F01,0,1
Q006546,A01313,S4,2025-09-27,F01,0,1
Q006547,A01313,S4,2025-09-27,F03,0,1
Q006548,A01313,S5,2025-09-28,F01,0,1
Q006549,A01313,S5,2025-09-28,F04,1,0
Q006550,A01313,S5,2025-09-28,F01,0,1
Q006551,A01313,S5,2025-09-28,F02,0,1
Q006552,A01313,S5,2025-09-28,F03,0,1
Q006553,A01314,S3,2025-09-26,F01,1,0
Q006554,A01314,S4,2025-09-27,F01,0,1
Q006555,A01314,S4,2025-09-27,F01,0,1
Q006556,A01314,S4,2025-09-27,F04,1,0
Q006557,A01314,S4,2025-09-27,F03,0,1
Q006558,A01314,S4,2025-09-27,F06,1,0
Q006559,A01315,S3,2025-09-26,F02,0,1
Q006560,A01315,S3,2025-09-26,F05,0,1
Q006561,A01315,S3,2025-09-26,F01,0,1
Q006562,A01315,S4,2025-09-27,F01,1,0
Q006563,A01315,S4,2025-09-27,F02,0,1
Q006564,A01315,S5,2025-09-27,F03,0,1
Q006565,A01315,S5,2025-09-27,F01,0,1
Q006566,A01315,S5,2025-09-27,F03,0,1
Q006567,A01316,S3,2025-09-25,F05,0,1
Q006568,A01316,S4,2025-09-27,F06,0,1
Q006569,A01316,S4,2025-09-27,F01,1,0
Q006570,A01316,S4,2025-09-27,F04,0,1
Q006571,A01316,S4,2025-09-27,F01,0,1
Q006572,A01316,S5,2025-09-27,F01,1,0
Q006573,A01317,S3,2025-09-27,F02,0,1
Q006574,A01317,S3,2025-09-27,F06,0,1
Q006575,A01317,S4,2025-09-28,F01,0,1
Q006576,A01317,S5,2025-09-28,F05,1,0
Q006577,A01318,S3,2025-09-27,F02,0,1
Q006578,A01318,S3,2025-09-27,F01,0,1
Q006579,A01318,S4,2025-09-28,F04,0,1
Q006580,A01318,S4,2025-09-28,F02,0,1
Q006581,A01318,S4,2025-09-28,F03,0,1
Q006582,A01318,S4,2025-09-28,F05,0,1
Q006583,A01318,S5,2025-09-28,F02,0,1
Q006584,A01319,S3,2025-09-27,F02,1,0
Q006585,A01319,S4,2025-09-28,F03,1,0
Q006586,A01319,S5,2025-09-28,F02,1,0
Q006587,A01320,S3,2025-09-27,F04,0,1
Q006588,A01320,S4,2025-09-27,F03,0,1
Q006589,A01320,S4,2025-09-27,F02,0,1
Q006590,A01320,S4,2025-09-27,F03,0,1
Q006591,A01320,S4,2025-09-27,F05,0,1
Q006592,A01320,S4,2025-09-27,F01,0,1
Q006593,A01320,S4,2025-09-27,F01,1,0
Q006594,A01320,S4,2025-09-27,F03,0,1
Q006595,A01320,S4,2025-09-27,F04,0,1
Q006596,A01320,S5,2025-09-28,F02,0,1
Q006597,A01320,S5,2025-09-28,F02,0,1
Q006598,A01320,S5,2025-09-28,F01,0,1
Q006599,A01321,S4,2025-09-28,F05,0,1
Q006600,A01322,S3,2025-09-28,F03,0,1
Q006601,A01322,S3,2025-09-28,F02,0,1
Q006602,A01322,S4,2025-09-29,F01,0,1
Q006603,A01322,S4,2025-09-29,F03,0,1
Q006604,A01322,S4,2025-09-29,F05,0,1
Q006605,A01322,S4,2025-09-29,F06,0,1
Q006606,A01322,S4,2025-09-29,F03,0,1
Q006607,A01322,S5,2025-09-29,F01,0,1
Q006608,A01322,S5,2025-09-29,F01,0,1
Q006609,A01323,S3,2025-09-28,F01,1,0
Q006610,A01323,S4,2025-09-29,F01,1,0
Q006611,A01323,S4,2025-09-29,F03,0,1
Q006612,A01324,S3,2025-09-28,F01,0,1
Q006613,A01324,S3,2025-09-28,F05,0,1
Q006614,A01324,S4,2025-09-29,F01,0,1
Q006615,A01324,S4,2025-09-29,F01,0,1
Q006616,A01324,S4,2025-09-29,F01,0,1
Q006617,A01324,S5,2025-09-30,F01,1,0
Q006618,A01325,S3,2025-09-28,F03,0,1
Q006619,A01325,S4,2025-09-29,F03,1,0
Q006620,A01325,S5,2025-09-29,F04,1,0
Q006621,A01326,S3,2025-09-29,F05,0,1
Q006622,A01326,S3,2025-09-29,F01,0,1
Q006623,A01326,S5,2025-09-29,F03,0,1
Q006624,A01327,S3,2025-09-29,F05,0,1
Q006625,A01327,S4,2025-09-29,F04,1,0
Q006626,A01327,S4,2025-09-29,F05,0,1
Q006627,A01327,S4,2025-09-29,F01,0,1
Q006628,A01328,S3,2025-09-28,F01,0,1
Q006629,A01329,S3,2025-09-29,F01,0,1
Q006630,A01329,S3,2025-09-29,F04,0,1
Q006631,A01329,S4,2025-09-30,F01,1,0
Q006632,A01329,S4,2025-09-30,F01,0,1
Q006633,A01329,S4,2025-09-30,F01,1,0
Q006634,A01329,S4,2025-09-30,F02,0,1
Q006635,A01329,S5,2025-09-30,F04,0,1
Q006636,A01331,S3,2025-09-30,F01,1,0
Q006637,A01331,S4,2025-09-30,F02,1,0
Q006638,A01331,S5,2025-09-30,F02,0,1
Q006639,A01332,S4,2025-10-02,F05,0,1
Q006640,A01332,S5,2025-10-02,F01,0,1
Q006641,A01333,S3,2025-09-30,F01,1,0
Q006642,A01333,S3,2025-09-30,F01,1,0
Q006643,A01333,S3,2025-09-30,F02,0,1
Q006644,A01333,S3,2025-09-30,F01,0,1
Q006645,A01333,S3,2025-09-30,F04,0,1
Q006646,A01333,S4,2025-09-30,F04,1,0
Q006647,A01333,S4,2025-09-30,F01,0,1
Q006648,A01333,S4,2025-09-30,F01,1,0
Q006649,A01333,S4,2025-09-30,F05,0,1
Q006650,A01333,S4,2025-09-30,F02,0,1
Q006651,A01333,S4,2025-09-30,F01,1,0
Q006652,A01333,S4,2025-09-30,F06,0,1
Q006653,A01333,S4,2025-09-30,F03,1,0
Q006654,A01333,S4,2025-09-30,F01,1,0
Q006655,A01334,S3,2025-09-30,F01,0,1
Q006656,A01334,S4,2025-10-01,F02,1,0
Q006657,A01334,S4,2025-10-01,F01,1,0
Q006658,A01335,S3,2025-09-30,F02,0,1
Q006659,A01335,S4,2025-10-01,F03,1,0
Q006660,A01335,S4,2025-10-01,F02,0,1
Q006661,A01335,S5,2025-10-02,F02,0,1
Q006662,A01335,S5,2025-10-02,F06,0,1
Q006663,A01336,S3,2025-09-30,F03,0,1
Q006664,A01336,S3,2025-09-30,F01,0,1
Q006665,A01336,S3,2025-09-30,F02,0,1
Q006666,A01336,S4,2025-10-01,F04,1,0
Q006667,A01336,S5,2025-10-01,F05,0,1
Q006668,A01336,S5,2025-10-01,F02,0,1
Q006669,A01338,S3,2025-10-01,F01,0,1
Q006670,A01338,S3,2025-10-01,F02,0,1
Q006671,A01338,S4,2025-10-01,F02,1,0
Q006672,A01338,S4,2025-10-01,F02,0,1
Q006673,A01338,S4,2025-10-01,F03,1,0
Q006674,A01338,S4,2025-10-01,F01,0,1
Q006675,A01338,S4,2025-10-01,F01,1,0
Q006676,A01338,S4,2025-10-01,F06,0,1
Q006677,A01339,S3,2025-10-01,F02,0,1
Q006678,A01339,S4,2025-10-01,F04,1,0
Q006679,A01339,S4,2025-10-01,F01,0,1
Q006680,A01339,S5,2025-10-01,F03,0,1
Q006681,A01339,S5,2025-10-01,F02,1,0
Q006682,A01341,S3,2025-10-01,F06,0,1
Q006683,A01341,S3,2025-10-01,F04,1,0
Q006684,A01341,S3,2025-10-01,F04,1,0
Q006685,A01341,S3,2025-10-01,F02,1,0
Q006686,A01341,S3,2025-10-01,F02,0,1
Q006687,A01341,S4,2025-10-01,F04,0,1
Q006688,A01341,S4,2025-10-01,F03,0,1
Q006689,A01341,S4,2025-10-01,F04,1,0
Q006690,A01341,S4,2025-10-01,F01,1,0
Q006691,A01341,S5,2025-10-01,F01,0,1
Q006692,A01341,S5,2025-10-01,F02,0,1
Q006693,A01342,S3,2025-10-01,F04,1,0
Q006694,A01342,S3,2025-10-01,F04,0,1
Q006695,A01342,S3,2025-10-01,F01,0,1
Q006696,A01342,S4,2025-10-01,F02,0,1
Q006697,A01342,S4,2025-10-01,F02,1,0
Q006698,A01342,S5,2025-10-01,F04,0,1
Q006699,A01342,S5,2025-10-01,F02,0,1
Q006700,A01343,S4,2025-10-01,F06,0,1
Q006701,A01343,S4,2025-10-01,F01,0,1
Q006702,A01344,S3,2025-10-01,F03,1,0
Q006703,A01344,S4,2025-10-01,F03,0,1
Q006704,A01344,S5,2025-10-02,F04,0,1
Q006705,A01345,S3,2025-10-01,F05,0,1
Q006706,A01346,S3,2025-10-01,F05,0,1
Q006707,A01346,S3,2025-10-01,F03,0,1
Q006708,A01346,S3,2025-10-01,F02,0,1
Q006709,A01346,S4,2025-10-02,F03,0,1
Q006710,A01346,S4,2025-10-02,F01,1,0
Q006711,A01346,S4,2025-10-02,F03,0,1
Q006712,A01346,S5,2025-10-03,F05,0,1
Q006713,A01346,S5,2025-10-03,F02,0,1
Q006714,A01346,S5,2025-10-03,F02,0,1
Q006715,A01347,S3,2025-10-02,F01,0,1
Q006716,A01347,S4,2025-10-03,F01,0,1
Q006717,A01347,S4,2025-10-03,F01,0,1
Q006718,A01348,S3,2025-10-02,F01,1,0
Q006719,A01348,S5,2025-10-03,F01,1,0
Q006720,A01348,S5,2025-10-03,F03,0,1
Q006721,A01349,S3,2025-10-02,F03,0,1
Q006722,A01349,S3,2025-10-02,F01,0,1
Q006723,A01349,S4,2025-10-02,F05,0,1
Q006724,A01349,S4,2025-10-02,F06,0,1
Q006725,A01350,S3,2025-10-02,F01,1,0
Q006726,A01350,S4,2025-10-02,F03,0,1
Q006727,A01350,S4,2025-10-02,F02,0,1
Q006728,A01351,S4,2025-10-04,F01,0,1
Q006729,A01351,S4,2025-10-04,F04,0,1
Q006730,A01352,S4,2025-10-02,F02,0,1
Q006731,A01352,S5,2025-10-02,F06,0,1
Q006732,A01353,S4,2025-10-02,F02,0,1
Q006733,A01353,S5,2025-10-02,F01,0,1
Q006734,A01354,S3,2025-10-03,F05,0,1
Q006735,A01354,S3,2025-10-03,F04,0,1
Q006736,A01354,S3,2025-10-03,F01,1,0
Q006737,A01354,S3,2025-10-03,F01,1,0
Q006738,A01354,S4,2025-10-03,F05,0,1
Q006739,A01354,S4,2025-10-03,F01,0,1
Q006740,A01354,S4,2025-10-03,F01,1,0
Q006741,A01354,S4,2025-10-03,F05,0,1
Q006742,A01354,S4,2025-10-03,F06,0,1
Q006743,A01354,S5,2025-10-04,F02,0,1
Q006744,A01354,S5,2025-10-04,F01,1,0
Q006745,A01354,S5,2025-10-04,F06,0,1
Q006746,A01355,S3,2025-10-03,F01,0,1
Q006747,A01355,S3,2025-10-03,F05,1,0
Q006748,A01355,S4,2025-10-03,F04,1,0
Q006749,A01357,S3,2025-10-03,F01,0,1
Q006750,A01357,S3,2025-10-03,F01,1,0
Q006751,A01357,S4,2025-10-03,F04,0,1
Q006752,A01357,S4,2025-10-03,F02,0,1
Q006753,A01357,S4,2025-10-03,F06,0,1
Q006754,A01357,S4,2025-10-03,F01,0,1
Q006755,A01357,S4,2025-10-03,F04,0,1
Q006756,A01357,S4,2025-10-03,F01,0,1
Q006757,A01357,S4,2025-10-03,F04,0,1
Q006758,A01357,S4,2025-10-03,F03,0,1
Q006759,A01357,S5,2025-10-03,F03,0,1
Q006760,A01357,S5,2025-10-03,F05,0,1
Q006761,A01357,S5,2025-10-03,F01,0,1
Q006762,A01357,S5,2025-10-03,F01,1,0
Q006763,A01358,S3,2025-10-04,F03,1,0
Q006764,A01358,S3,2025-10-04,F03,0,1
Q006765,A01358,S3,2025-10-04,F05,0,1
Q006766,A01358,S5,2025-10-04,F01,1,0
Q006767,A01358,S5,2025-10-04,F02,1,0
Q006768,A01358,S5,2025-10-04,F04,0,1
Q006769,A01359,S3,2025-10-04,F02,0,1
Q006770,A01359,S3,2025-10-04,F02,1,0
Q006771,A01359,S3,2025-10-04,F05,0,1
Q006772,A01359,S3,2025-10-04,F01,0,1
Q006773,A01359,S4,2025-10-05,F06,0,1
Q006774,A01359,S4,2025-10-05,F02,0,1
Q006775,A01359,S4,2025-10-05,F06,0,1
Q006776,A01359,S4,2025-10-05,F05,0,1
Q006777,A01359,S4,2025-10-05,F01,0,1
Q006778,A01359,S5,2025-10-05,F05,0,1
Q006779,A01360,S3,2025-10-04,F04,0,1
Q006780,A01360,S3,2025-10-04,F01,0,1
Q006781,A01360,S4,2025-10-04,F05,0,1
Q006782,A01360,S4,2025-10-04,F02,0,1
Q006783,A01360,S4,2025-10-04,F01,0,1
Q006784,A01360,S5,2025-10-05,F01,0,1
Q006785,A01361,S4,2025-10-05,F02,0,1
Q006786,A01361,S4,2025-10-05,F03,0,1
Q006787,A01362,S3,2025-10-04,F03,0,1
Q006788,A01362,S3,2025-10-04,F05,0,1
Q006789,A01362,S4,2025-10-04,F05,0,1
Q006790,A01362,S4,2025-10-04,F04,0,1
Q006791,A01362,S4,2025-10-04,F01,0,1
Q006792,A01363,S3,2025-10-04,F02,0,1
Q006793,A01363,S3,2025-10-04,F01,0,1
Q006794,A01363,S3,2025-10-04,F01,0,1
Q006795,A01363,S4,2025-10-04,F03,0,1
Q006796,A01363,S4,2025-10-04,F04,1,0
Q006797,A01363,S4,2025-10-04,F03,0,1
Q006798,A01363,S4,2025-10-04,F01,0,1
Q006799,A01363,S5,2025-10-04,F01,1,0
Q006800,A01363,S5,2025-10-04,F04,0,1
Q006801,A01363,S5,2025-10-04,F02,0,1
Q006802,A01363,S5,2025-10-04,F01,1,0
Q006803,A01363,S5,2025-10-04,F01,0,1
Q006804,A01364,S3,2025-10-04,F03,0,1
Q006805,A01364,S3,2025-10-04,F01,0,1
Q006806,A01364,S3,2025-10-04,F03,0,1
Q006807,A01364,S3,2025-10-04,F03,0,1
Q006808,A01364,S4,2025-10-05,F04,1,0
Q006809,A01364,S4,2025-10-05,F05,0,1
Q006810,A01364,S4,2025-10-05,F02,0,1
Q006811,A01364,S4,2025-10-05,F06,1,0
Q006812,A01364,S4,2025-10-05,F01,0,1
Q006813,A01364,S4,2025-10-05,F02,0,1
Q006814,A01364,S4,2025-10-05,F02,0,1
Q006815,A01364,S4,2025-10-05,F01,0,1
Q006816,A01364,S5,2025-10-06,F06,1,0
Q006817,A01364,S5,2025-10-06,F02,1,0
Q006818,A01364,S5,2025-10-06,F04,1,0
Q006819,A01364,S5,2025-10-06,F03,0,1
Q006820,A01365,S3,2025-10-04,F04,1,0
Q006821,A01365,S3,2025-10-04,F03,0,1
Q006822,A01365,S3,2025-10-04,F06,0,1
Q006823,A01365,S3,2025-10-04,F01,0,1
Q006824,A01365,S4,2025-10-04,F04,0,1
Q006825,A01365,S4,2025-10-04,F02,0,1
Q006826,A01365,S4,2025-10-04,F01,0,1
Q006827,A01365,S4,2025-10-04,F06,0,1
Q006828,A01365,S4,2025-10-04,F02,0,1
Q006829,A01365,S4,2025-10-04,F03,0,1
Q006830,A01365,S4,2025-10-04,F04,0,1
Q006831,A01365,S5,2025-10-04,F02,0,1
Q006832,A01365,S5,2025-10-04,F03,0,1
Q006833,A01365,S5,2025-10-04,F03,0,1
Q006834,A01366,S3,2025-10-05,F01,1,0
Q006835,A01366,S4,2025-10-06,F02,0,1
Q006836,A01366,S4,2025-10-06,F01,0,1
Q006837,A01366,S4,2025-10-06,F03,0,1
Q006838,A01366,S4,2025-10-06,F02,0,1
Q006839,A01366,S4,2025-10-06,F05,0,1
Q006840,A01366,S5,2025-10-06,F02,0,1
Q006841,A01366,S5,2025-10-06,F01,0,1
Q006842,A01366,S5,2025-10-06,F03,0,1
Q006843,A01367,S5,2025-10-06,F03,0,1
Q006844,A01368,S3,2025-10-05,F01,1,0
Q006845,A01368,S3,2025-10-05,F04,1,0
Q006846,A01368,S3,2025-10-05,F01,0,1
Q006847,A01368,S4,2025-10-05,F03,0,1
Q006848,A01368,S4,2025-10-05,F05,0,1
Q006849,A01368,S4,2025-10-05,F04,1,0
Q006850,A01368,S4,2025-10-05,F04,0,1
Q006851,A01368,S4,2025-10-05,F01,0,1
Q006852,A01368,S5,2025-10-06,F02,1,0
Q006853,A01368,S5,2025-10-06,F01,0,1
Q006854,A01368,S5,2025-10-06,F04,1,0
Q006855,A01368,S5,2025-10-06,F01,0,1
Q006856,A01369,S3,2025-10-05,F05,0,1
Q006857,A01369,S3,2025-10-05,F05,0,1
Q006858,A01369,S4,2025-10-07,F02,0,1
Q006859,A01369,S4,2025-10-07,F01,0,1
Q006860,A01369,S5,2025-10-07,F05,0,1
Q006861,A01369,S5,2025-10-07,F02,0,1
Q006862,A01371,S3,2025-10-05,F06,0,1
Q006863,A01371,S3,2025-10-05,F02,0,1
Q006864,A01371,S3,2025-10-05,F05,1,0
Q006865,A01371,S4,2025-10-06,F01,0,1
Q006866,A01371,S4,2025-10-06,F02,0,1
Q006867,A01371,S5,2025-10-06,F05,0,1
Q006868,A01371,S5,2025-10-06,F05,0,1
Q006869,A01371,S5,2025-10-06,F02,0,1
Q006870,A01371,S5,2025-10-06,F03,1,0
Q006871,A01372,S3,2025-10-05,F06,1,0
Q006872,A01372,S3,2025-10-05,F01,0,1
Q006873,A01372,S4,2025-10-06,F01,0,1
Q006874,A01372,S4,2025-10-06,F02,1,0
Q006875,A01372,S4,2025-10-06,F01,1,0
Q006876,A01372,S4,2025-10-06,F03,0,1
Q006877,A01372,S4,2025-10-06,F02,0,1
Q006878,A01372,S4,2025-10-06,F01,0,1
Q006879,A01372,S5,2025-10-07,F06,1,0
Q006880,A01372,S5,2025-10-07,F01,0,1
Q006881,A01372,S5,2025-10-07,F02,0,1
Q006882,A01373,S3,2025-10-05,F02,0,1
Q006883,A01373,S3,2025-10-05,F02,0,1
Q006884,A01373,S3,2025-10-05,F01,1,0
Q006885,A01373,S3,2025-10-05,F03,1,0
Q006886,A01373,S4,2025-10-06,F02,0,1
Q006887,A01373,S4,2025-10-06,F01,0,1
Q006888,A01373,S4,2025-10-06,F01,0,1
Q006889,A01373,S4,2025-10-06,F06,1,0
Q006890,A01373,S4,2025-10-06,F01,1,0
Q006891,A01373,S5,2025-10-06,F06,0,1
Q006892,A01373,S5,2025-10-06,F06,0,1
Q006893,A01373,S5,2025-10-06,F03,0,1
Q006894,A01373,S5,2025-10-06,F02,0,1
Q006895,A01374,S3,2025-10-06,F04,0,1
Q006896,A01375,S4,2025-10-07,F02,1,0
Q006897,A01376,S4,2025-10-07,F03,0,1
Q006898,A01376,S4,2025-10-07,F03,0,1
Q006899,A01376,S4,2025-10-07,F03,0,1
Q006900,A01376,S4,2025-10-07,F02,0,1
Q006901,A01376,S5,2025-10-07,F01,0,1
Q006902,A01377,S3,2025-10-06,F02,0,1
Q006903,A01377,S3,2025-10-06,F05,0,1
Q006904,A01377,S3,2025-10-06,F01,1,0
Q006905,A01377,S4,2025-10-07,F03,0,1
Q006906,A01377,S4,2025-10-07,F01,0,1
Q006907,A01378,S3,2025-10-05,F01,0,1
Q006908,A01378,S4,2025-10-06,F02,0,1
Q006909,A01378,S4,2025-10-06,F02,0,1
Q006910,A01379,S3,2025-10-07,F03,0,1
Q006911,A01379,S4,2025-10-08,F04,0,1
Q006912,A01379,S4,2025-10-08,F02,0,1
Q006913,A01379,S4,2025-10-08,F03,0,1
Q006914,A01379,S4,2025-10-08,F03,0,1
Q006915,A01380,S3,2025-10-07,F02,0,1
Q006916,A01380,S3,2025-10-07,F02,0,1
Q006917,A01380,S4,2025-10-08,F03,0,1
Q006918,A01380,S4,2025-10-08,F01,1,0
Q006919,A01380,S4,2025-10-08,F03,0,1
Q006920,A01381,S4,2025-10-07,F01,0,1
Q006921,A01382,S3,2025-10-07,F01,0,1
Q006922,A01382,S3,2025-10-07,F01,0,1
Q006923,A01382,S4,2025-10-07,F03,0,1
Q006924,A01382,S4,2025-10-07,F06,0,1
Q006925,A01382,S4,2025-10-07,F01,0,1
Q006926,A01382,S5,2025-10-08,F01,0,1
Q006927,A01382,S5,2025-10-08,F01,0,1
Q006928,A01383,S3,2025-10-07,F03,0,1
Q006929,A01385,S3,2025-10-08,F03,0,1
Q006930,A01385,S4,2025-10-08,F05,1,0
Q006931,A01385,S4,2025-10-08,F04,1,0
Q006932,A01385,S4,2025-10-08,F02,0,1
Q006933,A01385,S4,2025-10-08,F02,0,1
Q006934,A01385,S4,2025-10-08,F01,0,1
Q006935,A01385,S4,2025-10-08,F02,1,0
Q006936,A01385,S4,2025-10-08,F01,0,1
Q006937,A01385,S4,2025-10-08,F03,0,1
Q006938,A01385,S4,2025-10-08,F02,0,1
Q006939,A01385,S5,2025-10-08,F01,1,0
Q006940,A01385,S5,2025-10-08,F01,0,1
Q006941,A01386,S3,2025-10-08,F01,0,1
Q006942,A01386,S4,2025-10-08,F01,0,1
Q006943,A01386,S4,2025-10-08,F06,0,1
Q006944,A01386,S5,2025-10-08,F04,0,1
Q006945,A01387,S3,2025-10-08,F05,0,1
Q006946,A01387,S3,2025-10-08,F02,0,1
Q006947,A01387,S3,2025-10-08,F03,0,1
Q006948,A01387,S4,2025-10-08,F06,0,1
Q006949,A01387,S4,2025-10-08,F01,1,0
Q006950,A01387,S4,2025-10-08,F06,0,1
Q006951,A01387,S4,2025-10-08,F04,0,1
Q006952,A01387,S5,2025-10-08,F03,0,1
Q006953,A01389,S3,2025-10-08,F01,0,1
Q006954,A01389,S3,2025-10-08,F02,0,1
Q006955,A01389,S4,2025-10-10,F03,0,1
Q006956,A01389,S4,2025-10-10,F04,0,1
Q006957,A01389,S4,2025-10-10,F01,1,0
Q006958,A01389,S5,2025-10-10,F03,0,1
Q006959,A01389,S5,2025-10-10,F02,0,1
Q006960,A01390,S3,2025-10-08,F02,0,1
Q006961,A01390,S4,2025-10-08,F02,0,1
Q006962,A01390,S4,2025-10-08,F06,0,1
Q006963,A01390,S4,2025-10-08,F03,0,1
Q006964,A01390,S4,2025-10-08,F01,0,1
Q006965,A01391,S3,2025-10-09,F01,1,0
Q006966,A01391,S3,2025-10-09,F01,0,1
Q006967,A01391,S3,2025-10-09,F01,0,1
Q006968,A01391,S4,2025-10-09,F01,0,1
Q006969,A01391,S4,2025-10-09,F05,1,0
Q006970,A01391,S4,2025-10-09,F01,0,1
Q006971,A01391,S4,2025-10-09,F02,0,1
Q006972,A01391,S5,2025-10-09,F03,0,1
Q006973,A01392,S3,2025-10-10,F03,0,1
Q006974,A01392,S3,2025-10-10,F01,0,1
Q006975,A01392,S3,2025-10-10,F04,0,1
Q006976,A01392,S3,2025-10-10,F03,0,1
Q006977,A01392,S4,2025-10-10,F02,0,1
Q006978,A01392,S4,2025-10-10,F06,0,1
Q006979,A01392,S4,2025-10-10,F01,0,1
Q006980,A01392,S4,2025-10-10,F04,1,0
Q006981,A01392,S4,2025-10-10,F01,1,0
Q006982,A01392,S4,2025-10-10,F03,0,1
Q006983,A01392,S4,2025-10-10,F01,1,0
Q006984,A01392,S4,2025-10-10,F04,0,1
Q006985,A01392,S5,2025-10-10,F01,0,1
Q006986,A01392,S5,2025-10-10,F06,0,1
Q006987,A01393,S3,2025-10-09,F02,1,0
Q006988,A01393,S3,2025-10-09,F03,0,1
Q006989,A01393,S3,2025-10-09,F05,0,1
Q006990,A01393,S3,2025-10-09,F04,0,1
Q006991,A01393,S3,2025-10-09,F01,0,1
Q006992,A01393,S4,2025-10-09,F01,0,1
Q006993,A01393,S4,2025-10-09,F05,0,1
Q006994,A01393,S4,2025-10-09,F03,1,0
Q006995,A01393,S5,2025-10-09,F04,0,1
Q006996,A01393,S5,2025-10-09,F04,1,0
Q006997,A01394,S3,2025-10-09,F04,1,0
Q006998,A01394,S3,2025-10-09,F04,1,0
Q006999,A01394,S3,2025-10-09,F03,0,1
Q007000,A01394,S4,2025-10-09,F01,0,1
Q007001,A01394,S4,2025-10-09,F01,1,0
Q007002,A01394,S4,2025-10-09,F01,0,1
Q007003,A01394,S5,2025-10-09,F02,0,1
Q007004,A01395,S3,2025-10-09,F03,0,1
Q007005,A01395,S3,2025-10-09,F02,0,1
Q007006,A01395,S3,2025-10-09,F01,1,0
Q007007,A01395,S3,2025-10-09,F02,0,1
Q007008,A01395,S4,2025-10-10,F05,0,1
Q007009,A01395,S5,2025-10-10,F01,0,1
Q007010,A01395,S5,2025-10-10,F02,1,0
Q007011,A01397,S4,2025-10-10,F02,0,1
Q007012,A01397,S4,2025-10-10,F01,0,1
Q007013,A01397,S4,2025-10-10,F06,0,1
Q007014,A01397,S5,2025-10-10,F01,1,0
Q007015,A01397,S5,2025-10-10,F06,0,1
Q007016,A01399,S3,2025-10-11,F01,1,0
Q007017,A01399,S3,2025-10-11,F05,1,0
Q007018,A01399,S3,2025-10-11,F02,1,0
Q007019,A01399,S3,2025-10-11,F02,0,1
Q007020,A01399,S3,2025-10-11,F01,1,0
Q007021,A01399,S4,2025-10-12,F03,0,1
Q007022,A01399,S4,2025-10-12,F04,1,0
Q007023,A01399,S4,2025-10-12,F02,0,1
Q007024,A01399,S5,2025-10-12,F05,0,1
Q007025,A01399,S5,2025-10-12,F02,1,0
Q007026,A01400,S4,2025-10-11,F03,0,1
Q007027,A01400,S4,2025-10-11,F06,0,1
Q007028,A01400,S5,2025-10-11,F03,0,1
Q007029,A01400,S5,2025-10-11,F01,0,1
Q007030,A01400,S5,2025-10-11,F01,0,1
Q007031,A01400,S5,2025-10-11,F01,0,1
Q007032,A01401,S4,2025-10-11,F04,1,0
Q007033,A01401,S5,2025-10-11,F03,0,1
Q007034,A01401,S5,2025-10-11,F06,0,1
Q007035,A01402,S4,2025-10-10,F05,0,1
Q007036,A01402,S5,2025-10-10,F01,0,1
Q007037,A01403,S3,2025-10-11,F01,0,1
Q007038,A01403,S3,2025-10-11,F01,0,1
Q007039,A01403,S4,2025-10-13,F03,1,0
Q007040,A01403,S4,2025-10-13,F01,0,1
Q007041,A01403,S4,2025-10-13,F03,1,0
Q007042,A01403,S4,2025-10-13,F04,0,1
Q007043,A01403,S4,2025-10-13,F01,0,1
Q007044,A01403,S5,2025-10-13,F02,0,1
Q007045,A01404,S4,2025-10-11,F01,0,1
Q007046,A01405,S3,2025-10-11,F02,0,1
Q007047,A01405,S3,2025-10-11,F04,1,0
Q007048,A01405,S3,2025-10-11,F03,0,1
Q007049,A01405,S3,2025-10-11,F01,0,1
Q007050,A01405,S4,2025-10-12,F01,0,1
Q007051,A01405,S4,2025-10-12,F04,1,0
Q007052,A01405,S4,2025-10-12,F01,0,1
Q007053,A01405,S4,2025-10-12,F01,1,0
Q007054,A01405,S4,2025-10-12,F01,1,0
Q007055,A01405,S5,2025-10-13,F02,0,1
Q007056,A01405,S5,2025-10-13,F04,0,1
Q007057,A01406,S3,2025-10-11,F01,1,0
Q007058,A01406,S4,2025-10-12,F04,0,1
Q007059,A01407,S3,2025-10-11,F01,0,1
Q007060,A01407,S3,2025-10-11,F02,0,1
Q007061,A01407,S4,2025-10-11,F06,0,1
Q007062,A01407,S4,2025-10-11,F02,0,1
Q007063,A01407,S4,2025-10-11,F02,1,0
Q007064,A01407,S5,2025-10-11,F01,0,1
Q007065,A01407,S5,2025-10-11,F01,0,1
Q007066,A01408,S4,2025-10-11,F02,0,1
Q007067,A01408,S5,2025-10-11,F01,1,0
Q007068,A01408,S5,2025-10-11,F03,0,1
Q007069,A01408,S5,2025-10-11,F01,1,0
Q007070,A01409,S4,2025-10-12,F02,0,1
Q007071,A01409,S4,2025-10-12,F02,0,1
Q007072,A01409,S5,2025-10-12,F02,0,1
Q007073,A01409,S5,2025-10-12,F06,0,1
Q007074,A01410,S3,2025-10-12,F01,0,1
Q007075,A01410,S4,2025-10-12,F01,0,1
Q007076,A01410,S5,2025-10-12,F06,0,1
Q007077,A01411,S3,2025-10-12,F03,0,1
Q007078,A01411,S3,2025-10-12,F02,0,1
Q007079,A01411,S3,2025-10-12,F02,0,1
Q007080,A01411,S4,2025-10-13,F04,0,1
Q007081,A01411,S4,2025-10-13,F01,0,1
Q007082,A01411,S5,2025-10-13,F04,1,0
Q007083,A01411,S5,2025-10-13,F01,0,1
Q007084,A01413,S3,2025-10-11,F06,1,0
Q007085,A01413,S4,2025-10-12,F02,1,0
Q007086,A01413,S4,2025-10-12,F03,0,1
Q007087,A01414,S5,2025-10-12,F03,1,0
Q007088,A01415,S4,2025-10-13,F01,1,0
Q007089,A01415,S5,2025-10-13,F04,1,0
Q007090,A01415,S5,2025-10-13,F01,0,1
Q007091,A01416,S3,2025-10-13,F02,0,1
Q007092,A01416,S3,2025-10-13,F05,1,0
Q007093,A01416,S3,2025-10-13,F04,0,1
Q007094,A01416,S4,2025-10-15,F06,1,0
Q007095,A01416,S4,2025-10-15,F04,0,1
Q007096,A01416,S4,2025-10-15,F02,0,1
Q007097,A01416,S4,2025-10-15,F03,0,1
Q007098,A01416,S5,2025-10-15,F02,0,1
Q007099,A01417,S3,2025-10-13,F02,0,1
Q007100,A01417,S3,2025-10-13,F05,0,1
Q007101,A01417,S3,2025-10-13,F03,0,1
Q007102,A01417,S3,2025-10-13,F01,1,0
Q007103,A01417,S3,2025-10-13,F02,0,1
Q007104,A01417,S4,2025-10-14,F04,0,1
Q007105,A01417,S4,2025-10-14,F01,0,1
Q007106,A01417,S4,2025-10-14,F06,1,0
Q007107,A01417,S4,2025-10-14,F01,0,1
Q007108,A01417,S4,2025-10-14,F01,0,1
Q007109,A01417,S4,2025-10-14,F02,0,1
Q007110,A01417,S4,2025-10-14,F06,0,1
Q007111,A01417,S5,2025-10-15,F01,1,0
Q007112,A01417,S5,2025-10-15,F02,0,1
Q007113,A01418,S4,2025-10-14,F02,0,1
Q007114,A01418,S4,2025-10-14,F01,0,1
Q007115,A01418,S4,2025-10-14,F06,1,0
Q007116,A01418,S4,2025-10-14,F02,0,1
Q007117,A01418,S5,2025-10-15,F04,0,1
Q007118,A01420,S3,2025-10-13,F01,0,1
Q007119,A01420,S3,2025-10-13,F02,0,1
Q007120,A01420,S4,2025-10-14,F01,0,1
Q007121,A01420,S4,2025-10-14,F04,0,1
Q007122,A01420,S4,2025-10-14,F03,0,1
Q007123,A01420,S4,2025-10-14,F03,0,1
Q007124,A01420,S5,2025-10-14,F01,0,1
Q007125,A01420,S5,2025-10-14,F06,0,1
Q007126,A01421,S3,2025-10-14,F03,0,1
Q007127,A01421,S4,2025-10-14,F02,1,0
Q007128,A01421,S4,2025-10-14,F01,1,0
Q007129,A01421,S4,2025-10-14,F03,0,1
Q007130,A01421,S4,2025-10-14,F03,0,1
Q007131,A01421,S4,2025-10-14,F04,0,1
Q007132,A01421,S4,2025-10-14,F03,0,1
Q007133,A01422,S3,2025-10-14,F01,0,1
Q007134,A01422,S3,2025-10-14,F02,1,0
Q007135,A01422,S3,2025-10-14,F01,0,1
Q007136,A01422,S3,2025-10-14,F03,0,1
Q007137,A01422,S4,2025-10-15,F02,0,1
Q007138,A01422,S4,2025-10-15,F05,0,1
Q007139,A01422,S4,2025-10-15,F01,0,1
Q007140,A01422,S4,2025-10-15,F03,0,1
Q007141,A01422,S4,2025-10-15,F04,1,0
Q007142,A01422,S4,2025-10-15,F01,0,1
Q007143,A01422,S4,2025-10-15,F03,0,1
Q007144,A01422,S5,2025-10-16,F06,1,0
Q007145,A01422,S5,2025-10-16,F02,0,1
Q007146,A01423,S3,2025-10-14,F01,0,1
Q007147,A01423,S3,2025-10-14,F05,0,1
Q007148,A01423,S3,2025-10-14,F01,0,1
Q007149,A01423,S5,2025-10-15,F01,0,1
Q007150,A01424,S3,2025-10-14,F04,0,1
Q007151,A01424,S4,2025-10-15,F05,0,1
Q007152,A01424,S4,2025-10-15,F02,0,1
Q007153,A01424,S5,2025-10-15,F03,0,1
Q007154,A01425,S4,2025-10-14,F04,0,1
Q007155,A01426,S4,2025-10-14,F06,0,1
Q007156,A01427,S3,2025-10-14,F06,0,1
Q007157,A01427,S4,2025-10-14,F05,0,1
Q007158,A01427,S4,2025-10-14,F01,1,0
Q007159,A01427,S4,2025-10-14,F01,0,1
Q007160,A01427,S4,2025-10-14,F03,0,1
Q007161,A01427,S5,2025-10-14,F02,0,1
Q007162,A01428,S3,2025-10-16,F02,0,1
Q007163,A01428,S3,2025-10-16,F01,0,1
Q007164,A01428,S3,2025-10-16,F01,1,0
Q007165,A01428,S3,2025-10-16,F03,0,1
Q007166,A01428,S4,2025-10-17,F01,0,1
Q007167,A01428,S4,2025-10-17,F01,0,1
Q007168,A01428,S4,2025-10-17,F05,0,1
Q007169,A01428,S5,2025-10-17,F03,0,1
Q007170,A01428,S5,2025-10-17,F04,0,1
Q007171,A01429,S5,2025-10-15,F01,0,1
Q007172,A01430,S4,2025-10-15,F04,0,1
Q007173,A01430,S4,2025-10-15,F01,0,1
Q007174,A01431,S3,2025-10-16,F01,0,1
Q007175,A01431,S3,2025-10-16,F02,0,1
Q007176,A01431,S3,2025-10-16,F02,0,1
Q007177,A01431,S4,2025-10-16,F02,0,1
Q007178,A01431,S4,2025-10-16,F03,1,0
Q007179,A01431,S4,2025-10-16,F03,0,1
Q007180,A01431,S4,2025-10-16,F03,0,1
Q007181,A01431,S5,2025-10-16,F05,0,1
Q007182,A01431,S5,2025-10-16,F02,0,1
Q007183,A01431,S5,2025-10-16,F05,0,1
Q007184,A01432,S4,2025-10-16,F02,0,1
Q007185,A01432,S4,2025-10-16,F04,1,0
Q007186,A01432,S4,2025-10-16,F04,1,0
Q007187,A01432,S4,2025-10-16,F04,0,1
Q007188,A01433,S3,2025-10-15,F03,0,1
Q007189,A01434,S3,2025-10-16,F04,0,1
Q007190,A01434,S3,2025-10-16,F02,0,1
Q007191,A01434,S3,2025-10-16,F03,0,1
Q007192,A01434,S3,2025-10-16,F03,0,1
Q007193,A01434,S4,2025-10-16,F04,0,1
Q007194,A01434,S4,2025-10-16,F03,0,1
Q007195,A01434,S4,2025-10-16,F02,0,1
Q007196,A01434,S4,2025-10-16,F02,0,1
Q007197,A01434,S4,2025-10-16,F01,0,1
Q007198,A01434,S5,2025-10-16,F06,0,1
Q007199,A01435,S3,2025-10-16,F01,0,1
Q007200,A01435,S3,2025-10-16,F04,0,1
Q007201,A01435,S3,2025-10-16,F03,0,1
Q007202,A01435,S3,2025-10-16,F01,0,1
Q007203,A01435,S4,2025-10-17,F02,0,1
Q007204,A01435,S4,2025-10-17,F03,0,1
Q007205,A01435,S4,2025-10-17,F06,1,0
Q007206,A01435,S4,2025-10-17,F02,0,1
Q007207,A01435,S4,2025-10-17,F06,1,0
Q007208,A01435,S4,2025-10-17,F01,1,0
Q007209,A01435,S4,2025-10-17,F03,0,1
Q007210,A01435,S4,2025-10-17,F02,0,1
Q007211,A01435,S4,2025-10-17,F03,0,1
Q007212,A01435,S5,2025-10-17,F03,0,1
Q007213,A01435,S5,2025-10-17,F03,0,1
Q007214,A01435,S5,2025-10-17,F02,0,1
Q007215,A01436,S3,2025-10-16,F03,0,1
Q007216,A01436,S3,2025-10-16,F01,0,1
Q007217,A01436,S3,2025-10-16,F01,0,1
Q007218,A01436,S4,2025-10-16,F02,0,1
Q007219,A01436,S4,2025-10-16,F03,1,0
Q007220,A01437,S3,2025-10-17,F04,0,1
Q007221,A01437,S4,2025-10-17,F01,0,1
Q007222,A01437,S4,2025-10-17,F02,1,0
Q007223,A01437,S4,2025-10-17,F05,1,0
Q007224,A01437,S4,2025-10-17,F03,0,1
Q007225,A01438,S3,2025-10-17,F04,0,1
Q007226,A01438,S3,2025-10-17,F01,1,0
Q007227,A01438,S3,2025-10-17,F04,1,0
Q007228,A01438,S4,2025-10-17,F05,0,1
Q007229,A01438,S4,2025-10-17,F02,0,1
Q007230,A01438,S4,2025-10-17,F05,1,0
Q007231,A01438,S5,2025-10-17,F02,0,1
Q007232,A01438,S5,2025-10-17,F02,0,1
Q007233,A01438,S5,2025-10-17,F04,0,1
Q007234,A01439,S4,2025-10-17,F01,0,1
Q007235,A01440,S3,2025-10-17,F03,0,1
Q007236,A01440,S3,2025-10-17,F01,1,0
Q007237,A01440,S4,2025-10-18,F02,1,0
Q007238,A01440,S4,2025-10-18,F01,1,0
Q007239,A01440,S4,2025-10-18,F02,0,1
Q007240,A01440,S5,2025-10-19,F02,0,1
Q007241,A01440,S5,2025-10-19,F03,0,1
Q007242,A01440,S5,2025-10-19,F05,0,1
Q007243,A01441,S3,2025-10-17,F05,0,1
Q007244,A01441,S3,2025-10-17,F03,0,1
Q007245,A01441,S4,2025-10-18,F06,1,0
Q007246,A01441,S4,2025-10-18,F03,1,0
Q007247,A01441,S4,2025-10-18,F03,0,1
Q007248,A01441,S5,2025-10-19,F03,0,1
Q007249,A01441,S5,2025-10-19,F05,0,1
Q007250,A01442,S3,2025-10-17,F04,1,0
Q007251,A01442,S3,2025-10-17,F02,0,1
Q007252,A01442,S4,2025-10-17,F01,0,1
Q007253,A01442,S5,2025-10-17,F01,1,0
Q007254,A01443,S3,2025-10-17,F01,0,1
Q007255,A01443,S4,2025-10-17,F02,1,0
Q007256,A01443,S4,2025-10-17,F04,0,1
Q007257,A01444,S3,2025-10-18,F04,0,1
Q007258,A01444,S4,2025-10-18,F03,0,1
Q007259,A01444,S4,2025-10-18,F03,0,1
Q007260,A01444,S5,2025-10-18,F01,0,1
Q007261,A01445,S3,2025-10-18,F01,0,1
Q007262,A01445,S3,2025-10-18,F01,0,1
Q007263,A01445,S3,2025-10-18,F01,0,1
Q007264,A01445,S3,2025-10-18,F03,0,1
Q007265,A01445,S3,2025-10-18,F05,0,1
Q007266,A01445,S4,2025-10-18,F02,0,1
Q007267,A01445,S4,2025-10-18,F02,0,1
Q007268,A01445,S4,2025-10-18,F01,1,0
Q007269,A01445,S4,2025-10-18,F03,0,1
Q007270,A01445,S4,2025-10-18,F01,0,1
Q007271,A01445,S5,2025-10-18,F01,0,1
Q007272,A01446,S3,2025-10-18,F05,0,1
Q007273,A01446,S3,2025-10-18,F04,0,1
Q007274,A01446,S3,2025-10-18,F03,0,1
Q007275,A01446,S4,2025-10-19,F04,0,1
Q007276,A01446,S4,2025-10-19,F02,0,1
Q007277,A01446,S5,2025-10-19,F05,1,0
Q007278,A01447,S4,2025-10-18,F01,1,0
Q007279,A01448,S3,2025-10-18,F06,0,1
Q007280,A01448,S4,2025-10-18,F04,0,1
Q007281,A01448,S4,2025-10-18,F02,1,0
Q007282,A01448,S5,2025-10-19,F06,0,1
Q007283,A01449,S4,2025-10-20,F01,0,1
Q007284,A01449,S4,2025-10-20,F05,0,1
Q007285,A01449,S4,2025-10-20,F03,0,1
Q007286,A01449,S4,2025-10-20,F06,1,0
Q007287,A01449,S5,2025-10-20,F01,1,0
Q007288,A01451,S4,2025-10-20,F01,0,1
Q007289,A01451,S4,2025-10-20,F03,0,1
Q007290,A01451,S4,2025-10-20,F02,1,0
Q007291,A01452,S3,2025-10-18,F03,0,1
Q007292,A01452,S3,2025-10-18,F04,0,1
Q007293,A01452,S4,2025-10-19,F01,0,1
Q007294,A01452,S4,2025-10-19,F01,0,1
Q007295,A01452,S4,2025-10-19,F03,0,1
Q007296,A01452,S4,2025-10-19,F03,0,1
Q007297,A01452,S4,2025-10-19,F03,0,1
Q007298,A01452,S4,2025-10-19,F02,0,1
Q007299,A01452,S4,2025-10-19,F02,1,0
Q007300,A01452,S4,2025-10-19,F02,1,0
Q007301,A01452,S5,2025-10-20,F01,0,1
Q007302,A01452,S5,2025-10-20,F03,1,0
Q007303,A01453,S3,2025-10-19,F06,1,0
Q007304,A01453,S3,2025-10-19,F02,0,1
Q007305,A01453,S5,2025-10-20,F06,0,1
Q007306,A01453,S5,2025-10-20,F02,0,1
Q007307,A01453,S5,2025-10-20,F01,0,1
Q007308,A01455,S3,2025-10-19,F01,0,1
Q007309,A01455,S4,2025-10-20,F02,0,1
Q007310,A01456,S3,2025-10-20,F02,0,1
Q007311,A01456,S4,2025-10-21,F05,0,1
Q007312,A01456,S4,2025-10-21,F05,0,1
Q007313,A01456,S4,2025-10-21,F05,0,1
Q007314,A01456,S4,2025-10-21,F02,1,0
Q007315,A01456,S4,2025-10-21,F06,0,1
Q007316,A01456,S5,2025-10-21,F02,0,1
Q007317,A01456,S5,2025-10-21,F02,0,1
Q007318,A01456,S5,2025-10-21,F03,0,1
Q007319,A01457,S3,2025-10-19,F03,0,1
Q007320,A01457,S3,2025-10-19,F02,1,0
Q007321,A01457,S4,2025-10-20,F04,1,0
Q007322,A01457,S4,2025-10-20,F03,0,1
Q007323,A01457,S4,2025-10-20,F06,0,1
Q007324,A01457,S4,2025-10-20,F05,0,1
Q007325,A01457,S5,2025-10-20,F04,0,1
Q007326,A01457,S5,2025-10-20,F02,0,1
Q007327,A01457,S5,2025-10-20,F01,0,1
Q007328,A01458,S3,2025-10-21,F03,0,1
Q007329,A01458,S3,2025-10-21,F02,0,1
Q007330,A01458,S4,2025-10-21,F03,0,1
Q007331,A01458,S4,2025-10-21,F03,0,1
Q007332,A01458,S5,2025-10-21,F04,0,1
Q007333,A01459,S4,2025-10-22,F02,0,1
Q007334,A01459,S4,2025-10-22,F04,1,0
Q007335,A01459,S4,2025-10-22,F02,1,0
Q007336,A01460,S4,2025-10-22,F01,1,0
Q007337,A01460,S4,2025-10-22,F01,0,1
Q007338,A01461,S3,2025-10-21,F01,1,0
Q007339,A01461,S3,2025-10-21,F04,0,1
Q007340,A01461,S3,2025-10-21,F03,0,1
Q007341,A01461,S4,2025-10-22,F05,1,0
Q007342,A01461,S4,2025-10-22,F01,0,1
Q007343,A01461,S4,2025-10-22,F03,0,1
Q007344,A01461,S4,2025-10-22,F03,0,1
Q007345,A01461,S4,2025-10-22,F03,0,1
Q007346,A01461,S4,2025-10-22,F01,0,1
Q007347,A01461,S4,2025-10-22,F05,0,1
Q007348,A01461,S5,2025-10-22,F03,0,1
Q007349,A01461,S5,2025-10-22,F05,0,1
Q007350,A01461,S5,2025-10-22,F03,0,1
Q007351,A01461,S5,2025-10-22,F01,1,0
Q007352,A01462,S3,2025-10-21,F05,0,1
Q007353,A01462,S3,2025-10-21,F02,0,1
Q007354,A01462,S4,2025-10-22,F05,1,0
Q007355,A01464,S5,2025-10-21,F02,0,1
Q007356,A01466,S4,2025-10-26,F02,1,0
Q007357,A01467,S4,2025-10-25,F02,0,1
Q007358,A01467,S4,2025-10-25,F02,0,1
Q007359,A01467,S5,2025-10-25,F03,0,1
Q007360,A01468,S4,2025-10-24,F03,0,1
Q007361,A01469,S4,2025-10-26,F04,0,1
Q007362,A01471,S3,2025-10-25,F01,0,1
Q007363,A01471,S3,2025-10-25,F04,1,0
Q007364,A01471,S3,2025-10-25,F03,1,0
Q007365,A01471,S4,2025-10-27,F01,1,0
Q007366,A01471,S4,2025-10-27,F01,0,1
Q007367,A01471,S4,2025-10-27,F02,0,1
Q007368,A01471,S4,2025-10-27,F05,1,0
Q007369,A01471,S4,2025-10-27,F01,1,0
Q007370,A01471,S4,2025-10-27,F03,0,1
Q007371,A01471,S5,2025-10-27,F04,0,1
Q007372,A01471,S5,2025-10-27,F01,0,1
Q007373,A01471,S5,2025-10-27,F01,0,1
Q007374,A01472,S3,2025-10-25,F01,0,1
Q007375,A01472,S3,2025-10-25,F01,0,1
Q007376,A01472,S4,2025-10-25,F02,0,1
Q007377,A01472,S4,2025-10-25,F04,0,1
Q007378,A01472,S5,2025-10-26,F06,0,1
Q007379,A01473,S4,2025-10-26,F01,0,1
Q007380,A01473,S4,2025-10-26,F06,0,1
Q007381,A01474,S3,2025-10-26,F02,1,0
Q007382,A01474,S3,2025-10-26,F02,1,0
Q007383,A01474,S3,2025-10-26,F01,1,0
Q007384,A01474,S3,2025-10-26,F02,0,1
Q007385,A01474,S3,2025-10-26,F04,0,1
Q007386,A01474,S3,2025-10-26,F05,0,1
Q007387,A01474,S4,2025-10-26,F01,0,1
Q007388,A01474,S4,2025-10-26,F01,0,1
Q007389,A01475,S3,2025-10-26,F02,0,1
Q007390,A01475,S3,2025-10-26,F03,0,1
Q007391,A01475,S4,2025-10-27,F03,0,1
Q007392,A01475,S4,2025-10-27,F04,0,1
Q007393,A01475,S4,2025-10-27,F03,1,0
Q007394,A01476,S3,2025-10-26,F04,1,0
Q007395,A01476,S4,2025-10-26,F05,0,1
Q007396,A01476,S4,2025-10-26,F03,0,1
Q007397,A01476,S4,2025-10-26,F02,1,0
Q007398,A01476,S4,2025-10-26,F04,0,1
Q007399,A01476,S5,2025-10-26,F02,1,0
Q007400,A01476,S5,2025-10-26,F01,1,0
Q007401,A01477,S3,2025-10-26,F01,0,1
Q007402,A01477,S3,2025-10-26,F03,0,1
Q007403,A01477,S4,2025-10-27,F05,1,0
Q007404,A01477,S4,2025-10-27,F02,0,1
Q007405,A01477,S4,2025-10-27,F06,0,1
Q007406,A01477,S5,2025-10-27,F02,0,1
Q007407,A01477,S5,2025-10-27,F02,0,1
Q007408,A01478,S3,2025-10-26,F01,0,1
Q007409,A01478,S5,2025-10-27,F03,0,1
Q007410,A01479,S3,2025-10-26,F01,1,0
Q007411,A01479,S3,2025-10-26,F01,0,1
Q007412,A01479,S4,2025-10-26,F03,0,1
Q007413,A01479,S4,2025-10-26,F02,1,0
Q007414,A01479,S4,2025-10-26,F01,0,1
Q007415,A01479,S4,2025-10-26,F01,1,0
Q007416,A01480,S3,2025-10-26,F02,0,1
Q007417,A01480,S3,2025-10-26,F01,0,1
Q007418,A01480,S4,2025-10-27,F01,1,0
Q007419,A01481,S3,2025-10-27,F03,0,1
Q007420,A01481,S3,2025-10-27,F02,0,1
Q007421,A01481,S3,2025-10-27,F03,0,1
Q007422,A01481,S3,2025-10-27,F02,0,1
Q007423,A01481,S5,2025-10-28,F06,0,1
Q007424,A01481,S5,2025-10-28,F01,1,0
Q007425,A01481,S5,2025-10-28,F01,0,1
Q007426,A01481,S5,2025-10-28,F01,1,0
Q007427,A01482,S3,2025-10-27,F02,0,1
Q007428,A01482,S3,2025-10-27,F03,0,1
Q007429,A01482,S3,2025-10-27,F05,0,1
Q007430,A01482,S4,2025-10-28,F02,0,1
Q007431,A01482,S4,2025-10-28,F02,0,1
Q007432,A01482,S5,2025-10-28,F03,0,1
Q007433,A01483,S4,2025-10-29,F03,1,0
Q007434,A01483,S4,2025-10-29,F01,0,1
Q007435,A01483,S4,2025-10-29,F03,0,1
Q007436,A01484,S3,2025-10-28,F03,0,1
Q007437,A01484,S4,2025-10-29,F03,1,0
Q007438,A01484,S4,2025-10-29,F02,0,1
Q007439,A01484,S4,2025-10-29,F05,0,1
Q007440,A01484,S5,2025-10-29,F01,1,0
Q007441,A01485,S3,2025-10-28,F04,1,0
Q007442,A01485,S3,2025-10-28,F06,0,1
Q007443,A01485,S3,2025-10-28,F01,1,0
Q007444,A01485,S4,2025-10-29,F06,0,1
Q007445,A01485,S4,2025-10-29,F02,0,1
Q007446,A01485,S4,2025-10-29,F01,0,1
Q007447,A01485,S5,2025-10-29,F02,0,1
Q007448,A01485,S5,2025-10-29,F04,0,1
Q007449,A01485,S5,2025-10-29,F04,0,1
Q007450,A01486,S3,2025-10-28,F04,0,1
Q007451,A01486,S3,2025-10-28,F04,0,1
Q007452,A01486,S3,2025-10-28,F01,1,0
Q007453,A01486,S4,2025-10-29,F01,0,1
Q007454,A01486,S4,2025-10-29,F01,0,1
Q007455,A01486,S5,2025-10-30,F05,0,1
Q007456,A01487,S3,2025-10-28,F02,1,0
Q007457,A01487,S3,2025-10-28,F01,0,1
Q007458,A01487,S3,2025-10-28,F01,1,0
Q007459,A01487,S4,2025-10-29,F03,0,1
Q007460,A01488,S4,2025-10-28,F02,0,1
Q007461,A01488,S4,2025-10-28,F06,0,1
Q007462,A01488,S5,2025-10-28,F02,0,1
Q007463,A01489,S4,2025-10-28,F01,0,1
Q007464,A01491,S4,2025-10-29,F02,0,1
Q007465,A01492,S3,2025-10-29,F01,0,1
Q007466,A01492,S4,2025-10-29,F02,1,0
Q007467,A01492,S4,2025-10-29,F05,0,1
Q007468,A01492,S4,2025-10-29,F01,0,1
Q007469,A01492,S4,2025-10-29,F01,1,0
Q007470,A01492,S5,2025-10-29,F05,0,1
Q007471,A01492,S5,2025-10-29,F03,0,1
Q007472,A01492,S5,2025-10-29,F03,0,1
Q007473,A01493,S3,2025-10-29,F01,1,0
Q007474,A01493,S3,2025-10-29,F04,0,1
Q007475,A01493,S4,2025-10-29,F01,0,1
Q007476,A01493,S4,2025-10-29,F01,1,0
Q007477,A01493,S4,2025-10-29,F05,0,1
Q007478,A01493,S4,2025-10-29,F02,0,1
Q007479,A01493,S4,2025-10-29,F02,0,1
Q007480,A01493,S5,2025-10-30,F03,0,1
Q007481,A01493,S5,2025-10-30,F01,0,1
Q007482,A01494,S4,2025-10-30,F03,0,1
Q007483,A01494,S4,2025-10-30,F02,0,1
Q007484,A01494,S5,2025-10-30,F02,1,0
Q007485,A01494,S5,2025-10-30,F01,0,1
Q007486,A01494,S5,2025-10-30,F04,0,1
Q007487,A01494,S5,2025-10-30,F03,0,1
Q007488,A01494,S5,2025-10-30,F02,1,0
Q007489,A01495,S4,2025-10-30,F01,1,0
Q007490,A01497,S3,2025-10-30,F01,0,1
Q007491,A01497,S4,2025-10-30,F03,0,1
Q007492,A01497,S4,2025-10-30,F01,0,1
Q007493,A01497,S4,2025-10-30,F01,0,1
Q007494,A01497,S4,2025-10-30,F03,0,1
Q007495,A01497,S5,2025-10-30,F04,0,1
Q007496,A01497,S5,2025-10-30,F04,1,0
Q007497,A01499,S4,2025-10-31,F04,0,1
Q007498,A01499,S4,2025-10-31,F03,0,1
Q007499,A01499,S5,2025-10-31,F01,0,1
Q007500,A01500,S3,2025-10-30,F02,0,1
Q007501,A01500,S3,2025-10-30,F02,0,1
Q007502,A01500,S3,2025-10-30,F04,0,1
Q007503,A01500,S3,2025-10-30,F03,0,1
Q007504,A01500,S3,2025-10-30,F03,0,1
Q007505,A01500,S4,2025-10-30,F01,1,0
Q007506,A01500,S4,2025-10-30,F03,0,1
Q007507,A01500,S4,2025-10-30,F03,0,1
Q007508,A01500,S4,2025-10-30,F02,0,1
Q007509,A01500,S4,2025-10-30,F05,0,1
Q007510,A01500,S5,2025-10-30,F01,1,0
Q007511,A01500,S5,2025-10-30,F01,0,1
Q007512,A01500,S5,2025-10-30,F05,0,1
Q007513,A01501,S5,2025-11-01,F01,1,0
Q007514,A01502,S3,2025-10-31,F01,0,1
Q007515,A01502,S3,2025-10-31,F02,0,1
Q007516,A01502,S4,2025-10-31,F02,1,0
Q007517,A01502,S4,2025-10-31,F06,0,1
Q007518,A01502,S5,2025-11-01,F02,0,1
Q007519,A01502,S5,2025-11-01,F02,0,1
Q007520,A01503,S4,2025-10-31,F04,0,1
Q007521,A01503,S5,2025-10-31,F01,0,1
Q007522,A01503,S5,2025-10-31,F03,0,1
Q007523,A01504,S4,2025-11-01,F02,0,1
Q007524,A01504,S4,2025-11-01,F01,0,1
Q007525,A01504,S4,2025-11-01,F03,0,1
Q007526,A01504,S4,2025-11-01,F05,0,1
Q007527,A01504,S4,2025-11-01,F04,0,1
Q007528,A01505,S3,2025-10-31,F01,0,1
Q007529,A01505,S3,2025-10-31,F01,1,0
Q007530,A01505,S3,2025-10-31,F01,1,0
Q007531,A01505,S5,2025-10-31,F05,0,1
Q007532,A01505,S5,2025-10-31,F02,0,1
Q007533,A01505,S5,2025-10-31,F06,0,1
Q007534,A01506,S3,2025-11-01,F02,0,1
Q007535,A01506,S3,2025-11-01,F02,0,1
Q007536,A01506,S4,2025-11-02,F01,0,1
Q007537,A01506,S5,2025-11-02,F03,1,0
Q007538,A01507,S5,2025-11-01,F02,0,1
Q007539,A01509,S3,2025-11-01,F05,0,1
Q007540,A01509,S4,2025-11-02,F06,0,1
Q007541,A01509,S5,2025-11-02,F01,0,1
Q007542,A01510,S3,2025-11-01,F01,1,0
Q007543,A01510,S4,2025-11-01,F02,0,1
Q007544,A01510,S4,2025-11-01,F02,1,0
Q007545,A01510,S4,2025-11-01,F02,1,0
Q007546,A01510,S4,2025-11-01,F01,1,0
Q007547,A01510,S5,2025-11-02,F02,1,0
Q007548,A01510,S5,2025-11-02,F03,0,1
Q007549,A01510,S5,2025-11-02,F04,0,1
Q007550,A01511,S3,2025-11-02,F01,0,1
Q007551,A01511,S4,2025-11-03,F04,0,1
Q007552,A01511,S4,2025-11-03,F01,0,1
Q007553,A01511,S4,2025-11-03,F01,1,0
Q007554,A01511,S4,2025-11-03,F05,0,1
Q007555,A01511,S5,2025-11-03,F01,1,0
Q007556,A01512,S4,2025-11-04,F03,0,1
Q007557,A01513,S4,2025-11-03,F01,1,0
Q007558,A01513,S4,2025-11-03,F01,0,1
Q007559,A01514,S3,2025-11-03,F05,0,1
Q007560,A01514,S4,2025-11-04,F02,0,1
Q007561,A01514,S5,2025-11-04,F01,0,1
Q007562,A01516,S3,2025-11-03,F05,0,1
Q007563,A01517,S3,2025-11-03,F01,0,1
Q007564,A01517,S4,2025-11-04,F01,1,0
Q007565,A01517,S4,2025-11-04,F01,0,1
Q007566,A01517,S4,2025-11-04,F05,1,0
Q007567,A01517,S4,2025-11-04,F03,0,1
Q007568,A01517,S4,2025-11-04,F02,1,0
Q007569,A01517,S5,2025-11-04,F04,1,0
Q007570,A01517,S5,2025-11-04,F03,0,1
Q007571,A01518,S4,2025-11-04,F01,0,1
Q007572,A01518,S4,2025-11-04,F02,0,1
Q007573,A01518,S5,2025-11-04,F02,0,1
Q007574,A01518,S5,2025-11-04,F06,1,0
Q007575,A01518,S5,2025-11-04,F01,0,1
Q007576,A01519,S3,2025-11-05,F05,0,1
Q007577,A01519,S3,2025-11-05,F02,0,1
Q007578,A01519,S4,2025-11-05,F05,0,1
Q007579,A01519,S4,2025-11-05,F04,1,0
Q007580,A01519,S4,2025-11-05,F05,0,1
Q007581,A01519,S5,2025-11-06,F06,0,1
Q007582,A01519,S5,2025-11-06,F03,1,0
Q007583,A01519,S5,2025-11-06,F02,0,1
Q007584,A01519,S5,2025-11-06,F02,0,1
Q007585,A01520,S4,2025-11-04,F02,0,1
Q007586,A01521,S3,2025-11-04,F01,0,1
Q007587,A01521,S3,2025-11-04,F04,0,1
Q007588,A01521,S3,2025-11-04,F01,0,1
Q007589,A01521,S3,2025-11-04,F02,0,1
Q007590,A01521,S4,2025-11-04,F04,0,1
Q007591,A01521,S4,2025-11-04,F03,0,1
Q007592,A01521,S4,2025-11-04,F02,0,1
Q007593,A01522,S3,2025-11-03,F01,0,1
Q007594,A01523,S3,2025-11-04,F01,0,1
Q007595,A01523,S4,2025-11-04,F05,0,1
Q007596,A01523,S4,2025-11-04,F01,0,1
Q007597,A01523,S4,2025-11-04,F04,0,1
Q007598,A01523,S4,2025-11-04,F06,1,0
Q007599,A01523,S5,2025-11-04,F03,0,1
Q007600,A01523,S5,2025-11-04,F01,0,1
Q007601,A01524,S3,2025-11-04,F02,0,1
Q007602,A01524,S5,2025-11-05,F02,1,0
Q007603,A01525,S3,2025-11-04,F02,1,0
Q007604,A01525,S4,2025-11-04,F02,0,1
Q007605,A01526,S3,2025-11-04,F04,0,1
Q007606,A01526,S3,2025-11-04,F03,0,1
Q007607,A01526,S4,2025-11-05,F01,0,1
Q007608,A01526,S4,2025-11-05,F01,1,0
Q007609,A01526,S4,2025-11-05,F04,0,1
Q007610,A01526,S4,2025-11-05,F01,0,1
Q007611,A01526,S4,2025-11-05,F02,0,1
Q007612,A01526,S4,2025-11-05,F06,0,1
Q007613,A01526,S4,2025-11-05,F04,0,1
Q007614,A01526,S5,2025-11-06,F01,0,1
Q007615,A01526,S5,2025-11-06,F03,0,1
Q007616,A01527,S3,2025-11-05,F02,0,1
Q007617,A01527,S3,2025-11-05,F02,0,1
Q007618,A01527,S3,2025-11-05,F01,0,1
Q007619,A01527,S3,2025-11-05,F05,1,0
Q007620,A01527,S4,2025-11-06,F01,0,1
Q007621,A01527,S4,2025-11-06,F03,1,0
Q007622,A01527,S4,2025-11-06,F04,1,0
Q007623,A01527,S4,2025-11-06,F05,0,1
Q007624,A01527,S4,2025-11-06,F03,0,1
Q007625,A01527,S4,2025-11-06,F03,0,1
Q007626,A01527,S4,2025-11-06,F04,0,1
Q007627,A01527,S5,2025-11-06,F02,0,1
Q007628,A01527,S5,2025-11-06,F05,0,1
Q007629,A01527,S5,2025-11-06,F01,0,1
Q007630,A01527,S5,2025-11-06,F03,1,0
Q007631,A01527,S5,2025-11-06,F03,0,1
Q007632,A01527,S5,2025-11-06,F01,0,1
Q007633,A01528,S3,2025-11-05,F05,0,1
Q007634,A01528,S4,2025-11-07,F04,0,1
Q007635,A01528,S4,2025-11-07,F01,0,1
Q007636,A01528,S4,2025-11-07,F04,1,0
Q007637,A01528,S4,2025-11-07,F05,0,1
Q007638,A01528,S4,2025-11-07,F01,1,0
Q007639,A01528,S4,2025-11-07,F05,0,1
Q007640,A01528,S4,2025-11-07,F04,0,1
Q007641,A01529,S3,2025-11-05,F05,0,1
Q007642,A01529,S4,2025-11-06,F02,0,1
Q007643,A01529,S4,2025-11-06,F01,0,1
Q007644,A01529,S4,2025-11-06,F01,1,0
Q007645,A01529,S4,2025-11-06,F05,0,1
Q007646,A01529,S4,2025-11-06,F05,0,1
Q007647,A01529,S4,2025-11-06,F04,0,1
Q007648,A01529,S4,2025-11-06,F06,0,1
Q007649,A01529,S4,2025-11-06,F05,1,0
Q007650,A01529,S5,2025-11-07,F05,0,1
Q007651,A01530,S3,2025-11-05,F02,0,1
Q007652,A01530,S4,2025-11-05,F02,0,1
Q007653,A01530,S4,2025-11-05,F02,0,1
Q007654,A01531,S3,2025-11-05,F03,0,1
Q007655,A01531,S4,2025-11-06,F05,0,1
Q007656,A01531,S4,2025-11-06,F06,0,1
Q007657,A01531,S5,2025-11-06,F03,0,1
Q007658,A01531,S5,2025-11-06,F01,1,0
Q007659,A01532,S3,2025-11-06,F01,0,1
Q007660,A01532,S3,2025-11-06,F01,1,0
Q007661,A01532,S4,2025-11-07,F04,0,1
Q007662,A01532,S5,2025-11-07,F03,0,1
Q007663,A01532,S5,2025-11-07,F03,0,1
Q007664,A01533,S3,2025-11-06,F06,0,1
Q007665,A01533,S3,2025-11-06,F01,0,1
Q007666,A01533,S4,2025-11-07,F04,1,0
Q007667,A01533,S4,2025-11-07,F06,0,1
Q007668,A01533,S4,2025-11-07,F02,0,1
Q007669,A01533,S5,2025-11-07,F05,1,0
Q007670,A01534,S4,2025-11-07,F02,0,1
Q007671,A01534,S4,2025-11-07,F04,0,1
Q007672,A01534,S4,2025-11-07,F06,0,1
Q007673,A01534,S4,2025-11-07,F01,0,1
Q007674,A01534,S4,2025-11-07,F01,0,1
Q007675,A01535,S3,2025-11-05,F01,0,1
Q007676,A01535,S4,2025-11-06,F01,1,0
Q007677,A01535,S4,2025-11-06,F01,0,1
Q007678,A01535,S4,2025-11-06,F05,0,1
Q007679,A01535,S4,2025-11-06,F02,0,1
Q007680,A01535,S4,2025-11-06,F03,0,1
Q007681,A01535,S4,2025-11-06,F02,0,1
Q007682,A01535,S4,2025-11-06,F02,1,0
Q007683,A01535,S5,2025-11-06,F02,0,1
Q007684,A01536,S3,2025-11-06,F02,1,0
Q007685,A01536,S3,2025-11-06,F04,1,0
Q007686,A01536,S4,2025-11-07,F02,1,0
Q007687,A01536,S5,2025-11-07,F04,0,1
Q007688,A01537,S5,2025-11-07,F04,1,0
Q007689,A01537,S5,2025-11-07,F03,0,1
Q007690,A01538,S3,2025-11-05,F02,0,1
Q007691,A01538,S3,2025-11-05,F03,0,1
Q007692,A01538,S3,2025-11-05,F06,0,1
Q007693,A01538,S3,2025-11-05,F01,0,1
Q007694,A01538,S4,2025-11-06,F05,1,0
Q007695,A01538,S4,2025-11-06,F05,1,0
Q007696,A01538,S4,2025-11-06,F06,0,1
Q007697,A01538,S4,2025-11-06,F01,1,0
Q007698,A01538,S4,2025-11-06,F01,1,0
Q007699,A01538,S4,2025-11-06,F01,0,1
Q007700,A01539,S3,2025-11-05,F01,0,1
Q007701,A01539,S3,2025-11-05,F03,0,1
Q007702,A01539,S3,2025-11-05,F02,0,1
Q007703,A01539,S3,2025-11-05,F01,0,1
Q007704,A01539,S4,2025-11-06,F02,1,0
Q007705,A01539,S4,2025-11-06,F01,0,1
Q007706,A01539,S4,2025-11-06,F06,1,0
Q007707,A01539,S5,2025-11-06,F01,0,1
Q007708,A01540,S3,2025-11-06,F02,1,0
Q007709,A01540,S3,2025-11-06,F03,0,1
Q007710,A01540,S3,2025-11-06,F03,0,1
Q007711,A01540,S3,2025-11-06,F01,1,0
Q007712,A01540,S4,2025-11-07,F03,0,1
Q007713,A01540,S4,2025-11-07,F05,0,1
Q007714,A01540,S4,2025-11-07,F04,0,1
Q007715,A01540,S4,2025-11-07,F03,0,1
Q007716,A01540,S4,2025-11-07,F01,0,1
Q007717,A01540,S5,2025-11-07,F03,0,1
Q007718,A01541,S3,2025-11-07,F04,1,0
Q007719,A01541,S4,2025-11-07,F06,0,1
Q007720,A01541,S4,2025-11-07,F02,0,1
Q007721,A01541,S4,2025-11-07,F05,0,1
Q007722,A01541,S4,2025-11-07,F04,0,1
Q007723,A01541,S4,2025-11-07,F05,0,1
Q007724,A01541,S5,2025-11-07,F01,0,1
Q007725,A01542,S3,2025-11-08,F03,0,1
Q007726,A01542,S3,2025-11-08,F03,0,1
Q007727,A01542,S4,2025-11-09,F02,0,1
Q007728,A01542,S4,2025-11-09,F04,1,0
Q007729,A01542,S4,2025-11-09,F05,1,0
Q007730,A01542,S5,2025-11-09,F03,0,1
Q007731,A01542,S5,2025-11-09,F02,0,1
Q007732,A01543,S3,2025-11-09,F04,0,1
Q007733,A01543,S4,2025-11-09,F05,0,1
Q007734,A01544,S3,2025-11-08,F02,0,1
Q007735,A01545,S4,2025-11-09,F02,1,0
Q007736,A01545,S4,2025-11-09,F02,0,1
Q007737,A01546,S3,2025-11-09,F01,0,1
Q007738,A01546,S3,2025-11-09,F04,0,1
Q007739,A01546,S4,2025-11-09,F05,1,0
Q007740,A01546,S4,2025-11-09,F03,0,1
Q007741,A01546,S5,2025-11-10,F03,0,1
Q007742,A01546,S5,2025-11-10,F05,1,0
Q007743,A01546,S5,2025-11-10,F02,0,1
Q007744,A01546,S5,2025-11-10,F01,0,1
Q007745,A01546,S5,2025-11-10,F02,1,0
Q007746,A01548,S3,2025-11-10,F01,0,1
Q007747,A01548,S3,2025-11-10,F01,1,0
Q007748,A01548,S3,2025-11-10,F02,1,0
Q007749,A01548,S4,2025-11-11,F04,1,0
Q007750,A01548,S4,2025-11-11,F06,0,1
Q007751,A01548,S4,2025-11-11,F04,1,0
Q007752,A01548,S4,2025-11-11,F01,0,1
Q007753,A01548,S4,2025-11-11,F02,0,1
Q007754,A01548,S4,2025-11-11,F01,1,0
Q007755,A01548,S4,2025-11-11,F03,0,1
Q007756,A01548,S4,2025-11-11,F03,0,1
Q007757,A01548,S4,2025-11-11,F02,1,0
Q007758,A01548,S4,2025-11-11,F04,0,1
Q007759,A01548,S4,2025-11-11,F05,0,1
Q007760,A01548,S5,2025-11-11,F05,0,1
Q007761,A01548,S5,2025-11-11,F04,1,0
Q007762,A01548,S5,2025-11-11,F01,0,1
Q007763,A01548,S5,2025-11-11,F01,0,1
Q007764,A01549,S3,2025-11-10,F01,0,1
Q007765,A01549,S4,2025-11-11,F04,0,1
Q007766,A01549,S4,2025-11-11,F04,0,1
Q007767,A01549,S4,2025-11-11,F01,0,1
Q007768,A01549,S4,2025-11-11,F02,0,1
Q007769,A01549,S4,2025-11-11,F04,0,1
Q007770,A01549,S4,2025-11-11,F03,0,1
Q007771,A01549,S4,2025-11-11,F02,1,0
Q007772,A01549,S5,2025-11-11,F03,0,1
Q007773,A01549,S5,2025-11-11,F01,0,1
Q007774,A01550,S4,2025-11-10,F04,1,0
Q007775,A01550,S4,2025-11-10,F05,0,1
Q007776,A01550,S4,2025-11-10,F01,1,0
Q007777,A01551,S3,2025-11-10,F01,0,1
Q007778,A01551,S3,2025-11-10,F04,1,0
Q007779,A01551,S3,2025-11-10,F02,0,1
Q007780,A01551,S3,2025-11-10,F04,0,1
Q007781,A01551,S3,2025-11-10,F06,1,0
Q007782,A01551,S4,2025-11-10,F03,0,1
Q007783,A01551,S4,2025-11-10,F03,0,1
Q007784,A01551,S4,2025-11-10,F02,0,1
Q007785,A01551,S4,2025-11-10,F03,1,0
Q007786,A01551,S4,2025-11-10,F05,0,1
Q007787,A01551,S4,2025-11-10,F01,0,1
Q007788,A01551,S5,2025-11-10,F03,0,1
Q007789,A01552,S3,2025-11-11,F01,0,1
Q007790,A01552,S3,2025-11-11,F01,1,0
Q007791,A01552,S3,2025-11-11,F04,0,1
Q007792,A01552,S3,2025-11-11,F05,0,1
Q007793,A01552,S3,2025-11-11,F01,0,1
Q007794,A01552,S4,2025-11-11,F03,1,0
Q007795,A01552,S4,2025-11-11,F05,0,1
Q007796,A01552,S4,2025-11-11,F04,1,0
Q007797,A01552,S4,2025-11-11,F02,0,1
Q007798,A01552,S5,2025-11-11,F02,0,1
Q007799,A01553,S3,2025-11-10,F01,1,0
Q007800,A01553,S4,2025-11-11,F02,0,1
Q007801,A01553,S4,2025-11-11,F01,0,1
Q007802,A01553,S4,2025-11-11,F01,0,1
Q007803,A01553,S4,2025-11-11,F01,0,1
Q007804,A01553,S4,2025-11-11,F04,0,1
Q007805,A01553,S5,2025-11-11,F02,0,1
Q007806,A01553,S5,2025-11-11,F03,0,1
Q007807,A01554,S3,2025-11-10,F02,0,1
Q007808,A01554,S3,2025-11-10,F05,0,1
Q007809,A01554,S3,2025-11-10,F01,1,0
Q007810,A01554,S3,2025-11-10,F02,0,1
Q007811,A01554,S4,2025-11-12,F01,0,1
Q007812,A01554,S4,2025-11-12,F02,0,1
Q007813,A01554,S4,2025-11-12,F06,0,1
Q007814,A01555,S3,2025-11-11,F02,0,1
Q007815,A01555,S3,2025-11-11,F02,0,1
Q007816,A01555,S3,2025-11-11,F01,0,1
Q007817,A01555,S4,2025-11-12,F05,0,1
Q007818,A01555,S4,2025-11-12,F02,0,1
Q007819,A01555,S4,2025-11-12,F03,0,1
Q007820,A01555,S4,2025-11-12,F02,0,1
Q007821,A01555,S4,2025-11-12,F04,0,1
Q007822,A01555,S4,2025-11-12,F02,0,1
Q007823,A01555,S5,2025-11-12,F01,0,1
Q007824,A01555,S5,2025-11-12,F01,0,1
Q007825,A01556,S3,2025-11-11,F02,0,1
Q007826,A01556,S4,2025-11-12,F02,0,1
Q007827,A01556,S4,2025-11-12,F04,0,1
Q007828,A01556,S5,2025-11-12,F02,0,1
Q007829,A01557,S3,2025-11-11,F02,0,1
Q007830,A01557,S3,2025-11-11,F03,0,1
Q007831,A01557,S4,2025-11-12,F06,0,1
Q007832,A01557,S4,2025-11-12,F04,0,1
Q007833,A01557,S4,2025-11-12,F02,0,1
Q007834,A01557,S5,2025-11-12,F02,0,1
Q007835,A01558,S4,2025-11-11,F02,0,1
Q007836,A01559,S3,2025-11-11,F03,0,1
Q007837,A01559,S3,2025-11-11,F01,0,1
Q007838,A01559,S4,2025-11-12,F01,0,1
Q007839,A01559,S4,2025-11-12,F01,0,1
Q007840,A01559,S5,2025-11-13,F01,1,0
Q007841,A01561,S3,2025-11-12,F02,0,1
Q007842,A01561,S3,2025-11-12,F01,0,1
Q007843,A01561,S3,2025-11-12,F02,1,0
Q007844,A01561,S3,2025-11-12,F02,0,1
Q007845,A01561,S4,2025-11-13,F01,1,0
Q007846,A01561,S4,2025-11-13,F04,0,1
Q007847,A01561,S4,2025-11-13,F01,1,0
Q007848,A01561,S4,2025-11-13,F01,1,0
Q007849,A01561,S4,2025-11-13,F01,0,1
Q007850,A01562,S3,2025-11-12,F02,0,1
Q007851,A01562,S3,2025-11-12,F06,0,1
Q007852,A01562,S3,2025-11-12,F01,0,1
Q007853,A01562,S4,2025-11-12,F02,0,1
Q007854,A01562,S4,2025-11-12,F02,0,1
Q007855,A01562,S4,2025-11-12,F05,0,1
Q007856,A01562,S4,2025-11-12,F03,0,1
Q007857,A01562,S5,2025-11-12,F01,0,1
Q007858,A01563,S3,2025-11-12,F05,0,1
Q007859,A01563,S4,2025-11-12,F02,0,1
Q007860,A01563,S4,2025-11-12,F02,0,1
Q007861,A01563,S5,2025-11-12,F01,0,1
Q007862,A01563,S5,2025-11-12,F02,0,1
Q007863,A01564,S3,2025-11-13,F01,0,1
Q007864,A01564,S3,2025-11-13,F02,0,1
Q007865,A01564,S4,2025-11-13,F03,0,1
Q007866,A01565,S3,2025-11-13,F05,1,0
Q007867,A01565,S3,2025-11-13,F01,0,1
Q007868,A01565,S4,2025-11-13,F04,0,1
Q007869,A01565,S4,2025-11-13,F02,0,1
Q007870,A01565,S4,2025-11-13,F02,0,1
Q007871,A01565,S5,2025-11-13,F01,1,0
Q007872,A01565,S5,2025-11-13,F06,0,1
Q007873,A01566,S3,2025-11-12,F01,0,1
Q007874,A01566,S3,2025-11-12,F02,0,1
Q007875,A01567,S3,2025-11-13,F03,0,1
Q007876,A01567,S3,2025-11-13,F01,0,1
Q007877,A01567,S4,2025-11-13,F03,0,1
Q007878,A01567,S4,2025-11-13,F01,0,1
Q007879,A01567,S4,2025-11-13,F04,1,0
Q007880,A01567,S4,2025-11-13,F02,1,0
Q007881,A01567,S5,2025-11-13,F05,1,0
Q007882,A01567,S5,2025-11-13,F04,0,1
Q007883,A01567,S5,2025-11-13,F06,0,1
Q007884,A01568,S3,2025-11-13,F05,0,1
Q007885,A01568,S4,2025-11-14,F02,0,1
Q007886,A01568,S4,2025-11-14,F01,0,1
Q007887,A01568,S4,2025-11-14,F05,0,1
Q007888,A01568,S4,2025-11-14,F01,1,0
Q007889,A01568,S4,2025-11-14,F06,0,1
Q007890,A01568,S5,2025-11-14,F05,0,1
Q007891,A01569,S3,2025-11-12,F03,0,1
Q007892,A01569,S3,2025-11-12,F01,1,0
Q007893,A01569,S4,2025-11-14,F01,1,0
Q007894,A01570,S4,2025-11-13,F05,0,1
Q007895,A01571,S3,2025-11-14,F04,1,0
Q007896,A01571,S3,2025-11-14,F04,0,1
Q007897,A01571,S4,2025-11-14,F02,0,1
Q007898,A01571,S4,2025-11-14,F04,1,0
Q007899,A01571,S4,2025-11-14,F03,1,0
Q007900,A01571,S4,2025-11-14,F01,1,0
Q007901,A01572,S3,2025-11-14,F06,1,0
Q007902,A01572,S4,2025-11-15,F04,0,1
Q007903,A01572,S4,2025-11-15,F03,0,1
Q007904,A01572,S5,2025-11-15,F03,0,1
Q007905,A01572,S5,2025-11-15,F03,0,1
Q007906,A01573,S3,2025-11-14,F01,0,1
Q007907,A01573,S4,2025-11-14,F01,0,1
Q007908,A01573,S4,2025-11-14,F04,1,0
Q007909,A01573,S5,2025-11-14,F02,0,1
Q007910,A01574,S4,2025-11-15,F01,0,1
Q007911,A01574,S4,2025-11-15,F01,0,1
Q007912,A01574,S4,2025-11-15,F02,0,1
Q007913,A01574,S4,2025-11-15,F05,0,1
Q007914,A01574,S5,2025-11-15,F02,0,1
Q007915,A01574,S5,2025-11-15,F06,0,1
Q007916,A01575,S3,2025-11-14,F02,1,0
Q007917,A01575,S3,2025-11-14,F02,0,1
Q007918,A01575,S4,2025-11-15,F02,0,1
Q007919,A01575,S4,2025-11-15,F01,1,0
Q007920,A01575,S4,2025-11-15,F04,1,0
Q007921,A01575,S4,2025-11-15,F06,1,0
Q007922,A01575,S4,2025-11-15,F04,1,0
Q007923,A01575,S4,2025-11-15,F03,0,1
Q007924,A01575,S4,2025-11-15,F01,0,1
Q007925,A01575,S5,2025-11-15,F01,0,1
Q007926,A01575,S5,2025-11-15,F03,0,1
Q007927,A01575,S5,2025-11-15,F02,0,1
Q007928,A01576,S3,2025-11-13,F04,1,0
Q007929,A01577,S3,2025-11-14,F02,0,1
Q007930,A01577,S4,2025-11-14,F04,1,0
Q007931,A01577,S4,2025-11-14,F02,0,1
Q007932,A01577,S4,2025-11-14,F01,1,0
Q007933,A01577,S4,2025-11-14,F06,0,1
Q007934,A01577,S4,2025-11-14,F05,0,1
Q007935,A01577,S4,2025-11-14,F03,0,1
Q007936,A01577,S5,2025-11-15,F01,1,0
Q007937,A01578,S3,2025-11-15,F01,0,1
Q007938,A01578,S3,2025-11-15,F03,0,1
Q007939,A01578,S4,2025-11-15,F02,0,1
Q007940,A01578,S4,2025-11-15,F02,0,1
Q007941,A01578,S4,2025-11-15,F01,0,1
Q007942,A01579,S3,2025-11-15,F02,0,1
Q007943,A01579,S4,2025-11-15,F04,1,0
Q007944,A01579,S4,2025-11-15,F02,1,0
Q007945,A01580,S3,2025-11-15,F05,0,1
Q007946,A01580,S3,2025-11-15,F01,1,0
Q007947,A01580,S3,2025-11-15,F06,0,1
Q007948,A01580,S4,2025-11-16,F02,0,1
Q007949,A01580,S4,2025-11-16,F02,0,1
Q007950,A01580,S4,2025-11-16,F04,0,1
Q007951,A01580,S4,2025-11-16,F03,0,1
Q007952,A01580,S5,2025-11-16,F05,0,1
Q007953,A01581,S4,2025-11-16,F01,0,1
Q007954,A01581,S4,2025-11-16,F03,1,0
Q007955,A01583,S3,2025-11-16,F05,0,1
Q007956,A01583,S3,2025-11-16,F03,0,1
Q007957,A01583,S3,2025-11-16,F02,0,1
Q007958,A01583,S5,2025-11-17,F02,0,1
Q007959,A01583,S5,2025-11-17,F05,0,1
Q007960,A01583,S5,2025-11-17,F04,1,0
Q007961,A01584,S3,2025-11-16,F02,0,1
Q007962,A01584,S3,2025-11-16,F01,0,1
Q007963,A01584,S4,2025-11-16,F01,0,1
Q007964,A01584,S4,2025-11-16,F02,0,1
Q007965,A01584,S4,2025-11-16,F05,0,1
Q007966,A01584,S4,2025-11-16,F03,0,1
Q007967,A01584,S5,2025-11-17,F06,1,0
Q007968,A01584,S5,2025-11-17,F02,0,1
Q007969,A01585,S3,2025-11-16,F01,0,1
Q007970,A01585,S3,2025-11-16,F04,0,1
Q007971,A01585,S4,2025-11-16,F05,0,1
Q007972,A01585,S4,2025-11-16,F04,1,0
Q007973,A01585,S4,2025-11-16,F06,0,1
Q007974,A01585,S4,2025-11-16,F05,0,1
Q007975,A01585,S5,2025-11-17,F01,0,1
Q007976,A01585,S5,2025-11-17,F01,0,1
Q007977,A01586,S3,2025-11-16,F02,0,1
Q007978,A01586,S5,2025-11-17,F04,0,1
Q007979,A01588,S3,2025-11-18,F03,0,1
Q007980,A01588,S4,2025-11-18,F06,0,1
Q007981,A01588,S4,2025-11-18,F01,0,1
Q007982,A01590,S3,2025-11-17,F04,0,1
Q007983,A01590,S3,2025-11-17,F02,1,0
Q007984,A01590,S3,2025-11-17,F06,0,1
Q007985,A01590,S4,2025-11-20,F06,1,0
Q007986,A01591,S3,2025-11-17,F01,1,0
Q007987,A01591,S3,2025-11-17,F02,0,1
Q007988,A01591,S3,2025-11-17,F05,0,1
Q007989,A01591,S4,2025-11-17,F01,1,0
Q007990,A01591,S4,2025-11-17,F05,0,1
Q007991,A01592,S4,2025-11-18,F05,0,1
Q007992,A01593,S3,2025-11-17,F01,0,1
Q007993,A01593,S3,2025-11-17,F02,0,1
Q007994,A01593,S5,2025-11-18,F01,0,1
Q007995,A01593,S5,2025-11-18,F03,0,1
Q007996,A01595,S3,2025-11-19,F03,0,1
Q007997,A01595,S4,2025-11-20,F04,1,0
Q007998,A01595,S4,2025-11-20,F04,0,1
Q007999,A01595,S4,2025-11-20,F02,0,1
Q008000,A01595,S5,2025-11-20,F04,0,1
Q008001,A01595,S5,2025-11-20,F03,0,1
Q008002,A01596,S3,2025-11-19,F01,0,1
Q008003,A01596,S4,2025-11-19,F03,0,1
Q008004,A01596,S5,2025-11-19,F02,1,0
Q008005,A01596,S5,2025-11-19,F01,0,1
Q008006,A01597,S3,2025-11-19,F03,0,1
Q008007,A01597,S4,2025-11-20,F04,1,0
Q008008,A01597,S5,2025-11-20,F01,0,1
Q008009,A01597,S5,2025-11-20,F01,0,1
Q008010,A01598,S3,2025-11-18,F03,0,1
Q008011,A01598,S4,2025-11-19,F01,0,1
Q008012,A01598,S4,2025-11-19,F01,0,1
Q008013,A01599,S3,2025-11-20,F05,0,1
Q008014,A01599,S4,2025-11-20,F05,0,1
Q008015,A01599,S4,2025-11-20,F03,0,1
Q008016,A01599,S4,2025-11-20,F02,0,1
Q008017,A01600,S4,2025-11-22,F02,1,0
Q008018,A01600,S4,2025-11-22,F01,0,1
Q008019,A01600,S4,2025-11-22,F01,1,0
Q008020,A01600,S4,2025-11-22,F01,0,1
Q008021,A01600,S4,2025-11-22,F01,0,1
Q008022,A01600,S5,2025-11-22,F04,1,0
Q008023,A01600,S5,2025-11-22,F03,1,0
Q008024,A01600,S5,2025-11-22,F06,1,0
Q008025,A01601,S3,2025-11-20,F01,0,1
Q008026,A01601,S3,2025-11-20,F01,1,0
Q008027,A01601,S4,2025-11-21,F05,0,1
Q008028,A01601,S4,2025-11-21,F06,0,1
Q008029,A01601,S4,2025-11-21,F04,1,0
Q008030,A01601,S5,2025-11-21,F02,0,1
Q008031,A01601,S5,2025-11-21,F03,0,1
Q008032,A01601,S5,2025-11-21,F06,0,1
Q008033,A01601,S5,2025-11-21,F02,1,0
Q008034,A01601,S5,2025-11-21,F05,1,0
Q008035,A01601,S5,2025-11-21,F03,0,1
Q008036,A01602,S4,2025-11-20,F04,0,1
Q008037,A01602,S5,2025-11-20,F03,0,1
Q008038,A01603,S3,2025-11-20,F02,0,1
Q008039,A01603,S4,2025-11-21,F03,1,0
Q008040,A01603,S4,2025-11-21,F03,0,1
Q008041,A01603,S4,2025-11-21,F01,0,1
Q008042,A01603,S4,2025-11-21,F01,0,1
Q008043,A01603,S5,2025-11-21,F02,0,1
Q008044,A01603,S5,2025-11-21,F03,0,1
Q008045,A01604,S3,2025-11-20,F05,0,1
Q008046,A01604,S3,2025-11-20,F03,0,1
Q008047,A01604,S3,2025-11-20,F01,0,1
Q008048,A01604,S3,2025-11-20,F02,0,1
Q008049,A01604,S3,2025-11-20,F03,0,1
Q008050,A01604,S4,2025-11-21,F05,0,1
Q008051,A01604,S4,2025-11-21,F02,0,1
Q008052,A01604,S4,2025-11-21,F01,1,0
Q008053,A01604,S4,2025-11-21,F06,0,1
Q008054,A01604,S4,2025-11-21,F02,0,1
Q008055,A01604,S4,2025-11-21,F03,0,1
Q008056,A01605,S3,2025-11-20,F02,0,1
Q008057,A01605,S3,2025-11-20,F03,0,1
Q008058,A01605,S3,2025-11-20,F01,1,0
Q008059,A01605,S3,2025-11-20,F03,0,1
Q008060,A01605,S4,2025-11-21,F02,0,1
Q008061,A01605,S4,2025-11-21,F05,0,1
Q008062,A01605,S4,2025-11-21,F01,1,0
Q008063,A01605,S4,2025-11-21,F03,0,1
Q008064,A01605,S5,2025-11-21,F02,1,0
Q008065,A01605,S5,2025-11-21,F04,1,0
Q008066,A01605,S5,2025-11-21,F01,0,1
Q008067,A01606,S4,2025-11-20,F02,1,0
Q008068,A01607,S3,2025-11-20,F02,0,1
Q008069,A01607,S4,2025-11-21,F04,0,1
Q008070,A01607,S4,2025-11-21,F04,0,1
Q008071,A01607,S4,2025-11-21,F06,0,1
Q008072,A01607,S4,2025-11-21,F03,1,0
Q008073,A01607,S4,2025-11-21,F04,0,1
Q008074,A01607,S5,2025-11-21,F05,1,0
Q008075,A01607,S5,2025-11-21,F02,0,1
Q008076,A01607,S5,2025-11-21,F01,0,1
Q008077,A01608,S5,2025-11-20,F03,0,1
Q008078,A01609,S3,2025-11-20,F01,1,0
Q008079,A01609,S3,2025-11-20,F03,0,1
Q008080,A01609,S4,2025-11-21,F03,0,1
Q008081,A01609,S4,2025-11-21,F01,1,0
Q008082,A01609,S4,2025-11-21,F06,0,1
Q008083,A01609,S5,2025-11-21,F01,0,1
Q008084,A01609,S5,2025-11-21,F01,0,1
Q008085,A01610,S3,2025-11-20,F01,1,0
Q008086,A01610,S4,2025-11-20,F02,0,1
Q008087,A01610,S5,2025-11-20,F03,0,1
Q008088,A01610,S5,2025-11-20,F02,0,1
Q008089,A01610,S5,2025-11-20,F01,0,1
Q008090,A01611,S4,2025-11-22,F02,0,1
Q008091,A01611,S4,2025-11-22,F01,0,1
Q008092,A01611,S4,2025-11-22,F03,0,1
Q008093,A01611,S4,2025-11-22,F04,0,1
Q008094,A01611,S4,2025-11-22,F02,0,1
Q008095,A01611,S4,2025-11-22,F06,0,1
Q008096,A01611,S5,2025-11-22,F03,0,1
Q008097,A01612,S3,2025-11-21,F02,0,1
Q008098,A01612,S3,2025-11-21,F03,0,1
Q008099,A01612,S3,2025-11-21,F01,0,1
Q008100,A01612,S3,2025-11-21,F01,1,0
Q008101,A01612,S4,2025-11-22,F01,1,0
Q008102,A01612,S4,2025-11-22,F06,0,1
Q008103,A01612,S4,2025-11-22,F06,1,0
Q008104,A01612,S4,2025-11-22,F01,1,0
Q008105,A01613,S3,2025-11-21,F06,0,1
Q008106,A01613,S4,2025-11-21,F03,1,0
Q008107,A01613,S4,2025-11-21,F01,0,1
Q008108,A01613,S4,2025-11-21,F01,0,1
Q008109,A01613,S5,2025-11-21,F02,0,1
Q008110,A01614,S3,2025-11-21,F02,0,1
Q008111,A01614,S3,2025-11-21,F01,0,1
Q008112,A01614,S3,2025-11-21,F03,0,1
Q008113,A01614,S3,2025-11-21,F04,0,1
Q008114,A01614,S4,2025-11-21,F02,0,1
Q008115,A01614,S4,2025-11-21,F03,0,1
Q008116,A01614,S4,2025-11-21,F06,0,1
Q008117,A01614,S4,2025-11-21,F01,1,0
Q008118,A01614,S4,2025-11-21,F01,0,1
Q008119,A01614,S4,2025-11-21,F02,0,1
Q008120,A01614,S5,2025-11-21,F05,0,1
Q008121,A01614,S5,2025-11-21,F05,0,1
Q008122,A01615,S3,2025-11-21,F03,0,1
Q008123,A01615,S4,2025-11-22,F02,0,1
Q008124,A01615,S4,2025-11-22,F02,0,1
Q008125,A01615,S5,2025-11-22,F02,0,1
Q008126,A01615,S5,2025-11-22,F02,0,1
Q008127,A01615,S5,2025-11-22,F02,0,1
Q008128,A01615,S5,2025-11-22,F01,1,0
Q008129,A01616,S3,2025-11-20,F02,1,0
Q008130,A01617,S5,2025-11-22,F04,1,0
Q008131,A01618,S4,2025-11-22,F03,0,1
Q008132,A01618,S4,2025-11-22,F03,0,1
Q008133,A01618,S4,2025-11-22,F01,0,1
Q008134,A01618,S4,2025-11-22,F02,0,1
Q008135,A01619,S4,2025-11-23,F05,0,1
Q008136,A01619,S4,2025-11-23,F02,0,1
Q008137,A01619,S4,2025-11-23,F01,0,1
Q008138,A01619,S4,2025-11-23,F01,1,0
Q008139,A01619,S4,2025-11-23,F03,0,1
Q008140,A01619,S4,2025-11-23,F06,0,1
Q008141,A01619,S4,2025-11-23,F01,0,1
Q008142,A01621,S3,2025-11-22,F04,1,0
Q008143,A01621,S3,2025-11-22,F02,0,1
Q008144,A01621,S4,2025-11-22,F02,1,0
Q008145,A01621,S4,2025-11-22,F05,0,1
Q008146,A01621,S4,2025-11-22,F06,0,1
Q008147,A01621,S4,2025-11-22,F01,0,1
Q008148,A01621,S5,2025-11-22,F02,0,1
Q008149,A01621,S5,2025-11-22,F02,0,1
Q008150,A01622,S4,2025-11-22,F05,0,1
Q008151,A01623,S4,2025-11-23,F01,1,0
Q008152,A01623,S4,2025-11-23,F04,0,1
Q008153,A01623,S4,2025-11-23,F02,0,1
Q008154,A01623,S5,2025-11-23,F01,0,1
Q008155,A01624,S4,2025-11-22,F03,0,1
Q008156,A01625,S4,2025-11-23,F03,0,1
Q008157,A01625,S4,2025-11-23,F06,0,1
Q008158,A01625,S5,2025-11-24,F01,1,0
Q008159,A01626,S3,2025-11-23,F06,1,0
Q008160,A01626,S3,2025-11-23,F02,0,1
Q008161,A01626,S4,2025-11-25,F03,0,1
Q008162,A01626,S4,2025-11-25,F04,0,1
Q008163,A01626,S4,2025-11-25,F01,0,1
Q008164,A01626,S4,2025-11-25,F03,0,1
Q008165,A01626,S4,2025-11-25,F05,0,1
Q008166,A01626,S5,2025-11-25,F06,0,1
Q008167,A01627,S3,2025-11-23,F04,0,1
Q008168,A01627,S3,2025-11-23,F01,0,1
Q008169,A01627,S3,2025-11-23,F03,0,1
Q008170,A01627,S3,2025-11-23,F05,1,0
Q008171,A01627,S3,2025-11-23,F04,1,0
Q008172,A01627,S4,2025-11-24,F02,0,1
Q008173,A01627,S4,2025-11-24,F03,0,1
Q008174,A01627,S4,2025-11-24,F03,0,1
Q008175,A01627,S4,2025-11-24,F03,0,1
Q008176,A01627,S4,2025-11-24,F02,0,1
Q008177,A01627,S5,2025-11-24,F01,1,0
Q008178,A01627,S5,2025-11-24,F03,0,1
Q008179,A01627,S5,2025-11-24,F03,0,1
Q008180,A01627,S5,2025-11-24,F02,0,1
Q008181,A01628,S3,2025-11-24,F01,0,1
Q008182,A01628,S3,2025-11-24,F03,0,1
Q008183,A01628,S4,2025-11-24,F03,0,1
Q008184,A01628,S4,2025-11-24,F01,0,1
Q008185,A01628,S5,2025-11-25,F06,1,0
Q008186,A01628,S5,2025-11-25,F02,0,1
Q008187,A01629,S3,2025-11-23,F05,0,1
Q008188,A01629,S4,2025-11-24,F04,1,0
Q008189,A01629,S4,2025-11-24,F04,1,0
Q008190,A01629,S4,2025-11-24,F04,0,1
Q008191,A01629,S4,2025-11-24,F03,1,0
Q008192,A01629,S4,2025-11-24,F01,1,0
Q008193,A01629,S5,2025-11-24,F01,1,0
Q008194,A01630,S3,2025-11-22,F04,0,1
Q008195,A01630,S4,2025-11-23,F02,0,1
Q008196,A01631,S4,2025-11-24,F06,0,1
Q008197,A01631,S4,2025-11-24,F01,0,1
Q008198,A01633,S3,2025-11-25,F06,0,1
Q008199,A01633,S4,2025-11-25,F01,1,0
Q008200,A01633,S4,2025-11-25,F02,0,1
Q008201,A01634,S3,2025-11-25,F01,0,1
Q008202,A01634,S3,2025-11-25,F03,0,1
Q008203,A01634,S4,2025-11-26,F02,0,1
Q008204,A01634,S5,2025-11-26,F03,0,1
Q008205,A01635,S3,2025-11-25,F01,0,1
Q008206,A01635,S3,2025-11-25,F01,0,1
Q008207,A01635,S3,2025-11-25,F04,1,0
Q008208,A01635,S4,2025-11-26,F01,1,0
Q008209,A01635,S4,2025-11-26,F03,0,1
Q008210,A01635,S4,2025-11-26,F02,0,1
Q008211,A01635,S4,2025-11-26,F03,0,1
Q008212,A01635,S4,2025-11-26,F04,0,1
Q008213,A01635,S5,2025-11-26,F03,0,1
Q008214,A01635,S5,2025-11-26,F05,0,1
Q008215,A01636,S3,2025-11-24,F02,0,1
Q008216,A01636,S4,2025-11-25,F01,0,1
Q008217,A01636,S5,2025-11-25,F03,0,1
Q008218,A01637,S3,2025-11-25,F05,1,0
Q008219,A01637,S3,2025-11-25,F01,0,1
Q008220,A01637,S4,2025-11-25,F04,0,1
Q008221,A01637,S5,2025-11-25,F04,0,1
Q008222,A01638,S5,2025-11-26,F03,0,1
Q008223,A01639,S4,2025-11-27,F03,0,1
Q008224,A01639,S4,2025-11-27,F05,0,1
Q008225,A01639,S4,2025-11-27,F03,0,1
Q008226,A01639,S4,2025-11-27,F03,0,1
Q008227,A01639,S4,2025-11-27,F01,0,1
Q008228,A01639,S5,2025-11-27,F04,0,1
Q008229,A01640,S4,2025-11-27,F03,0,1
Q008230,A01640,S5,2025-11-27,F04,1,0
Q008231,A01641,S3,2025-11-26,F04,0,1
Q008232,A01641,S3,2025-11-26,F04,0,1
Q008233,A01642,S3,2025-11-26,F01,0,1
Q008234,A01642,S3,2025-11-26,F01,0,1
Q008235,A01642,S4,2025-11-27,F05,0,1
Q008236,A01642,S4,2025-11-27,F01,0,1
Q008237,A01642,S4,2025-11-27,F05,0,1
Q008238,A01642,S4,2025-11-27,F01,0,1
Q008239,A01642,S4,2025-11-27,F03,0,1
Q008240,A01642,S5,2025-11-27,F05,0,1
Q008241,A01643,S3,2025-11-26,F01,1,0
Q008242,A01643,S4,2025-11-26,F05,0,1
Q008243,A01643,S4,2025-11-26,F04,1,0
Q008244,A01643,S4,2025-11-26,F03,0,1
Q008245,A01643,S4,2025-11-26,F02,1,0
Q008246,A01644,S3,2025-11-26,F05,1,0
Q008247,A01644,S3,2025-11-26,F05,0,1
Q008248,A01644,S3,2025-11-26,F06,0,1
Q008249,A01644,S4,2025-11-28,F04,1,0
Q008250,A01644,S4,2025-11-28,F03,0,1
Q008251,A01644,S5,2025-11-28,F03,0,1
Q008252,A01644,S5,2025-11-28,F01,0,1
Q008253,A01645,S3,2025-11-27,F02,1,0
Q008254,A01645,S3,2025-11-27,F01,0,1
Q008255,A01645,S3,2025-11-27,F06,0,1
Q008256,A01645,S4,2025-11-27,F02,0,1
Q008257,A01645,S4,2025-11-27,F02,1,0
Q008258,A01645,S4,2025-11-27,F02,0,1
Q008259,A01645,S5,2025-11-28,F04,0,1
Q008260,A01645,S5,2025-11-28,F02,0,1
Q008261,A01646,S3,2025-11-27,F02,0,1
Q008262,A01646,S4,2025-11-27,F06,0,1
Q008263,A01646,S4,2025-11-27,F04,1,0
Q008264,A01646,S4,2025-11-27,F03,0,1
Q008265,A01646,S4,2025-11-27,F02,0,1
Q008266,A01646,S5,2025-11-27,F01,0,1
Q008267,A01647,S3,2025-11-27,F03,1,0
Q008268,A01647,S3,2025-11-27,F03,0,1
Q008269,A01647,S3,2025-11-27,F01,0,1
Q008270,A01647,S4,2025-11-27,F01,1,0
Q008271,A01647,S4,2025-11-27,F01,0,1
Q008272,A01647,S4,2025-11-27,F01,0,1
Q008273,A01647,S4,2025-11-27,F01,0,1
Q008274,A01648,S3,2025-11-27,F02,0,1
Q008275,A01648,S4,2025-11-28,F01,0,1
Q008276,A01648,S5,2025-11-28,F04,0,1
Q008277,A01648,S5,2025-11-28,F02,0,1
Q008278,A01648,S5,2025-11-28,F04,1,0
Q008279,A01649,S3,2025-11-27,F01,0,1
Q008280,A01649,S4,2025-11-27,F02,0,1
Q008281,A01649,S4,2025-11-27,F04,0,1
Q008282,A01649,S4,2025-11-27,F01,0,1
Q008283,A01649,S4,2025-11-27,F02,0,1
Q008284,A01649,S4,2025-11-27,F03,0,1
Q008285,A01649,S5,2025-11-27,F02,0,1
Q008286,A01649,S5,2025-11-27,F02,0,1
Q008287,A01650,S4,2025-11-29,F01,0,1
Q008288,A01650,S5,2025-11-29,F03,0,1
Q008289,A01651,S3,2025-11-28,F03,0,1
Q008290,A01651,S4,2025-11-29,F02,0,1
Q008291,A01651,S4,2025-11-29,F01,1,0
Q008292,A01651,S4,2025-11-29,F03,0,1
Q008293,A01652,S3,2025-11-28,F02,0,1
Q008294,A01652,S4,2025-11-28,F01,0,1
Q008295,A01652,S4,2025-11-28,F04,0,1
Q008296,A01652,S4,2025-11-28,F01,0,1
Q008297,A01652,S4,2025-11-28,F01,0,1
Q008298,A01652,S4,2025-11-28,F04,1,0
Q008299,A01652,S5,2025-11-29,F01,1,0
Q008300,A01652,S5,2025-11-29,F04,1,0
Q008301,A01652,S5,2025-11-29,F03,0,1
Q008302,A01653,S3,2025-11-28,F01,1,0
Q008303,A01653,S3,2025-11-28,F02,0,1
Q008304,A01653,S4,2025-11-29,F02,0,1
Q008305,A01653,S4,2025-11-29,F03,0,1
Q008306,A01653,S4,2025-11-29,F03,0,1
Q008307,A01653,S4,2025-11-29,F01,0,1
Q008308,A01653,S4,2025-11-29,F03,0,1
Q008309,A01653,S4,2025-11-29,F01,1,0
Q008310,A01653,S4,2025-11-29,F02,0,1
Q008311,A01653,S4,2025-11-29,F03,0,1
Q008312,A01653,S4,2025-11-29,F01,1,0
Q008313,A01653,S5,2025-11-29,F06,0,1
Q008314,A01653,S5,2025-11-29,F01,0,1
Q008315,A01654,S4,2025-11-28,F02,0,1
Q008316,A01656,S3,2025-11-29,F03,0,1
Q008317,A01657,S4,2025-11-29,F03,0,1
Q008318,A01657,S4,2025-11-29,F02,0,1
Q008319,A01657,S5,2025-11-29,F04,1,0
Q008320,A01658,S3,2025-11-29,F03,0,1
Q008321,A01658,S3,2025-11-29,F06,0,1
Q008322,A01658,S3,2025-11-29,F04,0,1
Q008323,A01658,S4,2025-11-30,F01,0,1
Q008324,A01658,S4,2025-11-30,F04,1,0
Q008325,A01658,S4,2025-11-30,F06,1,0
Q008326,A01658,S4,2025-11-30,F03,1,0
Q008327,A01658,S5,2025-11-30,F03,0,1
Q008328,A01658,S5,2025-11-30,F01,0,1
Q008329,A01659,S3,2025-11-29,F01,1,0
Q008330,A01659,S4,2025-11-29,F02,1,0
Q008331,A01659,S4,2025-11-29,F01,0,1
Q008332,A01659,S4,2025-11-29,F02,1,0
Q008333,A01659,S4,2025-11-29,F01,1,0
Q008334,A01659,S5,2025-11-29,F05,0,1
Q008335,A01660,S3,2025-11-29,F02,0,1
Q008336,A01660,S4,2025-11-29,F04,0,1
Q008337,A01660,S4,2025-11-29,F06,0,1
Q008338,A01660,S4,2025-11-29,F01,0,1
Q008339,A01660,S4,2025-11-29,F01,1,0
Q008340,A01660,S5,2025-11-29,F03,0,1
Q008341,A01660,S5,2025-11-29,F03,0,1
Q008342,A01661,S3,2025-11-29,F03,0,1
Q008343,A01661,S4,2025-11-29,F01,0,1
Q008344,A01661,S4,2025-11-29,F02,0,1
Q008345,A01661,S4,2025-11-29,F04,1,0
Q008346,A01661,S4,2025-11-29,F03,0,1
Q008347,A01661,S5,2025-11-30,F04,0,1
Q008348,A01661,S5,2025-11-30,F05,0,1
Q008349,A01662,S4,2025-11-30,F04,0,1
Q008350,A01662,S4,2025-11-30,F02,0,1
Q008351,A01662,S5,2025-11-30,F04,0,1
Q008352,A01663,S3,2025-11-30,F01,0,1
Q008353,A01663,S4,2025-12-01,F04,0,1
Q008354,A01663,S4,2025-12-01,F05,0,1
Q008355,A01663,S4,2025-12-01,F03,0,1
Q008356,A01664,S3,2025-11-30,F02,1,0
Q008357,A01664,S3,2025-11-30,F02,0,1
Q008358,A01664,S4,2025-12-01,F05,0,1
Q008359,A01664,S4,2025-12-01,F04,1,0
Q008360,A01664,S4,2025-12-01,F03,0,1
Q008361,A01664,S4,2025-12-01,F02,0,1
Q008362,A01664,S4,2025-12-01,F06,0,1
Q008363,A01664,S5,2025-12-01,F01,0,1
Q008364,A01664,S5,2025-12-01,F01,0,1
Q008365,A01665,S3,2025-11-30,F01,0,1
Q008366,A01665,S3,2025-11-30,F03,0,1
Q008367,A01665,S4,2025-12-01,F02,0,1
Q008368,A01665,S4,2025-12-01,F02,0,1
Q008369,A01665,S4,2025-12-01,F04,0,1
Q008370,A01665,S4,2025-12-01,F02,0,1
Q008371,A01665,S4,2025-12-01,F04,1,0
Q008372,A01665,S4,2025-12-01,F03,0,1
Q008373,A01665,S4,2025-12-01,F01,0,1
Q008374,A01665,S4,2025-12-01,F06,0,1
Q008375,A01665,S5,2025-12-01,F01,0,1
Q008376,A01667,S3,2025-12-01,F03,0,1
Q008377,A01667,S3,2025-12-01,F01,0,1
Q008378,A01667,S4,2025-12-02,F01,1,0
Q008379,A01667,S4,2025-12-02,F04,0,1
Q008380,A01667,S4,2025-12-02,F06,1,0
Q008381,A01667,S4,2025-12-02,F04,0,1
Q008382,A01667,S4,2025-12-02,F03,0,1
Q008383,A01667,S4,2025-12-02,F03,0,1
Q008384,A01667,S4,2025-12-02,F01,0,1
Q008385,A01667,S5,2025-12-02,F02,1,0
Q008386,A01668,S5,2025-12-03,F04,0,1
Q008387,A01669,S3,2025-12-02,F03,0,1
Q008388,A01669,S4,2025-12-02,F03,0,1
Q008389,A01669,S4,2025-12-02,F01,1,0
Q008390,A01669,S4,2025-12-02,F02,0,1
Q008391,A01669,S4,2025-12-02,F05,1,0
Q008392,A01669,S4,2025-12-02,F02,0,1
Q008393,A01669,S4,2025-12-02,F04,1,0
Q008394,A01669,S4,2025-12-02,F05,0,1
Q008395,A01669,S5,2025-12-02,F01,1,0
Q008396,A01670,S4,2025-12-03,F03,0,1
Q008397,A01671,S3,2025-12-02,F03,0,1
Q008398,A01671,S4,2025-12-03,F05,0,1
Q008399,A01672,S4,2025-12-04,F01,0,1
Q008400,A01673,S3,2025-12-03,F06,0,1
Q008401,A01673,S3,2025-12-03,F02,0,1
Q008402,A01673,S3,2025-12-03,F04,0,1
Q008403,A01673,S3,2025-12-03,F05,1,0
Q008404,A01673,S4,2025-12-03,F03,0,1
Q008405,A01673,S4,2025-12-03,F05,0,1
Q008406,A01673,S4,2025-12-03,F03,0,1
Q008407,A01673,S4,2025-12-03,F01,1,0
Q008408,A01673,S4,2025-12-03,F01,0,1
Q008409,A01673,S4,2025-12-03,F02,0,1
Q008410,A01673,S4,2025-12-03,F01,1,0
Q008411,A01673,S5,2025-12-03,F01,0,1
Q008412,A01673,S5,2025-12-03,F01,1,0
Q008413,A01674,S3,2025-12-03,F02,0,1
Q008414,A01674,S4,2025-12-04,F01,0,1
Q008415,A01674,S4,2025-12-04,F05,0,1
Q008416,A01674,S4,2025-12-04,F05,0,1
Q008417,A01674,S4,2025-12-04,F01,1,0
Q008418,A01674,S4,2025-12-04,F03,0,1
Q008419,A01674,S4,2025-12-04,F04,1,0
Q008420,A01675,S4,2025-12-03,F02,1,0
Q008421,A01675,S5,2025-12-03,F04,1,0
Q008422,A01676,S3,2025-12-03,F01,0,1
Q008423,A01676,S4,2025-12-04,F02,0,1
Q008424,A01677,S3,2025-12-02,F02,0,1
Q008425,A01677,S4,2025-12-03,F06,0,1
Q008426,A01677,S5,2025-12-03,F02,0,1
Q008427,A01678,S4,2025-12-03,F03,0,1
Q008428,A01679,S4,2025-12-05,F02,0,1
Q008429,A01679,S4,2025-12-05,F03,0,1
Q008430,A01679,S4,2025-12-05,F03,0,1
Q008431,A01679,S5,2025-12-05,F01,0,1
Q008432,A01680,S5,2025-12-05,F01,0,1
Q008433,A01681,S3,2025-12-05,F03,0,1
Q008434,A01681,S3,2025-12-05,F03,0,1
Q008435,A01682,S4,2025-12-04,F01,0,1
Q008436,A01683,S3,2025-12-04,F01,1,0
Q008437,A01683,S3,2025-12-04,F01,0,1
Q008438,A01684,S3,2025-12-04,F01,0,1
Q008439,A01684,S5,2025-12-05,F01,0,1
Q008440,A01685,S4,2025-12-04,F04,0,1
Q008441,A01686,S3,2025-12-04,F03,0,1
Q008442,A01686,S4,2025-12-05,F03,0,1
Q008443,A01687,S3,2025-12-05,F02,0,1
Q008444,A01687,S4,2025-12-05,F03,0,1
Q008445,A01687,S4,2025-12-05,F03,0,1
Q008446,A01687,S5,2025-12-05,F01,0,1
Q008447,A01688,S3,2025-12-05,F06,0,1
Q008448,A01688,S4,2025-12-05,F01,1,0
Q008449,A01688,S4,2025-12-05,F03,0,1
Q008450,A01688,S4,2025-12-05,F06,0,1
Q008451,A01688,S4,2025-12-05,F05,0,1
Q008452,A01688,S4,2025-12-05,F05,1,0
Q008453,A01688,S4,2025-12-05,F06,1,0
Q008454,A01688,S4,2025-12-05,F04,0,1
Q008455,A01688,S4,2025-12-05,F01,0,1
Q008456,A01688,S5,2025-12-05,F02,0,1
Q008457,A01688,S5,2025-12-05,F01,0,1
Q008458,A01688,S5,2025-12-05,F04,1,0
Q008459,A01689,S3,2025-12-05,F03,0,1
Q008460,A01689,S4,2025-12-05,F03,0,1
Q008461,A01689,S4,2025-12-05,F03,0,1
Q008462,A01689,S4,2025-12-05,F04,1,0
Q008463,A01690,S3,2025-12-05,F02,0,1
Q008464,A01690,S4,2025-12-06,F02,0,1
Q008465,A01690,S4,2025-12-06,F03,0,1
Q008466,A01690,S5,2025-12-06,F04,0,1
Q008467,A01690,S5,2025-12-06,F02,0,1
Q008468,A01691,S4,2025-12-05,F05,0,1
Q008469,A01691,S5,2025-12-05,F02,0,1
Q008470,A01693,S3,2025-12-06,F04,0,1
Q008471,A01693,S3,2025-12-06,F05,0,1
Q008472,A01693,S4,2025-12-07,F01,1,0
Q008473,A01693,S4,2025-12-07,F01,1,0
Q008474,A01693,S4,2025-12-07,F05,0,1
Q008475,A01693,S5,2025-12-07,F01,0,1
Q008476,A01694,S3,2025-12-06,F02,0,1
Q008477,A01694,S3,2025-12-06,F03,0,1
Q008478,A01694,S3,2025-12-06,F03,0,1
Q008479,A01694,S3,2025-12-06,F01,1,0
Q008480,A01694,S4,2025-12-06,F01,0,1
Q008481,A01694,S4,2025-12-06,F01,1,0
Q008482,A01694,S4,2025-12-06,F03,0,1
Q008483,A01694,S4,2025-12-06,F02,1,0
Q008484,A01694,S4,2025-12-06,F02,1,0
Q008485,A01694,S5,2025-12-07,F02,0,1
Q008486,A01695,S3,2025-12-06,F04,0,1
Q008487,A01695,S3,2025-12-06,F03,0,1
Q008488,A01695,S3,2025-12-06,F04,0,1
Q008489,A01695,S4,2025-12-06,F04,0,1
Q008490,A01695,S5,2025-12-06,F02,0,1
Q008491,A01696,S3,2025-12-06,F06,0,1
Q008492,A01697,S3,2025-12-07,F02,0,1
Q008493,A01697,S3,2025-12-07,F01,1,0
Q008494,A01697,S3,2025-12-07,F02,0,1
Q008495,A01697,S4,2025-12-09,F01,0,1
Q008496,A01697,S4,2025-12-09,F05,0,1
Q008497,A01697,S4,2025-12-09,F06,1,0
Q008498,A01697,S4,2025-12-09,F03,0,1
Q008499,A01697,S4,2025-12-09,F05,0,1
Q008500,A01697,S4,2025-12-09,F04,0,1
Q008501,A01697,S4,2025-12-09,F03,0,1
Q008502,A01697,S4,2025-12-09,F01,1,0
Q008503,A01697,S4,2025-12-09,F02,0,1
Q008504,A01697,S5,2025-12-09,F01,0,1
Q008505,A01698,S4,2025-12-08,F04,0,1
Q008506,A01700,S3,2025-12-08,F01,0,1
Q008507,A01700,S4,2025-12-09,F01,0,1
Q008508,A01700,S4,2025-12-09,F02,1,0
Q008509,A01701,S4,2025-12-09,F01,1,0
Q008510,A01701,S4,2025-12-09,F04,1,0
Q008511,A01702,S3,2025-12-09,F04,0,1
Q008512,A01702,S5,2025-12-09,F04,1,0
Q008513,A01703,S4,2025-12-09,F03,0,1
Q008514,A01703,S4,2025-12-09,F03,1,0
Q008515,A01703,S4,2025-12-09,F02,0,1
Q008516,A01703,S4,2025-12-09,F01,0,1
Q008517,A01703,S5,2025-12-09,F05,0,1
Q008518,A01704,S3,2025-12-09,F02,0,1
Q008519,A01704,S4,2025-12-09,F04,0,1
Q008520,A01704,S4,2025-12-09,F06,1,0
Q008521,A01704,S4,2025-12-09,F02,0,1
Q008522,A01704,S4,2025-12-09,F05,0,1
Q008523,A01704,S4,2025-12-09,F02,1,0
Q008524,A01704,S4,2025-12-09,F04,0,1
Q008525,A01704,S5,2025-12-09,F05,1,0
Q008526,A01705,S3,2025-12-09,F02,1,0
Q008527,A01705,S3,2025-12-09,F05,0,1
Q008528,A01705,S3,2025-12-09,F06,0,1
Q008529,A01705,S3,2025-12-09,F01,1,0
Q008530,A01705,S3,2025-12-09,F02,0,1
Q008531,A01705,S4,2025-12-09,F03,0,1
Q008532,A01705,S4,2025-12-09,F04,0,1
Q008533,A01705,S4,2025-12-09,F02,0,1
Q008534,A01705,S4,2025-12-09,F03,0,1
Q008535,A01705,S4,2025-12-09,F01,0,1
Q008536,A01705,S4,2025-12-09,F02,0,1
Q008537,A01706,S3,2025-12-11,F01,0,1
Q008538,A01706,S4,2025-12-12,F01,0,1
Q008539,A01706,S4,2025-12-12,F05,0,1
Q008540,A01706,S4,2025-12-12,F05,0,1
Q008541,A01706,S5,2025-12-12,F02,0,1
Q008542,A01706,S5,2025-12-12,F01,0,1
Q008543,A01706,S5,2025-12-12,F05,0,1
Q008544,A01706,S5,2025-12-12,F03,0,1
Q008545,A01706,S5,2025-12-12,F05,1,0
Q008546,A01707,S3,2025-12-10,F03,0,1
Q008547,A01707,S3,2025-12-10,F05,0,1
Q008548,A01707,S3,2025-12-10,F03,1,0
Q008549,A01707,S4,2025-12-10,F01,0,1
Q008550,A01707,S4,2025-12-10,F03,0,1
Q008551,A01707,S4,2025-12-10,F06,0,1
Q008552,A01707,S5,2025-12-11,F06,0,1
Q008553,A01707,S5,2025-12-11,F04,1,0
Q008554,A01708,S3,2025-12-10,F04,0,1
Q008555,A01708,S3,2025-12-10,F03,0,1
Q008556,A01708,S3,2025-12-10,F03,0,1
Q008557,A01708,S4,2025-12-10,F04,1,0
Q008558,A01708,S4,2025-12-10,F04,0,1
Q008559,A01708,S4,2025-12-10,F03,0,1
Q008560,A01708,S4,2025-12-10,F02,0,1
Q008561,A01708,S4,2025-12-10,F04,0,1
Q008562,A01708,S4,2025-12-10,F02,0,1
Q008563,A01708,S4,2025-12-10,F04,0,1
Q008564,A01708,S5,2025-12-10,F01,0,1
Q008565,A01709,S3,2025-12-10,F02,0,1
Q008566,A01709,S4,2025-12-10,F01,0,1
Q008567,A01709,S4,2025-12-10,F05,0,1
Q008568,A01709,S4,2025-12-10,F02,0,1
Q008569,A01709,S4,2025-12-10,F02,0,1
Q008570,A01709,S4,2025-12-10,F03,0,1
Q008571,A01709,S5,2025-12-10,F03,0,1
Q008572,A01710,S3,2025-12-11,F04,0,1
Q008573,A01710,S3,2025-12-11,F04,0,1
Q008574,A01710,S3,2025-12-11,F03,0,1
Q008575,A01710,S3,2025-12-11,F01,0,1
Q008576,A01710,S3,2025-12-11,F01,0,1
Q008577,A01710,S4,2025-12-12,F03,0,1
Q008578,A01710,S4,2025-12-12,F02,0,1
Q008579,A01710,S4,2025-12-12,F02,0,1
Q008580,A01710,S5,2025-12-12,F02,1,0
Q008581,A01710,S5,2025-12-12,F01,0,1
Q008582,A01710,S5,2025-12-12,F05,0,1
Q008583,A01711,S4,2025-12-11,F03,0,1
Q008584,A01711,S5,2025-12-11,F02,0,1
Q008585,A01712,S3,2025-12-11,F06,1,0
Q008586,A01712,S4,2025-12-11,F01,0,1
Q008587,A01712,S4,2025-12-11,F02,0,1
Q008588,A01712,S4,2025-12-11,F04,1,0
Q008589,A01712,S4,2025-12-11,F01,0,1
Q008590,A01712,S5,2025-12-12,F05,0,1
Q008591,A01712,S5,2025-12-12,F04,0,1
Q008592,A01713,S3,2025-12-11,F05,0,1
Q008593,A01713,S4,2025-12-12,F01,0,1
Q008594,A01713,S4,2025-12-12,F03,1,0
Q008595,A01713,S4,2025-12-12,F03,0,1
Q008596,A01713,S5,2025-12-12,F03,0,1
Q008597,A01713,S5,2025-12-12,F06,0,1
Q008598,A01713,S5,2025-12-12,F03,0,1
Q008599,A01714,S3,2025-12-11,F02,0,1
Q008600,A01714,S4,2025-12-11,F06,0,1
Q008601,A01714,S4,2025-12-11,F01,1,0
Q008602,A01714,S4,2025-12-11,F01,0,1
Q008603,A01714,S4,2025-12-11,F01,0,1
Q008604,A01714,S4,2025-12-11,F06,0,1
Q008605,A01715,S3,2025-12-11,F04,0,1
Q008606,A01715,S4,2025-12-11,F01,0,1
Q008607,A01715,S4,2025-12-11,F05,0,1
Q008608,A01715,S4,2025-12-11,F02,0,1
Q008609,A01715,S4,2025-12-11,F01,0,1
Q008610,A01715,S4,2025-12-11,F02,1,0
Q008611,A01715,S4,2025-12-11,F04,0,1
Q008612,A01715,S5,2025-12-11,F03,0,1
Q008613,A01715,S5,2025-12-11,F01,0,1
Q008614,A01716,S3,2025-12-11,F03,0,1
Q008615,A01716,S3,2025-12-11,F01,0,1
Q008616,A01716,S3,2025-12-11,F01,0,1
Q008617,A01716,S4,2025-12-11,F04,1,0
Q008618,A01716,S4,2025-12-11,F04,1,0
Q008619,A01716,S4,2025-12-11,F04,1,0
Q008620,A01716,S5,2025-12-11,F02,0,1
Q008621,A01717,S3,2025-12-12,F04,1,0
Q008622,A01717,S4,2025-12-13,F02,1,0
Q008623,A01717,S4,2025-12-13,F03,0,1
Q008624,A01717,S4,2025-12-13,F03,0,1
Q008625,A01717,S4,2025-12-13,F04,1,0
Q008626,A01717,S4,2025-12-13,F01,1,0
Q008627,A01717,S4,2025-12-13,F02,0,1
Q008628,A01717,S4,2025-12-13,F03,0,1
Q008629,A01717,S4,2025-12-13,F03,0,1
Q008630,A01717,S4,2025-12-13,F03,0,1
Q008631,A01717,S4,2025-12-13,F02,1,0
Q008632,A01717,S4,2025-12-13,F01,0,1
Q008633,A01717,S4,2025-12-13,F04,1,0
Q008634,A01717,S4,2025-12-13,F01,0,1
Q008635,A01717,S4,2025-12-13,F03,1,0
Q008636,A01717,S5,2025-12-13,F04,1,0
Q008637,A01717,S5,2025-12-13,F04,0,1
Q008638,A01717,S5,2025-12-13,F03,0,1
Q008639,A01717,S5,2025-12-13,F01,0,1
Q008640,A01718,S3,2025-12-11,F02,0,1
Q008641,A01718,S3,2025-12-11,F03,0,1
Q008642,A01718,S4,2025-12-12,F04,0,1
Q008643,A01718,S4,2025-12-12,F06,0,1
Q008644,A01718,S4,2025-12-12,F02,0,1
Q008645,A01719,S4,2025-12-12,F03,0,1
Q008646,A01719,S5,2025-12-12,F05,0,1
Q008647,A01721,S4,2025-12-12,F01,0,1
Q008648,A01721,S5,2025-12-12,F01,1,0
Q008649,A01721,S5,2025-12-12,F02,0,1
Q008650,A01721,S5,2025-12-12,F02,0,1
Q008651,A01722,S4,2025-12-13,F01,0,1
Q008652,A01722,S4,2025-12-13,F04,0,1
Q008653,A01722,S4,2025-12-13,F02,0,1
Q008654,A01722,S5,2025-12-14,F01,1,0
Q008655,A01723,S3,2025-12-13,F05,0,1
Q008656,A01723,S3,2025-12-13,F02,0,1
Q008657,A01723,S3,2025-12-13,F01,0,1
Q008658,A01723,S4,2025-12-14,F02,0,1
Q008659,A01723,S4,2025-12-14,F02,1,0
Q008660,A01723,S5,2025-12-14,F02,1,0
Q008661,A01723,S5,2025-12-14,F02,0,1
Q008662,A01723,S5,2025-12-14,F02,0,1
Q008663,A01723,S5,2025-12-14,F01,0,1
Q008664,A01723,S5,2025-12-14,F01,1,0
Q008665,A01723,S5,2025-12-14,F01,1,0
Q008666,A01724,S3,2025-12-13,F05,0,1
Q008667,A01724,S3,2025-12-13,F03,0,1
Q008668,A01724,S3,2025-12-13,F01,1,0
Q008669,A01724,S4,2025-12-14,F03,0,1
Q008670,A01724,S4,2025-12-14,F04,1,0
Q008671,A01724,S4,2025-12-14,F01,0,1
Q008672,A01724,S4,2025-12-14,F02,0,1
Q008673,A01724,S5,2025-12-14,F01,0,1
Q008674,A01725,S3,2025-12-13,F05,0,1
Q008675,A01725,S4,2025-12-13,F02,1,0
Q008676,A01725,S4,2025-12-13,F03,0,1
Q008677,A01725,S4,2025-12-13,F03,0,1
Q008678,A01725,S4,2025-12-13,F05,0,1
Q008679,A01725,S5,2025-12-13,F01,0,1
Q008680,A01725,S5,2025-12-13,F03,0,1
Q008681,A01725,S5,2025-12-13,F01,0,1
Q008682,A01725,S5,2025-12-13,F02,1,0
Q008683,A01726,S3,2025-12-13,F02,0,1
Q008684,A01726,S3,2025-12-13,F01,0,1
Q008685,A01726,S4,2025-12-13,F05,0,1
Q008686,A01726,S4,2025-12-13,F02,0,1
Q008687,A01726,S4,2025-12-13,F04,1,0
Q008688,A01726,S4,2025-12-13,F05,0,1
Q008689,A01727,S3,2025-12-13,F03,0,1
Q008690,A01727,S3,2025-12-13,F02,0,1
Q008691,A01727,S3,2025-12-13,F03,0,1
Q008692,A01727,S4,2025-12-14,F03,0,1
Q008693,A01727,S4,2025-12-14,F05,1,0
Q008694,A01727,S4,2025-12-14,F05,0,1
Q008695,A01727,S5,2025-12-14,F05,0,1
Q008696,A01728,S3,2025-12-14,F01,0,1
Q008697,A01728,S4,2025-12-14,F03,0,1
Q008698,A01728,S4,2025-12-14,F06,0,1
Q008699,A01728,S4,2025-12-14,F03,0,1
Q008700,A01728,S4,2025-12-14,F02,0,1
Q008701,A01728,S4,2025-12-14,F02,0,1
Q008702,A01728,S4,2025-12-14,F01,0,1
Q008703,A01728,S5,2025-12-14,F01,1,0
Q008704,A01728,S5,2025-12-14,F01,0,1
Q008705,A01728,S5,2025-12-14,F03,0,1
Q008706,A01729,S3,2025-12-14,F02,0,1
Q008707,A01729,S4,2025-12-14,F04,0,1
Q008708,A01729,S4,2025-12-14,F04,0,1
Q008709,A01729,S4,2025-12-14,F05,0,1
Q008710,A01729,S5,2025-12-14,F03,0,1
Q008711,A01729,S5,2025-12-14,F01,0,1
Q008712,A01729,S5,2025-12-14,F04,0,1
Q008713,A01730,S3,2025-12-14,F01,0,1
Q008714,A01730,S4,2025-12-14,F03,0,1
Q008715,A01730,S4,2025-12-14,F02,0,1
Q008716,A01730,S4,2025-12-14,F06,0,1
Q008717,A01730,S4,2025-12-14,F02,0,1
Q008718,A01730,S4,2025-12-14,F06,0,1
Q008719,A01730,S4,2025-12-14,F04,0,1
Q008720,A01730,S5,2025-12-15,F04,0,1
Q008721,A01730,S5,2025-12-15,F04,0,1
Q008722,A01730,S5,2025-12-15,F05,0,1
Q008723,A01730,S5,2025-12-15,F02,0,1
Q008724,A01732,S3,2025-12-15,F02,0,1
Q008725,A01732,S4,2025-12-15,F05,1,0
Q008726,A01732,S4,2025-12-15,F01,1,0
Q008727,A01732,S4,2025-12-15,F03,0,1
Q008728,A01732,S5,2025-12-16,F02,0,1
Q008729,A01733,S3,2025-12-14,F02,0,1
Q008730,A01733,S4,2025-12-15,F02,0,1
Q008731,A01733,S4,2025-12-15,F04,1,0
Q008732,A01733,S4,2025-12-15,F04,0,1
Q008733,A01734,S4,2025-12-15,F03,0,1
Q008734,A01734,S5,2025-12-15,F01,1,0
Q008735,A01734,S5,2025-12-15,F01,0,1
Q008736,A01735,S4,2025-12-15,F05,1,0
Q008737,A01736,S3,2025-12-15,F01,0,1
Q008738,A01736,S3,2025-12-15,F03,0,1
Q008739,A01736,S3,2025-12-15,F01,0,1
Q008740,A01736,S3,2025-12-15,F04,1,0
Q008741,A01736,S4,2025-12-15,F04,0,1
Q008742,A01736,S4,2025-12-15,F02,0,1
Q008743,A01736,S5,2025-12-16,F01,0,1
Q008744,A01736,S5,2025-12-16,F04,0,1
Q008745,A01737,S4,2025-12-16,F01,1,0
Q008746,A01737,S4,2025-12-16,F01,0,1
Q008747,A01738,S3,2025-12-17,F01,0,1
Q008748,A01738,S3,2025-12-17,F03,0,1
Q008749,A01738,S3,2025-12-17,F06,0,1
Q008750,A01738,S3,2025-12-17,F04,1,0
Q008751,A01738,S3,2025-12-17,F04,0,1
Q008752,A01738,S4,2025-12-18,F02,0,1
Q008753,A01738,S4,2025-12-18,F03,0,1
Q008754,A01738,S4,2025-12-18,F01,1,0
Q008755,A01738,S4,2025-12-18,F03,1,0
Q008756,A01738,S5,2025-12-18,F03,0,1
Q008757,A01738,S5,2025-12-18,F04,1,0
Q008758,A01738,S5,2025-12-18,F04,0,1
Q008759,A01738,S5,2025-12-18,F03,0,1
Q008760,A01739,S4,2025-12-17,F02,0,1
Q008761,A01740,S3,2025-12-16,F02,0,1
Q008762,A01740,S3,2025-12-16,F01,1,0
Q008763,A01740,S4,2025-12-16,F04,0,1
Q008764,A01740,S4,2025-12-16,F01,0,1
Q008765,A01741,S3,2025-12-17,F01,0,1
Q008766,A01741,S3,2025-12-17,F04,0,1
Q008767,A01741,S3,2025-12-17,F06,0,1
Q008768,A01741,S3,2025-12-17,F02,1,0
Q008769,A01741,S3,2025-12-17,F01,1,0
Q008770,A01741,S4,2025-12-18,F01,0,1
Q008771,A01741,S4,2025-12-18,F01,0,1
Q008772,A01741,S4,2025-12-18,F02,0,1
Q008773,A01741,S4,2025-12-18,F03,0,1
Q008774,A01741,S5,2025-12-18,F01,0,1
Q008775,A01741,S5,2025-12-18,F01,1,0
Q008776,A01742,S3,2025-12-17,F01,1,0
Q008777,A01742,S3,2025-12-17,F01,0,1
Q008778,A01742,S3,2025-12-17,F04,1,0
Q008779,A01742,S3,2025-12-17,F03,0,1
Q008780,A01742,S4,2025-12-18,F04,1,0
Q008781,A01742,S4,2025-12-18,F02,0,1
Q008782,A01742,S4,2025-12-18,F03,0,1
Q008783,A01742,S4,2025-12-18,F05,0,1
Q008784,A01742,S5,2025-12-18,F03,1,0
Q008785,A01743,S5,2025-12-19,F04,0,1
Q008786,A01744,S3,2025-12-18,F01,1,0
Q008787,A01744,S3,2025-12-18,F05,0,1
Q008788,A01744,S3,2025-12-18,F02,1,0
Q008789,A01744,S4,2025-12-20,F02,0,1
Q008790,A01744,S4,2025-12-20,F04,0,1
Q008791,A01744,S4,2025-12-20,F03,1,0
Q008792,A01744,S4,2025-12-20,F01,1,0
Q008793,A01744,S4,2025-12-20,F06,1,0
Q008794,A01744,S4,2025-12-20,F02,1,0
Q008795,A01744,S4,2025-12-20,F02,1,0
Q008796,A01744,S5,2025-12-20,F05,0,1
Q008797,A01744,S5,2025-12-20,F05,1,0
Q008798,A01744,S5,2025-12-20,F02,1,0
Q008799,A01744,S5,2025-12-20,F02,0,1
Q008800,A01745,S3,2025-12-18,F04,0,1
Q008801,A01745,S3,2025-12-18,F02,0,1
Q008802,A01745,S3,2025-12-18,F04,0,1
Q008803,A01745,S3,2025-12-18,F03,0,1
Q008804,A01745,S4,2025-12-19,F03,0,1
Q008805,A01745,S4,2025-12-19,F02,0,1
Q008806,A01746,S3,2025-12-18,F03,1,0
Q008807,A01746,S3,2025-12-18,F01,0,1
Q008808,A01746,S3,2025-12-18,F01,1,0
Q008809,A01746,S3,2025-12-18,F03,0,1
Q008810,A01746,S3,2025-12-18,F02,0,1
Q008811,A01746,S3,2025-12-18,F04,0,1
Q008812,A01746,S4,2025-12-19,F03,0,1
Q008813,A01746,S4,2025-12-19,F01,1,0
Q008814,A01746,S4,2025-12-19,F03,0,1
Q008815,A01746,S5,2025-12-20,F02,1,0
Q008816,A01746,S5,2025-12-20,F06,0,1
Q008817,A01746,S5,2025-12-20,F03,0,1
Q008818,A01747,S3,2025-12-19,F01,0,1
Q008819,A01747,S3,2025-12-19,F01,0,1
Q008820,A01747,S3,2025-12-19,F02,0,1
Q008821,A01747,S4,2025-12-20,F02,1,0
Q008822,A01747,S4,2025-12-20,F02,0,1
Q008823,A01747,S5,2025-12-20,F02,1,0
Q008824,A01747,S5,2025-12-20,F03,1,0
Q008825,A01748,S3,2025-12-19,F03,0,1
Q008826,A01748,S3,2025-12-19,F06,0,1
Q008827,A01748,S3,2025-12-19,F03,0,1
Q008828,A01748,S4,2025-12-19,F03,0,1
Q008829,A01748,S4,2025-12-19,F02,0,1
Q008830,A01748,S4,2025-12-19,F03,0,1
Q008831,A01748,S5,2025-12-19,F02,0,1
Q008832,A01749,S3,2025-12-19,F03,0,1
Q008833,A01749,S3,2025-12-19,F01,1,0
Q008834,A01749,S4,2025-12-20,F06,0,1
Q008835,A01749,S5,2025-12-20,F03,0,1
Q008836,A01750,S3,2025-12-18,F02,0,1
Q008837,A01750,S3,2025-12-18,F03,0,1
Q008838,A01750,S4,2025-12-19,F03,0,1
Q008839,A01750,S4,2025-12-19,F05,1,0
Q008840,A01750,S4,2025-12-19,F01,1,0
Q008841,A01750,S4,2025-12-19,F05,0,1
Q008842,A01750,S4,2025-12-19,F03,0,1
Q008843,A01750,S4,2025-12-19,F04,0,1
Q008844,A01751,S3,2025-12-19,F02,0,1
Q008845,A01751,S4,2025-12-19,F01,1,0
Q008846,A01751,S4,2025-12-19,F05,1,0
Q008847,A01751,S5,2025-12-19,F01,1,0
Q008848,A01752,S3,2025-12-18,F05,0,1
Q008849,A01752,S4,2025-12-19,F04,0,1
Q008850,A01752,S4,2025-12-19,F05,0,1
Q008851,A01753,S3,2025-12-20,F03,0,1
Q008852,A01753,S4,2025-12-20,F01,0,1
Q008853,A01753,S4,2025-12-20,F02,0,1
Q008854,A01753,S4,2025-12-20,F02,0,1
Q008855,A01753,S5,2025-12-20,F02,0,1
Q008856,A01754,S3,2025-12-20,F01,0,1
Q008857,A01754,S4,2025-12-20,F03,0,1
Q008858,A01754,S4,2025-12-20,F03,0,1
Q008859,A01754,S5,2025-12-21,F02,0,1
Q008860,A01754,S5,2025-12-21,F02,0,1
Q008861,A01754,S5,2025-12-21,F02,0,1
Q008862,A01754,S5,2025-12-21,F06,0,1
Q008863,A01755,S3,2025-12-21,F01,1,0
Q008864,A01755,S4,2025-12-21,F04,1,0
Q008865,A01755,S4,2025-12-21,F02,0,1
Q008866,A01755,S4,2025-12-21,F01,0,1
Q008867,A01755,S4,2025-12-21,F03,1,0
Q008868,A01755,S4,2025-12-21,F02,0,1
Q008869,A01755,S4,2025-12-21,F01,0,1
Q008870,A01755,S5,2025-12-22,F02,0,1
Q008871,A01755,S5,2025-12-22,F04,0,1
Q008872,A01755,S5,2025-12-22,F02,0,1
Q008873,A01756,S3,2025-12-20,F04,1,0
Q008874,A01756,S3,2025-12-20,F02,0,1
Q008875,A01756,S3,2025-12-20,F04,0,1
Q008876,A01756,S4,2025-12-20,F01,1,0
Q008877,A01756,S4,2025-12-20,F05,0,1
Q008878,A01757,S3,2025-12-20,F02,0,1
Q008879,A01757,S3,2025-12-20,F01,0,1
Q008880,A01757,S4,2025-12-21,F04,0,1
Q008881,A01757,S4,2025-12-21,F04,0,1
Q008882,A01757,S4,2025-12-21,F01,0,1
Q008883,A01757,S4,2025-12-21,F01,0,1
Q008884,A01757,S4,2025-12-21,F01,0,1
Q008885,A01757,S4,2025-12-21,F02,0,1
Q008886,A01757,S5,2025-12-21,F03,0,1
Q008887,A01758,S3,2025-12-21,F06,1,0
Q008888,A01758,S4,2025-12-21,F01,0,1
Q008889,A01758,S4,2025-12-21,F06,1,0
Q008890,A01758,S5,2025-12-22,F04,1,0
Q008891,A01758,S5,2025-12-22,F02,1,0
Q008892,A01759,S3,2025-12-20,F04,1,0
Q008893,A01759,S4,2025-12-22,F04,1,0
Q008894,A01759,S4,2025-12-22,F02,0,1
Q008895,A01759,S4,2025-12-22,F03,0,1
Q008896,A01759,S4,2025-12-22,F02,0,1
Q008897,A01759,S4,2025-12-22,F01,0,1
Q008898,A01760,S3,2025-12-21,F01,1,0
Q008899,A01760,S5,2025-12-21,F01,0,1
Q008900,A01760,S5,2025-12-21,F02,1,0
Q008901,A01761,S3,2025-12-21,F01,0,1
Q008902,A01761,S3,2025-12-21,F01,0,1
Q008903,A01761,S3,2025-12-21,F04,1,0
Q008904,A01761,S4,2025-12-22,F02,0,1
Q008905,A01761,S4,2025-12-22,F01,1,0
Q008906,A01761,S4,2025-12-22,F04,1,0
Q008907,A01761,S4,2025-12-22,F02,0,1
Q008908,A01763,S3,2025-12-23,F03,0,1
Q008909,A01763,S4,2025-12-23,F02,1,0
Q008910,A01763,S4,2025-12-23,F04,0,1
Q008911,A01763,S5,2025-12-23,F01,0,1
Q008912,A01764,S3,2025-12-22,F02,0,1
Q008913,A01764,S3,2025-12-22,F01,1,0
Q008914,A01764,S3,2025-12-22,F01,0,1
Q008915,A01764,S4,2025-12-24,F04,0,1
Q008916,A01764,S4,2025-12-24,F05,0,1
Q008917,A01764,S5,2025-12-24,F04,0,1
Q008918,A01764,S5,2025-12-24,F04,0,1
Q008919,A01765,S3,2025-12-22,F01,0,1
Q008920,A01765,S4,2025-12-23,F01,0,1
Q008921,A01765,S4,2025-12-23,F02,0,1
Q008922,A01765,S5,2025-12-23,F03,0,1
Q008923,A01766,S4,2025-12-23,F05,1,0
Q008924,A01766,S5,2025-12-23,F01,0,1
Q008925,A01767,S3,2025-12-23,F04,1,0
Q008926,A01767,S4,2025-12-24,F02,0,1
Q008927,A01767,S4,2025-12-24,F06,0,1
Q008928,A01767,S4,2025-12-24,F01,0,1
Q008929,A01767,S4,2025-12-24,F02,0,1
Q008930,A01767,S4,2025-12-24,F01,0,1
Q008931,A01767,S5,2025-12-24,F04,1,0
Q008932,A01768,S4,2025-12-23,F01,0,1
Q008933,A01768,S4,2025-12-23,F04,0,1
Q008934,A01768,S4,2025-12-23,F01,0,1
Q008935,A01768,S5,2025-12-23,F05,0,1
Q008936,A01769,S3,2025-12-23,F06,1,0
Q008937,A01769,S4,2025-12-23,F02,0,1
Q008938,A01769,S4,2025-12-23,F01,1,0
Q008939,A01769,S4,2025-12-23,F04,0,1
Q008940,A01769,S4,2025-12-23,F02,0,1
Q008941,A01769,S4,2025-12-23,F05,0,1
Q008942,A01769,S5,2025-12-23,F05,0,1
Q008943,A01769,S5,2025-12-23,F02,1,0
Q008944,A01770,S3,2025-12-23,F03,0,1
Q008945,A01770,S3,2025-12-23,F03,0,1
Q008946,A01770,S3,2025-12-23,F05,0,1
Q008947,A01770,S3,2025-12-23,F04,0,1
Q008948,A01770,S3,2025-12-23,F05,0,1
Q008949,A01770,S4,2025-12-24,F04,0,1
Q008950,A01770,S4,2025-12-24,F05,0,1
Q008951,A01770,S5,2025-12-24,F01,1,0
Q008952,A01771,S3,2025-12-24,F04,0,1
Q008953,A01771,S3,2025-12-24,F03,1,0
Q008954,A01771,S3,2025-12-24,F02,0,1
Q008955,A01771,S3,2025-12-24,F02,0,1
Q008956,A01771,S4,2025-12-24,F01,0,1
Q008957,A01771,S4,2025-12-24,F01,0,1
Q008958,A01771,S4,2025-12-24,F06,0,1
Q008959,A01771,S5,2025-12-24,F01,0,1
Q008960,A01771,S5,2025-12-24,F03,0,1
Q008961,A01771,S5,2025-12-24,F01,1,0
Q008962,A01772,S4,2025-12-25,F01,1,0
Q008963,A01772,S4,2025-12-25,F04,1,0
Q008964,A01772,S4,2025-12-25,F02,0,1
Q008965,A01772,S4,2025-12-25,F05,0,1
Q008966,A01772,S4,2025-12-25,F05,0,1
Q008967,A01773,S3,2025-12-24,F05,0,1
Q008968,A01773,S3,2025-12-24,F03,0,1
Q008969,A01774,S3,2025-12-23,F05,1,0
Q008970,A01774,S3,2025-12-23,F02,1,0
Q008971,A01775,S4,2025-12-25,F04,0,1
Q008972,A01775,S4,2025-12-25,F04,0,1
Q008973,A01775,S4,2025-12-25,F04,0,1
Q008974,A01776,S4,2025-12-26,F03,1,0
Q008975,A01776,S4,2025-12-26,F03,0,1
Q008976,A01777,S4,2025-12-25,F02,1,0
Q008977,A01777,S4,2025-12-25,F03,0,1
Q008978,A01777,S4,2025-12-25,F01,1,0
Q008979,A01777,S4,2025-12-25,F02,0,1
Q008980,A01777,S4,2025-12-25,F04,0,1
Q008981,A01777,S5,2025-12-25,F02,0,1
Q008982,A01778,S3,2025-12-25,F02,0,1
Q008983,A01778,S3,2025-12-25,F02,0,1
Q008984,A01778,S4,2025-12-27,F01,0,1
Q008985,A01778,S4,2025-12-27,F01,0,1
Q008986,A01778,S4,2025-12-27,F02,0,1
Q008987,A01779,S3,2025-12-25,F02,0,1
Q008988,A01779,S3,2025-12-25,F02,1,0
Q008989,A01779,S3,2025-12-25,F04,0,1
Q008990,A01779,S4,2025-12-26,F04,0,1
Q008991,A01779,S4,2025-12-26,F02,0,1
Q008992,A01779,S4,2025-12-26,F04,0,1
Q008993,A01779,S4,2025-12-26,F03,1,0
Q008994,A01779,S5,2025-12-26,F03,0,1
Q008995,A01779,S5,2025-12-26,F02,0,1
Q008996,A01780,S3,2025-12-25,F03,0,1
Q008997,A01780,S4,2025-12-25,F05,1,0
Q008998,A01780,S4,2025-12-25,F01,0,1
Q008999,A01780,S5,2025-12-25,F01,0,1
Q009000,A01781,S4,2025-12-25,F04,1,0
Q009001,A01781,S4,2025-12-25,F05,0,1
Q009002,A01781,S4,2025-12-25,F01,1,0
Q009003,A01781,S5,2025-12-26,F06,0,1
Q009004,A01781,S5,2025-12-26,F01,1,0
Q009005,A01782,S3,2025-12-25,F03,0,1
Q009006,A01782,S4,2025-12-26,F05,1,0
Q009007,A01782,S4,2025-12-26,F02,0,1
Q009008,A01782,S5,2025-12-26,F03,0,1
Q009009,A01783,S3,2025-12-25,F05,0,1
Q009010,A01783,S3,2025-12-25,F01,0,1
Q009011,A01783,S4,2025-12-25,F04,0,1
Q009012,A01783,S4,2025-12-25,F03,0,1
Q009013,A01783,S4,2025-12-25,F06,0,1
Q009014,A01783,S4,2025-12-25,F01,0,1
Q009015,A01783,S5,2025-12-25,F02,0,1
Q009016,A01784,S4,2025-12-26,F05,1,0
Q009017,A01784,S4,2025-12-26,F03,0,1
Q009018,A01784,S5,2025-12-27,F04,0,1
Q009019,A01785,S3,2025-12-26,F02,1,0
Q009020,A01785,S3,2025-12-26,F02,0,1
Q009021,A01785,S4,2025-12-27,F02,1,0
Q009022,A01785,S4,2025-12-27,F03,0,1
Q009023,A01785,S4,2025-12-27,F03,0,1
Q009024,A01785,S4,2025-12-27,F04,1,0
Q009025,A01785,S5,2025-12-27,F01,1,0
Q009026,A01786,S4,2025-12-27,F06,1,0
Q009027,A01787,S3,2025-12-25,F05,0,1
Q009028,A01787,S3,2025-12-25,F04,1,0
Q009029,A01787,S4,2025-12-27,F04,0,1
Q009030,A01787,S4,2025-12-27,F01,1,0
Q009031,A01788,S4,2025-12-27,F01,1,0
Q009032,A01788,S4,2025-12-27,F04,1,0
Q009033,A01788,S4,2025-12-27,F02,1,0
Q009034,A01788,S5,2025-12-27,F06,0,1
Q009035,A01788,S5,2025-12-27,F01,0,1
Q009036,A01789,S3,2025-12-26,F01,0,1
Q009037,A01790,S3,2025-12-27,F02,0,1
Q009038,A01790,S3,2025-12-27,F02,1,0
Q009039,A01790,S3,2025-12-27,F01,1,0
Q009040,A01790,S4,2025-12-28,F01,0,1
Q009041,A01790,S4,2025-12-28,F04,0,1
Q009042,A01790,S4,2025-12-28,F06,0,1
Q009043,A01790,S4,2025-12-28,F06,0,1
Q009044,A01790,S4,2025-12-28,F02,0,1
Q009045,A01790,S4,2025-12-28,F01,0,1
Q009046,A01790,S5,2025-12-28,F01,0,1
Q009047,A01790,S5,2025-12-28,F05,0,1
Q009048,A01790,S5,2025-12-28,F02,0,1
Q009049,A01791,S3,2025-12-27,F04,0,1
Q009050,A01791,S4,2025-12-28,F01,0,1
Q009051,A01791,S4,2025-12-28,F02,0,1
Q009052,A01792,S5,2025-12-28,F06,0,1
Q009053,A01792,S5,2025-12-28,F02,0,1
Q009054,A01792,S5,2025-12-28,F04,1,0
Q009055,A01793,S4,2025-12-29,F02,0,1
Q009056,A01793,S4,2025-12-29,F02,0,1
Q009057,A01793,S5,2025-12-29,F05,0,1
Q009058,A01793,S5,2025-12-29,F02,1,0
Q009059,A01794,S3,2025-12-28,F01,0,1
Q009060,A01794,S3,2025-12-28,F02,0,1
Q009061,A01794,S4,2025-12-29,F01,0,1
Q009062,A01794,S4,2025-12-29,F02,0,1
Q009063,A01794,S5,2025-12-29,F02,0,1
Q009064,A01794,S5,2025-12-29,F04,0,1
Q009065,A01795,S3,2025-12-28,F01,0,1
Q009066,A01795,S3,2025-12-28,F03,0,1
Q009067,A01795,S4,2025-12-29,F02,0,1
Q009068,A01795,S4,2025-12-29,F01,1,0
Q009069,A01795,S4,2025-12-29,F02,0,1
Q009070,A01795,S5,2025-12-30,F04,1,0
Q009071,A01795,S5,2025-12-30,F02,0,1
Q009072,A01795,S5,2025-12-30,F03,0,1
Q009073,A01795,S5,2025-12-30,F03,0,1
Q009074,A01796,S3,2025-12-28,F01,0,1
Q009075,A01796,S3,2025-12-28,F01,0,1
Q009076,A01796,S4,2025-12-28,F02,0,1
Q009077,A01796,S4,2025-12-28,F02,0,1
Q009078,A01796,S4,2025-12-28,F04,0,1
Q009079,A01796,S4,2025-12-28,F01,0,1
Q009080,A01796,S4,2025-12-28,F03,0,1
Q009081,A01796,S4,2025-12-28,F02,0,1
Q009082,A01796,S4,2025-12-28,F05,0,1
Q009083,A01796,S5,2025-12-29,F03,0,1
Q009084,A01796,S5,2025-12-29,F06,0,1
Q009085,A01797,S4,2025-12-29,F02,0,1
Q009086,A01797,S5,2025-12-30,F03,0,1
Q009087,A01797,S5,2025-12-30,F05,0,1
Q009088,A01798,S4,2025-12-29,F06,0,1
Q009089,A01798,S5,2025-12-29,F03,0,1
Q009090,A01799,S4,2025-12-29,F02,1,0
Q009091,A01799,S4,2025-12-29,F06,1,0
Q009092,A01799,S5,2025-12-29,F05,0,1
Q009093,A01799,S5,2025-12-29,F01,1,0
Q009094,A01800,S4,2025-12-30,F04,0,1
Q009095,A01801,S4,2025-12-31,F01,0,1
Q009096,A01801,S4,2025-12-31,F01,0,1
Q009097,A01801,S5,2025-12-31,F03,0,1
Q009098,A01801,S5,2025-12-31,F05,0,1
Q009099,A01802,S4,2025-12-30,F03,0,1
Q009100,A01802,S4,2025-12-30,F01,0,1
Q009101,A01802,S5,2025-12-30,F01,1,0
Q009102,A01802,S5,2025-12-30,F02,0,1
Q009103,A01803,S5,2025-12-30,F01,0,1
Q009104,A01804,S3,2025-12-30,F05,0,1
Q009105,A01804,S4,2025-12-31,F04,1,0
Q009106,A01804,S5,2025-12-31,F02,0,1
Q009107,A01805,S3,2025-12-31,F01,0,1
Q009108,A01805,S3,2025-12-31,F01,0,1
Q009109,A01805,S4,2026-01-01,F02,0,1
Q009110,A01805,S4,2026-01-01,F03,0,1
Q009111,A01805,S4,2026-01-01,F04,0,1
Q009112,A01805,S4,2026-01-01,F04,1,0
Q009113,A01805,S5,2026-01-01,F02,0,1
Q009114,A01805,S5,2026-01-01,F05,1,0
Q009115,A01806,S3,2025-12-31,F03,0,1
Q009116,A01806,S3,2025-12-31,F01,0,1
Q009117,A01806,S4,2025-12-31,F05,0,1
Q009118,A01807,S3,2025-12-31,F02,0,1
Q009119,A01807,S4,2025-12-31,F02,0,1
Q009120,A01807,S5,2025-12-31,F02,1,0
Q009121,A01809,S3,2025-12-31,F05,0,1
Q009122,A01809,S4,2025-12-31,F02,0,1
Q009123,A01809,S4,2025-12-31,F03,0,1
Q009124,A01809,S4,2025-12-31,F02,0,1
Q009125,A01809,S4,2025-12-31,F01,0,1
Q009126,A01809,S5,2025-12-31,F04,0,1
Q009127,A01810,S3,2026-01-01,F05,0,1
Q009128,A01810,S4,2026-01-02,F01,1,0
Q009129,A01810,S4,2026-01-02,F03,0,1
Q009130,A01811,S3,2026-01-01,F01,0,1
Q009131,A01811,S3,2026-01-01,F02,0,1
Q009132,A01811,S4,2026-01-01,F03,0,1
Q009133,A01811,S4,2026-01-01,F01,1,0
Q009134,A01811,S4,2026-01-01,F05,0,1
Q009135,A01811,S4,2026-01-01,F04,0,1
Q009136,A01811,S4,2026-01-01,F01,0,1
Q009137,A01811,S4,2026-01-01,F01,0,1
Q009138,A01811,S5,2026-01-01,F03,0,1
Q009139,A01811,S5,2026-01-01,F05,0,1
Q009140,A01812,S3,2026-01-01,F02,0,1
Q009141,A01812,S3,2026-01-01,F05,0,1
Q009142,A01812,S3,2026-01-01,F01,0,1
Q009143,A01812,S5,2026-01-01,F02,0,1
Q009144,A01812,S5,2026-01-01,F01,1,0
Q009145,A01813,S4,2026-01-02,F06,0,1
Q009146,A01813,S4,2026-01-02,F05,0,1
Q009147,A01813,S4,2026-01-02,F04,1,0
Q009148,A01813,S5,2026-01-02,F06,0,1
Q009149,A01814,S3,2026-01-01,F01,0,1
Q009150,A01814,S4,2026-01-02,F01,0,1
Q009151,A01814,S4,2026-01-02,F04,0,1
Q009152,A01814,S5,2026-01-02,F03,0,1
Q009153,A01815,S3,2026-01-02,F04,0,1
Q009154,A01815,S3,2026-01-02,F05,0,1
Q009155,A01815,S3,2026-01-02,F03,0,1
Q009156,A01815,S3,2026-01-02,F05,0,1
Q009157,A01815,S4,2026-01-03,F06,0,1
Q009158,A01815,S4,2026-01-03,F01,0,1
Q009159,A01815,S4,2026-01-03,F03,0,1
Q009160,A01815,S4,2026-01-03,F01,0,1
Q009161,A01815,S4,2026-01-03,F03,0,1
Q009162,A01815,S4,2026-01-03,F01,0,1
Q009163,A01815,S5,2026-01-03,F01,0,1
Q009164,A01815,S5,2026-01-03,F03,0,1
Q009165,A01815,S5,2026-01-03,F04,1,0
Q009166,A01815,S5,2026-01-03,F02,0,1
Q009167,A01816,S3,2026-01-02,F05,0,1
Q009168,A01816,S4,2026-01-02,F01,1,0
Q009169,A01816,S5,2026-01-02,F01,0,1
Q009170,A01816,S5,2026-01-02,F05,0,1
Q009171,A01816,S5,2026-01-02,F05,0,1
Q009172,A01817,S4,2026-01-06,F02,0,1
Q009173,A01817,S4,2026-01-06,F04,1,0
Q009174,A01817,S5,2026-01-06,F01,0,1
Q009175,A01818,S4,2026-01-04,F03,0,1
Q009176,A01818,S4,2026-01-04,F01,0,1
Q009177,A01818,S4,2026-01-04,F02,1,0
Q009178,A01818,S4,2026-01-04,F01,0,1
Q009179,A01818,S4,2026-01-04,F03,0,1
Q009180,A01818,S5,2026-01-04,F06,0,1
Q009181,A01818,S5,2026-01-04,F01,0,1
Q009182,A01818,S5,2026-01-04,F04,0,1
Q009183,A01819,S3,2026-01-03,F03,0,1
Q009184,A01819,S3,2026-01-03,F01,0,1
Q009185,A01819,S3,2026-01-03,F01,1,0
Q009186,A01819,S4,2026-01-05,F01,0,1
Q009187,A01819,S4,2026-01-05,F04,0,1
Q009188,A01819,S4,2026-01-05,F06,0,1
Q009189,A01819,S4,2026-01-05,F03,0,1
Q009190,A01820,S3,2026-01-04,F05,0,1
Q009191,A01820,S3,2026-01-04,F01,0,1
Q009192,A01820,S3,2026-01-04,F01,0,1
Q009193,A01820,S4,2026-01-04,F01,0,1
Q009194,A01820,S4,2026-01-04,F03,0,1
Q009195,A01820,S4,2026-01-04,F01,0,1
Q009196,A01820,S4,2026-01-04,F01,0,1
Q009197,A01820,S4,2026-01-04,F02,1,0
Q009198,A01821,S3,2026-01-03,F01,0,1
Q009199,A01821,S4,2026-01-03,F05,1,0
Q009200,A01821,S4,2026-01-03,F02,0,1
Q009201,A01821,S4,2026-01-03,F02,0,1
Q009202,A01821,S4,2026-01-03,F03,0,1
Q009203,A01822,S3,2026-01-04,F05,0,1
Q009204,A01822,S4,2026-01-04,F03,0,1
Q009205,A01822,S5,2026-01-04,F02,0,1
Q009206,A01822,S5,2026-01-04,F01,1,0
Q009207,A01823,S3,2026-01-04,F06,0,1
Q009208,A01823,S3,2026-01-04,F04,0,1
Q009209,A01823,S3,2026-01-04,F02,0,1
Q009210,A01823,S4,2026-01-05,F04,0,1
Q009211,A01823,S4,2026-01-05,F05,0,1
Q009212,A01823,S4,2026-01-05,F02,0,1
Q009213,A01824,S3,2026-01-04,F02,0,1
Q009214,A01824,S4,2026-01-04,F02,0,1
Q009215,A01824,S4,2026-01-04,F02,0,1
Q009216,A01824,S4,2026-01-04,F04,1,0
Q009217,A01824,S4,2026-01-04,F01,1,0
Q009218,A01824,S4,2026-01-04,F01,0,1
Q009219,A01824,S4,2026-01-04,F01,0,1
Q009220,A01824,S5,2026-01-04,F04,0,1
Q009221,A01824,S5,2026-01-04,F02,0,1
Q009222,A01824,S5,2026-01-04,F01,0,1
Q009223,A01825,S3,2026-01-04,F04,0,1
Q009224,A01825,S3,2026-01-04,F01,0,1
Q009225,A01825,S4,2026-01-05,F04,0,1
Q009226,A01825,S4,2026-01-05,F01,0,1
Q009227,A01825,S5,2026-01-05,F02,0,1
Q009228,A01825,S5,2026-01-05,F01,1,0
Q009229,A01826,S4,2026-01-06,F01,0,1
Q009230,A01826,S4,2026-01-06,F04,0,1
Q009231,A01826,S4,2026-01-06,F02,0,1
Q009232,A01826,S4,2026-01-06,F01,0,1
Q009233,A01826,S5,2026-01-07,F01,0,1
Q009234,A01827,S5,2026-01-06,F06,0,1
Q009235,A01828,S3,2026-01-06,F03,0,1
Q009236,A01828,S4,2026-01-07,F01,0,1
Q009237,A01828,S4,2026-01-07,F02,0,1
Q009238,A01828,S4,2026-01-07,F01,0,1
Q009239,A01828,S4,2026-01-07,F02,0,1
Q009240,A01828,S5,2026-01-07,F01,0,1
Q009241,A01828,S5,2026-01-07,F03,0,1
Q009242,A01828,S5,2026-01-07,F02,0,1
Q009243,A01829,S3,2026-01-05,F02,0,1
Q009244,A01829,S5,2026-01-06,F02,0,1
Q009245,A01830,S3,2026-01-06,F03,0,1
Q009246,A01830,S3,2026-01-06,F01,0,1
Q009247,A01830,S4,2026-01-07,F04,1,0
Q009248,A01830,S4,2026-01-07,F03,0,1
Q009249,A01830,S4,2026-01-07,F05,1,0
Q009250,A01830,S4,2026-01-07,F01,0,1
Q009251,A01830,S4,2026-01-07,F01,1,0
Q009252,A01830,S5,2026-01-07,F01,0,1
Q009253,A01831,S5,2026-01-07,F03,0,1
Q009254,A01832,S4,2026-01-07,F02,0,1
Q009255,A01832,S4,2026-01-07,F01,0,1
Q009256,A01833,S3,2026-01-07,F02,0,1
Q009257,A01833,S3,2026-01-07,F03,0,1
Q009258,A01833,S3,2026-01-07,F01,0,1
Q009259,A01833,S4,2026-01-07,F02,1,0
Q009260,A01833,S4,2026-01-07,F04,0,1
Q009261,A01833,S5,2026-01-08,F02,0,1
Q009262,A01833,S5,2026-01-08,F03,0,1
Q009263,A01834,S3,2026-01-07,F04,0,1
Q009264,A01834,S3,2026-01-07,F03,1,0
Q009265,A01834,S4,2026-01-07,F02,0,1
Q009266,A01834,S4,2026-01-07,F02,0,1
Q009267,A01834,S4,2026-01-07,F03,1,0
Q009268,A01834,S4,2026-01-07,F01,0,1
Q009269,A01834,S4,2026-01-07,F05,0,1
Q009270,A01834,S4,2026-01-07,F03,0,1
Q009271,A01834,S5,2026-01-07,F02,0,1
Q009272,A01835,S3,2026-01-06,F01,1,0
Q009273,A01835,S4,2026-01-07,F04,1,0
Q009274,A01835,S4,2026-01-07,F03,0,1
Q009275,A01836,S4,2026-01-07,F01,0,1
Q009276,A01836,S5,2026-01-07,F04,0,1
Q009277,A01837,S3,2026-01-07,F02,0,1
Q009278,A01837,S3,2026-01-07,F02,0,1
Q009279,A01837,S4,2026-01-07,F02,0,1
Q009280,A01837,S4,2026-01-07,F01,0,1
Q009281,A01837,S4,2026-01-07,F02,0,1
Q009282,A01837,S4,2026-01-07,F02,0,1
Q009283,A01837,S4,2026-01-07,F02,1,0
Q009284,A01837,S4,2026-01-07,F03,0,1
Q009285,A01837,S5,2026-01-08,F04,0,1
Q009286,A01837,S5,2026-01-08,F01,0,1
Q009287,A01838,S3,2026-01-08,F01,1,0
Q009288,A01838,S3,2026-01-08,F02,0,1
Q009289,A01838,S3,2026-01-08,F03,0,1
Q009290,A01838,S4,2026-01-09,F06,0,1
Q009291,A01838,S4,2026-01-09,F01,1,0
Q009292,A01838,S4,2026-01-09,F04,0,1
Q009293,A01838,S4,2026-01-09,F03,1,0
Q009294,A01838,S4,2026-01-09,F01,0,1
Q009295,A01839,S3,2026-01-08,F02,0,1
Q009296,A01839,S3,2026-01-08,F01,0,1
Q009297,A01839,S3,2026-01-08,F03,0,1
Q009298,A01839,S4,2026-01-10,F01,1,0
Q009299,A01839,S5,2026-01-10,F01,0,1
Q009300,A01840,S4,2026-01-09,F02,0,1
Q009301,A01841,S3,2026-01-07,F03,0,1
Q009302,A01841,S4,2026-01-08,F02,0,1
Q009303,A01842,S3,2026-01-09,F01,1,0
Q009304,A01842,S4,2026-01-10,F02,0,1
Q009305,A01842,S4,2026-01-10,F05,1,0
Q009306,A01843,S4,2026-01-10,F06,0,1
Q009307,A01843,S4,2026-01-10,F02,0,1
Q009308,A01843,S4,2026-01-10,F05,0,1
Q009309,A01843,S4,2026-01-10,F01,1,0
Q009310,A01843,S4,2026-01-10,F02,0,1
Q009311,A01843,S4,2026-01-10,F02,0,1
Q009312,A01843,S5,2026-01-10,F02,1,0
Q009313,A01843,S5,2026-01-10,F03,0,1
Q009314,A01843,S5,2026-01-10,F03,0,1
Q009315,A01844,S3,2026-01-09,F01,0,1
Q009316,A01844,S3,2026-01-09,F01,0,1
Q009317,A01844,S3,2026-01-09,F03,0,1
Q009318,A01844,S4,2026-01-10,F01,1,0
Q009319,A01844,S4,2026-01-10,F02,0,1
Q009320,A01844,S4,2026-01-10,F01,0,1
Q009321,A01844,S5,2026-01-10,F03,0,1
Q009322,A01845,S3,2026-01-09,F05,0,1
Q009323,A01846,S3,2026-01-10,F04,0,1
Q009324,A01846,S3,2026-01-10,F05,0,1
Q009325,A01846,S4,2026-01-10,F04,1,0
Q009326,A01846,S4,2026-01-10,F02,0,1
Q009327,A01846,S5,2026-01-11,F04,1,0
Q009328,A01847,S4,2026-01-11,F01,1,0
Q009329,A01847,S5,2026-01-11,F03,0,1
Q009330,A01848,S3,2026-01-11,F03,0,1
Q009331,A01848,S3,2026-01-11,F01,0,1
Q009332,A01848,S3,2026-01-11,F02,0,1
Q009333,A01848,S3,2026-01-11,F02,0,1
Q009334,A01848,S4,2026-01-11,F01,0,1
Q009335,A01848,S4,2026-01-11,F03,0,1
Q009336,A01848,S4,2026-01-11,F04,0,1
Q009337,A01848,S4,2026-01-11,F04,1,0
Q009338,A01848,S4,2026-01-11,F05,0,1
Q009339,A01848,S5,2026-01-11,F01,1,0
Q009340,A01848,S5,2026-01-11,F05,1,0
Q009341,A01848,S5,2026-01-11,F02,1,0
Q009342,A01849,S4,2026-01-11,F03,0,1
Q009343,A01849,S4,2026-01-11,F01,1,0
Q009344,A01849,S4,2026-01-11,F03,0,1
Q009345,A01849,S4,2026-01-11,F01,0,1
Q009346,A01850,S3,2026-01-11,F03,1,0
Q009347,A01850,S3,2026-01-11,F02,0,1
Q009348,A01850,S3,2026-01-11,F02,0,1
Q009349,A01850,S3,2026-01-11,F03,0,1
Q009350,A01850,S3,2026-01-11,F03,0,1
Q009351,A01850,S3,2026-01-11,F02,0,1
Q009352,A01850,S4,2026-01-11,F02,0,1
Q009353,A01850,S4,2026-01-11,F01,1,0
Q009354,A01851,S3,2026-01-11,F02,0,1
Q009355,A01851,S3,2026-01-11,F03,0,1
Q009356,A01851,S3,2026-01-11,F05,0,1
Q009357,A01851,S4,2026-01-11,F05,0,1
Q009358,A01851,S4,2026-01-11,F04,0,1
Q009359,A01852,S5,2026-01-11,F02,0,1
Q009360,A01853,S3,2026-01-11,F03,0,1
Q009361,A01853,S3,2026-01-11,F02,0,1
Q009362,A01853,S3,2026-01-11,F03,0,1
Q009363,A01853,S4,2026-01-12,F03,0,1
Q009364,A01853,S4,2026-01-12,F04,0,1
Q009365,A01853,S4,2026-01-12,F02,0,1
Q009366,A01853,S4,2026-01-12,F03,0,1
Q009367,A01853,S4,2026-01-12,F01,1,0
Q009368,A01853,S4,2026-01-12,F04,0,1
Q009369,A01853,S4,2026-01-12,F04,0,1
Q009370,A01853,S4,2026-01-12,F05,0,1
Q009371,A01853,S5,2026-01-12,F03,0,1
Q009372,A01854,S3,2026-01-11,F04,0,1
Q009373,A01855,S3,2026-01-11,F02,0,1
Q009374,A01855,S3,2026-01-11,F02,0,1
Q009375,A01855,S4,2026-01-12,F05,0,1
Q009376,A01855,S4,2026-01-12,F04,1,0
Q009377,A01855,S4,2026-01-12,F01,0,1
Q009378,A01855,S4,2026-01-12,F04,0,1
Q009379,A01855,S4,2026-01-12,F04,0,1
Q009380,A01855,S4,2026-01-12,F02,0,1
Q009381,A01855,S5,2026-01-12,F03,1,0
Q009382,A01855,S5,2026-01-12,F03,1,0
Q009383,A01855,S5,2026-01-12,F03,0,1
Q009384,A01856,S4,2026-01-11,F04,0,1
Q009385,A01856,S4,2026-01-11,F02,0,1
Q009386,A01856,S5,2026-01-11,F05,0,1
Q009387,A01856,S5,2026-01-11,F06,1,0
Q009388,A01857,S3,2026-01-11,F04,0,1
Q009389,A01857,S4,2026-01-12,F02,1,0
Q009390,A01857,S4,2026-01-12,F02,0,1
Q009391,A01857,S5,2026-01-12,F01,1,0
Q009392,A01857,S5,2026-01-12,F04,1,0
Q009393,A01858,S4,2026-01-12,F03,0,1
Q009394,A01858,S4,2026-01-12,F01,0,1
Q009395,A01858,S5,2026-01-12,F04,0,1
Q009396,A01858,S5,2026-01-12,F01,0,1
Q009397,A01859,S3,2026-01-12,F03,0,1
Q009398,A01859,S3,2026-01-12,F03,0,1
Q009399,A01859,S3,2026-01-12,F02,0,1
Q009400,A01859,S3,2026-01-12,F02,0,1
Q009401,A01859,S4,2026-01-13,F06,0,1
Q009402,A01859,S4,2026-01-13,F01,0,1
Q009403,A01859,S4,2026-01-13,F02,0,1
Q009404,A01859,S5,2026-01-13,F02,0,1
Q009405,A01859,S5,2026-01-13,F06,0,1
Q009406,A01859,S5,2026-01-13,F02,0,1
Q009407,A01859,S5,2026-01-13,F03,0,1
Q009408,A01859,S5,2026-01-13,F04,1,0
Q009409,A01860,S3,2026-01-12,F01,0,1
Q009410,A01860,S4,2026-01-13,F03,0,1
Q009411,A01861,S3,2026-01-11,F04,1,0
Q009412,A01861,S3,2026-01-11,F06,0,1
Q009413,A01861,S5,2026-01-12,F03,0,1
Q009414,A01862,S3,2026-01-13,F04,0,1
Q009415,A01862,S4,2026-01-13,F01,0,1
Q009416,A01862,S4,2026-01-13,F05,0,1
Q009417,A01862,S4,2026-01-13,F04,1,0
Q009418,A01862,S5,2026-01-13,F01,0,1
Q009419,A01862,S5,2026-01-13,F02,0,1
Q009420,A01863,S3,2026-01-13,F02,0,1
Q009421,A01863,S4,2026-01-13,F02,0,1
Q009422,A01863,S4,2026-01-13,F01,0,1
Q009423,A01863,S5,2026-01-14,F05,0,1
Q009424,A01863,S5,2026-01-14,F02,0,1
Q009425,A01864,S3,2026-01-13,F03,0,1
Q009426,A01864,S3,2026-01-13,F05,0,1
Q009427,A01864,S3,2026-01-13,F04,0,1
Q009428,A01864,S3,2026-01-13,F02,1,0
Q009429,A01864,S4,2026-01-13,F02,0,1
Q009430,A01864,S4,2026-01-13,F05,0,1
Q009431,A01864,S4,2026-01-13,F04,0,1
Q009432,A01864,S5,2026-01-14,F03,0,1
Q009433,A01865,S3,2026-01-13,F03,0,1
Q009434,A01865,S4,2026-01-13,F06,0,1
Q009435,A01865,S5,2026-01-13,F03,0,1
Q009436,A01866,S3,2026-01-12,F01,0,1
Q009437,A01866,S3,2026-01-12,F01,1,0
Q009438,A01866,S3,2026-01-12,F01,0,1
Q009439,A01866,S3,2026-01-12,F05,0,1
Q009440,A01866,S4,2026-01-13,F02,0,1
Q009441,A01866,S4,2026-01-13,F02,0,1
Q009442,A01866,S5,2026-01-13,F02,0,1
Q009443,A01867,S3,2026-01-13,F01,1,0
Q009444,A01868,S3,2026-01-13,F02,1,0
Q009445,A01869,S4,2026-01-15,F01,0,1
Q009446,A01870,S3,2026-01-15,F03,0,1
Q009447,A01870,S3,2026-01-15,F02,0,1
Q009448,A01870,S3,2026-01-15,F02,0,1
Q009449,A01870,S3,2026-01-15,F06,0,1
Q009450,A01870,S3,2026-01-15,F02,0,1
Q009451,A01870,S5,2026-01-15,F05,0,1
Q009452,A01872,S3,2026-01-14,F03,0,1
Q009453,A01872,S4,2026-01-15,F05,0,1
Q009454,A01873,S3,2026-01-14,F02,0,1
Q009455,A01873,S3,2026-01-14,F03,1,0
Q009456,A01873,S3,2026-01-14,F01,0,1
Q009457,A01873,S4,2026-01-14,F03,1,0
Q009458,A01873,S5,2026-01-15,F03,0,1
Q009459,A01873,S5,2026-01-15,F05,1,0
Q009460,A01873,S5,2026-01-15,F05,0,1
Q009461,A01874,S3,2026-01-14,F04,0,1
Q009462,A01874,S4,2026-01-15,F01,1,0
Q009463,A01875,S3,2026-01-15,F01,0,1
Q009464,A01875,S4,2026-01-15,F05,1,0
Q009465,A01875,S5,2026-01-16,F01,0,1
Q009466,A01876,S3,2026-01-16,F03,1,0
Q009467,A01876,S3,2026-01-16,F03,0,1
Q009468,A01876,S3,2026-01-16,F05,1,0
Q009469,A01876,S4,2026-01-17,F06,0,1
Q009470,A01876,S4,2026-01-17,F04,1,0
Q009471,A01876,S4,2026-01-17,F03,0,1
Q009472,A01876,S4,2026-01-17,F04,0,1
Q009473,A01876,S5,2026-01-17,F02,0,1
Q009474,A01876,S5,2026-01-17,F01,0,1
Q009475,A01876,S5,2026-01-17,F02,0,1
Q009476,A01877,S3,2026-01-16,F01,0,1
Q009477,A01877,S3,2026-01-16,F05,0,1
Q009478,A01877,S3,2026-01-16,F03,0,1
Q009479,A01877,S4,2026-01-16,F02,0,1
Q009480,A01877,S4,2026-01-16,F03,0,1
Q009481,A01877,S4,2026-01-16,F01,0,1
Q009482,A01877,S4,2026-01-16,F02,0,1
Q009483,A01877,S4,2026-01-16,F04,0,1
Q009484,A01878,S4,2026-01-18,F02,0,1
Q009485,A01878,S4,2026-01-18,F03,0,1
Q009486,A01879,S3,2026-01-16,F02,1,0
Q009487,A01880,S3,2026-01-16,F01,0,1
Q009488,A01880,S3,2026-01-16,F03,0,1
Q009489,A01880,S4,2026-01-16,F01,0,1
Q009490,A01880,S5,2026-01-17,F05,0,1
Q009491,A01881,S4,2026-01-18,F02,0,1
Q009492,A01882,S3,2026-01-17,F04,0,1
Q009493,A01882,S3,2026-01-17,F03,0,1
Q009494,A01882,S3,2026-01-17,F05,0,1
Q009495,A01882,S4,2026-01-18,F02,1,0
Q009496,A01882,S4,2026-01-18,F02,0,1
Q009497,A01882,S4,2026-01-18,F06,1,0
Q009498,A01882,S4,2026-01-18,F01,0,1
Q009499,A01882,S5,2026-01-18,F03,0,1
Q009500,A01883,S3,2026-01-17,F03,0,1
Q009501,A01883,S4,2026-01-17,F03,0,1
Q009502,A01883,S5,2026-01-17,F05,0,1
Q009503,A01883,S5,2026-01-17,F01,0,1
Q009504,A01884,S3,2026-01-17,F02,0,1
Q009505,A01884,S3,2026-01-17,F02,0,1
Q009506,A01884,S4,2026-01-17,F02,0,1
Q009507,A01884,S4,2026-01-17,F01,0,1
Q009508,A01884,S5,2026-01-17,F02,1,0
Q009509,A01885,S4,2026-01-17,F03,0,1
Q009510,A01887,S3,2026-01-18,F03,0,1
Q009511,A01887,S4,2026-01-19,F04,1,0
Q009512,A01887,S4,2026-01-19,F01,1,0
Q009513,A01887,S5,2026-01-19,F01,0,1
Q009514,A01887,S5,2026-01-19,F01,0,1
Q009515,A01887,S5,2026-01-19,F01,1,0
Q009516,A01888,S3,2026-01-18,F04,0,1
Q009517,A01888,S4,2026-01-18,F06,0,1
Q009518,A01888,S4,2026-01-18,F02,1,0
Q009519,A01888,S5,2026-01-18,F02,0,1
Q009520,A01889,S3,2026-01-17,F01,0,1
Q009521,A01889,S4,2026-01-18,F01,0,1
Q009522,A01889,S4,2026-01-18,F03,0,1
Q009523,A01889,S5,2026-01-18,F01,0,1
Q009524,A01890,S3,2026-01-19,F04,1,0
Q009525,A01890,S4,2026-01-19,F02,0,1
Q009526,A01892,S3,2026-01-19,F03,0,1
Q009527,A01893,S3,2026-01-19,F01,0,1
Q009528,A01893,S3,2026-01-19,F01,0,1
Q009529,A01893,S3,2026-01-19,F03,0,1
Q009530,A01893,S3,2026-01-19,F02,0,1
Q009531,A01893,S4,2026-01-19,F03,0,1
Q009532,A01893,S4,2026-01-19,F01,0,1
Q009533,A01893,S4,2026-01-19,F06,0,1
Q009534,A01893,S4,2026-01-19,F01,0,1
Q009535,A01894,S3,2026-01-20,F03,0,1
Q009536,A01894,S3,2026-01-20,F02,0,1
Q009537,A01894,S4,2026-01-20,F01,0,1
Q009538,A01894,S4,2026-01-20,F03,0,1
Q009539,A01894,S5,2026-01-21,F04,1,0
Q009540,A01895,S3,2026-01-19,F02,1,0
Q009541,A01895,S5,2026-01-21,F02,0,1
Q009542,A01896,S3,2026-01-20,F03,0,1
Q009543,A01896,S3,2026-01-20,F01,0,1
Q009544,A01896,S3,2026-01-20,F02,0,1
Q009545,A01896,S4,2026-01-21,F01,1,0
Q009546,A01896,S4,2026-01-21,F02,0,1
Q009547,A01896,S4,2026-01-21,F02,0,1
Q009548,A01896,S4,2026-01-21,F01,0,1
Q009549,A01896,S5,2026-01-21,F03,0,1
Q009550,A01897,S3,2026-01-20,F01,0,1
Q009551,A01897,S5,2026-01-20,F03,0,1
Q009552,A01898,S3,2026-01-19,F02,0,1
Q009553,A01898,S4,2026-01-20,F03,1,0
Q009554,A01898,S4,2026-01-20,F04,1,0
Q009555,A01898,S5,2026-01-20,F05,0,1
Q009556,A01899,S3,2026-01-21,F03,0,1
Q009557,A01899,S3,2026-01-21,F01,0,1
Q009558,A01899,S3,2026-01-21,F06,0,1
Q009559,A01899,S4,2026-01-22,F05,0,1
Q009560,A01899,S4,2026-01-22,F02,0,1
Q009561,A01899,S4,2026-01-22,F01,1,0
Q009562,A01899,S4,2026-01-22,F01,0,1
Q009563,A01899,S4,2026-01-22,F03,1,0
Q009564,A01899,S4,2026-01-22,F01,0,1
Q009565,A01899,S4,2026-01-22,F03,0,1
Q009566,A01899,S4,2026-01-22,F01,0,1
Q009567,A01899,S4,2026-01-22,F01,0,1
Q009568,A01899,S5,2026-01-22,F02,1,0
Q009569,A01899,S5,2026-01-22,F01,1,0
Q009570,A01899,S5,2026-01-22,F03,0,1
Q009571,A01899,S5,2026-01-22,F01,0,1
Q009572,A01899,S5,2026-01-22,F04,1,0
Q009573,A01900,S3,2026-01-21,F01,1,0
Q009574,A01900,S3,2026-01-21,F01,0,1
Q009575,A01900,S4,2026-01-22,F01,1,0
Q009576,A01900,S4,2026-01-22,F01,1,0
Q009577,A01900,S4,2026-01-22,F05,0,1
Q009578,A01900,S4,2026-01-22,F02,0,1
Q009579,A01900,S4,2026-01-22,F01,1,0
Q009580,A01900,S4,2026-01-22,F03,0,1
Q009581,A01900,S4,2026-01-22,F01,1,0
Q009582,A01900,S4,2026-01-22,F04,0,1
Q009583,A01900,S4,2026-01-22,F01,0,1
Q009584,A01900,S4,2026-01-22,F05,0,1
Q009585,A01900,S4,2026-01-22,F04,0,1
Q009586,A01900,S5,2026-01-22,F05,0,1
Q009587,A01900,S5,2026-01-22,F01,0,1
Q009588,A01901,S4,2026-01-21,F03,0,1
Q009589,A01901,S4,2026-01-21,F01,0,1
Q009590,A01902,S3,2026-01-21,F03,0,1
Q009591,A01902,S4,2026-01-21,F02,0,1
Q009592,A01902,S4,2026-01-21,F02,0,1
Q009593,A01902,S4,2026-01-21,F03,0,1
Q009594,A01902,S5,2026-01-22,F01,0,1
Q009595,A01902,S5,2026-01-22,F03,0,1
Q009596,A01903,S4,2026-01-22,F04,0,1
Q009597,A01903,S4,2026-01-22,F05,1,0
Q009598,A01903,S4,2026-01-22,F04,0,1
Q009599,A01903,S4,2026-01-22,F03,0,1
Q009600,A01904,S3,2026-01-21,F02,0,1
Q009601,A01904,S4,2026-01-21,F02,1,0
Q009602,A01905,S5,2026-01-21,F04,0,1
Q009603,A01906,S3,2026-01-22,F03,0,1
Q009604,A01906,S3,2026-01-22,F05,0,1
Q009605,A01906,S4,2026-01-22,F04,1,0
Q009606,A01906,S4,2026-01-22,F03,0,1
Q009607,A01906,S4,2026-01-22,F03,0,1
Q009608,A01906,S4,2026-01-22,F02,1,0
Q009609,A01906,S5,2026-01-22,F05,0,1
Q009610,A01907,S4,2026-01-22,F02,0,1
Q009611,A01908,S4,2026-01-23,F01,0,1
Q009612,A01908,S4,2026-01-23,F04,1,0
Q009613,A01908,S5,2026-01-23,F03,0,1
Q009614,A01909,S3,2026-01-22,F01,0,1
Q009615,A01909,S4,2026-01-22,F02,0,1
Q009616,A01909,S4,2026-01-22,F01,0,1
Q009617,A01909,S5,2026-01-22,F05,1,0
Q009618,A01909,S5,2026-01-22,F01,1,0
Q009619,A01910,S4,2026-01-22,F03,0,1
Q009620,A01910,S4,2026-01-22,F01,0,1
Q009621,A01910,S4,2026-01-22,F01,1,0
Q009622,A01910,S4,2026-01-22,F03,0,1
Q009623,A01911,S4,2026-01-23,F03,1,0
Q009624,A01911,S5,2026-01-23,F03,0,1
Q009625,A01912,S3,2026-01-22,F02,0,1
Q009626,A01912,S4,2026-01-22,F02,1,0
Q009627,A01912,S4,2026-01-22,F02,1,0
Q009628,A01912,S5,2026-01-22,F03,0,1
Q009629,A01913,S3,2026-01-22,F06,0,1
Q009630,A01913,S3,2026-01-22,F02,1,0
Q009631,A01913,S3,2026-01-22,F05,1,0
Q009632,A01913,S3,2026-01-22,F03,0,1
Q009633,A01913,S4,2026-01-22,F01,0,1
Q009634,A01913,S4,2026-01-22,F02,1,0
Q009635,A01913,S4,2026-01-22,F05,0,1
Q009636,A01913,S4,2026-01-22,F04,1,0
Q009637,A01913,S5,2026-01-22,F01,0,1
Q009638,A01914,S4,2026-01-22,F01,1,0
Q009639,A01914,S4,2026-01-22,F04,0,1
Q009640,A01914,S4,2026-01-22,F06,1,0
Q009641,A01914,S4,2026-01-22,F01,0,1
Q009642,A01914,S4,2026-01-22,F04,0,1
Q009643,A01914,S4,2026-01-22,F05,0,1
Q009644,A01914,S4,2026-01-22,F02,0,1
Q009645,A01915,S3,2026-01-23,F01,0,1
Q009646,A01915,S3,2026-01-23,F01,0,1
Q009647,A01915,S4,2026-01-24,F01,0,1
Q009648,A01915,S4,2026-01-24,F03,0,1
Q009649,A01915,S4,2026-01-24,F02,1,0
Q009650,A01915,S4,2026-01-24,F03,0,1
Q009651,A01915,S4,2026-01-24,F02,0,1
Q009652,A01915,S4,2026-01-24,F04,0,1
Q009653,A01915,S4,2026-01-24,F03,0,1
Q009654,A01916,S3,2026-01-23,F01,0,1
Q009655,A01916,S3,2026-01-23,F02,0,1
Q009656,A01916,S4,2026-01-25,F04,1,0
Q009657,A01916,S4,2026-01-25,F03,0,1
Q009658,A01916,S4,2026-01-25,F03,0,1
Q009659,A01916,S5,2026-01-25,F05,0,1
Q009660,A01916,S5,2026-01-25,F01,0,1
Q009661,A01916,S5,2026-01-25,F04,1,0
Q009662,A01917,S3,2026-01-22,F05,0,1
Q009663,A01918,S4,2026-01-24,F02,0,1
Q009664,A01919,S4,2026-01-23,F01,0,1
Q009665,A01919,S4,2026-01-23,F02,1,0
Q009666,A01919,S5,2026-01-23,F02,0,1
Q009667,A01919,S5,2026-01-23,F01,0,1
Q009668,A01920,S3,2026-01-23,F04,0,1
Q009669,A01920,S4,2026-01-23,F03,0,1
Q009670,A01920,S4,2026-01-23,F06,1,0
Q009671,A01921,S5,2026-01-24,F04,1,0
Q009672,A01922,S5,2026-01-24,F03,0,1
Q009673,A01923,S3,2026-01-24,F03,0,1
Q009674,A01923,S4,2026-01-24,F02,0,1
Q009675,A01923,S4,2026-01-24,F01,0,1
Q009676,A01923,S4,2026-01-24,F04,0,1
Q009677,A01923,S4,2026-01-24,F06,0,1
Q009678,A01925,S4,2026-01-24,F02,0,1
Q009679,A01925,S4,2026-01-24,F02,0,1
Q009680,A01925,S4,2026-01-24,F03,0,1
Q009681,A01925,S4,2026-01-24,F02,0,1
Q009682,A01925,S4,2026-01-24,F05,0,1
Q009683,A01925,S4,2026-01-24,F02,0,1
Q009684,A01925,S5,2026-01-24,F03,0,1
Q009685,A01928,S3,2026-01-24,F03,0,1
Q009686,A01928,S3,2026-01-24,F04,0,1
Q009687,A01929,S3,2026-01-26,F02,0,1
Q009688,A01929,S3,2026-01-26,F01,0,1
Q009689,A01929,S3,2026-01-26,F02,0,1
Q009690,A01929,S4,2026-01-26,F03,0,1
Q009691,A01929,S4,2026-01-26,F02,0,1
Q009692,A01929,S5,2026-01-26,F02,0,1
Q009693,A01930,S3,2026-01-26,F02,0,1
Q009694,A01930,S3,2026-01-26,F05,0,1
Q009695,A01930,S4,2026-01-26,F04,0,1
Q009696,A01930,S4,2026-01-26,F06,1,0
Q009697,A01930,S4,2026-01-26,F02,0,1
Q009698,A01930,S4,2026-01-26,F02,0,1
Q009699,A01930,S5,2026-01-26,F06,0,1
Q009700,A01931,S3,2026-01-27,F03,0,1
Q009701,A01931,S3,2026-01-27,F06,0,1
Q009702,A01931,S3,2026-01-27,F03,0,1
Q009703,A01931,S4,2026-01-27,F01,1,0
Q009704,A01931,S5,2026-01-27,F02,0,1
Q009705,A01932,S3,2026-01-26,F02,0,1
Q009706,A01932,S3,2026-01-26,F05,0,1
Q009707,A01932,S4,2026-01-27,F05,0,1
Q009708,A01932,S4,2026-01-27,F03,0,1
Q009709,A01933,S3,2026-01-28,F01,0,1
Q009710,A01933,S3,2026-01-28,F05,0,1
Q009711,A01933,S3,2026-01-28,F02,0,1
Q009712,A01933,S3,2026-01-28,F01,0,1
Q009713,A01933,S4,2026-01-28,F03,0,1
Q009714,A01933,S4,2026-01-28,F01,0,1
Q009715,A01933,S4,2026-01-28,F03,1,0
Q009716,A01933,S4,2026-01-28,F05,0,1
Q009717,A01933,S4,2026-01-28,F05,0,1
Q009718,A01933,S5,2026-01-28,F05,0,1
Q009719,A01933,S5,2026-01-28,F03,0,1
Q009720,A01933,S5,2026-01-28,F02,0,1
Q009721,A01933,S5,2026-01-28,F01,1,0
Q009722,A01934,S3,2026-01-28,F03,0,1
Q009723,A01934,S4,2026-01-29,F03,0,1
Q009724,A01934,S4,2026-01-29,F05,1,0
Q009725,A01934,S5,2026-01-29,F01,1,0
Q009726,A01935,S3,2026-01-28,F02,0,1
Q009727,A01935,S4,2026-01-30,F04,0,1
Q009728,A01935,S4,2026-01-30,F01,1,0
Q009729,A01935,S4,2026-01-30,F01,1,0
Q009730,A01935,S5,2026-01-30,F02,1,0
Q009731,A01937,S4,2026-01-30,F02,0,1
Q009732,A01937,S5,2026-01-31,F01,0,1
Q009733,A01938,S3,2026-01-30,F04,1,0
Q009734,A01938,S4,2026-01-30,F01,0,1
Q009735,A01938,S4,2026-01-30,F03,0,1
Q009736,A01938,S4,2026-01-30,F01,1,0
Q009737,A01938,S4,2026-01-30,F03,0,1
Q009738,A01938,S5,2026-01-30,F06,0,1
Q009739,A01938,S5,2026-01-30,F02,0,1
Q009740,A01939,S4,2026-01-30,F02,0,1
Q009741,A01939,S5,2026-01-30,F01,1,0
Q009742,A01939,S5,2026-01-30,F01,0,1
Q009743,A01940,S4,2026-01-31,F02,0,1
Q009744,A01940,S5,2026-01-31,F01,0,1
Q009745,A01941,S3,2026-01-30,F01,0,1
Q009746,A01941,S3,2026-01-30,F01,0,1
Q009747,A01941,S4,2026-01-31,F01,0,1
Q009748,A01941,S4,2026-01-31,F01,1,0
Q009749,A01941,S4,2026-01-31,F02,0,1
Q009750,A01942,S4,2026-01-31,F05,0,1
Q009751,A01942,S5,2026-01-31,F03,0,1
Q009752,A01943,S3,2026-02-01,F05,0,1
Q009753,A01943,S4,2026-02-01,F04,0,1
Q009754,A01943,S4,2026-02-01,F01,1,0
Q009755,A01943,S4,2026-02-01,F02,0,1
Q009756,A01943,S4,2026-02-01,F04,1,0
Q009757,A01943,S4,2026-02-01,F05,0,1
Q009758,A01943,S5,2026-02-01,F05,0,1
Q009759,A01943,S5,2026-02-01,F04,0,1
Q009760,A01943,S5,2026-02-01,F03,0,1
Q009761,A01944,S3,2026-01-31,F03,0,1
Q009762,A01944,S4,2026-01-31,F01,0,1
Q009763,A01944,S4,2026-01-31,F02,0,1
Q009764,A01944,S5,2026-01-31,F05,1,0
Q009765,A01944,S5,2026-01-31,F05,1,0
Q009766,A01945,S3,2026-01-31,F05,0,1
Q009767,A01945,S3,2026-01-31,F06,0,1
Q009768,A01945,S4,2026-02-01,F01,1,0
Q009769,A01945,S4,2026-02-01,F03,0,1
Q009770,A01945,S4,2026-02-01,F04,0,1
Q009771,A01945,S4,2026-02-01,F01,0,1
Q009772,A01945,S4,2026-02-01,F03,0,1
Q009773,A01945,S4,2026-02-01,F03,0,1
Q009774,A01945,S5,2026-02-01,F01,1,0
Q009775,A01946,S3,2026-01-31,F02,0,1
Q009776,A01946,S5,2026-02-01,F01,0,1
Q009777,A01947,S4,2026-02-01,F04,0,1
Q009778,A01947,S4,2026-02-01,F01,0,1
Q009779,A01947,S4,2026-02-01,F01,0,1
Q009780,A01947,S5,2026-02-01,F05,0,1
Q009781,A01947,S5,2026-02-01,F01,0,1
Q009782,A01948,S3,2026-01-31,F03,0,1
Q009783,A01948,S3,2026-01-31,F02,0,1
Q009784,A01948,S4,2026-01-31,F02,0,1
Q009785,A01948,S4,2026-01-31,F04,0,1
Q009786,A01948,S4,2026-01-31,F05,0,1
Q009787,A01948,S4,2026-01-31,F01,0,1
Q009788,A01948,S4,2026-01-31,F02,0,1
Q009789,A01948,S4,2026-01-31,F01,1,0
Q009790,A01948,S4,2026-01-31,F01,0,1
Q009791,A01948,S4,2026-01-31,F02,1,0
Q009792,A01948,S4,2026-01-31,F05,0,1
Q009793,A01948,S4,2026-01-31,F05,1,0
Q009794,A01948,S5,2026-02-01,F03,1,0
Q009795,A01948,S5,2026-02-01,F06,0,1
Q009796,A01949,S3,2026-01-31,F06,0,1
Q009797,A01949,S4,2026-02-01,F01,1,0
Q009798,A01949,S4,2026-02-01,F02,0,1
Q009799,A01950,S3,2026-02-01,F04,0,1
Q009800,A01950,S3,2026-02-01,F01,0,1
Q009801,A01950,S5,2026-02-01,F02,0,1
Q009802,A01951,S3,2026-02-01,F01,0,1
Q009803,A01951,S3,2026-02-01,F03,0,1
Q009804,A01951,S3,2026-02-01,F03,0,1
Q009805,A01951,S4,2026-02-03,F01,0,1
Q009806,A01951,S4,2026-02-03,F04,0,1
Q009807,A01951,S4,2026-02-03,F04,1,0
Q009808,A01951,S4,2026-02-03,F03,0,1
Q009809,A01951,S4,2026-02-03,F03,0,1
Q009810,A01951,S5,2026-02-03,F03,0,1
Q009811,A01951,S5,2026-02-03,F01,0,1
Q009812,A01952,S3,2026-02-01,F03,1,0
Q009813,A01952,S4,2026-02-01,F04,1,0
Q009814,A01952,S4,2026-02-01,F05,0,1
Q009815,A01952,S4,2026-02-01,F04,0,1
Q009816,A01952,S4,2026-02-01,F03,0,1
Q009817,A01952,S4,2026-02-01,F01,1,0
Q009818,A01952,S5,2026-02-01,F01,1,0
Q009819,A01954,S3,2026-02-01,F03,0,1
Q009820,A01954,S3,2026-02-01,F02,0,1
Q009821,A01954,S4,2026-02-01,F02,0,1
Q009822,A01954,S5,2026-02-01,F01,0,1
Q009823,A01954,S5,2026-02-01,F01,0,1
Q009824,A01956,S3,2026-02-01,F03,0,1
Q009825,A01956,S3,2026-02-01,F01,0,1
Q009826,A01956,S4,2026-02-02,F04,0,1
Q009827,A01956,S4,2026-02-02,F02,1,0
Q009828,A01956,S5,2026-02-02,F04,1,0
Q009829,A01956,S5,2026-02-02,F01,1,0
Q009830,A01957,S3,2026-02-02,F02,0,1
Q009831,A01957,S4,2026-02-02,F04,1,0
Q009832,A01957,S4,2026-02-02,F04,1,0
Q009833,A01957,S4,2026-02-02,F01,1,0
Q009834,A01957,S5,2026-02-02,F03,0,1
Q009835,A01957,S5,2026-02-02,F02,0,1
Q009836,A01958,S3,2026-02-02,F01,1,0
Q009837,A01958,S3,2026-02-02,F02,0,1
Q009838,A01958,S3,2026-02-02,F05,0,1
Q009839,A01958,S4,2026-02-02,F04,1,0
Q009840,A01959,S4,2026-02-02,F04,1,0
Q009841,A01959,S4,2026-02-02,F02,0,1
Q009842,A01959,S4,2026-02-02,F04,1,0
Q009843,A01959,S4,2026-02-02,F06,0,1
Q009844,A01959,S4,2026-02-02,F03,0,1
Q009845,A01959,S4,2026-02-02,F04,1,0
Q009846,A01960,S3,2026-02-01,F02,0,1
Q009847,A01960,S3,2026-02-01,F05,0,1
Q009848,A01960,S4,2026-02-02,F03,1,0
Q009849,A01960,S4,2026-02-02,F02,0,1
Q009850,A01960,S4,2026-02-02,F03,0,1
Q009851,A01961,S3,2026-02-02,F04,0,1
Q009852,A01961,S5,2026-02-02,F05,1,0
Q009853,A01962,S4,2026-02-02,F01,0,1
Q009854,A01963,S3,2026-02-02,F04,1,0
Q009855,A01963,S5,2026-02-02,F01,0,1
Q009856,A01964,S3,2026-02-02,F02,0,1
Q009857,A01964,S4,2026-02-03,F06,1,0
Q009858,A01964,S5,2026-02-03,F03,0,1
Q009859,A01964,S5,2026-02-03,F03,0,1
Q009860,A01965,S4,2026-02-02,F01,0,1
Q009861,A01966,S3,2026-02-03,F02,0,1
Q009862,A01966,S4,2026-02-04,F05,0,1
Q009863,A01966,S4,2026-02-04,F01,0,1
Q009864,A01966,S4,2026-02-04,F02,0,1
Q009865,A01967,S3,2026-02-03,F01,1,0
Q009866,A01967,S3,2026-02-03,F03,0,1
Q009867,A01967,S4,2026-02-04,F01,1,0
Q009868,A01967,S4,2026-02-04,F01,1,0
Q009869,A01967,S4,2026-02-04,F01,0,1
Q009870,A01967,S4,2026-02-04,F02,0,1
Q009871,A01967,S5,2026-02-04,F04,1,0
Q009872,A01968,S3,2026-02-03,F04,1,0
Q009873,A01968,S3,2026-02-03,F05,0,1
Q009874,A01968,S3,2026-02-03,F04,1,0
Q009875,A01968,S4,2026-02-04,F03,0,1
Q009876,A01968,S4,2026-02-04,F05,0,1
Q009877,A01968,S4,2026-02-04,F03,0,1
Q009878,A01968,S4,2026-02-04,F01,0,1
Q009879,A01968,S5,2026-02-05,F05,0,1
Q009880,A01969,S3,2026-02-03,F01,0,1
Q009881,A01969,S3,2026-02-03,F04,0,1
Q009882,A01969,S3,2026-02-03,F01,0,1
Q009883,A01969,S4,2026-02-03,F03,0,1
Q009884,A01969,S5,2026-02-04,F03,0,1
Q009885,A01970,S5,2026-02-03,F01,0,1
Q009886,A01971,S3,2026-02-04,F05,0,1
Q009887,A01971,S3,2026-02-04,F04,0,1
Q009888,A01971,S4,2026-02-05,F06,1,0
Q009889,A01971,S4,2026-02-05,F01,0,1
Q009890,A01971,S4,2026-02-05,F01,1,0
Q009891,A01971,S4,2026-02-05,F02,0,1
Q009892,A01971,S5,2026-02-05,F01,0,1
Q009893,A01971,S5,2026-02-05,F03,0,1
Q009894,A01971,S5,2026-02-05,F01,1,0
Q009895,A01972,S3,2026-02-04,F01,0,1
Q009896,A01972,S3,2026-02-04,F04,0,1
Q009897,A01972,S3,2026-02-04,F03,0,1
Q009898,A01972,S4,2026-02-05,F04,0,1
Q009899,A01972,S4,2026-02-05,F02,0,1
Q009900,A01972,S4,2026-02-05,F02,0,1
Q009901,A01972,S4,2026-02-05,F02,0,1
Q009902,A01972,S5,2026-02-05,F04,0,1
Q009903,A01972,S5,2026-02-05,F02,0,1
Q009904,A01973,S3,2026-02-04,F01,0,1
Q009905,A01973,S4,2026-02-04,F03,0,1
Q009906,A01973,S4,2026-02-04,F01,1,0
Q009907,A01973,S4,2026-02-04,F06,0,1
Q009908,A01973,S5,2026-02-05,F01,1,0
Q009909,A01974,S3,2026-02-04,F05,0,1
Q009910,A01974,S3,2026-02-04,F02,0,1
Q009911,A01974,S4,2026-02-05,F02,0,1
Q009912,A01974,S5,2026-02-05,F06,0,1
Q009913,A01975,S4,2026-02-05,F01,1,0
Q009914,A01975,S4,2026-02-05,F02,1,0
Q009915,A01975,S5,2026-02-05,F02,0,1
Q009916,A01976,S3,2026-02-05,F03,0,1
Q009917,A01976,S4,2026-02-07,F03,0,1
Q009918,A01976,S4,2026-02-07,F02,1,0
Q009919,A01976,S4,2026-02-07,F02,0,1
Q009920,A01976,S4,2026-02-07,F01,1,0
Q009921,A01976,S4,2026-02-07,F01,0,1
Q009922,A01976,S4,2026-02-07,F02,0,1
Q009923,A01976,S4,2026-02-07,F03,0,1
Q009924,A01976,S4,2026-02-07,F06,1,0
Q009925,A01976,S4,2026-02-07,F01,1,0
Q009926,A01976,S4,2026-02-07,F05,1,0
Q009927,A01976,S5,2026-02-07,F01,0,1
Q009928,A01977,S4,2026-02-06,F03,0,1
Q009929,A01977,S4,2026-02-06,F06,0,1
Q009930,A01978,S5,2026-02-06,F01,1,0
Q009931,A01980,S5,2026-02-05,F03,0,1
Q009932,A01980,S5,2026-02-05,F04,0,1
Q009933,A01981,S3,2026-02-06,F04,0,1
Q009934,A01981,S3,2026-02-06,F04,1,0
Q009935,A01981,S4,2026-02-06,F03,0,1
Q009936,A01981,S4,2026-02-06,F04,0,1
Q009937,A01981,S5,2026-02-07,F05,1,0
Q009938,A01982,S3,2026-02-06,F02,0,1
Q009939,A01982,S5,2026-02-08,F02,0,1
Q009940,A01982,S5,2026-02-08,F06,0,1
Q009941,A01983,S3,2026-02-06,F02,0,1
Q009942,A01983,S4,2026-02-06,F02,0,1
Q009943,A01983,S4,2026-02-06,F03,0,1
Q009944,A01984,S4,2026-02-06,F02,0,1
Q009945,A01984,S5,2026-02-06,F01,1,0
Q009946,A01984,S5,2026-02-06,F06,0,1
Q009947,A01985,S4,2026-02-06,F06,1,0
Q009948,A01985,S4,2026-02-06,F03,0,1
Q009949,A01985,S5,2026-02-06,F02,0,1
Q009950,A01986,S3,2026-02-06,F02,0,1
Q009951,A01986,S3,2026-02-06,F01,0,1
Q009952,A01986,S4,2026-02-06,F05,0,1
Q009953,A01986,S4,2026-02-06,F03,0,1
Q009954,A01986,S4,2026-02-06,F05,0,1
Q009955,A01986,S4,2026-02-06,F04,0,1
Q009956,A01988,S3,2026-02-07,F01,1,0
Q009957,A01988,S3,2026-02-07,F02,0,1
Q009958,A01988,S3,2026-02-07,F01,0,1
Q009959,A01988,S3,2026-02-07,F04,0,1
Q009960,A01988,S4,2026-02-07,F04,1,0
Q009961,A01988,S4,2026-02-07,F05,0,1
Q009962,A01988,S4,2026-02-07,F06,0,1
Q009963,A01988,S4,2026-02-07,F01,1,0
Q009964,A01988,S4,2026-02-07,F03,1,0
Q009965,A01988,S4,2026-02-07,F02,0,1
Q009966,A01988,S4,2026-02-07,F03,0,1
Q009967,A01989,S3,2026-02-07,F05,0,1
Q009968,A01989,S3,2026-02-07,F01,1,0
Q009969,A01989,S4,2026-02-07,F06,1,0
Q009970,A01989,S4,2026-02-07,F01,0,1
Q009971,A01989,S4,2026-02-07,F02,0,1
Q009972,A01989,S4,2026-02-07,F01,0,1
Q009973,A01989,S4,2026-02-07,F02,1,0
Q009974,A01989,S4,2026-02-07,F02,1,0
Q009975,A01989,S5,2026-02-08,F01,1,0
Q009976,A01990,S3,2026-02-07,F03,0,1
Q009977,A01990,S3,2026-02-07,F02,0,1
Q009978,A01990,S4,2026-02-07,F02,0,1
Q009979,A01990,S4,2026-02-07,F04,0,1
Q009980,A01990,S4,2026-02-07,F05,0,1
Q009981,A01990,S4,2026-02-07,F02,0,1
Q009982,A01990,S4,2026-02-07,F02,0,1
Q009983,A01990,S4,2026-02-07,F01,1,0
Q009984,A01991,S4,2026-02-08,F03,0,1
Q009985,A01991,S5,2026-02-08,F04,1,0
Q009986,A01992,S3,2026-02-08,F01,1,0
Q009987,A01992,S3,2026-02-08,F02,0,1
Q009988,A01992,S3,2026-02-08,F01,1,0
Q009989,A01992,S4,2026-02-09,F02,0,1
Q009990,A01992,S4,2026-02-09,F01,0,1
Q009991,A01992,S5,2026-02-09,F03,0,1
Q009992,A01993,S3,2026-02-07,F01,0,1
Q009993,A01993,S3,2026-02-07,F06,0,1
Q009994,A01994,S3,2026-02-08,F05,0,1
Q009995,A01994,S3,2026-02-08,F02,0,1
Q009996,A01994,S5,2026-02-09,F01,0,1
Q009997,A01994,S5,2026-02-09,F04,0,1
Q009998,A01995,S3,2026-02-08,F03,0,1
Q009999,A01995,S4,2026-02-09,F01,0,1
Q010000,A01995,S4,2026-02-09,F04,0,1
Q010001,A01996,S3,2026-02-07,F03,0,1
Q010002,A01996,S3,2026-02-07,F06,1,0
Q010003,A01996,S3,2026-02-07,F05,0,1
Q010004,A01996,S4,2026-02-08,F04,0,1
Q010005,A01996,S4,2026-02-08,F05,0,1
Q010006,A01996,S4,2026-02-08,F04,0,1
Q010007,A01996,S5,2026-02-08,F02,0,1
Q010008,A01997,S3,2026-02-08,F01,0,1
Q010009,A01997,S4,2026-02-08,F05,0,1
Q010010,A01997,S5,2026-02-08,F02,0,1
Q010011,A01997,S5,2026-02-08,F02,0,1
Q010012,A01998,S3,2026-02-09,F03,0,1
Q010013,A01998,S4,2026-02-10,F02,0,1
Q010014,A01998,S4,2026-02-10,F03,0,1
Q010015,A01998,S4,2026-02-10,F01,0,1
Q010016,A01998,S4,2026-02-10,F01,0,1
Q010017,A01998,S5,2026-02-10,F01,0,1
Q010018,A01998,S5,2026-02-10,F01,0,1
Q010019,A01998,S5,2026-02-10,F05,0,1
Q010020,A01999,S3,2026-02-09,F03,1,0
Q010021,A01999,S4,2026-02-10,F01,0,1
Q010022,A02000,S3,2026-02-09,F01,0,1
Q010023,A02000,S4,2026-02-12,F04,1,0
Q010024,A02000,S4,2026-02-12,F04,1,0
Q010025,A02000,S4,2026-02-12,F01,0,1
Q010026,A02000,S4,2026-02-12,F02,0,1
Q010027,A02000,S4,2026-02-12,F02,0,1
Q010028,A02000,S5,2026-02-13,F03,1,0
Q010029,A02000,S5,2026-02-13,F01,0,1
Q010030,A02001,S3,2026-02-10,F04,1,0
Q010031,A02001,S3,2026-02-10,F02,0,1
Q010032,A02001,S4,2026-02-11,F06,1,0
Q010033,A02001,S4,2026-02-11,F02,0,1
Q010034,A02001,S4,2026-02-11,F02,0,1
Q010035,A02001,S4,2026-02-11,F04,0,1
Q010036,A02001,S5,2026-02-12,F04,0,1
Q010037,A02002,S3,2026-02-09,F01,0,1
Q010038,A02002,S3,2026-02-09,F03,0,1
Q010039,A02002,S5,2026-02-10,F02,0,1
Q010040,A02002,S5,2026-02-10,F01,0,1
Q010041,A02003,S3,2026-02-10,F02,1,0
Q010042,A02003,S4,2026-02-10,F02,0,1
Q010043,A02003,S4,2026-02-10,F04,1,0
Q010044,A02004,S4,2026-02-10,F03,0,1
Q010045,A02004,S4,2026-02-10,F01,0,1
Q010046,A02004,S4,2026-02-10,F01,1,0
Q010047,A02004,S5,2026-02-10,F06,0,1
Q010048,A02004,S5,2026-02-10,F01,0,1
Q010049,A02006,S4,2026-02-12,F04,1,0
Q010050,A02006,S5,2026-02-12,F03,0,1
Q010051,A02007,S4,2026-02-11,F02,0,1
Q010052,A02008,S3,2026-02-11,F04,0,1
Q010053,A02008,S3,2026-02-11,F02,0,1
Q010054,A02008,S4,2026-02-12,F01,0,1
Q010055,A02008,S4,2026-02-12,F03,0,1
Q010056,A02008,S4,2026-02-12,F03,0,1
Q010057,A02008,S4,2026-02-12,F01,0,1
Q010058,A02008,S5,2026-02-12,F02,1,0
Q010059,A02009,S3,2026-02-11,F01,0,1
Q010060,A02009,S3,2026-02-11,F03,0,1
Q010061,A02009,S4,2026-02-11,F04,0,1
Q010062,A02009,S4,2026-02-11,F02,1,0
Q010063,A02011,S3,2026-02-11,F03,0,1
Q010064,A02011,S4,2026-02-12,F03,0,1
Q010065,A02011,S4,2026-02-12,F04,1,0
Q010066,A02012,S3,2026-02-12,F05,0,1
Q010067,A02012,S3,2026-02-12,F02,1,0
Q010068,A02012,S4,2026-02-13,F06,0,1
Q010069,A02012,S4,2026-02-13,F02,1,0
Q010070,A02012,S4,2026-02-13,F01,0,1
Q010071,A02012,S5,2026-02-14,F02,0,1
Q010072,A02013,S3,2026-02-11,F02,1,0
Q010073,A02013,S3,2026-02-11,F02,0,1
Q010074,A02013,S3,2026-02-11,F02,0,1
Q010075,A02013,S3,2026-02-11,F03,0,1
Q010076,A02013,S4,2026-02-12,F01,0,1
Q010077,A02013,S4,2026-02-12,F03,0,1
Q010078,A02013,S4,2026-02-12,F02,0,1
Q010079,A02013,S4,2026-02-12,F01,0,1
Q010080,A02013,S4,2026-02-12,F03,0,1
Q010081,A02013,S4,2026-02-12,F01,0,1
Q010082,A02013,S5,2026-02-12,F04,1,0
Q010083,A02013,S5,2026-02-12,F02,0,1
Q010084,A02014,S4,2026-02-13,F04,1,0
Q010085,A02015,S4,2026-02-14,F05,0,1
Q010086,A02015,S4,2026-02-14,F02,0,1
Q010087,A02016,S4,2026-02-12,F02,1,0
Q010088,A02017,S3,2026-02-12,F01,0,1
Q010089,A02017,S4,2026-02-14,F04,1,0
Q010090,A02018,S5,2026-02-13,F03,0,1
Q010091,A02019,S3,2026-02-13,F04,0,1
Q010092,A02019,S3,2026-02-13,F04,0,1
Q010093,A02019,S4,2026-02-13,F02,0,1
Q010094,A02019,S5,2026-02-13,F03,0,1
Q010095,A02020,S3,2026-02-13,F02,0,1
Q010096,A02020,S5,2026-02-14,F03,0,1
Q010097,A02021,S4,2026-02-14,F01,1,0
Q010098,A02021,S4,2026-02-14,F05,0,1
Q010099,A02021,S5,2026-02-14,F06,0,1
Q010100,A02022,S3,2026-02-14,F01,0,1
Q010101,A02022,S3,2026-02-14,F03,0,1
Q010102,A02022,S3,2026-02-14,F03,0,1
Q010103,A02022,S4,2026-02-15,F02,0,1
Q010104,A02022,S4,2026-02-15,F05,0,1
Q010105,A02022,S4,2026-02-15,F03,0,1
Q010106,A02022,S4,2026-02-15,F01,0,1
Q010107,A02022,S4,2026-02-15,F04,1,0
Q010108,A02022,S4,2026-02-15,F02,1,0
Q010109,A02022,S5,2026-02-15,F03,0,1
Q010110,A02023,S3,2026-02-14,F01,0,1
Q010111,A02023,S3,2026-02-14,F03,0,1
Q010112,A02023,S3,2026-02-14,F05,1,0
Q010113,A02023,S4,2026-02-14,F01,0,1
Q010114,A02023,S4,2026-02-14,F01,0,1
Q010115,A02023,S4,2026-02-14,F02,0,1
Q010116,A02023,S4,2026-02-14,F02,0,1
Q010117,A02023,S4,2026-02-14,F01,0,1
Q010118,A02023,S4,2026-02-14,F01,1,0
Q010119,A02023,S4,2026-02-14,F05,0,1
Q010120,A02023,S4,2026-02-14,F01,0,1
Q010121,A02023,S4,2026-02-14,F05,0,1
Q010122,A02023,S4,2026-02-14,F01,0,1
Q010123,A02023,S4,2026-02-14,F05,1,0
Q010124,A02023,S5,2026-02-15,F05,1,0
Q010125,A02023,S5,2026-02-15,F04,0,1
Q010126,A02024,S3,2026-02-13,F05,0,1
Q010127,A02024,S4,2026-02-14,F03,1,0
Q010128,A02024,S4,2026-02-14,F02,0,1
Q010129,A02024,S4,2026-02-14,F01,0,1
Q010130,A02024,S5,2026-02-14,F02,0,1
Q010131,A02025,S3,2026-02-15,F01,1,0
Q010132,A02025,S3,2026-02-15,F04,1,0
Q010133,A02025,S3,2026-02-15,F01,0,1
Q010134,A02025,S3,2026-02-15,F02,0,1
Q010135,A02025,S3,2026-02-15,F01,0,1
Q010136,A02025,S4,2026-02-15,F01,0,1
Q010137,A02025,S4,2026-02-15,F01,0,1
Q010138,A02025,S4,2026-02-15,F01,0,1
Q010139,A02025,S4,2026-02-15,F05,0,1
Q010140,A02025,S5,2026-02-16,F02,0,1
Q010141,A02025,S5,2026-02-16,F01,0,1
Q010142,A02025,S5,2026-02-16,F02,0,1
Q010143,A02026,S3,2026-02-15,F03,0,1
Q010144,A02026,S3,2026-02-15,F01,1,0
Q010145,A02026,S3,2026-02-15,F01,0,1
Q010146,A02026,S4,2026-02-16,F05,0,1
Q010147,A02027,S3,2026-02-15,F02,0,1
Q010148,A02027,S3,2026-02-15,F04,0,1
Q010149,A02027,S3,2026-02-15,F03,0,1
Q010150,A02027,S4,2026-02-16,F05,0,1
Q010151,A02027,S4,2026-02-16,F03,0,1
Q010152,A02027,S5,2026-02-16,F02,0,1
Q010153,A02027,S5,2026-02-16,F02,0,1
Q010154,A02028,S3,2026-02-15,F05,0,1
Q010155,A02028,S3,2026-02-15,F01,1,0
Q010156,A02028,S3,2026-02-15,F04,0,1
Q010157,A02028,S3,2026-02-15,F06,1,0
Q010158,A02028,S4,2026-02-16,F03,0,1
Q010159,A02029,S4,2026-02-15,F02,1,0
Q010160,A02029,S4,2026-02-15,F04,0,1
Q010161,A02030,S3,2026-02-14,F02,1,0
Q010162,A02030,S4,2026-02-15,F02,0,1
Q010163,A02030,S4,2026-02-15,F06,0,1
Q010164,A02031,S3,2026-02-16,F04,1,0
Q010165,A02031,S3,2026-02-16,F03,0,1
Q010166,A02031,S3,2026-02-16,F01,0,1
Q010167,A02031,S4,2026-02-17,F02,0,1
Q010168,A02031,S4,2026-02-17,F01,0,1
Q010169,A02031,S5,2026-02-17,F04,0,1
Q010170,A02031,S5,2026-02-17,F03,0,1
Q010171,A02032,S3,2026-02-17,F01,1,0
Q010172,A02032,S3,2026-02-17,F01,1,0
Q010173,A02032,S3,2026-02-17,F03,0,1
Q010174,A02032,S4,2026-02-18,F01,0,1
Q010175,A02032,S4,2026-02-18,F02,0,1
Q010176,A02032,S4,2026-02-18,F02,0,1
Q010177,A02033,S3,2026-02-16,F02,0,1
Q010178,A02034,S3,2026-02-17,F03,0,1
Q010179,A02034,S4,2026-02-18,F04,1,0
Q010180,A02034,S4,2026-02-18,F01,0,1
Q010181,A02035,S4,2026-02-18,F03,0,1
Q010182,A02036,S5,2026-02-17,F01,1,0
Q010183,A02036,S5,2026-02-17,F04,0,1
Q010184,A02037,S3,2026-02-16,F03,0,1
Q010185,A02037,S3,2026-02-16,F02,0,1
Q010186,A02037,S4,2026-02-17,F02,1,0
Q010187,A02037,S5,2026-02-17,F02,1,0
Q010188,A02038,S3,2026-02-18,F03,0,1
Q010189,A02038,S4,2026-02-18,F04,0,1
Q010190,A02038,S4,2026-02-18,F02,0,1
Q010191,A02038,S4,2026-02-18,F01,0,1
Q010192,A02038,S4,2026-02-18,F01,0,1
Q010193,A02038,S4,2026-02-18,F04,1,0
Q010194,A02038,S5,2026-02-19,F01,1,0
Q010195,A02038,S5,2026-02-19,F03,0,1
Q010196,A02038,S5,2026-02-19,F01,1,0
Q010197,A02038,S5,2026-02-19,F02,0,1
Q010198,A02039,S3,2026-02-18,F05,0,1
Q010199,A02039,S5,2026-02-18,F03,0,1
Q010200,A02040,S3,2026-02-17,F05,1,0
Q010201,A02040,S3,2026-02-17,F04,0,1
Q010202,A02040,S4,2026-02-18,F03,0,1
Q010203,A02040,S4,2026-02-18,F04,1,0
Q010204,A02040,S4,2026-02-18,F03,0,1
Q010205,A02040,S4,2026-02-18,F03,0,1
Q010206,A02041,S3,2026-02-20,F02,0,1
Q010207,A02041,S4,2026-02-21,F01,0,1
Q010208,A02041,S4,2026-02-21,F04,0,1
Q010209,A02041,S5,2026-02-21,F04,0,1
Q010210,A02041,S5,2026-02-21,F02,0,1
Q010211,A02042,S3,2026-02-19,F05,0,1
Q010212,A02042,S4,2026-02-20,F03,0,1
Q010213,A02042,S4,2026-02-20,F03,1,0
Q010214,A02042,S4,2026-02-20,F02,0,1
Q010215,A02042,S5,2026-02-20,F01,0,1
Q010216,A02042,S5,2026-02-20,F02,0,1
Q010217,A02043,S3,2026-02-19,F01,1,0
Q010218,A02043,S3,2026-02-19,F01,1,0
Q010219,A02043,S3,2026-02-19,F02,0,1
Q010220,A02043,S3,2026-02-19,F04,1,0
Q010221,A02043,S3,2026-02-19,F02,0,1
Q010222,A02043,S3,2026-02-19,F02,0,1
Q010223,A02043,S4,2026-02-20,F04,1,0
Q010224,A02043,S4,2026-02-20,F03,0,1
Q010225,A02043,S4,2026-02-20,F01,0,1
Q010226,A02043,S5,2026-02-20,F03,0,1
Q010227,A02043,S5,2026-02-20,F01,0,1
Q010228,A02043,S5,2026-02-20,F02,0,1
Q010229,A02044,S3,2026-02-19,F05,0,1
Q010230,A02044,S4,2026-02-19,F05,0,1
Q010231,A02044,S4,2026-02-19,F02,1,0
Q010232,A02045,S4,2026-02-20,F05,0,1
Q010233,A02045,S4,2026-02-20,F04,0,1
Q010234,A02045,S5,2026-02-21,F04,0,1
Q010235,A02046,S3,2026-02-19,F03,0,1
Q010236,A02046,S4,2026-02-19,F03,0,1
Q010237,A02046,S5,2026-02-20,F04,1,0
Q010238,A02047,S3,2026-02-20,F04,0,1
Q010239,A02047,S3,2026-02-20,F03,1,0
Q010240,A02047,S4,2026-02-20,F01,0,1
Q010241,A02047,S4,2026-02-20,F02,0,1
Q010242,A02047,S4,2026-02-20,F01,0,1
Q010243,A02047,S4,2026-02-20,F02,0,1
Q010244,A02047,S4,2026-02-20,F02,0,1
Q010245,A02047,S4,2026-02-20,F05,0,1
Q010246,A02047,S4,2026-02-20,F05,0,1
Q010247,A02047,S5,2026-02-20,F01,1,0
Q010248,A02047,S5,2026-02-20,F02,1,0
Q010249,A02048,S5,2026-02-21,F01,1,0
Q010250,A02049,S3,2026-02-20,F01,1,0
Q010251,A02049,S3,2026-02-20,F04,0,1
Q010252,A02049,S4,2026-02-20,F02,0,1
Q010253,A02049,S4,2026-02-20,F02,1,0
Q010254,A02049,S4,2026-02-20,F02,0,1
Q010255,A02049,S5,2026-02-20,F05,0,1
Q010256,A02050,S4,2026-02-21,F01,1,0
Q010257,A02050,S4,2026-02-21,F02,0,1
Q010258,A02050,S5,2026-02-21,F03,0,1
Q010259,A02050,S5,2026-02-21,F03,0,1
Q010260,A02051,S3,2026-02-20,F04,1,0
Q010261,A02051,S3,2026-02-20,F02,1,0
Q010262,A02051,S4,2026-02-20,F03,0,1
Q010263,A02051,S4,2026-02-20,F02,1,0
Q010264,A02051,S5,2026-02-20,F01,1,0
Q010265,A02052,S3,2026-02-21,F03,0,1
Q010266,A02052,S3,2026-02-21,F01,0,1
Q010267,A02052,S3,2026-02-21,F05,0,1
Q010268,A02052,S3,2026-02-21,F01,1,0
Q010269,A02052,S4,2026-02-22,F02,0,1
Q010270,A02052,S4,2026-02-22,F04,0,1
Q010271,A02052,S4,2026-02-22,F03,1,0
Q010272,A02052,S4,2026-02-22,F01,1,0
Q010273,A02052,S4,2026-02-22,F01,1,0
Q010274,A02053,S5,2026-02-22,F03,0,1
Q010275,A02053,S5,2026-02-22,F03,0,1
Q010276,A02054,S3,2026-02-21,F04,1,0
Q010277,A02054,S3,2026-02-21,F03,0,1
Q010278,A02054,S4,2026-02-22,F02,1,0
Q010279,A02054,S4,2026-02-22,F04,1,0
Q010280,A02054,S4,2026-02-22,F06,0,1
Q010281,A02054,S4,2026-02-22,F04,1,0
Q010282,A02054,S4,2026-02-22,F03,1,0
Q010283,A02054,S4,2026-02-22,F02,0,1
Q010284,A02054,S5,2026-02-22,F03,0,1
Q010285,A02055,S3,2026-02-21,F02,0,1
Q010286,A02055,S4,2026-02-22,F02,0,1
Q010287,A02056,S3,2026-02-22,F01,0,1
Q010288,A02056,S4,2026-02-22,F02,1,0
Q010289,A02056,S4,2026-02-22,F01,0,1
Q010290,A02056,S4,2026-02-22,F01,0,1
Q010291,A02056,S5,2026-02-23,F03,0,1
Q010292,A02057,S3,2026-02-22,F01,0,1
Q010293,A02057,S3,2026-02-22,F03,0,1
Q010294,A02057,S3,2026-02-22,F04,0,1
Q010295,A02057,S4,2026-02-24,F02,0,1
Q010296,A02057,S4,2026-02-24,F02,0,1
Q010297,A02057,S4,2026-02-24,F03,0,1
Q010298,A02057,S4,2026-02-24,F05,0,1
Q010299,A02057,S4,2026-02-24,F01,0,1
Q010300,A02057,S4,2026-02-24,F05,0,1
Q010301,A02057,S5,2026-02-24,F01,0,1
Q010302,A02058,S3,2026-02-22,F01,0,1
Q010303,A02058,S4,2026-02-22,F04,0,1
Q010304,A02058,S4,2026-02-22,F01,0,1
Q010305,A02058,S5,2026-02-23,F03,0,1
Q010306,A02058,S5,2026-02-23,F01,0,1
Q010307,A02059,S3,2026-02-22,F01,0,1
Q010308,A02059,S3,2026-02-22,F03,1,0
Q010309,A02059,S3,2026-02-22,F04,1,0
Q010310,A02059,S4,2026-02-23,F03,0,1
Q010311,A02059,S4,2026-02-23,F03,0,1
Q010312,A02059,S4,2026-02-23,F02,0,1
Q010313,A02059,S4,2026-02-23,F02,0,1
Q010314,A02059,S5,2026-02-23,F05,0,1
Q010315,A02059,S5,2026-02-23,F04,0,1
Q010316,A02060,S3,2026-02-22,F01,1,0
Q010317,A02060,S4,2026-02-23,F01,1,0
Q010318,A02060,S4,2026-02-23,F04,0,1
Q010319,A02060,S4,2026-02-23,F02,1,0
Q010320,A02060,S4,2026-02-23,F02,0,1
Q010321,A02061,S3,2026-02-23,F03,0,1
Q010322,A02061,S3,2026-02-23,F04,1,0
Q010323,A02061,S4,2026-02-23,F01,1,0
Q010324,A02062,S3,2026-02-23,F03,0,1
Q010325,A02062,S3,2026-02-23,F03,0,1
Q010326,A02062,S4,2026-02-23,F01,1,0
Q010327,A02062,S4,2026-02-23,F02,1,0
Q010328,A02062,S5,2026-02-23,F03,0,1
Q010329,A02063,S3,2026-02-24,F02,0,1
Q010330,A02063,S3,2026-02-24,F02,1,0
Q010331,A02063,S4,2026-02-25,F03,0,1
Q010332,A02063,S4,2026-02-25,F01,0,1
Q010333,A02063,S4,2026-02-25,F03,1,0
Q010334,A02064,S3,2026-02-24,F02,1,0
Q010335,A02064,S4,2026-02-24,F01,1,0
Q010336,A02064,S5,2026-02-24,F03,0,1
Q010337,A02065,S3,2026-02-24,F01,0,1
Q010338,A02065,S3,2026-02-24,F03,0,1
Q010339,A02065,S3,2026-02-24,F01,0,1
Q010340,A02065,S4,2026-02-24,F01,1,0
Q010341,A02065,S4,2026-02-24,F02,0,1
Q010342,A02066,S4,2026-02-25,F04,0,1
Q010343,A02067,S4,2026-02-25,F04,1,0
Q010344,A02067,S5,2026-02-25,F03,0,1
Q010345,A02068,S5,2026-02-26,F01,1,0
Q010346,A02069,S3,2026-02-26,F04,0,1
Q010347,A02069,S4,2026-02-26,F02,0,1
Q010348,A02069,S4,2026-02-26,F02,0,1
Q010349,A02069,S4,2026-02-26,F06,0,1
Q010350,A02069,S4,2026-02-26,F03,1,0
Q010351,A02069,S5,2026-02-26,F01,0,1
Q010352,A02070,S3,2026-02-27,F02,0,1
Q010353,A02070,S3,2026-02-27,F05,0,1
Q010354,A02070,S4,2026-02-28,F05,0,1
Q010355,A02070,S4,2026-02-28,F04,1,0
Q010356,A02070,S4,2026-02-28,F03,0,1
Q010357,A02070,S4,2026-02-28,F02,0,1
Q010358,A02070,S4,2026-02-28,F03,0,1
Q010359,A02071,S3,2026-02-27,F03,0,1
Q010360,A02071,S3,2026-02-27,F05,0,1
Q010361,A02071,S4,2026-02-27,F06,0,1
Q010362,A02071,S4,2026-02-27,F02,1,0
Q010363,A02071,S5,2026-02-27,F02,0,1
Q010364,A02072,S4,2026-03-01,F04,0,1
Q010365,A02072,S4,2026-03-01,F04,1,0
Q010366,A02072,S4,2026-03-01,F03,0,1
Q010367,A02072,S4,2026-03-01,F03,0,1
Q010368,A02072,S4,2026-03-01,F02,0,1
Q010369,A02072,S4,2026-03-01,F01,1,0
Q010370,A02072,S4,2026-03-01,F02,0,1
Q010371,A02072,S5,2026-03-01,F03,0,1
Q010372,A02073,S3,2026-02-28,F02,0,1
Q010373,A02073,S4,2026-02-28,F02,0,1
Q010374,A02073,S4,2026-02-28,F01,0,1
Q010375,A02073,S4,2026-02-28,F06,0,1
Q010376,A02073,S4,2026-02-28,F01,1,0
Q010377,A02073,S4,2026-02-28,F02,0,1
Q010378,A02073,S4,2026-02-28,F02,0,1
Q010379,A02073,S4,2026-02-28,F05,0,1
Q010380,A02073,S4,2026-02-28,F02,0,1
Q010381,A02073,S5,2026-03-01,F04,0,1
Q010382,A02073,S5,2026-03-01,F04,1,0
Q010383,A02075,S3,2026-03-01,F03,0,1
Q010384,A02075,S3,2026-03-01,F04,0,1
Q010385,A02075,S3,2026-03-01,F01,1,0
Q010386,A02075,S3,2026-03-01,F05,0,1
Q010387,A02075,S3,2026-03-01,F03,1,0
Q010388,A02075,S3,2026-03-01,F01,0,1
Q010389,A02075,S4,2026-03-02,F02,0,1
Q010390,A02075,S4,2026-03-02,F02,0,1
Q010391,A02075,S4,2026-03-02,F01,0,1
Q010392,A02075,S5,2026-03-02,F01,0,1
Q010393,A02075,S5,2026-03-02,F03,0,1
Q010394,A02075,S5,2026-03-02,F02,0,1
Q010395,A02076,S3,2026-03-01,F01,1,0
Q010396,A02076,S3,2026-03-01,F05,1,0
Q010397,A02076,S4,2026-03-01,F06,0,1
Q010398,A02076,S4,2026-03-01,F02,0,1
Q010399,A02076,S4,2026-03-01,F01,0,1
Q010400,A02076,S4,2026-03-01,F02,0,1
Q010401,A02076,S5,2026-03-01,F04,1,0
Q010402,A02076,S5,2026-03-01,F02,0,1
Q010403,A02077,S3,2026-03-01,F04,0,1
Q010404,A02077,S4,2026-03-01,F06,0,1
Q010405,A02078,S3,2026-02-28,F02,0,1
Q010406,A02078,S3,2026-02-28,F03,0,1
Q010407,A02078,S4,2026-03-01,F02,1,0
Q010408,A02078,S4,2026-03-01,F05,0,1
Q010409,A02078,S5,2026-03-01,F02,1,0
Q010410,A02078,S5,2026-03-01,F06,0,1
Q010411,A02079,S3,2026-03-02,F05,0,1
Q010412,A02079,S4,2026-03-03,F02,0,1
Q010413,A02079,S5,2026-03-04,F06,0,1
Q010414,A02079,S5,2026-03-04,F01,0,1
Q010415,A02080,S3,2026-03-02,F04,1,0
Q010416,A02080,S3,2026-03-02,F01,1,0
Q010417,A02080,S4,2026-03-02,F01,0,1
Q010418,A02080,S5,2026-03-02,F04,1,0
Q010419,A02080,S5,2026-03-02,F01,0,1
Q010420,A02080,S5,2026-03-02,F02,0,1
Q010421,A02081,S3,2026-03-01,F05,0,1
Q010422,A02082,S3,2026-03-03,F01,0,1
Q010423,A02082,S3,2026-03-03,F02,1,0
Q010424,A02082,S4,2026-03-05,F05,0,1
Q010425,A02082,S4,2026-03-05,F05,0,1
Q010426,A02082,S4,2026-03-05,F05,0,1
Q010427,A02082,S4,2026-03-05,F01,0,1
Q010428,A02082,S4,2026-03-05,F03,0,1
Q010429,A02082,S4,2026-03-05,F05,0,1
Q010430,A02082,S4,2026-03-05,F05,0,1
Q010431,A02082,S4,2026-03-05,F02,0,1
Q010432,A02084,S5,2026-03-02,F05,1,0
Q010433,A02085,S4,2026-03-03,F01,0,1
Q010434,A02085,S4,2026-03-03,F03,0,1
Q010435,A02085,S4,2026-03-03,F01,0,1
Q010436,A02085,S4,2026-03-03,F04,1,0
Q010437,A02085,S4,2026-03-03,F05,0,1
Q010438,A02085,S4,2026-03-03,F04,0,1
Q010439,A02085,S5,2026-03-03,F04,0,1
Q010440,A02086,S3,2026-03-02,F01,0,1
Q010441,A02086,S3,2026-03-02,F03,0,1
Q010442,A02086,S4,2026-03-02,F01,0,1
Q010443,A02086,S4,2026-03-02,F02,0,1
Q010444,A02086,S4,2026-03-02,F01,1,0
Q010445,A02087,S3,2026-03-04,F02,1,0
Q010446,A02087,S3,2026-03-04,F01,0,1
Q010447,A02087,S4,2026-03-04,F01,0,1
Q010448,A02087,S4,2026-03-04,F02,0,1
Q010449,A02087,S4,2026-03-04,F01,1,0
Q010450,A02087,S5,2026-03-04,F04,1,0
Q010451,A02087,S5,2026-03-04,F02,0,1
Q010452,A02088,S3,2026-03-03,F03,0,1
Q010453,A02088,S3,2026-03-03,F06,1,0
Q010454,A02088,S3,2026-03-03,F02,0,1
Q010455,A02088,S4,2026-03-04,F05,0,1
Q010456,A02088,S5,2026-03-04,F02,1,0
Q010457,A02088,S5,2026-03-04,F05,0,1
Q010458,A02089,S3,2026-03-02,F02,1,0
Q010459,A02089,S4,2026-03-03,F01,0,1
Q010460,A02090,S3,2026-03-03,F04,0,1
Q010461,A02090,S4,2026-03-04,F01,0,1
Q010462,A02091,S3,2026-03-04,F06,1,0
Q010463,A02091,S3,2026-03-04,F01,0,1
Q010464,A02091,S3,2026-03-04,F03,0,1
Q010465,A02091,S4,2026-03-05,F06,0,1
Q010466,A02091,S4,2026-03-05,F01,1,0
Q010467,A02091,S4,2026-03-05,F03,0,1
Q010468,A02091,S4,2026-03-05,F04,0,1
Q010469,A02091,S4,2026-03-05,F01,0,1
Q010470,A02091,S4,2026-03-05,F02,0,1
Q010471,A02091,S4,2026-03-05,F04,0,1
Q010472,A02091,S4,2026-03-05,F01,0,1
Q010473,A02091,S5,2026-03-05,F05,0,1
Q010474,A02091,S5,2026-03-05,F05,0,1
Q010475,A02092,S3,2026-03-04,F02,0,1
Q010476,A02092,S4,2026-03-04,F01,1,0
Q010477,A02092,S5,2026-03-04,F01,0,1
Q010478,A02093,S3,2026-03-04,F03,0,1
Q010479,A02093,S4,2026-03-04,F04,0,1
Q010480,A02093,S4,2026-03-04,F02,0,1
Q010481,A02093,S4,2026-03-04,F06,0,1
Q010482,A02093,S4,2026-03-04,F02,0,1
Q010483,A02093,S5,2026-03-05,F06,1,0
Q010484,A02093,S5,2026-03-05,F06,0,1
Q010485,A02094,S3,2026-03-04,F04,1,0
Q010486,A02094,S4,2026-03-05,F01,0,1
Q010487,A02094,S5,2026-03-06,F05,0,1
Q010488,A02095,S3,2026-03-05,F02,0,1
Q010489,A02095,S3,2026-03-05,F01,1,0
Q010490,A02095,S3,2026-03-05,F02,0,1
Q010491,A02095,S4,2026-03-06,F03,1,0
Q010492,A02095,S4,2026-03-06,F02,0,1
Q010493,A02095,S4,2026-03-06,F03,1,0
Q010494,A02095,S4,2026-03-06,F05,1,0
Q010495,A02095,S5,2026-03-06,F01,0,1
Q010496,A02095,S5,2026-03-06,F06,0,1
Q010497,A02096,S4,2026-03-05,F04,0,1
Q010498,A02097,S4,2026-03-05,F02,0,1
Q010499,A02097,S4,2026-03-05,F02,0,1
Q010500,A02097,S5,2026-03-06,F02,1,0
Q010501,A02098,S4,2026-03-06,F06,0,1
Q010502,A02098,S4,2026-03-06,F05,0,1
Q010503,A02098,S4,2026-03-06,F03,0,1
Q010504,A02098,S5,2026-03-06,F01,1,0
Q010505,A02099,S3,2026-03-06,F02,0,1
Q010506,A02099,S3,2026-03-06,F01,0,1
Q010507,A02099,S3,2026-03-06,F02,0,1
Q010508,A02099,S4,2026-03-07,F02,0,1
Q010509,A02099,S4,2026-03-07,F03,0,1
Q010510,A02099,S4,2026-03-07,F06,0,1
Q010511,A02099,S4,2026-03-07,F03,0,1
Q010512,A02099,S4,2026-03-07,F05,0,1
Q010513,A02099,S4,2026-03-07,F04,1,0
Q010514,A02099,S5,2026-03-08,F06,1,0
Q010515,A02099,S5,2026-03-08,F01,0,1
Q010516,A02099,S5,2026-03-08,F03,0,1
Q010517,A02099,S5,2026-03-08,F03,0,1
Q010518,A02100,S3,2026-03-06,F02,0,1
Q010519,A02100,S3,2026-03-06,F03,0,1
Q010520,A02101,S4,2026-03-06,F01,0,1
Q010521,A02102,S4,2026-03-06,F01,0,1
Q010522,A02102,S4,2026-03-06,F01,0,1
Q010523,A02102,S5,2026-03-06,F03,0,1
Q010524,A02103,S3,2026-03-05,F02,0,1
Q010525,A02103,S3,2026-03-05,F04,0,1
Q010526,A02103,S4,2026-03-06,F03,0,1
Q010527,A02103,S5,2026-03-07,F03,0,1
Q010528,A02104,S3,2026-03-07,F04,0,1
Q010529,A02104,S3,2026-03-07,F01,0,1
Q010530,A02104,S4,2026-03-07,F03,0,1
Q010531,A02104,S4,2026-03-07,F02,1,0
Q010532,A02104,S4,2026-03-07,F04,1,0
Q010533,A02104,S4,2026-03-07,F01,0,1
Q010534,A02104,S5,2026-03-07,F02,1,0
Q010535,A02105,S4,2026-03-07,F01,1,0
Q010536,A02105,S5,2026-03-07,F03,1,0
Q010537,A02105,S5,2026-03-07,F05,0,1
Q010538,A02106,S4,2026-03-07,F01,0,1
Q010539,A02106,S5,2026-03-07,F04,0,1
Q010540,A02108,S3,2026-03-08,F02,0,1
Q010541,A02108,S4,2026-03-08,F03,0,1
Q010542,A02108,S4,2026-03-08,F02,0,1
Q010543,A02108,S4,2026-03-08,F03,0,1
Q010544,A02108,S4,2026-03-08,F03,0,1
Q010545,A02108,S4,2026-03-08,F01,0,1
Q010546,A02109,S3,2026-03-08,F04,1,0
Q010547,A02109,S3,2026-03-08,F02,0,1
Q010548,A02109,S3,2026-03-08,F03,0,1
Q010549,A02109,S3,2026-03-08,F01,1,0
Q010550,A02109,S3,2026-03-08,F01,0,1
Q010551,A02109,S4,2026-03-08,F03,0,1
Q010552,A02109,S4,2026-03-08,F02,0,1
Q010553,A02109,S4,2026-03-08,F05,1,0
Q010554,A02109,S4,2026-03-08,F06,0,1
Q010555,A02109,S4,2026-03-08,F02,0,1
Q010556,A02109,S4,2026-03-08,F01,0,1
Q010557,A02109,S4,2026-03-08,F02,0,1
Q010558,A02109,S5,2026-03-09,F03,0,1
Q010559,A02109,S5,2026-03-09,F01,0,1
Q010560,A02110,S3,2026-03-08,F04,0,1
Q010561,A02110,S3,2026-03-08,F02,0,1
Q010562,A02110,S4,2026-03-10,F02,0,1
Q010563,A02110,S4,2026-03-10,F01,1,0
Q010564,A02110,S5,2026-03-10,F01,0,1
Q010565,A02110,S5,2026-03-10,F01,1,0
Q010566,A02110,S5,2026-03-10,F04,0,1
Q010567,A02110,S5,2026-03-10,F02,0,1
Q010568,A02111,S3,2026-03-08,F05,0,1
Q010569,A02111,S4,2026-03-09,F02,0,1
Q010570,A02111,S4,2026-03-09,F03,0,1
Q010571,A02111,S4,2026-03-09,F03,1,0
Q010572,A02111,S4,2026-03-09,F02,0,1
Q010573,A02111,S5,2026-03-09,F06,0,1
Q010574,A02111,S5,2026-03-09,F01,1,0
Q010575,A02112,S3,2026-03-09,F01,0,1
Q010576,A02112,S4,2026-03-10,F01,1,0
Q010577,A02112,S4,2026-03-10,F06,0,1
Q010578,A02112,S5,2026-03-10,F04,0,1
Q010579,A02113,S3,2026-03-09,F02,1,0
Q010580,A02113,S4,2026-03-10,F01,1,0
Q010581,A02114,S3,2026-03-09,F02,0,1
Q010582,A02114,S4,2026-03-10,F03,0,1
Q010583,A02114,S4,2026-03-10,F01,0,1
Q010584,A02115,S3,2026-03-08,F01,0,1
Q010585,A02116,S3,2026-03-09,F03,0,1
Q010586,A02116,S3,2026-03-09,F01,0,1
Q010587,A02116,S4,2026-03-10,F03,0,1
Q010588,A02116,S4,2026-03-10,F05,0,1
Q010589,A02116,S4,2026-03-10,F03,0,1
Q010590,A02116,S4,2026-03-10,F02,0,1
Q010591,A02116,S4,2026-03-10,F03,0,1
Q010592,A02116,S4,2026-03-10,F03,0,1
Q010593,A02116,S4,2026-03-10,F04,1,0
Q010594,A02116,S5,2026-03-10,F04,0,1
Q010595,A02116,S5,2026-03-10,F02,0,1
Q010596,A02116,S5,2026-03-10,F04,0,1
Q010597,A02117,S3,2026-03-10,F02,0,1
Q010598,A02117,S4,2026-03-10,F04,0,1
Q010599,A02117,S4,2026-03-10,F04,0,1
Q010600,A02117,S4,2026-03-10,F05,0,1
Q010601,A02117,S5,2026-03-10,F04,0,1
Q010602,A02118,S3,2026-03-10,F01,0,1
Q010603,A02119,S3,2026-03-11,F04,0,1
Q010604,A02119,S4,2026-03-11,F05,0,1
Q010605,A02119,S4,2026-03-11,F04,1,0
Q010606,A02119,S4,2026-03-11,F01,1,0
Q010607,A02119,S4,2026-03-11,F05,0,1
Q010608,A02119,S5,2026-03-11,F05,0,1
Q010609,A02120,S3,2026-03-10,F01,0,1
Q010610,A02120,S4,2026-03-11,F01,1,0
Q010611,A02121,S3,2026-03-11,F01,0,1
Q010612,A02121,S3,2026-03-11,F02,1,0
Q010613,A02121,S3,2026-03-11,F06,0,1
Q010614,A02121,S3,2026-03-11,F01,0,1
Q010615,A02121,S4,2026-03-11,F01,0,1
Q010616,A02121,S4,2026-03-11,F01,0,1
Q010617,A02121,S4,2026-03-11,F04,0,1
Q010618,A02121,S4,2026-03-11,F02,0,1
Q010619,A02121,S4,2026-03-11,F05,0,1
Q010620,A02121,S4,2026-03-11,F01,1,0
Q010621,A02121,S5,2026-03-12,F01,0,1
Q010622,A02122,S4,2026-03-14,F02,1,0
Q010623,A02122,S4,2026-03-14,F02,0,1
Q010624,A02123,S3,2026-03-12,F01,0,1
Q010625,A02123,S3,2026-03-12,F01,0,1
Q010626,A02123,S3,2026-03-12,F02,0,1
Q010627,A02123,S4,2026-03-12,F01,1,0
Q010628,A02123,S4,2026-03-12,F02,0,1
Q010629,A02123,S5,2026-03-12,F01,0,1
Q010630,A02123,S5,2026-03-12,F02,0,1
Q010631,A02124,S3,2026-03-13,F03,0,1
Q010632,A02124,S4,2026-03-15,F03,0,1
Q010633,A02124,S4,2026-03-15,F06,0,1
Q010634,A02124,S4,2026-03-15,F04,0,1
Q010635,A02124,S4,2026-03-15,F03,0,1
Q010636,A02124,S5,2026-03-15,F01,0,1
Q010637,A02124,S5,2026-03-15,F01,1,0
Q010638,A02124,S5,2026-03-15,F05,0,1
Q010639,A02124,S5,2026-03-15,F03,0,1
Q010640,A02124,S5,2026-03-15,F04,0,1
Q010641,A02125,S3,2026-03-12,F05,0,1
Q010642,A02125,S3,2026-03-12,F01,1,0
Q010643,A02126,S4,2026-03-14,F04,0,1
Q010644,A02126,S4,2026-03-14,F01,1,0
Q010645,A02126,S4,2026-03-14,F06,0,1
Q010646,A02126,S4,2026-03-14,F06,0,1
Q010647,A02127,S3,2026-03-13,F01,1,0
Q010648,A02127,S3,2026-03-13,F02,0,1
Q010649,A02127,S3,2026-03-13,F02,0,1
Q010650,A02127,S4,2026-03-14,F02,0,1
Q010651,A02127,S4,2026-03-14,F04,1,0
Q010652,A02127,S4,2026-03-14,F02,1,0
Q010653,A02127,S4,2026-03-14,F04,0,1
Q010654,A02127,S4,2026-03-14,F02,0,1
Q010655,A02127,S4,2026-03-14,F02,0,1
Q010656,A02127,S5,2026-03-14,F04,0,1
Q010657,A02127,S5,2026-03-14,F04,1,0
Q010658,A02128,S3,2026-03-13,F01,0,1
Q010659,A02128,S4,2026-03-13,F05,0,1
Q010660,A02128,S5,2026-03-13,F01,0,1
Q010661,A02128,S5,2026-03-13,F02,0,1
Q010662,A02128,S5,2026-03-13,F02,0,1
Q010663,A02129,S4,2026-03-13,F05,0,1
Q010664,A02129,S4,2026-03-13,F03,0,1
Q010665,A02129,S4,2026-03-13,F03,0,1
Q010666,A02130,S4,2026-03-13,F03,0,1
Q010667,A02131,S4,2026-03-13,F01,0,1
Q010668,A02131,S4,2026-03-13,F02,0,1
Q010669,A02131,S4,2026-03-13,F04,0,1
Q010670,A02131,S5,2026-03-13,F03,0,1
Q010671,A02132,S4,2026-03-15,F02,0,1
Q010672,A02132,S4,2026-03-15,F04,1,0
Q010673,A02133,S3,2026-03-14,F02,1,0
Q010674,A02133,S3,2026-03-14,F02,0,1
Q010675,A02133,S4,2026-03-15,F02,1,0
Q010676,A02133,S4,2026-03-15,F06,0,1
Q010677,A02133,S4,2026-03-15,F01,0,1
Q010678,A02133,S5,2026-03-15,F03,0,1
Q010679,A02133,S5,2026-03-15,F05,0,1
Q010680,A02134,S4,2026-03-14,F02,1,0
Q010681,A02134,S5,2026-03-14,F06,0,1
Q010682,A02134,S5,2026-03-14,F01,1,0
Q010683,A02135,S4,2026-03-14,F02,0,1
Q010684,A02135,S5,2026-03-14,F01,0,1
Q010685,A02135,S5,2026-03-14,F02,0,1
Q010686,A02136,S3,2026-03-14,F01,0,1
Q010687,A02136,S4,2026-03-15,F04,1,0
Q010688,A02136,S4,2026-03-15,F04,0,1
Q010689,A02136,S4,2026-03-15,F02,1,0
Q010690,A02136,S4,2026-03-15,F03,0,1
Q010691,A02136,S4,2026-03-15,F04,0,1
Q010692,A02137,S3,2026-03-14,F02,0,1
Q010693,A02137,S3,2026-03-14,F02,0,1
Q010694,A02137,S3,2026-03-14,F04,0,1
Q010695,A02137,S4,2026-03-16,F02,0,1
Q010696,A02137,S4,2026-03-16,F01,1,0
Q010697,A02137,S4,2026-03-16,F02,0,1
Q010698,A02137,S4,2026-03-16,F05,0,1
Q010699,A02137,S4,2026-03-16,F02,0,1
Q010700,A02137,S4,2026-03-16,F05,1,0
Q010701,A02137,S5,2026-03-16,F02,0,1
Q010702,A02137,S5,2026-03-16,F03,0,1
Q010703,A02139,S3,2026-03-15,F06,0,1
Q010704,A02139,S4,2026-03-16,F01,0,1
Q010705,A02139,S4,2026-03-16,F06,0,1
Q010706,A02139,S4,2026-03-16,F03,0,1
Q010707,A02139,S4,2026-03-16,F03,1,0
Q010708,A02139,S4,2026-03-16,F05,0,1
Q010709,A02139,S5,2026-03-16,F05,0,1
Q010710,A02140,S3,2026-03-15,F01,0,1
Q010711,A02140,S4,2026-03-16,F03,0,1
Q010712,A02140,S4,2026-03-16,F02,0,1
Q010713,A02141,S3,2026-03-15,F05,0,1
Q010714,A02141,S4,2026-03-16,F05,0,1
Q010715,A02141,S4,2026-03-16,F03,0,1
Q010716,A02142,S3,2026-03-16,F05,0,1
Q010717,A02142,S3,2026-03-16,F05,0,1
Q010718,A02142,S3,2026-03-16,F01,1,0
Q010719,A02142,S4,2026-03-16,F06,0,1
Q010720,A02142,S4,2026-03-16,F01,0,1
Q010721,A02142,S5,2026-03-17,F03,0,1
Q010722,A02142,S5,2026-03-17,F01,1,0
Q010723,A02142,S5,2026-03-17,F02,0,1
Q010724,A02142,S5,2026-03-17,F05,0,1
Q010725,A02143,S3,2026-03-16,F02,0,1
Q010726,A02143,S4,2026-03-17,F02,0,1
Q010727,A02143,S4,2026-03-17,F03,0,1
Q010728,A02144,S3,2026-03-16,F03,0,1
Q010729,A02144,S4,2026-03-17,F02,0,1
Q010730,A02146,S3,2026-03-16,F06,0,1
Q010731,A02146,S3,2026-03-16,F04,0,1
Q010732,A02146,S4,2026-03-16,F01,1,0
Q010733,A02146,S4,2026-03-16,F03,0,1
Q010734,A02147,S4,2026-03-16,F01,0,1
Q010735,A02147,S4,2026-03-16,F01,1,0
Q010736,A02147,S5,2026-03-16,F04,0,1
Q010737,A02147,S5,2026-03-16,F05,0,1
Q010738,A02147,S5,2026-03-16,F01,0,1
Q010739,A02148,S3,2026-03-16,F01,0,1
Q010740,A02148,S3,2026-03-16,F01,1,0
Q010741,A02148,S4,2026-03-17,F01,1,0
Q010742,A02148,S4,2026-03-17,F03,0,1
Q010743,A02148,S4,2026-03-17,F05,1,0
Q010744,A02148,S4,2026-03-17,F02,0,1
Q010745,A02148,S4,2026-03-17,F01,0,1
Q010746,A02148,S5,2026-03-18,F01,0,1
Q010747,A02148,S5,2026-03-18,F01,0,1
Q010748,A02148,S5,2026-03-18,F06,0,1
Q010749,A02149,S3,2026-03-15,F01,0,1
Q010750,A02149,S3,2026-03-15,F01,1,0
Q010751,A02149,S4,2026-03-16,F02,1,0
Q010752,A02150,S3,2026-03-17,F04,0,1
Q010753,A02150,S3,2026-03-17,F02,0,1
Q010754,A02150,S4,2026-03-17,F02,0,1
Q010755,A02150,S4,2026-03-17,F05,0,1
Q010756,A02151,S3,2026-03-17,F03,0,1
Q010757,A02151,S3,2026-03-17,F02,0,1
Q010758,A02151,S3,2026-03-17,F05,0,1
Q010759,A02151,S4,2026-03-17,F02,0,1
Q010760,A02151,S4,2026-03-17,F03,0,1
Q010761,A02151,S4,2026-03-17,F04,0,1
Q010762,A02151,S4,2026-03-17,F02,0,1
Q010763,A02151,S4,2026-03-17,F02,0,1
Q010764,A02151,S5,2026-03-17,F06,0,1
Q010765,A02152,S3,2026-03-17,F01,0,1
Q010766,A02152,S3,2026-03-17,F03,1,0
Q010767,A02152,S4,2026-03-17,F05,0,1
Q010768,A02152,S4,2026-03-17,F05,0,1
Q010769,A02152,S5,2026-03-17,F03,0,1
Q010770,A02152,S5,2026-03-17,F03,0,1
Q010771,A02152,S5,2026-03-17,F04,1,0
Q010772,A02152,S5,2026-03-17,F02,0,1
Q010773,A02153,S3,2026-03-17,F05,0,1
Q010774,A02153,S3,2026-03-17,F04,0,1
Q010775,A02153,S3,2026-03-17,F04,1,0
Q010776,A02153,S3,2026-03-17,F03,1,0
Q010777,A02153,S4,2026-03-17,F03,0,1
Q010778,A02153,S4,2026-03-17,F01,0,1
Q010779,A02153,S5,2026-03-17,F04,0,1
Q010780,A02154,S3,2026-03-17,F02,0,1
Q010781,A02154,S3,2026-03-17,F03,0,1
Q010782,A02154,S3,2026-03-17,F02,0,1
Q010783,A02154,S4,2026-03-18,F01,1,0
Q010784,A02154,S4,2026-03-18,F01,0,1
Q010785,A02154,S4,2026-03-18,F05,0,1
Q010786,A02154,S4,2026-03-18,F03,0,1
Q010787,A02154,S4,2026-03-18,F03,0,1
Q010788,A02154,S5,2026-03-18,F03,0,1
Q010789,A02154,S5,2026-03-18,F01,0,1
Q010790,A02155,S4,2026-03-19,F02,1,0
Q010791,A02155,S4,2026-03-19,F02,0,1
Q010792,A02155,S4,2026-03-19,F03,0,1
Q010793,A02155,S5,2026-03-19,F02,0,1
Q010794,A02156,S4,2026-03-18,F06,0,1
Q010795,A02156,S5,2026-03-18,F04,0,1
Q010796,A02156,S5,2026-03-18,F03,0,1
Q010797,A02156,S5,2026-03-18,F05,0,1
Q010798,A02157,S3,2026-03-18,F01,1,0
Q010799,A02157,S4,2026-03-18,F03,0,1
Q010800,A02157,S5,2026-03-18,F02,1,0
Q010801,A02158,S3,2026-03-18,F03,0,1
Q010802,A02158,S4,2026-03-18,F01,0,1
Q010803,A02158,S4,2026-03-18,F05,0,1
Q010804,A02158,S4,2026-03-18,F03,1,0
Q010805,A02159,S3,2026-03-18,F06,1,0
Q010806,A02159,S4,2026-03-18,F04,0,1
Q010807,A02159,S4,2026-03-18,F01,1,0
Q010808,A02159,S4,2026-03-18,F02,0,1
Q010809,A02159,S4,2026-03-18,F05,0,1
Q010810,A02159,S4,2026-03-18,F02,0,1
Q010811,A02159,S5,2026-03-19,F02,0,1
Q010812,A02159,S5,2026-03-19,F05,0,1
Q010813,A02160,S3,2026-03-18,F03,0,1
Q010814,A02160,S3,2026-03-18,F04,1,0
Q010815,A02160,S3,2026-03-18,F05,0,1
Q010816,A02160,S4,2026-03-19,F03,1,0
Q010817,A02161,S3,2026-03-19,F01,1,0
Q010818,A02161,S3,2026-03-19,F01,0,1
Q010819,A02161,S4,2026-03-20,F01,1,0
Q010820,A02161,S4,2026-03-20,F04,1,0
Q010821,A02161,S4,2026-03-20,F02,0,1
Q010822,A02161,S4,2026-03-20,F06,1,0
Q010823,A02161,S4,2026-03-20,F01,1,0
Q010824,A02161,S5,2026-03-20,F03,0,1
Q010825,A02161,S5,2026-03-20,F02,0,1
Q010826,A02161,S5,2026-03-20,F06,1,0
Q010827,A02161,S5,2026-03-20,F02,0,1
Q010828,A02162,S3,2026-03-19,F01,1,0
Q010829,A02162,S4,2026-03-20,F06,0,1
Q010830,A02162,S4,2026-03-20,F06,1,0
Q010831,A02162,S4,2026-03-20,F03,0,1
Q010832,A02162,S4,2026-03-20,F01,0,1
Q010833,A02162,S5,2026-03-20,F04,0,1
Q010834,A02163,S5,2026-03-21,F04,0,1
Q010835,A02164,S3,2026-03-19,F04,1,0
Q010836,A02164,S5,2026-03-20,F01,0,1
Q010837,A02165,S3,2026-03-19,F04,0,1
Q010838,A02165,S4,2026-03-21,F01,1,0
Q010839,A02165,S4,2026-03-21,F03,0,1
Q010840,A02165,S5,2026-03-21,F04,1,0
Q010841,A02165,S5,2026-03-21,F01,1,0
Q010842,A02165,S5,2026-03-21,F04,0,1
Q010843,A02165,S5,2026-03-21,F03,0,1
Q010844,A02166,S3,2026-03-20,F04,0,1
Q010845,A02166,S3,2026-03-20,F02,0,1
Q010846,A02166,S4,2026-03-20,F01,0,1
Q010847,A02166,S4,2026-03-20,F03,1,0
Q010848,A02166,S4,2026-03-20,F01,1,0
Q010849,A02166,S5,2026-03-20,F06,0,1
Q010850,A02167,S3,2026-03-20,F04,1,0
Q010851,A02167,S3,2026-03-20,F01,0,1
Q010852,A02167,S3,2026-03-20,F02,1,0
Q010853,A02167,S4,2026-03-20,F02,0,1
Q010854,A02167,S4,2026-03-20,F03,0,1
Q010855,A02167,S4,2026-03-20,F06,0,1
Q010856,A02167,S4,2026-03-20,F01,1,0
Q010857,A02167,S4,2026-03-20,F03,0,1
Q010858,A02167,S4,2026-03-20,F05,0,1
Q010859,A02167,S5,2026-03-21,F06,0,1
Q010860,A02167,S5,2026-03-21,F03,0,1
Q010861,A02168,S3,2026-03-20,F01,1,0
Q010862,A02168,S3,2026-03-20,F01,0,1
Q010863,A02168,S4,2026-03-21,F02,0,1
Q010864,A02168,S4,2026-03-21,F03,0,1
Q010865,A02168,S4,2026-03-21,F02,1,0
Q010866,A02168,S4,2026-03-21,F03,0,1
Q010867,A02168,S4,2026-03-21,F06,0,1
Q010868,A02169,S4,2026-03-21,F05,0,1
Q010869,A02170,S4,2026-03-21,F04,0,1
Q010870,A02170,S5,2026-03-21,F03,0,1
Q010871,A02171,S3,2026-03-21,F05,0,1
Q010872,A02172,S3,2026-03-20,F06,0,1
Q010873,A02172,S3,2026-03-20,F04,1,0
Q010874,A02172,S4,2026-03-21,F02,0,1
Q010875,A02172,S5,2026-03-21,F04,0,1
Q010876,A02172,S5,2026-03-21,F03,0,1
Q010877,A02173,S3,2026-03-20,F04,0,1
Q010878,A02173,S3,2026-03-20,F04,0,1
Q010879,A02173,S4,2026-03-21,F06,0,1
Q010880,A02173,S5,2026-03-21,F01,0,1
Q010881,A02174,S3,2026-03-21,F01,0,1
Q010882,A02174,S3,2026-03-21,F05,0,1
Q010883,A02174,S4,2026-03-22,F03,0,1
Q010884,A02174,S4,2026-03-22,F02,0,1
Q010885,A02174,S4,2026-03-22,F03,0,1
Q010886,A02174,S5,2026-03-23,F02,1,0
Q010887,A02175,S3,2026-03-22,F01,0,1
Q010888,A02175,S3,2026-03-22,F01,0,1
Q010889,A02175,S5,2026-03-23,F05,0,1
Q010890,A02175,S5,2026-03-23,F01,0,1
Q010891,A02175,S5,2026-03-23,F05,0,1
Q010892,A02175,S5,2026-03-23,F01,0,1
Q010893,A02176,S3,2026-03-22,F01,1,0
Q010894,A02176,S3,2026-03-22,F03,0,1
Q010895,A02176,S3,2026-03-22,F02,0,1
Q010896,A02176,S3,2026-03-22,F03,1,0
Q010897,A02176,S4,2026-03-23,F02,0,1
Q010898,A02176,S4,2026-03-23,F04,0,1
Q010899,A02176,S4,2026-03-23,F03,0,1
Q010900,A02176,S4,2026-03-23,F05,0,1
Q010901,A02176,S5,2026-03-23,F03,0,1
Q010902,A02177,S3,2026-03-23,F01,0,1
Q010903,A02177,S3,2026-03-23,F05,0,1
Q010904,A02177,S3,2026-03-23,F01,0,1
Q010905,A02177,S4,2026-03-24,F01,0,1
Q010906,A02177,S4,2026-03-24,F02,0,1
Q010907,A02177,S4,2026-03-24,F02,0,1
Q010908,A02177,S4,2026-03-24,F01,0,1
Q010909,A02177,S5,2026-03-25,F06,0,1
Q010910,A02177,S5,2026-03-25,F01,0,1
Q010911,A02178,S3,2026-03-22,F04,0,1
Q010912,A02178,S3,2026-03-22,F06,0,1
Q010913,A02178,S5,2026-03-24,F02,1,0
Q010914,A02179,S3,2026-03-23,F04,0,1
Q010915,A02179,S3,2026-03-23,F01,0,1
Q010916,A02179,S3,2026-03-23,F04,0,1
Q010917,A02179,S4,2026-03-24,F03,0,1
Q010918,A02179,S4,2026-03-24,F02,0,1
Q010919,A02179,S4,2026-03-24,F03,0,1
Q010920,A02179,S4,2026-03-24,F03,0,1
Q010921,A02179,S4,2026-03-24,F01,0,1
Q010922,A02179,S4,2026-03-24,F01,1,0
Q010923,A02180,S3,2026-03-23,F06,0,1
Q010924,A02180,S3,2026-03-23,F02,0,1
Q010925,A02180,S4,2026-03-24,F02,0,1
Q010926,A02181,S3,2026-03-23,F04,0,1
Q010927,A02181,S3,2026-03-23,F02,0,1
Q010928,A02181,S4,2026-03-24,F05,0,1
Q010929,A02181,S4,2026-03-24,F01,0,1
Q010930,A02181,S5,2026-03-24,F03,0,1
Q010931,A02182,S3,2026-03-23,F02,0,1
Q010932,A02182,S3,2026-03-23,F02,0,1
Q010933,A02182,S3,2026-03-23,F04,1,0
Q010934,A02182,S5,2026-03-24,F02,0,1
Q010935,A02183,S4,2026-03-23,F04,0,1
Q010936,A02183,S4,2026-03-23,F03,1,0
Q010937,A02183,S4,2026-03-23,F06,1,0
Q010938,A02183,S5,2026-03-24,F03,0,1
Q010939,A02184,S3,2026-03-23,F03,0,1
Q010940,A02184,S3,2026-03-23,F04,1,0
Q010941,A02184,S4,2026-03-25,F04,0,1
Q010942,A02184,S4,2026-03-25,F02,0,1
Q010943,A02184,S4,2026-03-25,F03,0,1
Q010944,A02184,S4,2026-03-25,F01,0,1
Q010945,A02184,S4,2026-03-25,F04,1,0
Q010946,A02184,S5,2026-03-25,F05,0,1
Q010947,A02184,S5,2026-03-25,F01,0,1
Q010948,A02184,S5,2026-03-25,F06,0,1
Q010949,A02185,S4,2026-03-23,F01,0,1
Q010950,A02185,S5,2026-03-23,F02,0,1
Q010951,A02185,S5,2026-03-23,F04,0,1
Q010952,A02186,S4,2026-03-25,F04,1,0
Q010953,A02186,S4,2026-03-25,F05,0,1
Q010954,A02186,S4,2026-03-25,F04,0,1
Q010955,A02186,S4,2026-03-25,F04,1,0
Q010956,A02186,S4,2026-03-25,F03,0,1
Q010957,A02186,S5,2026-03-25,F01,0,1
Q010958,A02187,S3,2026-03-24,F01,1,0
Q010959,A02187,S3,2026-03-24,F06,1,0
Q010960,A02187,S4,2026-03-25,F05,0,1
Q010961,A02187,S4,2026-03-25,F02,1,0
Q010962,A02187,S5,2026-03-25,F04,1,0
Q010963,A02187,S5,2026-03-25,F03,1,0
Q010964,A02188,S3,2026-03-24,F04,0,1
Q010965,A02188,S4,2026-03-25,F04,0,1
Q010966,A02188,S4,2026-03-25,F01,0,1
Q010967,A02188,S4,2026-03-25,F03,0,1
Q010968,A02188,S4,2026-03-25,F04,1,0
Q010969,A02188,S5,2026-03-25,F04,0,1
Q010970,A02189,S3,2026-03-24,F01,0,1
Q010971,A02189,S3,2026-03-24,F04,0,1
Q010972,A02189,S4,2026-03-25,F06,1,0
Q010973,A02189,S4,2026-03-25,F03,0,1
Q010974,A02189,S4,2026-03-25,F01,0,1
Q010975,A02189,S4,2026-03-25,F02,0,1
Q010976,A02189,S4,2026-03-25,F03,0,1
Q010977,A02190,S3,2026-03-24,F06,0,1
Q010978,A02190,S3,2026-03-24,F05,0,1
Q010979,A02190,S3,2026-03-24,F01,0,1
Q010980,A02190,S3,2026-03-24,F01,0,1
Q010981,A02190,S3,2026-03-24,F02,1,0
Q010982,A02190,S3,2026-03-24,F03,0,1
Q010983,A02190,S4,2026-03-24,F05,0,1
Q010984,A02190,S4,2026-03-24,F04,1,0
Q010985,A02190,S4,2026-03-24,F03,0,1
Q010986,A02190,S4,2026-03-24,F02,0,1
Q010987,A02190,S4,2026-03-24,F02,0,1
Q010988,A02190,S5,2026-03-25,F01,1,0
Q010989,A02190,S5,2026-03-25,F01,0,1
Q010990,A02190,S5,2026-03-25,F06,1,0
Q010991,A02191,S3,2026-03-25,F02,0,1
Q010992,A02191,S4,2026-03-28,F06,1,0
Q010993,A02191,S4,2026-03-28,F02,0,1
Q010994,A02191,S4,2026-03-28,F02,0,1
Q010995,A02192,S3,2026-03-24,F03,0,1
Q010996,A02192,S3,2026-03-24,F02,1,0
Q010997,A02192,S3,2026-03-24,F06,0,1
Q010998,A02192,S4,2026-03-25,F05,0,1
Q010999,A02192,S4,2026-03-25,F02,0,1
Q011000,A02192,S4,2026-03-25,F01,1,0
Q011001,A02192,S4,2026-03-25,F03,0,1
Q011002,A02192,S5,2026-03-26,F02,1,0
Q011003,A02192,S5,2026-03-26,F01,0,1
Q011004,A02193,S3,2026-03-25,F03,0,1
Q011005,A02193,S4,2026-03-26,F01,0,1
Q011006,A02193,S4,2026-03-26,F02,0,1
Q011007,A02193,S4,2026-03-26,F01,1,0
Q011008,A02193,S4,2026-03-26,F04,0,1
Q011009,A02193,S4,2026-03-26,F06,0,1
Q011010,A02193,S4,2026-03-26,F02,0,1
Q011011,A02193,S4,2026-03-26,F04,1,0
Q011012,A02193,S4,2026-03-26,F03,0,1
Q011013,A02193,S4,2026-03-26,F01,1,0
Q011014,A02193,S4,2026-03-26,F01,0,1
Q011015,A02193,S4,2026-03-26,F03,0,1
Q011016,A02193,S4,2026-03-26,F01,0,1
Q011017,A02193,S5,2026-03-26,F04,0,1
Q011018,A02193,S5,2026-03-26,F03,0,1
Q011019,A02193,S5,2026-03-26,F02,0,1
Q011020,A02194,S4,2026-03-25,F03,0,1
Q011021,A02194,S4,2026-03-25,F05,0,1
Q011022,A02194,S4,2026-03-25,F02,0,1
Q011023,A02194,S5,2026-03-25,F03,0,1
Q011024,A02194,S5,2026-03-25,F01,0,1
Q011025,A02195,S3,2026-03-25,F01,1,0
Q011026,A02195,S3,2026-03-25,F04,1,0
Q011027,A02195,S3,2026-03-25,F01,1,0
Q011028,A02195,S3,2026-03-25,F01,1,0
Q011029,A02195,S4,2026-03-25,F03,0,1
Q011030,A02195,S4,2026-03-25,F04,1,0
Q011031,A02195,S4,2026-03-25,F05,0,1
Q011032,A02195,S4,2026-03-25,F06,0,1
Q011033,A02195,S4,2026-03-25,F05,0,1
Q011034,A02195,S4,2026-03-25,F02,0,1
Q011035,A02195,S5,2026-03-26,F03,0,1
Q011036,A02196,S3,2026-03-25,F04,0,1
Q011037,A02196,S4,2026-03-25,F02,0,1
Q011038,A02196,S4,2026-03-25,F02,0,1
Q011039,A02196,S4,2026-03-25,F01,1,0
Q011040,A02196,S4,2026-03-25,F04,1,0
Q011041,A02196,S5,2026-03-25,F02,0,1
Q011042,A02197,S3,2026-03-26,F06,0,1
Q011043,A02197,S4,2026-03-26,F03,0,1
Q011044,A02197,S4,2026-03-26,F02,1,0
Q011045,A02197,S4,2026-03-26,F05,0,1
Q011046,A02197,S4,2026-03-26,F02,0,1
Q011047,A02197,S4,2026-03-26,F02,0,1
Q011048,A02197,S5,2026-03-26,F02,0,1
Q011049,A02197,S5,2026-03-26,F01,0,1
Q011050,A02198,S3,2026-03-26,F01,1,0
Q011051,A02199,S4,2026-03-27,F01,0,1
Q011052,A02199,S4,2026-03-27,F04,0,1
Q011053,A02199,S4,2026-03-27,F02,0,1
Q011054,A02199,S4,2026-03-27,F01,0,1
Q011055,A02199,S4,2026-03-27,F01,0,1
Q011056,A02199,S5,2026-03-27,F01,0,1
Q011057,A02199,S5,2026-03-27,F02,1,0
Q011058,A02199,S5,2026-03-27,F01,1,0
Q011059,A02199,S5,2026-03-27,F03,0,1
Q011060,A02200,S3,2026-03-26,F04,0,1
Q011061,A02200,S4,2026-03-27,F04,1,0
Q011062,A02200,S5,2026-03-28,F03,0,1
Q011063,A02201,S3,2026-03-27,F05,1,0
Q011064,A02201,S4,2026-03-27,F04,0,1
Q011065,A02201,S4,2026-03-27,F03,0,1
Q011066,A02201,S4,2026-03-27,F06,0,1
Q011067,A02201,S5,2026-03-27,F03,0,1
Q011068,A02202,S4,2026-03-26,F02,0,1
Q011069,A02203,S5,2026-03-26,F06,0,1
Q011070,A02204,S3,2026-03-26,F03,1,0
Q011071,A02205,S3,2026-03-26,F06,0,1
Q011072,A02205,S4,2026-03-27,F04,0,1
Q011073,A02205,S4,2026-03-27,F06,0,1
Q011074,A02205,S4,2026-03-27,F01,0,1
Q011075,A02205,S4,2026-03-27,F03,0,1
Q011076,A02205,S5,2026-03-27,F03,1,0
Q011077,A02206,S3,2026-03-27,F03,0,1
Q011078,A02206,S4,2026-03-27,F06,1,0
Q011079,A02207,S3,2026-03-27,F03,0,1
Q011080,A02207,S3,2026-03-27,F06,0,1
Q011081,A02207,S3,2026-03-27,F04,0,1
Q011082,A02207,S4,2026-03-28,F02,0,1
Q011083,A02207,S4,2026-03-28,F06,0,1
Q011084,A02207,S4,2026-03-28,F03,0,1
Q011085,A02207,S4,2026-03-28,F01,0,1
Q011086,A02207,S4,2026-03-28,F01,0,1
Q011087,A02207,S4,2026-03-28,F04,1,0
Q011088,A02207,S5,2026-03-28,F05,1,0
Q011089,A02207,S5,2026-03-28,F02,1,0
Q011090,A02208,S3,2026-03-27,F03,0,1
Q011091,A02208,S4,2026-03-28,F02,1,0
Q011092,A02208,S4,2026-03-28,F04,1,0
Q011093,A02208,S4,2026-03-28,F04,0,1
Q011094,A02208,S4,2026-03-28,F01,1,0
Q011095,A02208,S5,2026-03-28,F01,0,1
Q011096,A02208,S5,2026-03-28,F03,0,1
Q011097,A02209,S3,2026-03-28,F06,1,0
Q011098,A02209,S4,2026-03-29,F05,0,1
Q011099,A02209,S5,2026-03-29,F05,0,1
Q011100,A02210,S3,2026-03-28,F01,0,1
Q011101,A02210,S3,2026-03-28,F03,0,1
Q011102,A02210,S3,2026-03-28,F03,0,1
Q011103,A02210,S4,2026-03-28,F02,0,1
Q011104,A02210,S4,2026-03-28,F02,0,1
Q011105,A02210,S4,2026-03-28,F03,0,1
Q011106,A02210,S5,2026-03-28,F02,1,0
Q011107,A02211,S3,2026-03-28,F06,0,1
Q011108,A02211,S4,2026-03-28,F04,0,1
Q011109,A02211,S4,2026-03-28,F05,0,1
Q011110,A02211,S5,2026-03-28,F02,1,0
Q011111,A02211,S5,2026-03-28,F02,0,1
Q011112,A02212,S4,2026-03-29,F05,0,1
Q011113,A02212,S4,2026-03-29,F03,0,1
Q011114,A02212,S4,2026-03-29,F06,0,1
Q011115,A02212,S4,2026-03-29,F01,0,1
Q011116,A02212,S4,2026-03-29,F04,1,0
Q011117,A02212,S4,2026-03-29,F03,0,1
Q011118,A02212,S5,2026-03-29,F03,0,1
Q011119,A02212,S5,2026-03-29,F03,0,1
Q011120,A02212,S5,2026-03-29,F01,0,1
Q011121,A02213,S4,2026-03-29,F03,0,1
Q011122,A02213,S4,2026-03-29,F04,0,1
Q011123,A02213,S5,2026-03-29,F03,0,1
Q011124,A02213,S5,2026-03-29,F02,1,0
Q011125,A02214,S3,2026-03-29,F03,0,1
Q011126,A02214,S3,2026-03-29,F02,0,1
Q011127,A02214,S3,2026-03-29,F02,0,1
Q011128,A02214,S4,2026-04-01,F04,1,0
Q011129,A02214,S4,2026-04-01,F02,0,1
Q011130,A02214,S4,2026-04-01,F06,0,1
Q011131,A02214,S4,2026-04-01,F03,0,1
Q011132,A02214,S4,2026-04-01,F01,0,1
Q011133,A02214,S4,2026-04-01,F02,1,0
Q011134,A02214,S4,2026-04-01,F02,0,1
Q011135,A02214,S4,2026-04-01,F02,0,1
Q011136,A02214,S5,2026-04-01,F02,0,1
Q011137,A02215,S3,2026-03-29,F04,1,0
Q011138,A02215,S4,2026-03-29,F03,0,1
Q011139,A02215,S4,2026-03-29,F03,0,1
Q011140,A02215,S4,2026-03-29,F04,0,1
Q011141,A02215,S4,2026-03-29,F01,0,1
Q011142,A02216,S4,2026-03-30,F03,0,1
Q011143,A02216,S4,2026-03-30,F06,0,1
Q011144,A02216,S4,2026-03-30,F01,0,1
Q011145,A02216,S5,2026-03-30,F03,0,1
Q011146,A02217,S4,2026-03-30,F02,1,0
Q011147,A02217,S5,2026-03-30,F02,0,1
Q011148,A02219,S3,2026-03-29,F02,1,0
Q011149,A02219,S3,2026-03-29,F03,0,1
Q011150,A02219,S3,2026-03-29,F02,0,1
Q011151,A02219,S5,2026-03-30,F02,0,1
Q011152,A02220,S3,2026-03-30,F01,0,1
Q011153,A02220,S3,2026-03-30,F04,0,1
Q011154,A02220,S3,2026-03-30,F04,0,1
Q011155,A02220,S4,2026-03-31,F05,0,1
Q011156,A02220,S4,2026-03-31,F02,0,1
Q011157,A02220,S5,2026-03-31,F03,0,1
Q011158,A02221,S3,2026-03-30,F03,0,1
Q011159,A02221,S3,2026-03-30,F01,0,1
Q011160,A02221,S3,2026-03-30,F06,0,1
Q011161,A02221,S3,2026-03-30,F01,0,1
Q011162,A02221,S4,2026-03-30,F03,0,1
Q011163,A02221,S4,2026-03-30,F03,0,1
Q011164,A02221,S4,2026-03-30,F04,0,1
Q011165,A02221,S4,2026-03-30,F02,0,1
Q011166,A02221,S4,2026-03-30,F05,0,1
Q011167,A02222,S3,2026-03-30,F01,0,1
Q011168,A02222,S4,2026-03-30,F04,0,1
Q011169,A02222,S4,2026-03-30,F04,0,1
Q011170,A02224,S3,2026-03-31,F05,0,1
Q011171,A02224,S4,2026-04-02,F01,1,0
Q011172,A02224,S4,2026-04-02,F01,0,1
Q011173,A02224,S5,2026-04-02,F03,0,1
Q011174,A02224,S5,2026-04-02,F01,0,1
Q011175,A02225,S3,2026-03-31,F04,1,0
Q011176,A02225,S4,2026-03-31,F02,0,1
Q011177,A02225,S5,2026-03-31,F01,0,1
Q011178,A02226,S3,2026-03-31,F02,0,1
Q011179,A02226,S3,2026-03-31,F02,1,0
Q011180,A02226,S3,2026-03-31,F05,0,1
Q011181,A02226,S3,2026-03-31,F01,1,0
Q011182,A02226,S3,2026-03-31,F04,1,0
Q011183,A02226,S4,2026-04-02,F04,0,1
Q011184,A02226,S4,2026-04-02,F05,0,1
Q011185,A02226,S4,2026-04-02,F03,0,1
Q011186,A02226,S4,2026-04-02,F01,0,1
Q011187,A02226,S5,2026-04-02,F05,0,1
Q011188,A02226,S5,2026-04-02,F01,0,1
Q011189,A02227,S3,2026-03-31,F05,0,1
Q011190,A02227,S4,2026-03-31,F03,0,1
Q011191,A02227,S4,2026-03-31,F02,0,1
Q011192,A02227,S4,2026-03-31,F02,1,0
Q011193,A02227,S5,2026-04-01,F04,0,1
Q011194,A02227,S5,2026-04-01,F01,1,0
Q011195,A02228,S3,2026-03-31,F02,0,1
Q011196,A02228,S3,2026-03-31,F01,0,1
Q011197,A02228,S3,2026-03-31,F02,0,1
Q011198,A02228,S4,2026-03-31,F01,0,1
Q011199,A02228,S4,2026-03-31,F02,0,1
Q011200,A02228,S5,2026-03-31,F02,0,1
Q011201,A02229,S4,2026-04-01,F03,1,0
Q011202,A02230,S3,2026-03-31,F01,0,1
Q011203,A02230,S4,2026-03-31,F01,0,1
Q011204,A02230,S4,2026-03-31,F01,0,1
Q011205,A02231,S4,2026-04-01,F01,1,0
Q011206,A02233,S3,2026-04-01,F01,0,1
Q011207,A02233,S3,2026-04-01,F01,0,1
Q011208,A02233,S3,2026-04-01,F01,1,0
Q011209,A02233,S3,2026-04-01,F03,0,1
Q011210,A02233,S4,2026-04-02,F01,0,1
Q011211,A02233,S4,2026-04-02,F02,0,1
Q011212,A02233,S4,2026-04-02,F01,0,1
Q011213,A02233,S5,2026-04-02,F01,0,1
Q011214,A02233,S5,2026-04-02,F01,1,0
Q011215,A02234,S3,2026-04-01,F02,0,1
Q011216,A02234,S4,2026-04-01,F01,1,0
Q011217,A02234,S5,2026-04-01,F05,0,1
Q011218,A02235,S3,2026-04-02,F05,0,1
Q011219,A02235,S3,2026-04-02,F02,0,1
Q011220,A02235,S3,2026-04-02,F01,0,1
Q011221,A02235,S3,2026-04-02,F01,0,1
Q011222,A02235,S4,2026-04-03,F03,0,1
Q011223,A02235,S4,2026-04-03,F03,0,1
Q011224,A02235,S4,2026-04-03,F02,0,1
Q011225,A02235,S5,2026-04-04,F03,0,1
Q011226,A02235,S5,2026-04-04,F02,0,1
Q011227,A02235,S5,2026-04-04,F02,0,1
Q011228,A02236,S4,2026-04-02,F02,0,1
Q011229,A02236,S4,2026-04-02,F03,0,1
Q011230,A02236,S5,2026-04-02,F05,1,0
Q011231,A02237,S3,2026-04-02,F01,1,0
Q011232,A02237,S5,2026-04-03,F03,0,1
Q011233,A02238,S3,2026-04-02,F05,0,1
Q011234,A02238,S3,2026-04-02,F03,0,1
Q011235,A02238,S4,2026-04-02,F02,1,0
Q011236,A02238,S5,2026-04-02,F03,0,1
Q011237,A02238,S5,2026-04-02,F01,0,1
Q011238,A02239,S3,2026-04-02,F04,0,1
Q011239,A02239,S4,2026-04-02,F03,0,1
Q011240,A02239,S4,2026-04-02,F01,0,1
Q011241,A02239,S4,2026-04-02,F03,0,1
Q011242,A02239,S4,2026-04-02,F02,0,1
Q011243,A02239,S4,2026-04-02,F01,0,1
Q011244,A02239,S5,2026-04-03,F01,0,1
Q011245,A02240,S3,2026-04-03,F03,0,1
Q011246,A02240,S3,2026-04-03,F02,1,0
Q011247,A02241,S3,2026-04-03,F01,0,1
Q011248,A02242,S3,2026-04-03,F01,1,0
Q011249,A02242,S4,2026-04-04,F01,0,1
Q011250,A02242,S4,2026-04-04,F01,1,0
Q011251,A02242,S5,2026-04-04,F04,0,1
Q011252,A02242,S5,2026-04-04,F06,0,1
Q011253,A02243,S3,2026-04-02,F02,0,1
Q011254,A02244,S3,2026-04-03,F01,0,1
Q011255,A02244,S3,2026-04-03,F01,0,1
Q011256,A02244,S3,2026-04-03,F02,0,1
Q011257,A02244,S4,2026-04-04,F02,0,1
Q011258,A02244,S4,2026-04-04,F02,0,1
Q011259,A02245,S3,2026-04-04,F04,1,0
Q011260,A02245,S3,2026-04-04,F04,1,0
Q011261,A02245,S3,2026-04-04,F05,1,0
Q011262,A02245,S4,2026-04-04,F05,0,1
Q011263,A02245,S5,2026-04-04,F03,0,1
Q011264,A02245,S5,2026-04-04,F01,0,1
Q011265,A02246,S3,2026-04-03,F02,0,1
Q011266,A02246,S4,2026-04-04,F02,0,1
Q011267,A02246,S4,2026-04-04,F02,0,1
Q011268,A02246,S4,2026-04-04,F03,0,1
Q011269,A02246,S5,2026-04-04,F06,0,1
Q011270,A02246,S5,2026-04-04,F02,0,1
Q011271,A02246,S5,2026-04-04,F01,0,1
Q011272,A02247,S3,2026-04-04,F02,1,0
Q011273,A02247,S3,2026-04-04,F05,0,1
Q011274,A02247,S3,2026-04-04,F03,0,1
Q011275,A02247,S4,2026-04-04,F02,0,1
Q011276,A02247,S4,2026-04-04,F01,0,1
Q011277,A02247,S5,2026-04-05,F06,0,1
Q011278,A02249,S3,2026-04-03,F03,0,1
Q011279,A02249,S4,2026-04-04,F02,1,0
Q011280,A02249,S4,2026-04-04,F01,1,0
Q011281,A02250,S4,2026-04-05,F01,0,1
Q011282,A02251,S4,2026-04-05,F05,0,1
Q011283,A02252,S4,2026-04-05,F02,0,1
Q011284,A02253,S5,2026-04-07,F05,0,1
Q011285,A02254,S3,2026-04-06,F05,0,1
Q011286,A02254,S3,2026-04-06,F04,0,1
Q011287,A02254,S4,2026-04-07,F05,0,1
Q011288,A02254,S4,2026-04-07,F04,1,0
Q011289,A02254,S4,2026-04-07,F06,0,1
Q011290,A02254,S4,2026-04-07,F01,0,1
Q011291,A02254,S4,2026-04-07,F01,0,1
Q011292,A02254,S4,2026-04-07,F04,0,1
Q011293,A02254,S5,2026-04-07,F04,0,1
Q011294,A02254,S5,2026-04-07,F06,1,0
Q011295,A02254,S5,2026-04-07,F02,0,1
Q011296,A02255,S3,2026-04-06,F01,0,1
Q011297,A02255,S4,2026-04-06,F04,0,1
Q011298,A02255,S4,2026-04-06,F01,1,0
Q011299,A02255,S4,2026-04-06,F01,1,0
Q011300,A02255,S4,2026-04-06,F04,0,1
Q011301,A02255,S5,2026-04-06,F05,1,0
Q011302,A02255,S5,2026-04-06,F02,0,1
Q011303,A02256,S4,2026-04-07,F03,0,1
Q011304,A02256,S4,2026-04-07,F05,1,0
Q011305,A02256,S5,2026-04-07,F03,0,1
Q011306,A02256,S5,2026-04-07,F02,1,0
Q011307,A02257,S3,2026-04-07,F01,0,1
Q011308,A02257,S3,2026-04-07,F01,0,1
Q011309,A02257,S3,2026-04-07,F05,1,0
Q011310,A02257,S4,2026-04-08,F02,1,0
Q011311,A02257,S4,2026-04-08,F02,0,1
Q011312,A02257,S4,2026-04-08,F01,1,0
Q011313,A02257,S4,2026-04-08,F05,0,1
Q011314,A02257,S4,2026-04-08,F02,1,0
Q011315,A02257,S5,2026-04-08,F06,0,1
Q011316,A02257,S5,2026-04-08,F01,0,1
Q011317,A02257,S5,2026-04-08,F02,1,0
Q011318,A02257,S5,2026-04-08,F01,1,0
Q011319,A02257,S5,2026-04-08,F01,0,1
Q011320,A02257,S5,2026-04-08,F04,0,1
Q011321,A02258,S3,2026-04-06,F04,1,0
Q011322,A02258,S3,2026-04-06,F02,1,0
Q011323,A02258,S3,2026-04-06,F03,0,1
Q011324,A02258,S4,2026-04-07,F01,0,1
Q011325,A02258,S4,2026-04-07,F04,1,0
Q011326,A02258,S5,2026-04-07,F01,1,0
Q011327,A02258,S5,2026-04-07,F03,0,1
Q011328,A02258,S5,2026-04-07,F04,0,1
Q011329,A02259,S4,2026-04-07,F05,0,1
Q011330,A02259,S4,2026-04-07,F01,0,1
Q011331,A02259,S5,2026-04-07,F05,0,1
Q011332,A02259,S5,2026-04-07,F04,1,0
Q011333,A02260,S3,2026-04-07,F01,0,1
Q011334,A02260,S4,2026-04-07,F01,1,0
Q011335,A02260,S4,2026-04-07,F03,0,1
Q011336,A02260,S4,2026-04-07,F02,0,1
Q011337,A02260,S5,2026-04-07,F03,0,1
Q011338,A02260,S5,2026-04-07,F03,0,1
Q011339,A02260,S5,2026-04-07,F01,1,0
Q011340,A02261,S3,2026-04-08,F02,1,0
Q011341,A02261,S4,2026-04-09,F05,1,0
Q011342,A02261,S5,2026-04-10,F01,0,1
Q011343,A02261,S5,2026-04-10,F05,1,0
Q011344,A02262,S3,2026-04-08,F04,0,1
Q011345,A02262,S3,2026-04-08,F01,0,1
Q011346,A02262,S4,2026-04-09,F02,0,1
Q011347,A02262,S5,2026-04-10,F04,1,0
Q011348,A02262,S5,2026-04-10,F03,0,1
Q011349,A02263,S3,2026-04-08,F05,0,1
Q011350,A02263,S3,2026-04-08,F01,1,0
Q011351,A02263,S4,2026-04-08,F03,0,1
Q011352,A02263,S4,2026-04-08,F02,0,1
Q011353,A02263,S4,2026-04-08,F05,0,1
Q011354,A02263,S4,2026-04-08,F01,1,0
Q011355,A02263,S4,2026-04-08,F03,0,1
Q011356,A02263,S4,2026-04-08,F06,0,1
Q011357,A02263,S4,2026-04-08,F03,0,1
Q011358,A02263,S5,2026-04-08,F01,1,0
Q011359,A02264,S3,2026-04-08,F01,0,1
Q011360,A02264,S3,2026-04-08,F04,0,1
Q011361,A02264,S3,2026-04-08,F04,0,1
Q011362,A02264,S4,2026-04-09,F06,1,0
Q011363,A02264,S4,2026-04-09,F01,0,1
Q011364,A02264,S4,2026-04-09,F06,1,0
Q011365,A02264,S5,2026-04-09,F02,0,1
Q011366,A02264,S5,2026-04-09,F03,0,1
Q011367,A02264,S5,2026-04-09,F05,0,1
Q011368,A02264,S5,2026-04-09,F04,0,1
Q011369,A02264,S5,2026-04-09,F04,0,1
Q011370,A02264,S5,2026-04-09,F02,1,0
Q011371,A02265,S3,2026-04-09,F01,1,0
Q011372,A02265,S3,2026-04-09,F03,0,1
Q011373,A02265,S3,2026-04-09,F05,0,1
Q011374,A02265,S3,2026-04-09,F02,0,1
Q011375,A02265,S3,2026-04-09,F01,0,1
Q011376,A02265,S4,2026-04-09,F03,0,1
Q011377,A02265,S4,2026-04-09,F04,1,0
Q011378,A02265,S5,2026-04-10,F02,0,1
Q011379,A02265,S5,2026-04-10,F01,1,0
Q011380,A02265,S5,2026-04-10,F01,1,0
Q011381,A02265,S5,2026-04-10,F03,0,1
Q011382,A02265,S5,2026-04-10,F01,1,0
Q011383,A02266,S4,2026-04-09,F01,1,0
Q011384,A02266,S4,2026-04-09,F02,0,1
Q011385,A02267,S3,2026-04-09,F03,0,1
Q011386,A02267,S4,2026-04-10,F02,0,1
Q011387,A02267,S5,2026-04-10,F01,0,1
Q011388,A02268,S3,2026-04-09,F06,0,1
Q011389,A02268,S3,2026-04-09,F03,0,1
Q011390,A02268,S4,2026-04-09,F01,0,1
Q011391,A02268,S4,2026-04-09,F03,0,1
Q011392,A02268,S4,2026-04-09,F03,0,1
Q011393,A02269,S3,2026-04-08,F03,0,1
Q011394,A02269,S4,2026-04-09,F02,0,1
Q011395,A02269,S4,2026-04-09,F03,0,1
Q011396,A02269,S4,2026-04-09,F04,0,1
Q011397,A02269,S5,2026-04-09,F02,0,1
Q011398,A02269,S5,2026-04-09,F01,0,1
Q011399,A02270,S4,2026-04-09,F04,0,1
Q011400,A02270,S4,2026-04-09,F01,0,1
Q011401,A02271,S4,2026-04-12,F03,1,0
Q011402,A02272,S3,2026-04-10,F02,0,1
Q011403,A02272,S4,2026-04-11,F01,0,1
Q011404,A02273,S3,2026-04-10,F03,0,1
Q011405,A02273,S3,2026-04-10,F04,0,1
Q011406,A02273,S3,2026-04-10,F05,0,1
Q011407,A02273,S3,2026-04-10,F06,1,0
Q011408,A02273,S4,2026-04-10,F03,0,1
Q011409,A02273,S4,2026-04-10,F02,0,1
Q011410,A02273,S4,2026-04-10,F03,0,1
Q011411,A02273,S4,2026-04-10,F03,0,1
Q011412,A02273,S4,2026-04-10,F02,0,1
Q011413,A02273,S4,2026-04-10,F05,0,1
Q011414,A02273,S4,2026-04-10,F02,0,1
Q011415,A02273,S4,2026-04-10,F04,0,1
Q011416,A02273,S4,2026-04-10,F01,1,0
Q011417,A02273,S5,2026-04-11,F01,1,0
Q011418,A02274,S3,2026-04-10,F02,0,1
Q011419,A02274,S4,2026-04-10,F05,0,1
Q011420,A02274,S4,2026-04-10,F01,0,1
Q011421,A02274,S4,2026-04-10,F05,0,1
Q011422,A02275,S3,2026-04-10,F02,0,1
Q011423,A02275,S3,2026-04-10,F05,1,0
Q011424,A02275,S3,2026-04-10,F02,0,1
Q011425,A02275,S3,2026-04-10,F02,0,1
Q011426,A02275,S3,2026-04-10,F02,0,1
Q011427,A02275,S4,2026-04-10,F06,0,1
Q011428,A02275,S4,2026-04-10,F01,1,0
Q011429,A02276,S4,2026-04-11,F04,0,1
Q011430,A02277,S3,2026-04-10,F02,0,1
Q011431,A02277,S3,2026-04-10,F01,1,0
Q011432,A02277,S5,2026-04-11,F04,0,1
Q011433,A02277,S5,2026-04-11,F02,1,0
Q011434,A02278,S4,2026-04-12,F06,1,0
Q011435,A02278,S4,2026-04-12,F05,0,1
Q011436,A02278,S4,2026-04-12,F01,1,0
Q011437,A02278,S4,2026-04-12,F01,0,1
Q011438,A02278,S5,2026-04-13,F06,1,0
Q011439,A02278,S5,2026-04-13,F03,0,1
Q011440,A02278,S5,2026-04-13,F01,0,1
Q011441,A02278,S5,2026-04-13,F01,1,0
Q011442,A02279,S3,2026-04-11,F04,0,1
Q011443,A02279,S3,2026-04-11,F03,0,1
Q011444,A02279,S3,2026-04-11,F02,1,0
Q011445,A02279,S3,2026-04-11,F06,0,1
Q011446,A02279,S3,2026-04-11,F03,0,1
Q011447,A02279,S4,2026-04-11,F01,0,1
Q011448,A02279,S4,2026-04-11,F01,1,0
Q011449,A02279,S4,2026-04-11,F05,1,0
Q011450,A02279,S4,2026-04-11,F03,0,1
Q011451,A02279,S4,2026-04-11,F02,0,1
Q011452,A02279,S4,2026-04-11,F02,1,0
Q011453,A02279,S4,2026-04-11,F01,0,1
Q011454,A02279,S4,2026-04-11,F05,0,1
Q011455,A02279,S4,2026-04-11,F03,0,1
Q011456,A02279,S4,2026-04-11,F06,0,1
Q011457,A02279,S5,2026-04-12,F01,0,1
Q011458,A02279,S5,2026-04-12,F04,1,0
Q011459,A02279,S5,2026-04-12,F02,0,1
Q011460,A02280,S3,2026-04-11,F01,0,1
Q011461,A02280,S4,2026-04-12,F01,0,1
Q011462,A02281,S3,2026-04-11,F03,0,1
Q011463,A02281,S3,2026-04-11,F02,1,0
Q011464,A02281,S3,2026-04-11,F05,0,1
Q011465,A02281,S3,2026-04-11,F03,0,1
Q011466,A02281,S3,2026-04-11,F02,0,1
Q011467,A02281,S3,2026-04-11,F01,1,0
Q011468,A02281,S3,2026-04-11,F01,1,0
Q011469,A02281,S3,2026-04-11,F03,0,1
Q011470,A02281,S4,2026-04-11,F01,0,1
Q011471,A02281,S5,2026-04-12,F01,0,1
Q011472,A02282,S4,2026-04-12,F04,0,1
Q011473,A02282,S4,2026-04-12,F02,0,1
Q011474,A02282,S4,2026-04-12,F02,0,1
Q011475,A02282,S4,2026-04-12,F02,0,1
Q011476,A02282,S4,2026-04-12,F05,0,1
Q011477,A02282,S4,2026-04-12,F01,0,1
Q011478,A02282,S5,2026-04-12,F05,0,1
Q011479,A02282,S5,2026-04-12,F01,1,0
Q011480,A02282,S5,2026-04-12,F04,0,1
Q011481,A02283,S3,2026-04-12,F04,0,1
Q011482,A02283,S3,2026-04-12,F01,0,1
Q011483,A02283,S3,2026-04-12,F01,0,1
Q011484,A02283,S4,2026-04-12,F03,0,1
Q011485,A02283,S4,2026-04-12,F02,0,1
Q011486,A02283,S4,2026-04-12,F02,0,1
Q011487,A02283,S4,2026-04-12,F04,1,0
Q011488,A02283,S4,2026-04-12,F02,1,0
Q011489,A02284,S4,2026-04-12,F01,0,1
Q011490,A02286,S3,2026-04-13,F02,0,1
Q011491,A02286,S3,2026-04-13,F03,0,1
Q011492,A02286,S3,2026-04-13,F02,0,1
Q011493,A02286,S4,2026-04-14,F04,0,1
Q011494,A02286,S4,2026-04-14,F05,0,1
Q011495,A02286,S4,2026-04-14,F04,1,0
Q011496,A02286,S4,2026-04-14,F03,0,1
Q011497,A02286,S5,2026-04-14,F01,0,1
Q011498,A02287,S3,2026-04-13,F03,0,1
Q011499,A02287,S4,2026-04-14,F05,0,1
Q011500,A02287,S4,2026-04-14,F03,0,1
Q011501,A02287,S4,2026-04-14,F01,1,0
Q011502,A02287,S4,2026-04-14,F02,1,0
Q011503,A02287,S5,2026-04-14,F02,1,0
Q011504,A02288,S3,2026-04-12,F06,0,1
Q011505,A02289,S4,2026-04-13,F03,0,1
Q011506,A02289,S4,2026-04-13,F03,0,1
Q011507,A02289,S4,2026-04-13,F05,0,1
Q011508,A02289,S4,2026-04-13,F04,0,1
Q011509,A02289,S4,2026-04-13,F05,0,1
Q011510,A02289,S4,2026-04-13,F05,0,1
Q011511,A02289,S5,2026-04-13,F02,0,1
Q011512,A02289,S5,2026-04-13,F01,0,1
Q011513,A02290,S3,2026-04-13,F02,0,1
Q011514,A02290,S3,2026-04-13,F05,0,1
Q011515,A02290,S4,2026-04-13,F03,0,1
Q011516,A02290,S4,2026-04-13,F01,0,1
Q011517,A02290,S4,2026-04-13,F02,1,0
Q011518,A02290,S4,2026-04-13,F04,1,0
Q011519,A02290,S4,2026-04-13,F05,0,1
Q011520,A02290,S4,2026-04-13,F02,1,0
Q011521,A02290,S4,2026-04-13,F04,0,1
Q011522,A02290,S4,2026-04-13,F04,0,1
Q011523,A02290,S4,2026-04-13,F04,0,1
Q011524,A02291,S3,2026-04-14,F04,0,1
Q011525,A02291,S3,2026-04-14,F02,0,1
Q011526,A02291,S5,2026-04-15,F01,0,1
Q011527,A02292,S3,2026-04-15,F01,1,0
Q011528,A02292,S4,2026-04-17,F02,0,1
Q011529,A02292,S4,2026-04-17,F02,0,1
Q011530,A02292,S5,2026-04-17,F02,0,1
Q011531,A02292,S5,2026-04-17,F03,0,1
Q011532,A02293,S3,2026-04-14,F05,0,1
Q011533,A02293,S3,2026-04-14,F04,1,0
Q011534,A02293,S3,2026-04-14,F01,0,1
Q011535,A02293,S3,2026-04-14,F03,0,1
Q011536,A02293,S3,2026-04-14,F04,0,1
Q011537,A02293,S4,2026-04-15,F05,0,1
Q011538,A02293,S4,2026-04-15,F01,0,1
Q011539,A02293,S4,2026-04-15,F05,0,1
Q011540,A02293,S5,2026-04-16,F05,0,1
Q011541,A02293,S5,2026-04-16,F03,0,1
Q011542,A02294,S3,2026-04-15,F05,0,1
Q011543,A02294,S3,2026-04-15,F03,0,1
Q011544,A02294,S3,2026-04-15,F01,0,1
Q011545,A02294,S4,2026-04-15,F01,0,1
Q011546,A02294,S4,2026-04-15,F01,1,0
Q011547,A02294,S4,2026-04-15,F01,0,1
Q011548,A02294,S4,2026-04-15,F05,0,1
Q011549,A02294,S4,2026-04-15,F01,1,0
Q011550,A02295,S4,2026-04-14,F06,0,1
Q011551,A02295,S4,2026-04-14,F01,1,0
Q011552,A02295,S5,2026-04-15,F03,0,1
Q011553,A02296,S3,2026-04-15,F03,0,1
Q011554,A02296,S3,2026-04-15,F04,0,1
Q011555,A02296,S3,2026-04-15,F04,0,1
Q011556,A02296,S4,2026-04-16,F01,1,0
Q011557,A02296,S4,2026-04-16,F04,1,0
Q011558,A02296,S4,2026-04-16,F03,0,1
Q011559,A02296,S4,2026-04-16,F01,1,0
Q011560,A02296,S5,2026-04-16,F06,0,1
Q011561,A02297,S3,2026-04-15,F04,1,0
Q011562,A02297,S3,2026-04-15,F01,0,1
Q011563,A02297,S3,2026-04-15,F02,0,1
Q011564,A02297,S4,2026-04-15,F03,0,1
Q011565,A02297,S5,2026-04-15,F04,1,0
Q011566,A02297,S5,2026-04-15,F02,1,0
Q011567,A02297,S5,2026-04-15,F03,0,1
Q011568,A02298,S5,2026-04-17,F01,0,1
Q011569,A02298,S5,2026-04-17,F03,0,1
Q011570,A02299,S3,2026-04-15,F05,0,1
Q011571,A02299,S3,2026-04-15,F03,0,1
Q011572,A02299,S4,2026-04-16,F02,0,1
Q011573,A02299,S4,2026-04-16,F02,0,1
Q011574,A02299,S4,2026-04-16,F02,0,1
Q011575,A02299,S5,2026-04-16,F04,0,1
Q011576,A02299,S5,2026-04-16,F03,0,1
Q011577,A02299,S5,2026-04-16,F02,0,1
Q011578,A02299,S5,2026-04-16,F04,1,0
Q011579,A02300,S3,2026-04-15,F05,0,1
Q011580,A02300,S3,2026-04-15,F01,1,0
Q011581,A02300,S3,2026-04-15,F05,0,1
Q011582,A02300,S4,2026-04-16,F01,0,1
Q011583,A02300,S4,2026-04-16,F02,1,0
Q011584,A02300,S4,2026-04-16,F02,0,1
Q011585,A02300,S4,2026-04-16,F02,0,1
Q011586,A02300,S5,2026-04-16,F03,0,1
Q011587,A02300,S5,2026-04-16,F02,0,1
Q011588,A02300,S5,2026-04-16,F01,0,1
Q011589,A02301,S4,2026-04-16,F02,0,1
Q011590,A02302,S3,2026-04-16,F01,1,0
Q011591,A02302,S3,2026-04-16,F01,0,1
Q011592,A02302,S4,2026-04-17,F02,1,0
Q011593,A02302,S4,2026-04-17,F05,0,1
Q011594,A02302,S4,2026-04-17,F01,1,0
Q011595,A02302,S4,2026-04-17,F01,0,1
Q011596,A02302,S5,2026-04-17,F02,0,1
Q011597,A02303,S3,2026-04-15,F01,1,0
Q011598,A02303,S3,2026-04-15,F01,0,1
Q011599,A02303,S3,2026-04-15,F01,0,1
Q011600,A02303,S4,2026-04-16,F04,1,0
Q011601,A02303,S4,2026-04-16,F03,0,1
Q011602,A02303,S5,2026-04-16,F02,0,1
Q011603,A02303,S5,2026-04-16,F01,1,0
Q011604,A02304,S3,2026-04-16,F01,0,1
Q011605,A02304,S4,2026-04-17,F02,0,1
Q011606,A02304,S4,2026-04-17,F02,0,1
Q011607,A02304,S4,2026-04-17,F03,0,1
Q011608,A02304,S4,2026-04-17,F02,0,1
Q011609,A02304,S4,2026-04-17,F01,0,1
Q011610,A02304,S4,2026-04-17,F02,0,1
Q011611,A02304,S4,2026-04-17,F01,0,1
Q011612,A02304,S5,2026-04-17,F02,0,1
Q011613,A02305,S3,2026-04-16,F03,0,1
Q011614,A02305,S4,2026-04-17,F02,1,0
Q011615,A02305,S4,2026-04-17,F02,0,1
Q011616,A02305,S4,2026-04-17,F01,0,1
Q011617,A02305,S4,2026-04-17,F06,1,0
Q011618,A02305,S4,2026-04-17,F06,0,1
Q011619,A02305,S4,2026-04-17,F01,0,1
Q011620,A02305,S4,2026-04-17,F02,1,0
Q011621,A02305,S5,2026-04-17,F04,0,1
Q011622,A02305,S5,2026-04-17,F04,1,0
Q011623,A02306,S4,2026-04-17,F06,1,0
Q011624,A02306,S4,2026-04-17,F05,0,1
Q011625,A02306,S5,2026-04-17,F04,1,0
Q011626,A02307,S3,2026-04-16,F01,0,1
Q011627,A02307,S4,2026-04-16,F01,1,0
Q011628,A02307,S4,2026-04-16,F04,0,1
Q011629,A02307,S4,2026-04-16,F06,0,1
Q011630,A02307,S5,2026-04-16,F02,1,0
Q011631,A02309,S4,2026-04-17,F05,0,1
Q011632,A02309,S4,2026-04-17,F02,0,1
Q011633,A02309,S4,2026-04-17,F01,0,1
Q011634,A02310,S3,2026-04-16,F02,0,1
Q011635,A02310,S3,2026-04-16,F04,0,1
Q011636,A02310,S5,2026-04-17,F05,0,1
Q011637,A02311,S4,2026-04-17,F05,0,1
Q011638,A02311,S4,2026-04-17,F01,1,0
Q011639,A02311,S4,2026-04-17,F04,0,1
Q011640,A02311,S4,2026-04-17,F02,0,1
Q011641,A02312,S5,2026-04-17,F01,0,1
Q011642,A02312,S5,2026-04-17,F04,0,1
Q011643,A02312,S5,2026-04-17,F03,0,1
Q011644,A02313,S5,2026-04-18,F01,0,1
Q011645,A02314,S3,2026-04-18,F03,1,0
Q011646,A02314,S4,2026-04-18,F01,1,0
Q011647,A02314,S4,2026-04-18,F03,1,0
Q011648,A02314,S5,2026-04-18,F03,0,1
Q011649,A02314,S5,2026-04-18,F02,1,0
Q011650,A02315,S4,2026-04-18,F03,0,1
Q011651,A02315,S5,2026-04-18,F01,0,1
Q011652,A02316,S3,2026-04-18,F02,0,1
Q011653,A02316,S4,2026-04-19,F05,0,1
Q011654,A02316,S4,2026-04-19,F02,0,1
Q011655,A02316,S4,2026-04-19,F05,0,1
Q011656,A02316,S5,2026-04-20,F03,0,1
Q011657,A02316,S5,2026-04-20,F01,1,0
Q011658,A02317,S3,2026-04-18,F06,0,1
Q011659,A02317,S3,2026-04-18,F01,0,1
Q011660,A02317,S3,2026-04-18,F02,0,1
Q011661,A02317,S4,2026-04-19,F03,0,1
Q011662,A02317,S4,2026-04-19,F05,0,1
Q011663,A02317,S4,2026-04-19,F04,0,1
Q011664,A02317,S4,2026-04-19,F04,0,1
Q011665,A02317,S4,2026-04-19,F02,0,1
Q011666,A02317,S5,2026-04-19,F01,0,1
Q011667,A02317,S5,2026-04-19,F04,1,0
Q011668,A02317,S5,2026-04-19,F02,0,1
Q011669,A02317,S5,2026-04-19,F02,1,0
Q011670,A02319,S4,2026-04-19,F03,0,1
Q011671,A02319,S4,2026-04-19,F03,0,1
Q011672,A02319,S4,2026-04-19,F04,0,1
Q011673,A02319,S4,2026-04-19,F03,1,0
Q011674,A02320,S5,2026-04-19,F04,1,0
Q011675,A02321,S4,2026-04-20,F02,0,1
Q011676,A02321,S4,2026-04-20,F01,0,1
Q011677,A02321,S5,2026-04-20,F02,0,1
Q011678,A02321,S5,2026-04-20,F03,0,1
Q011679,A02322,S3,2026-04-18,F04,0,1
Q011680,A02323,S3,2026-04-19,F02,0,1
Q011681,A02323,S3,2026-04-19,F01,1,0
Q011682,A02323,S3,2026-04-19,F02,0,1
Q011683,A02323,S4,2026-04-19,F05,1,0
Q011684,A02323,S4,2026-04-19,F02,0,1
Q011685,A02323,S4,2026-04-19,F06,0,1
Q011686,A02323,S4,2026-04-19,F06,0,1
Q011687,A02323,S5,2026-04-19,F05,1,0
Q011688,A02323,S5,2026-04-19,F05,0,1
Q011689,A02324,S3,2026-04-18,F01,1,0
Q011690,A02324,S3,2026-04-18,F01,1,0
Q011691,A02324,S3,2026-04-18,F01,0,1
Q011692,A02324,S3,2026-04-18,F01,1,0
Q011693,A02324,S4,2026-04-19,F03,1,0
Q011694,A02324,S4,2026-04-19,F03,0,1
Q011695,A02325,S4,2026-04-19,F04,1,0
Q011696,A02325,S4,2026-04-19,F03,1,0
Q011697,A02325,S5,2026-04-19,F03,0,1
Q011698,A02326,S3,2026-04-20,F06,0,1
Q011699,A02326,S4,2026-04-20,F02,1,0
Q011700,A02326,S5,2026-04-20,F03,0,1
Q011701,A02327,S3,2026-04-20,F03,0,1
Q011702,A02327,S3,2026-04-20,F03,0,1
Q011703,A02327,S3,2026-04-20,F04,0,1
Q011704,A02327,S4,2026-04-20,F02,0,1
Q011705,A02327,S4,2026-04-20,F03,1,0
Q011706,A02327,S4,2026-04-20,F01,0,1
Q011707,A02327,S4,2026-04-20,F01,0,1
Q011708,A02327,S5,2026-04-20,F05,0,1
Q011709,A02327,S5,2026-04-20,F06,0,1
Q011710,A02328,S4,2026-04-20,F01,0,1
Q011711,A02328,S4,2026-04-20,F03,0,1
Q011712,A02328,S5,2026-04-20,F04,0,1
Q011713,A02329,S3,2026-04-20,F02,0,1
Q011714,A02329,S3,2026-04-20,F03,0,1
Q011715,A02329,S4,2026-04-20,F03,0,1
Q011716,A02329,S4,2026-04-20,F01,0,1
Q011717,A02329,S4,2026-04-20,F05,0,1
Q011718,A02329,S4,2026-04-20,F01,0,1
Q011719,A02329,S5,2026-04-21,F03,0,1
Q011720,A02330,S3,2026-04-20,F04,0,1
Q011721,A02330,S3,2026-04-20,F03,0,1
Q011722,A02330,S3,2026-04-20,F01,1,0
Q011723,A02330,S3,2026-04-20,F03,0,1
Q011724,A02330,S4,2026-04-20,F05,0,1
Q011725,A02330,S4,2026-04-20,F01,0,1
Q011726,A02330,S5,2026-04-20,F01,0,1
Q011727,A02330,S5,2026-04-20,F01,1,0
Q011728,A02331,S3,2026-04-20,F03,0,1
Q011729,A02331,S3,2026-04-20,F01,1,0
Q011730,A02331,S4,2026-04-20,F06,0,1
Q011731,A02331,S4,2026-04-20,F02,0,1
Q011732,A02331,S5,2026-04-20,F02,0,1
Q011733,A02331,S5,2026-04-20,F01,0,1
Q011734,A02331,S5,2026-04-20,F02,0,1
Q011735,A02331,S5,2026-04-20,F02,0,1
Q011736,A02331,S5,2026-04-20,F01,0,1
Q011737,A02332,S4,2026-04-20,F02,0,1
Q011738,A02332,S4,2026-04-20,F03,0,1
Q011739,A02334,S3,2026-04-19,F03,0,1
Q011740,A02335,S3,2026-04-21,F03,1,0
Q011741,A02335,S4,2026-04-21,F04,0,1
Q011742,A02335,S4,2026-04-21,F01,1,0
Q011743,A02336,S3,2026-04-21,F01,1,0
Q011744,A02336,S3,2026-04-21,F04,0,1
Q011745,A02336,S3,2026-04-21,F05,0,1
Q011746,A02336,S4,2026-04-22,F01,0,1
Q011747,A02336,S4,2026-04-22,F01,0,1
Q011748,A02336,S4,2026-04-22,F04,0,1
Q011749,A02336,S4,2026-04-22,F02,0,1
Q011750,A02336,S5,2026-04-22,F03,0,1
Q011751,A02336,S5,2026-04-22,F01,0,1
Q011752,A02338,S3,2026-04-21,F01,0,1
Q011753,A02338,S3,2026-04-21,F02,0,1
Q011754,A02338,S4,2026-04-22,F01,1,0
Q011755,A02338,S4,2026-04-22,F04,0,1
Q011756,A02340,S4,2026-04-22,F01,0,1
Q011757,A02340,S5,2026-04-22,F04,0,1
Q011758,A02341,S3,2026-04-22,F06,0,1
Q011759,A02341,S3,2026-04-22,F03,0,1
Q011760,A02341,S3,2026-04-22,F05,0,1
Q011761,A02341,S4,2026-04-23,F01,0,1
Q011762,A02341,S4,2026-04-23,F02,0,1
Q011763,A02341,S5,2026-04-23,F01,0,1
Q011764,A02341,S5,2026-04-23,F05,0,1
Q011765,A02341,S5,2026-04-23,F01,0,1
Q011766,A02342,S4,2026-04-22,F06,0,1
Q011767,A02342,S4,2026-04-22,F03,0,1
Q011768,A02342,S5,2026-04-22,F01,0,1
Q011769,A02343,S3,2026-04-22,F03,0,1
Q011770,A02343,S3,2026-04-22,F02,0,1
Q011771,A02343,S3,2026-04-22,F06,0,1
Q011772,A02343,S4,2026-04-23,F05,0,1
Q011773,A02343,S4,2026-04-23,F03,0,1
Q011774,A02343,S4,2026-04-23,F01,0,1
Q011775,A02343,S4,2026-04-23,F02,1,0
Q011776,A02344,S3,2026-04-22,F03,0,1
Q011777,A02344,S3,2026-04-22,F03,0,1
Q011778,A02344,S4,2026-04-23,F01,1,0
Q011779,A02344,S4,2026-04-23,F01,0,1
Q011780,A02344,S4,2026-04-23,F02,0,1
Q011781,A02346,S3,2026-04-23,F03,0,1
Q011782,A02346,S4,2026-04-23,F01,0,1
Q011783,A02346,S4,2026-04-23,F02,0,1
Q011784,A02347,S4,2026-04-23,F03,1,0
Q011785,A02347,S4,2026-04-23,F01,1,0
Q011786,A02347,S5,2026-04-23,F05,0,1
Q011787,A02347,S5,2026-04-23,F01,0,1
Q011788,A02348,S3,2026-04-24,F04,1,0
Q011789,A02348,S3,2026-04-24,F01,1,0
Q011790,A02348,S4,2026-04-26,F06,1,0
Q011791,A02348,S4,2026-04-26,F03,0,1
Q011792,A02348,S4,2026-04-26,F01,0,1
Q011793,A02348,S4,2026-04-26,F02,0,1
Q011794,A02348,S5,2026-04-26,F01,0,1
Q011795,A02349,S3,2026-04-24,F05,0,1
Q011796,A02349,S3,2026-04-24,F01,0,1
Q011797,A02349,S3,2026-04-24,F03,1,0
Q011798,A02349,S4,2026-04-25,F04,0,1
Q011799,A02349,S4,2026-04-25,F02,0,1
Q011800,A02349,S4,2026-04-25,F04,0,1
Q011801,A02349,S4,2026-04-25,F01,0,1
Q011802,A02349,S4,2026-04-25,F01,0,1
Q011803,A02349,S5,2026-04-25,F01,0,1
Q011804,A02349,S5,2026-04-25,F01,0,1
Q011805,A02349,S5,2026-04-25,F04,0,1
Q011806,A02350,S4,2026-04-25,F05,0,1
Q011807,A02350,S4,2026-04-25,F01,1,0
Q011808,A02350,S4,2026-04-25,F01,1,0
Q011809,A02350,S4,2026-04-25,F03,0,1
Q011810,A02350,S4,2026-04-25,F04,0,1
Q011811,A02350,S4,2026-04-25,F02,0,1
Q011812,A02350,S5,2026-04-25,F01,1,0
Q011813,A02350,S5,2026-04-25,F03,0,1
Q011814,A02351,S3,2026-04-24,F04,0,1
Q011815,A02351,S3,2026-04-24,F03,0,1
Q011816,A02351,S4,2026-04-24,F02,1,0
Q011817,A02351,S4,2026-04-24,F05,0,1
Q011818,A02351,S4,2026-04-24,F01,1,0
Q011819,A02351,S4,2026-04-24,F01,1,0
Q011820,A02351,S5,2026-04-24,F01,0,1
Q011821,A02352,S3,2026-04-23,F02,0,1
Q011822,A02352,S5,2026-04-24,F03,0,1
Q011823,A02353,S4,2026-04-24,F01,0,1
Q011824,A02354,S4,2026-04-25,F01,0,1
Q011825,A02354,S4,2026-04-25,F01,0,1
Q011826,A02354,S4,2026-04-25,F04,1,0
Q011827,A02354,S4,2026-04-25,F06,0,1
Q011828,A02354,S5,2026-04-25,F02,1,0
Q011829,A02355,S3,2026-04-25,F02,0,1
Q011830,A02355,S4,2026-04-25,F04,0,1
Q011831,A02355,S4,2026-04-25,F01,1,0
Q011832,A02355,S4,2026-04-25,F06,1,0
Q011833,A02355,S4,2026-04-25,F03,1,0
Q011834,A02355,S5,2026-04-25,F02,0,1
Q011835,A02355,S5,2026-04-25,F01,0,1
Q011836,A02356,S3,2026-04-24,F01,1,0
Q011837,A02356,S4,2026-04-25,F01,0,1
Q011838,A02356,S4,2026-04-25,F01,0,1
Q011839,A02356,S5,2026-04-25,F01,1,0
Q011840,A02357,S3,2026-04-25,F03,0,1
Q011841,A02357,S5,2026-04-25,F04,1,0
Q011842,A02358,S3,2026-04-26,F02,0,1
Q011843,A02358,S4,2026-04-26,F04,0,1
Q011844,A02358,S4,2026-04-26,F02,1,0
Q011845,A02359,S3,2026-04-26,F03,1,0
Q011846,A02359,S3,2026-04-26,F06,0,1
Q011847,A02359,S4,2026-04-26,F02,0,1
Q011848,A02359,S5,2026-04-27,F02,0,1
Q011849,A02359,S5,2026-04-27,F01,0,1
Q011850,A02360,S3,2026-04-26,F04,0,1
Q011851,A02362,S3,2026-04-27,F01,1,0
Q011852,A02362,S4,2026-04-28,F01,0,1
Q011853,A02362,S4,2026-04-28,F06,0,1
Q011854,A02362,S5,2026-04-28,F02,1,0
Q011855,A02363,S3,2026-04-27,F04,0,1
Q011856,A02363,S3,2026-04-27,F01,0,1
Q011857,A02363,S4,2026-04-27,F02,0,1
Q011858,A02364,S3,2026-04-28,F02,0,1
Q011859,A02364,S3,2026-04-28,F03,0,1
Q011860,A02364,S3,2026-04-28,F06,1,0
Q011861,A02364,S3,2026-04-28,F01,0,1
Q011862,A02364,S3,2026-04-28,F03,0,1
Q011863,A02364,S3,2026-04-28,F01,1,0
Q011864,A02364,S4,2026-04-29,F02,0,1
Q011865,A02364,S4,2026-04-29,F03,0,1
Q011866,A02364,S4,2026-04-29,F01,0,1
Q011867,A02364,S4,2026-04-29,F01,0,1
Q011868,A02364,S5,2026-04-29,F03,0,1
Q011869,A02364,S5,2026-04-29,F04,1,0
Q011870,A02365,S3,2026-04-28,F02,1,0
Q011871,A02365,S3,2026-04-28,F03,0,1
Q011872,A02365,S3,2026-04-28,F03,1,0
Q011873,A02365,S4,2026-04-29,F04,1,0
Q011874,A02365,S4,2026-04-29,F02,0,1
Q011875,A02365,S4,2026-04-29,F04,0,1
Q011876,A02365,S4,2026-04-29,F01,0,1
Q011877,A02365,S4,2026-04-29,F04,0,1
Q011878,A02365,S5,2026-04-30,F03,0,1
Q011879,A02365,S5,2026-04-30,F06,0,1
Q011880,A02365,S5,2026-04-30,F01,0,1
Q011881,A02365,S5,2026-04-30,F02,1,0
Q011882,A02366,S3,2026-04-28,F01,1,0
Q011883,A02366,S3,2026-04-28,F03,0,1
Q011884,A02366,S4,2026-04-30,F01,1,0
Q011885,A02366,S4,2026-04-30,F03,0,1
Q011886,A02366,S4,2026-04-30,F01,1,0
Q011887,A02366,S5,2026-04-30,F04,1,0
Q011888,A02366,S5,2026-04-30,F03,0,1
Q011889,A02367,S3,2026-04-28,F03,0,1
Q011890,A02367,S3,2026-04-28,F04,0,1
Q011891,A02367,S3,2026-04-28,F02,0,1
Q011892,A02367,S4,2026-04-28,F03,0,1
Q011893,A02368,S4,2026-04-28,F04,1,0
Q011894,A02368,S4,2026-04-28,F04,0,1
Q011895,A02368,S4,2026-04-28,F03,0,1
Q011896,A02368,S5,2026-04-29,F02,0,1
Q011897,A02368,S5,2026-04-29,F03,0,1
Q011898,A02369,S3,2026-04-28,F01,0,1
Q011899,A02369,S4,2026-04-28,F04,0,1
Q011900,A02369,S5,2026-04-28,F02,0,1
Q011901,A02370,S3,2026-04-29,F02,0,1
Q011902,A02370,S3,2026-04-29,F04,0,1
Q011903,A02370,S3,2026-04-29,F01,0,1
Q011904,A02370,S5,2026-04-30,F04,0,1
Q011905,A02370,S5,2026-04-30,F01,1,0
Q011906,A02370,S5,2026-04-30,F02,1,0
Q011907,A02370,S5,2026-04-30,F01,1,0
Q011908,A02372,S3,2026-04-29,F01,0,1
Q011909,A02372,S3,2026-04-29,F03,0,1
Q011910,A02372,S3,2026-04-29,F02,0,1
Q011911,A02372,S4,2026-04-29,F05,0,1
Q011912,A02372,S4,2026-04-29,F01,0,1
Q011913,A02372,S4,2026-04-29,F03,0,1
Q011914,A02372,S4,2026-04-29,F03,0,1
Q011915,A02373,S5,2026-04-30,F02,0,1
Q011916,A02374,S4,2026-04-29,F01,0,1
Q011917,A02374,S5,2026-04-29,F01,0,1
Q011918,A02375,S3,2026-04-29,F05,1,0
Q011919,A02376,S3,2026-04-29,F05,1,0
Q011920,A02376,S3,2026-04-29,F03,0,1
Q011921,A02376,S3,2026-04-29,F01,1,0
Q011922,A02376,S5,2026-04-30,F06,1,0
Q011923,A02377,S3,2026-04-29,F02,0,1
Q011924,A02377,S4,2026-04-30,F01,1,0
Q011925,A02377,S4,2026-04-30,F01,0,1
Q011926,A02377,S4,2026-04-30,F02,0,1
Q011927,A02377,S5,2026-04-30,F03,0,1
Q011928,A02377,S5,2026-04-30,F01,0,1
Q011929,A02377,S5,2026-04-30,F06,0,1
Q011930,A02378,S3,2026-04-29,F03,0,1
Q011931,A02378,S4,2026-04-29,F01,1,0
Q011932,A02378,S4,2026-04-29,F04,0,1
Q011933,A02378,S5,2026-04-29,F03,0,1
Q011934,A02378,S5,2026-04-29,F01,1,0
Q011935,A02379,S3,2026-04-30,F01,0,1
Q011936,A02379,S3,2026-04-30,F02,0,1
Q011937,A02379,S4,2026-05-02,F06,0,1
Q011938,A02379,S4,2026-05-02,F04,0,1
Q011939,A02379,S5,2026-05-02,F04,0,1
Q011940,A02380,S4,2026-05-01,F01,0,1
Q011941,A02380,S4,2026-05-01,F03,0,1
Q011942,A02382,S3,2026-04-30,F02,0,1
Q011943,A02384,S4,2026-05-01,F03,0,1
Q011944,A02384,S5,2026-05-01,F04,1,0
Q011945,A02385,S4,2026-05-01,F01,0,1
Q011946,A02385,S4,2026-05-01,F03,0,1
Q011947,A02385,S5,2026-05-01,F01,0,1
Q011948,A02385,S5,2026-05-01,F01,0,1
Q011949,A02385,S5,2026-05-01,F02,1,0
Q011950,A02386,S3,2026-05-01,F04,1,0
Q011951,A02386,S4,2026-05-01,F06,1,0
Q011952,A02386,S4,2026-05-01,F01,1,0
Q011953,A02386,S4,2026-05-01,F01,1,0
Q011954,A02386,S5,2026-05-01,F03,0,1
Q011955,A02387,S4,2026-05-01,F04,0,1
Q011956,A02388,S3,2026-04-30,F04,1,0
Q011957,A02389,S4,2026-05-02,F03,1,0
Q011958,A02389,S5,2026-05-02,F02,1,0
Q011959,A02389,S5,2026-05-02,F03,1,0
Q011960,A02389,S5,2026-05-02,F05,0,1
Q011961,A02390,S4,2026-05-03,F01,0,1
Q011962,A02391,S3,2026-05-02,F03,0,1
Q011963,A02391,S4,2026-05-02,F01,1,0
Q011964,A02391,S5,2026-05-03,F02,0,1
Q011965,A02391,S5,2026-05-03,F03,1,0
Q011966,A02391,S5,2026-05-03,F01,0,1
Q011967,A02392,S4,2026-05-03,F05,0,1
Q011968,A02392,S5,2026-05-03,F05,0,1
Q011969,A02393,S3,2026-05-03,F02,0,1
Q011970,A02394,S3,2026-05-04,F05,0,1
Q011971,A02394,S3,2026-05-04,F01,0,1
Q011972,A02394,S4,2026-05-04,F02,0,1
Q011973,A02394,S4,2026-05-04,F04,1,0
Q011974,A02394,S4,2026-05-04,F02,1,0
Q011975,A02395,S3,2026-05-03,F01,0,1
Q011976,A02395,S4,2026-05-04,F05,0,1
Q011977,A02395,S4,2026-05-04,F03,0,1
Q011978,A02397,S3,2026-05-03,F01,1,0
Q011979,A02397,S3,2026-05-03,F05,0,1
Q011980,A02397,S4,2026-05-03,F01,1,0
Q011981,A02399,S3,2026-05-02,F01,0,1
Q011982,A02399,S4,2026-05-03,F06,1,0
Q011983,A02399,S4,2026-05-03,F03,0,1
Q011984,A02399,S4,2026-05-03,F02,0,1
Q011985,A02400,S5,2026-05-03,F03,0,1
Q011986,A02404,S3,2026-05-03,F04,0,1
Q011987,A02404,S3,2026-05-03,F03,0,1
Q011988,A02404,S3,2026-05-03,F03,0,1
Q011989,A02404,S4,2026-05-04,F01,0,1
Q011990,A02404,S4,2026-05-04,F03,0,1
Q011991,A02404,S4,2026-05-04,F05,0,1
Q011992,A02404,S4,2026-05-04,F04,0,1
Q011993,A02404,S5,2026-05-04,F03,0,1
Q011994,A02404,S5,2026-05-04,F04,0,1
Q011995,A02405,S3,2026-05-03,F01,0,1
Q011996,A02405,S4,2026-05-03,F05,0,1
Q011997,A02405,S4,2026-05-03,F04,0,1
Q011998,A02405,S5,2026-05-03,F05,1,0
Q011999,A02406,S3,2026-05-03,F04,0,1
Q012000,A02406,S3,2026-05-03,F01,0,1
Q012001,A02406,S3,2026-05-03,F01,1,0
Q012002,A02406,S3,2026-05-03,F01,1,0
Q012003,A02406,S4,2026-05-03,F05,0,1
Q012004,A02406,S4,2026-05-03,F03,0,1
Q012005,A02406,S4,2026-05-03,F05,0,1
Q012006,A02406,S5,2026-05-04,F04,1,0
Q012007,A02406,S5,2026-05-04,F03,0,1
Q012008,A02406,S5,2026-05-04,F01,1,0
Q012009,A02407,S3,2026-05-05,F06,0,1
Q012010,A02407,S3,2026-05-05,F04,1,0
Q012011,A02407,S4,2026-05-05,F05,0,1
Q012012,A02407,S4,2026-05-05,F03,1,0
Q012013,A02407,S4,2026-05-05,F01,0,1
Q012014,A02407,S5,2026-05-05,F01,0,1
Q012015,A02407,S5,2026-05-05,F01,0,1
Q012016,A02408,S3,2026-05-04,F02,0,1
Q012017,A02408,S3,2026-05-04,F01,0,1
Q012018,A02408,S3,2026-05-04,F02,0,1
Q012019,A02408,S4,2026-05-04,F03,0,1
Q012020,A02409,S3,2026-05-04,F02,1,0
Q012021,A02409,S4,2026-05-05,F05,0,1
Q012022,A02410,S3,2026-05-05,F02,0,1
Q012023,A02410,S4,2026-05-05,F01,0,1
Q012024,A02411,S3,2026-05-05,F03,0,1
Q012025,A02411,S4,2026-05-05,F05,0,1
Q012026,A02411,S5,2026-05-05,F03,0,1
Q012027,A02412,S4,2026-05-05,F05,0,1
Q012028,A02412,S4,2026-05-05,F01,0,1
Q012029,A02412,S4,2026-05-05,F02,0,1
Q012030,A02413,S3,2026-05-04,F02,0,1
Q012031,A02413,S3,2026-05-04,F01,0,1
Q012032,A02413,S4,2026-05-05,F02,0,1
Q012033,A02413,S4,2026-05-05,F03,0,1
Q012034,A02413,S4,2026-05-05,F03,0,1
Q012035,A02414,S4,2026-05-05,F01,0,1
Q012036,A02414,S4,2026-05-05,F05,0,1
Q012037,A02414,S4,2026-05-05,F04,0,1
Q012038,A02415,S3,2026-05-05,F03,0,1
Q012039,A02415,S4,2026-05-05,F01,0,1
Q012040,A02415,S4,2026-05-05,F03,0,1
Q012041,A02415,S4,2026-05-05,F01,0,1
Q012042,A02415,S5,2026-05-05,F04,1,0
Q012043,A02415,S5,2026-05-05,F01,1,0
Q012044,A02416,S3,2026-05-05,F05,0,1
Q012045,A02416,S3,2026-05-05,F01,0,1
Q012046,A02416,S3,2026-05-05,F02,1,0
Q012047,A02416,S4,2026-05-06,F01,0,1
Q012048,A02416,S4,2026-05-06,F03,0,1
Q012049,A02416,S4,2026-05-06,F04,0,1
Q012050,A02416,S4,2026-05-06,F05,1,0
Q012051,A02416,S4,2026-05-06,F02,1,0
Q012052,A02416,S5,2026-05-06,F02,0,1
Q012053,A02416,S5,2026-05-06,F01,1,0
Q012054,A02416,S5,2026-05-06,F02,0,1
Q012055,A02416,S5,2026-05-06,F01,0,1
Q012056,A02418,S3,2026-05-07,F04,0,1
Q012057,A02420,S3,2026-05-07,F02,0,1
Q012058,A02420,S4,2026-05-07,F02,0,1
Q012059,A02421,S3,2026-05-07,F06,1,0
Q012060,A02421,S3,2026-05-07,F01,1,0
Q012061,A02421,S3,2026-05-07,F04,0,1
Q012062,A02421,S3,2026-05-07,F06,0,1
Q012063,A02421,S4,2026-05-07,F04,0,1
Q012064,A02422,S4,2026-05-07,F06,0,1
Q012065,A02422,S4,2026-05-07,F01,1,0
Q012066,A02423,S4,2026-05-07,F01,0,1
Q012067,A02423,S5,2026-05-07,F06,1,0
Q012068,A02424,S3,2026-05-07,F02,0,1
Q012069,A02424,S3,2026-05-07,F03,0,1
Q012070,A02424,S4,2026-05-08,F03,0,1
Q012071,A02424,S4,2026-05-08,F05,0,1
Q012072,A02424,S4,2026-05-08,F01,1,0
Q012073,A02425,S3,2026-05-08,F06,0,1
Q012074,A02425,S3,2026-05-08,F03,0,1
Q012075,A02425,S4,2026-05-09,F02,0,1
Q012076,A02425,S4,2026-05-09,F06,0,1
Q012077,A02425,S5,2026-05-09,F02,1,0
Q012078,A02426,S3,2026-05-08,F02,0,1
Q012079,A02426,S4,2026-05-09,F05,1,0
Q012080,A02426,S4,2026-05-09,F02,0,1
Q012081,A02426,S4,2026-05-09,F02,0,1
Q012082,A02426,S4,2026-05-09,F04,1,0
Q012083,A02426,S4,2026-05-09,F02,0,1
Q012084,A02427,S3,2026-05-08,F02,0,1
Q012085,A02427,S3,2026-05-08,F06,1,0
Q012086,A02427,S3,2026-05-08,F02,0,1
Q012087,A02427,S4,2026-05-09,F02,0,1
Q012088,A02427,S5,2026-05-09,F02,0,1
Q012089,A02427,S5,2026-05-09,F03,0,1
Q012090,A02427,S5,2026-05-09,F01,0,1
Q012091,A02429,S5,2026-05-10,F04,0,1
Q012092,A02430,S3,2026-05-10,F05,0,1
Q012093,A02430,S3,2026-05-10,F01,0,1
Q012094,A02430,S4,2026-05-10,F04,0,1
Q012095,A02430,S4,2026-05-10,F01,1,0
Q012096,A02430,S5,2026-05-10,F04,0,1
Q012097,A02430,S5,2026-05-10,F02,0,1
Q012098,A02431,S3,2026-05-10,F05,0,1
Q012099,A02431,S3,2026-05-10,F02,0,1
Q012100,A02431,S4,2026-05-10,F01,1,0
Q012101,A02431,S4,2026-05-10,F04,0,1
Q012102,A02431,S4,2026-05-10,F01,0,1
Q012103,A02431,S5,2026-05-11,F01,0,1
Q012104,A02431,S5,2026-05-11,F03,0,1
Q012105,A02432,S3,2026-05-10,F04,0,1
Q012106,A02432,S4,2026-05-11,F01,1,0
Q012107,A02432,S4,2026-05-11,F02,0,1
Q012108,A02433,S4,2026-05-12,F03,0,1
Q012109,A02433,S4,2026-05-12,F03,1,0
Q012110,A02433,S5,2026-05-12,F02,0,1
Q012111,A02433,S5,2026-05-12,F01,0,1
Q012112,A02434,S3,2026-05-12,F05,0,1
Q012113,A02434,S3,2026-05-12,F03,0,1
Q012114,A02434,S4,2026-05-13,F03,1,0
Q012115,A02434,S5,2026-05-13,F01,1,0
Q012116,A02435,S3,2026-05-12,F05,0,1
Q012117,A02435,S3,2026-05-12,F04,0,1
Q012118,A02435,S4,2026-05-12,F04,0,1
Q012119,A02435,S4,2026-05-12,F06,0,1
Q012120,A02435,S4,2026-05-12,F02,0,1
Q012121,A02435,S5,2026-05-12,F02,1,0
Q012122,A02435,S5,2026-05-12,F03,0,1
Q012123,A02436,S4,2026-05-12,F04,1,0
Q012124,A02436,S4,2026-05-12,F05,0,1
Q012125,A02436,S5,2026-05-13,F06,0,1
Q012126,A02437,S3,2026-05-13,F06,0,1
Q012127,A02437,S3,2026-05-13,F02,0,1
Q012128,A02437,S3,2026-05-13,F01,0,1
Q012129,A02437,S3,2026-05-13,F03,0,1
Q012130,A02437,S3,2026-05-13,F03,1,0
Q012131,A02437,S4,2026-05-14,F03,1,0
Q012132,A02437,S4,2026-05-14,F02,0,1
Q012133,A02437,S4,2026-05-14,F03,0,1
Q012134,A02437,S4,2026-05-14,F03,0,1
Q012135,A02437,S4,2026-05-14,F03,0,1
Q012136,A02437,S5,2026-05-15,F01,1,0
Q012137,A02437,S5,2026-05-15,F03,0,1
Q012138,A02437,S5,2026-05-15,F06,0,1
Q012139,A02438,S5,2026-05-12,F02,0,1
Q012140,A02439,S3,2026-05-11,F06,0,1
Q012141,A02439,S4,2026-05-12,F04,1,0
Q012142,A02439,S4,2026-05-12,F02,1,0
Q012143,A02441,S3,2026-05-13,F02,0,1
Q012144,A02441,S4,2026-05-13,F01,0,1
Q012145,A02441,S4,2026-05-13,F03,0,1
Q012146,A02441,S5,2026-05-13,F05,0,1
Q012147,A02442,S4,2026-05-15,F03,1,0
Q012148,A02444,S4,2026-05-15,F04,0,1
Q012149,A02444,S4,2026-05-15,F03,0,1
Q012150,A02444,S4,2026-05-15,F03,0,1
Q012151,A02444,S5,2026-05-15,F06,0,1
Q012152,A02445,S3,2026-05-14,F01,0,1
Q012153,A02445,S4,2026-05-15,F03,0,1
Q012154,A02445,S5,2026-05-15,F05,0,1
Q012155,A02445,S5,2026-05-15,F01,0,1
Q012156,A02446,S4,2026-05-15,F02,0,1
Q012157,A02447,S3,2026-05-15,F01,0,1
Q012158,A02447,S3,2026-05-15,F04,0,1
Q012159,A02448,S4,2026-05-15,F02,1,0
Q012160,A02448,S4,2026-05-15,F02,0,1
Q012161,A02448,S4,2026-05-15,F03,1,0
Q012162,A02448,S4,2026-05-15,F01,0,1
Q012163,A02448,S5,2026-05-15,F03,1,0
Q012164,A02448,S5,2026-05-15,F05,0,1
Q012165,A02448,S5,2026-05-15,F04,1,0
Q012166,A02449,S3,2026-05-15,F01,0,1
Q012167,A02449,S3,2026-05-15,F02,0,1
Q012168,A02449,S5,2026-05-16,F02,0,1
Q012169,A02451,S4,2026-05-16,F01,0,1
Q012170,A02452,S5,2026-05-16,F06,0,1
Q012171,A02453,S3,2026-05-16,F01,0,1
Q012172,A02453,S3,2026-05-16,F01,1,0
Q012173,A02453,S4,2026-05-17,F01,0,1
Q012174,A02453,S4,2026-05-17,F05,0,1
Q012175,A02454,S4,2026-05-16,F02,0,1
Q012176,A02454,S4,2026-05-16,F05,0,1
Q012177,A02454,S5,2026-05-17,F01,1,0
Q012178,A02455,S3,2026-05-16,F04,0,1
Q012179,A02455,S4,2026-05-16,F05,0,1
Q012180,A02455,S4,2026-05-16,F03,0,1
Q012181,A02455,S4,2026-05-16,F03,1,0
Q012182,A02455,S5,2026-05-16,F05,0,1
Q012183,A02456,S3,2026-05-16,F01,0,1
Q012184,A02456,S3,2026-05-16,F02,1,0
Q012185,A02456,S3,2026-05-16,F03,0,1
Q012186,A02456,S4,2026-05-17,F01,1,0
Q012187,A02456,S4,2026-05-17,F01,0,1
Q012188,A02456,S4,2026-05-17,F01,0,1
Q012189,A02457,S5,2026-05-17,F04,1,0
Q012190,A02458,S4,2026-05-18,F05,0,1
Q012191,A02458,S4,2026-05-18,F03,1,0
Q012192,A02458,S4,2026-05-18,F01,1,0
Q012193,A02458,S4,2026-05-18,F02,0,1
Q012194,A02459,S3,2026-05-18,F06,1,0
Q012195,A02459,S4,2026-05-20,F01,0,1
Q012196,A02459,S5,2026-05-20,F02,0,1
Q012197,A02460,S3,2026-05-18,F01,0,1
Q012198,A02460,S3,2026-05-18,F03,0,1
Q012199,A02460,S3,2026-05-18,F03,0,1
Q012200,A02460,S3,2026-05-18,F04,1,0
Q012201,A02460,S4,2026-05-18,F01,1,0
Q012202,A02460,S4,2026-05-18,F01,0,1
Q012203,A02460,S4,2026-05-18,F03,0,1
Q012204,A02460,S4,2026-05-18,F05,0,1
Q012205,A02460,S4,2026-05-18,F02,1,0
Q012206,A02460,S4,2026-05-18,F03,0,1
Q012207,A02460,S4,2026-05-18,F01,1,0
Q012208,A02460,S5,2026-05-18,F05,0,1
Q012209,A02461,S4,2026-05-18,F03,0,1
Q012210,A02461,S4,2026-05-18,F02,0,1
Q012211,A02461,S4,2026-05-18,F03,0,1
Q012212,A02462,S3,2026-05-18,F01,1,0
Q012213,A02462,S3,2026-05-18,F04,0,1
Q012214,A02462,S4,2026-05-19,F02,1,0
Q012215,A02462,S4,2026-05-19,F03,1,0
Q012216,A02462,S4,2026-05-19,F03,0,1
Q012217,A02462,S5,2026-05-19,F04,1,0
Q012218,A02463,S4,2026-05-18,F03,0,1
Q012219,A02464,S3,2026-05-18,F01,0,1
Q012220,A02464,S4,2026-05-18,F06,0,1
Q012221,A02464,S4,2026-05-18,F04,1,0
Q012222,A02465,S3,2026-05-18,F04,0,1
Q012223,A02465,S3,2026-05-18,F03,0,1
Q012224,A02465,S4,2026-05-19,F02,0,1
Q012225,A02465,S4,2026-05-19,F02,1,0
Q012226,A02466,S3,2026-05-18,F01,0,1
Q012227,A02466,S3,2026-05-18,F01,0,1
Q012228,A02466,S3,2026-05-18,F02,0,1
Q012229,A02466,S3,2026-05-18,F01,0,1
Q012230,A02466,S4,2026-05-19,F04,1,0
Q012231,A02466,S4,2026-05-19,F01,1,0
Q012232,A02466,S4,2026-05-19,F06,0,1
Q012233,A02466,S4,2026-05-19,F02,0,1
Q012234,A02466,S4,2026-05-19,F04,1,0
Q012235,A02466,S4,2026-05-19,F02,1,0
Q012236,A02466,S4,2026-05-19,F05,0,1
Q012237,A02466,S5,2026-05-19,F06,0,1
Q012238,A02467,S3,2026-05-19,F05,0,1
Q012239,A02467,S3,2026-05-19,F04,0,1
Q012240,A02467,S4,2026-05-20,F02,0,1
Q012241,A02467,S4,2026-05-20,F03,0,1
Q012242,A02467,S4,2026-05-20,F01,0,1
Q012243,A02467,S4,2026-05-20,F04,1,0
Q012244,A02468,S3,2026-05-19,F03,0,1
Q012245,A02468,S4,2026-05-19,F05,0,1
Q012246,A02468,S4,2026-05-19,F06,0,1
Q012247,A02468,S4,2026-05-19,F04,0,1
Q012248,A02468,S5,2026-05-19,F01,0,1
Q012249,A02468,S5,2026-05-19,F01,1,0
Q012250,A02468,S5,2026-05-19,F04,0,1
Q012251,A02468,S5,2026-05-19,F01,0,1
Q012252,A02468,S5,2026-05-19,F01,0,1
Q012253,A02468,S5,2026-05-19,F03,0,1
Q012254,A02468,S5,2026-05-19,F03,0,1
Q012255,A02468,S5,2026-05-19,F01,0,1
Q012256,A02469,S4,2026-05-20,F01,0,1
Q012257,A02469,S4,2026-05-20,F02,0,1
Q012258,A02469,S4,2026-05-20,F03,0,1
Q012259,A02469,S4,2026-05-20,F03,0,1
Q012260,A02469,S5,2026-05-20,F01,0,1
Q012261,A02469,S5,2026-05-20,F01,0,1
Q012262,A02469,S5,2026-05-20,F02,1,0
Q012263,A02469,S5,2026-05-20,F03,0,1
Q012264,A02470,S4,2026-05-20,F01,0,1
Q012265,A02471,S3,2026-05-18,F02,1,0
Q012266,A02472,S3,2026-05-19,F03,0,1
Q012267,A02473,S3,2026-05-19,F03,0,1
Q012268,A02473,S3,2026-05-19,F02,1,0
Q012269,A02473,S4,2026-05-20,F01,0,1
Q012270,A02473,S4,2026-05-20,F03,0,1
Q012271,A02473,S4,2026-05-20,F02,0,1
Q012272,A02473,S5,2026-05-20,F02,0,1
Q012273,A02473,S5,2026-05-20,F01,0,1
Q012274,A02474,S4,2026-05-20,F01,0,1
Q012275,A02474,S4,2026-05-20,F03,0,1
Q012276,A02474,S4,2026-05-20,F01,0,1
Q012277,A02474,S4,2026-05-20,F05,0,1
Q012278,A02475,S3,2026-05-20,F04,1,0
Q012279,A02475,S3,2026-05-20,F02,0,1
Q012280,A02475,S5,2026-05-22,F01,0,1
Q012281,A02476,S3,2026-05-20,F03,0,1
Q012282,A02476,S3,2026-05-20,F06,0,1
Q012283,A02476,S3,2026-05-20,F01,1,0
Q012284,A02476,S4,2026-05-20,F06,0,1
Q012285,A02477,S3,2026-05-20,F01,1,0
Q012286,A02477,S3,2026-05-20,F03,0,1
Q012287,A02477,S4,2026-05-20,F01,1,0
Q012288,A02477,S4,2026-05-20,F02,0,1
Q012289,A02477,S5,2026-05-20,F03,0,1
Q012290,A02477,S5,2026-05-20,F01,1,0
Q012291,A02477,S5,2026-05-20,F03,0,1
Q012292,A02478,S3,2026-05-21,F02,0,1
Q012293,A02478,S4,2026-05-22,F01,0,1
Q012294,A02478,S5,2026-05-22,F01,0,1
Q012295,A02479,S3,2026-05-21,F01,0,1
Q012296,A02479,S3,2026-05-21,F01,0,1
Q012297,A02479,S3,2026-05-21,F01,1,0
Q012298,A02479,S4,2026-05-21,F03,0,1
Q012299,A02479,S4,2026-05-21,F06,0,1
Q012300,A02479,S4,2026-05-21,F02,0,1
Q012301,A02479,S4,2026-05-21,F01,0,1
Q012302,A02479,S4,2026-05-21,F02,0,1
Q012303,A02479,S5,2026-05-21,F01,0,1
Q012304,A02479,S5,2026-05-21,F02,0,1
Q012305,A02479,S5,2026-05-21,F02,0,1
Q012306,A02480,S3,2026-05-22,F01,0,1
Q012307,A02480,S4,2026-05-23,F01,0,1
Q012308,A02480,S5,2026-05-23,F03,0,1
Q012309,A02481,S3,2026-05-22,F02,0,1
Q012310,A02481,S3,2026-05-22,F04,0,1
Q012311,A02481,S4,2026-05-22,F01,1,0
Q012312,A02482,S3,2026-05-22,F03,0,1
Q012313,A02482,S3,2026-05-22,F06,0,1
Q012314,A02482,S3,2026-05-22,F06,0,1
Q012315,A02482,S4,2026-05-22,F02,0,1
Q012316,A02482,S4,2026-05-22,F01,1,0
Q012317,A02482,S4,2026-05-22,F03,0,1
Q012318,A02482,S4,2026-05-22,F05,1,0
Q012319,A02482,S4,2026-05-22,F01,1,0
Q012320,A02482,S5,2026-05-23,F04,0,1
Q012321,A02483,S3,2026-05-22,F05,0,1
Q012322,A02484,S3,2026-05-22,F05,0,1
Q012323,A02484,S3,2026-05-22,F02,0,1
Q012324,A02484,S4,2026-05-22,F05,0,1
Q012325,A02484,S4,2026-05-22,F04,0,1
Q012326,A02484,S4,2026-05-22,F06,1,0
Q012327,A02484,S4,2026-05-22,F05,0,1
Q012328,A02485,S3,2026-05-22,F02,0,1
Q012329,A02485,S3,2026-05-22,F02,0,1
Q012330,A02485,S4,2026-05-22,F01,0,1
Q012331,A02485,S4,2026-05-22,F03,0,1
Q012332,A02485,S4,2026-05-22,F03,0,1
Q012333,A02485,S4,2026-05-22,F04,0,1
Q012334,A02486,S3,2026-05-23,F02,0,1
Q012335,A02486,S3,2026-05-23,F04,0,1
Q012336,A02486,S4,2026-05-24,F01,0,1
Q012337,A02486,S4,2026-05-24,F01,0,1
Q012338,A02487,S4,2026-05-24,F05,0,1
Q012339,A02487,S4,2026-05-24,F02,0,1
Q012340,A02487,S5,2026-05-24,F02,0,1
Q012341,A02488,S3,2026-05-23,F04,0,1
Q012342,A02488,S3,2026-05-23,F04,0,1
Q012343,A02488,S4,2026-05-24,F05,0,1
Q012344,A02488,S4,2026-05-24,F06,0,1
Q012345,A02488,S4,2026-05-24,F01,0,1
Q012346,A02488,S4,2026-05-24,F01,0,1
Q012347,A02488,S4,2026-05-24,F05,0,1
Q012348,A02488,S4,2026-05-24,F02,0,1
Q012349,A02488,S4,2026-05-24,F03,0,1
Q012350,A02488,S4,2026-05-24,F04,0,1
Q012351,A02489,S3,2026-05-22,F03,0,1
Q012352,A02489,S4,2026-05-23,F02,1,0
Q012353,A02489,S4,2026-05-23,F01,0,1
Q012354,A02489,S4,2026-05-23,F03,0,1
Q012355,A02489,S4,2026-05-23,F02,0,1
Q012356,A02489,S4,2026-05-23,F05,0,1
Q012357,A02489,S5,2026-05-23,F03,0,1
Q012358,A02490,S3,2026-05-23,F01,0,1
Q012359,A02490,S4,2026-05-23,F04,1,0
Q012360,A02491,S3,2026-05-24,F02,0,1
Q012361,A02491,S3,2026-05-24,F05,0,1
Q012362,A02491,S4,2026-05-24,F01,0,1
Q012363,A02491,S4,2026-05-24,F01,1,0
Q012364,A02491,S4,2026-05-24,F01,1,0
Q012365,A02491,S4,2026-05-24,F01,1,0
Q012366,A02491,S4,2026-05-24,F02,0,1
Q012367,A02491,S4,2026-05-24,F05,0,1
Q012368,A02491,S5,2026-05-25,F03,0,1
Q012369,A02491,S5,2026-05-25,F06,0,1
Q012370,A02491,S5,2026-05-25,F04,1,0
Q012371,A02492,S4,2026-05-24,F05,0,1
Q012372,A02493,S3,2026-05-24,F05,0,1
Q012373,A02493,S4,2026-05-25,F02,0,1
Q012374,A02493,S4,2026-05-25,F04,0,1
Q012375,A02494,S3,2026-05-25,F02,0,1
Q012376,A02494,S3,2026-05-25,F02,0,1
Q012377,A02494,S4,2026-05-25,F02,0,1
Q012378,A02494,S4,2026-05-25,F06,0,1
Q012379,A02494,S4,2026-05-25,F02,0,1
Q012380,A02494,S4,2026-05-25,F01,0,1
Q012381,A02494,S5,2026-05-25,F02,1,0
Q012382,A02495,S3,2026-05-25,F02,1,0
Q012383,A02495,S3,2026-05-25,F04,0,1
Q012384,A02495,S3,2026-05-25,F04,0,1
Q012385,A02495,S4,2026-05-25,F02,0,1
Q012386,A02496,S4,2026-05-26,F01,0,1
Q012387,A02497,S3,2026-05-25,F02,0,1
Q012388,A02497,S3,2026-05-25,F03,0,1
Q012389,A02497,S4,2026-05-26,F03,0,1
Q012390,A02497,S4,2026-05-26,F01,1,0
Q012391,A02497,S5,2026-05-26,F03,0,1
Q012392,A02498,S3,2026-05-25,F02,0,1
Q012393,A02498,S3,2026-05-25,F02,0,1
Q012394,A02498,S3,2026-05-25,F03,0,1
Q012395,A02498,S4,2026-05-26,F03,0,1
Q012396,A02498,S4,2026-05-26,F05,0,1
Q012397,A02498,S4,2026-05-26,F05,0,1
Q012398,A02498,S4,2026-05-26,F04,0,1
Q012399,A02498,S4,2026-05-26,F03,0,1
Q012400,A02498,S5,2026-05-26,F01,0,1
Q012401,A02498,S5,2026-05-26,F03,0,1
Q012402,A02500,S3,2026-05-26,F01,1,0
Q012403,A02500,S4,2026-05-27,F02,0,1
Q012404,A02500,S5,2026-05-27,F01,0,1
Q012405,A02500,S5,2026-05-27,F01,1,0
Q012406,A02501,S3,2026-05-26,F05,0,1
Q012407,A02501,S3,2026-05-26,F03,0,1
Q012408,A02501,S3,2026-05-26,F03,0,1
Q012409,A02501,S4,2026-05-27,F01,0,1
Q012410,A02501,S4,2026-05-27,F06,0,1
Q012411,A02501,S4,2026-05-27,F04,0,1
Q012412,A02501,S4,2026-05-27,F01,0,1
Q012413,A02501,S4,2026-05-27,F05,0,1
Q012414,A02501,S4,2026-05-27,F02,0,1
Q012415,A02501,S4,2026-05-27,F02,1,0
Q012416,A02501,S5,2026-05-27,F06,0,1
Q012417,A02502,S3,2026-05-27,F05,1,0
Q012418,A02502,S3,2026-05-27,F04,0,1
Q012419,A02502,S3,2026-05-27,F03,0,1
Q012420,A02502,S3,2026-05-27,F01,1,0
Q012421,A02502,S4,2026-05-30,F01,0,1
Q012422,A02502,S5,2026-05-30,F02,0,1
Q012423,A02503,S3,2026-05-26,F05,0,1
Q012424,A02503,S3,2026-05-26,F04,1,0
Q012425,A02503,S3,2026-05-26,F04,0,1
Q012426,A02503,S4,2026-05-27,F02,0,1
Q012427,A02503,S4,2026-05-27,F03,0,1
Q012428,A02503,S4,2026-05-27,F04,0,1
Q012429,A02503,S4,2026-05-27,F02,1,0
Q012430,A02503,S5,2026-05-27,F03,0,1
Q012431,A02504,S3,2026-05-27,F01,0,1
Q012432,A02504,S3,2026-05-27,F04,0,1
Q012433,A02504,S4,2026-05-29,F01,0,1
Q012434,A02504,S4,2026-05-29,F01,0,1
Q012435,A02504,S4,2026-05-29,F02,0,1
Q012436,A02504,S4,2026-05-29,F02,0,1
Q012437,A02504,S5,2026-05-29,F02,0,1
Q012438,A02505,S3,2026-05-26,F02,1,0
Q012439,A02505,S3,2026-05-26,F02,0,1
Q012440,A02505,S3,2026-05-26,F01,0,1
Q012441,A02505,S3,2026-05-26,F01,0,1
Q012442,A02505,S4,2026-05-26,F02,1,0
Q012443,A02505,S4,2026-05-26,F02,0,1
Q012444,A02505,S5,2026-05-27,F03,0,1
Q012445,A02506,S3,2026-05-26,F01,0,1
Q012446,A02506,S3,2026-05-26,F01,0,1
Q012447,A02506,S3,2026-05-26,F05,0,1
Q012448,A02506,S4,2026-05-26,F01,1,0
Q012449,A02506,S4,2026-05-26,F02,0,1
Q012450,A02506,S4,2026-05-26,F03,0,1
Q012451,A02507,S3,2026-05-26,F03,0,1
Q012452,A02507,S3,2026-05-26,F04,0,1
Q012453,A02507,S4,2026-05-26,F04,0,1
Q012454,A02507,S4,2026-05-26,F05,1,0
Q012455,A02507,S4,2026-05-26,F01,0,1
Q012456,A02507,S5,2026-05-26,F02,0,1
Q012457,A02508,S3,2026-05-28,F02,1,0
Q012458,A02508,S4,2026-05-29,F03,0,1
Q012459,A02508,S5,2026-05-29,F02,0,1
Q012460,A02508,S5,2026-05-29,F02,0,1
Q012461,A02508,S5,2026-05-29,F03,0,1
Q012462,A02509,S3,2026-05-27,F02,0,1
Q012463,A02509,S3,2026-05-27,F02,1,0
Q012464,A02509,S4,2026-05-28,F04,0,1
Q012465,A02509,S4,2026-05-28,F02,0,1
Q012466,A02509,S5,2026-05-29,F03,0,1
Q012467,A02510,S3,2026-05-27,F04,1,0
Q012468,A02510,S3,2026-05-27,F02,0,1
Q012469,A02510,S4,2026-05-28,F02,1,0
Q012470,A02510,S4,2026-05-28,F03,0,1
Q012471,A02510,S4,2026-05-28,F05,0,1
Q012472,A02510,S5,2026-05-28,F04,0,1
Q012473,A02511,S3,2026-05-27,F02,0,1
Q012474,A02511,S4,2026-05-28,F05,0,1
Q012475,A02511,S4,2026-05-28,F02,0,1
Q012476,A02511,S4,2026-05-28,F01,0,1
Q012477,A02511,S4,2026-05-28,F01,0,1
Q012478,A02511,S5,2026-05-28,F03,0,1
Q012479,A02512,S3,2026-05-27,F01,0,1
Q012480,A02512,S3,2026-05-27,F05,0,1
Q012481,A02512,S3,2026-05-27,F03,0,1
Q012482,A02512,S4,2026-05-27,F04,1,0
Q012483,A02513,S3,2026-05-26,F01,0,1
Q012484,A02513,S4,2026-05-27,F05,0,1
Q012485,A02513,S4,2026-05-27,F05,0,1
Q012486,A02513,S4,2026-05-27,F03,0,1
Q012487,A02514,S3,2026-05-28,F03,0,1
Q012488,A02514,S3,2026-05-28,F02,0,1
Q012489,A02514,S4,2026-05-30,F01,0,1
Q012490,A02514,S4,2026-05-30,F04,0,1
Q012491,A02514,S4,2026-05-30,F03,0,1
Q012492,A02514,S4,2026-05-30,F04,0,1
Q012493,A02515,S3,2026-05-28,F04,1,0
Q012494,A02515,S3,2026-05-28,F03,0,1
Q012495,A02515,S4,2026-05-28,F02,0,1
Q012496,A02515,S4,2026-05-28,F01,0,1
Q012497,A02515,S4,2026-05-28,F03,0,1
Q012498,A02515,S4,2026-05-28,F02,1,0
Q012499,A02515,S4,2026-05-28,F01,0,1
Q012500,A02515,S5,2026-05-29,F04,1,0
Q012501,A02516,S3,2026-05-28,F04,1,0
Q012502,A02516,S5,2026-05-28,F03,0,1
Q012503,A02517,S3,2026-05-29,F04,1,0
Q012504,A02517,S3,2026-05-29,F03,0,1
Q012505,A02517,S4,2026-05-29,F04,0,1
Q012506,A02517,S4,2026-05-29,F05,0,1
Q012507,A02517,S5,2026-05-29,F01,0,1
Q012508,A02518,S3,2026-05-28,F05,0,1
Q012509,A02519,S3,2026-05-29,F01,0,1
Q012510,A02519,S3,2026-05-29,F03,0,1
Q012511,A02519,S3,2026-05-29,F01,1,0
Q012512,A02519,S3,2026-05-29,F01,0,1
Q012513,A02519,S3,2026-05-29,F05,0,1
Q012514,A02519,S4,2026-05-29,F01,0,1
Q012515,A02519,S4,2026-05-29,F06,0,1
Q012516,A02519,S4,2026-05-29,F03,0,1
Q012517,A02519,S5,2026-05-29,F02,1,0
Q012518,A02519,S5,2026-05-29,F01,0,1
Q012519,A02520,S3,2026-05-29,F01,0,1
Q012520,A02520,S4,2026-05-30,F03,0,1
Q012521,A02520,S4,2026-05-30,F04,1,0
Q012522,A02520,S4,2026-05-30,F06,1,0
Q012523,A02520,S5,2026-05-30,F03,0,1
Q012524,A02521,S3,2026-05-28,F04,1,0
Q012525,A02522,S3,2026-05-29,F01,0,1
Q012526,A02522,S3,2026-05-29,F02,0,1
Q012527,A02522,S4,2026-05-30,F04,0,1
Q012528,A02522,S4,2026-05-30,F04,1,0
Q012529,A02522,S4,2026-05-30,F03,0,1
Q012530,A02522,S4,2026-05-30,F02,0,1
Q012531,A02522,S4,2026-05-30,F04,1,0
Q012532,A02522,S4,2026-05-30,F06,0,1
Q012533,A02522,S5,2026-05-30,F05,0,1
Q012534,A02522,S5,2026-05-30,F03,0,1
Q012535,A02523,S3,2026-05-30,F01,0,1
Q012536,A02523,S3,2026-05-30,F01,0,1
Q012537,A02523,S4,2026-05-30,F02,0,1
Q012538,A02523,S4,2026-05-30,F01,0,1
Q012539,A02523,S5,2026-05-30,F06,1,0
Q012540,A02524,S3,2026-05-30,F02,0,1
Q012541,A02524,S5,2026-05-31,F01,0,1
Q012542,A02524,S5,2026-05-31,F03,1,0
Q012543,A02525,S3,2026-05-30,F01,0,1
Q012544,A02525,S3,2026-05-30,F02,0,1
Q012545,A02525,S4,2026-05-31,F05,0,1
Q012546,A02525,S4,2026-05-31,F03,0,1
Q012547,A02525,S4,2026-05-31,F01,0,1
Q012548,A02525,S4,2026-05-31,F02,1,0
Q012549,A02525,S5,2026-05-31,F03,0,1
Q012550,A02525,S5,2026-05-31,F03,0,1
Q012551,A02526,S3,2026-05-30,F03,0,1
Q012552,A02526,S3,2026-05-30,F04,0,1
Q012553,A02526,S3,2026-05-30,F04,0,1
Q012554,A02526,S3,2026-05-30,F01,0,1
Q012555,A02526,S3,2026-05-30,F01,0,1
Q012556,A02526,S3,2026-05-30,F03,0,1
Q012557,A02526,S4,2026-05-30,F01,0,1
Q012558,A02526,S4,2026-05-30,F03,0,1
Q012559,A02526,S4,2026-05-30,F05,1,0
Q012560,A02526,S4,2026-05-30,F03,0,1
Q012561,A02526,S4,2026-05-30,F05,0,1
Q012562,A02526,S5,2026-05-31,F03,0,1
Q012563,A02527,S3,2026-05-30,F02,0,1
Q012564,A02527,S4,2026-05-30,F01,1,0
Q012565,A02527,S4,2026-05-30,F02,0,1
Q012566,A02527,S5,2026-05-31,F01,0,1
Q012567,A02527,S5,2026-05-31,F02,1,0
Q012568,A02527,S5,2026-05-31,F03,0,1
Q012569,A02527,S5,2026-05-31,F02,0,1
Q012570,A02529,S5,2026-05-30,F02,0,1
Q012571,A02530,S3,2026-05-31,F02,0,1
Q012572,A02531,S4,2026-06-01,F01,0,1
Q012573,A02531,S4,2026-06-01,F01,0,1
Q012574,A02531,S4,2026-06-01,F03,0,1
Q012575,A02532,S3,2026-05-31,F05,0,1
Q012576,A02532,S3,2026-05-31,F06,0,1
Q012577,A02532,S4,2026-05-31,F01,0,1
Q012578,A02532,S4,2026-05-31,F01,0,1
Q012579,A02532,S4,2026-05-31,F02,0,1
Q012580,A02532,S5,2026-06-01,F02,0,1
Q012581,A02532,S5,2026-06-01,F02,0,1
Q012582,A02532,S5,2026-06-01,F02,0,1
Q012583,A02533,S4,2026-05-31,F03,0,1
Q012584,A02533,S4,2026-05-31,F03,0,1
Q012585,A02535,S3,2026-05-31,F02,0,1
Q012586,A02535,S3,2026-05-31,F05,0,1
Q012587,A02535,S3,2026-05-31,F05,0,1
Q012588,A02535,S4,2026-06-01,F03,0,1
Q012589,A02535,S4,2026-06-01,F02,0,1
Q012590,A02535,S4,2026-06-01,F01,0,1
Q012591,A02535,S5,2026-06-01,F02,0,1
Q012592,A02536,S3,2026-06-01,F06,0,1
Q012593,A02536,S3,2026-06-01,F02,0,1
Q012594,A02536,S3,2026-06-01,F03,0,1
Q012595,A02536,S4,2026-06-01,F01,1,0
Q012596,A02536,S4,2026-06-01,F01,1,0
Q012597,A02537,S3,2026-06-01,F01,0,1
Q012598,A02537,S4,2026-06-01,F05,0,1
Q012599,A02537,S5,2026-06-01,F01,0,1
Q012600,A02539,S3,2026-06-01,F01,0,1
Q012601,A02539,S4,2026-06-02,F05,0,1
Q012602,A02539,S4,2026-06-02,F01,0,1
Q012603,A02539,S4,2026-06-02,F01,0,1
Q012604,A02539,S5,2026-06-02,F02,0,1
Q012605,A02539,S5,2026-06-02,F04,0,1
Q012606,A02540,S3,2026-06-01,F03,0,1
Q012607,A02540,S4,2026-06-01,F02,0,1
Q012608,A02540,S5,2026-06-01,F03,0,1
Q012609,A02540,S5,2026-06-01,F03,0,1
Q012610,A02541,S4,2026-06-03,F01,0,1
Q012611,A02541,S4,2026-06-03,F03,0,1
Q012612,A02541,S4,2026-06-03,F05,0,1
Q012613,A02541,S4,2026-06-03,F02,0,1
Q012614,A02541,S4,2026-06-03,F02,0,1
Q012615,A02541,S4,2026-06-03,F01,0,1
Q012616,A02541,S4,2026-06-03,F01,0,1
Q012617,A02541,S5,2026-06-03,F04,0,1
Q012618,A02541,S5,2026-06-03,F02,0,1
Q012619,A02542,S3,2026-06-02,F01,1,0
Q012620,A02542,S4,2026-06-03,F03,0,1
Q012621,A02542,S4,2026-06-03,F02,0,1
Q012622,A02542,S5,2026-06-03,F03,0,1
Q012623,A02543,S3,2026-06-02,F01,1,0
Q012624,A02543,S4,2026-06-03,F01,1,0
Q012625,A02543,S4,2026-06-03,F03,0,1
Q012626,A02543,S4,2026-06-03,F03,0,1
Q012627,A02543,S5,2026-06-03,F01,1,0
Q012628,A02544,S5,2026-06-02,F01,0,1
Q012629,A02544,S5,2026-06-02,F01,1,0
Q012630,A02545,S4,2026-06-02,F01,0,1
Q012631,A02546,S3,2026-06-02,F06,0,1
Q012632,A02546,S3,2026-06-02,F02,0,1
Q012633,A02546,S4,2026-06-02,F01,1,0
Q012634,A02546,S5,2026-06-03,F01,0,1
Q012635,A02547,S4,2026-06-02,F01,1,0
Q012636,A02547,S4,2026-06-02,F01,0,1
Q012637,A02548,S3,2026-06-02,F03,0,1
Q012638,A02548,S3,2026-06-02,F01,0,1
Q012639,A02548,S3,2026-06-02,F01,0,1
Q012640,A02548,S4,2026-06-03,F03,0,1
Q012641,A02548,S4,2026-06-03,F02,0,1
Q012642,A02548,S4,2026-06-03,F04,0,1
Q012643,A02548,S4,2026-06-03,F01,0,1
Q012644,A02548,S4,2026-06-03,F03,0,1
Q012645,A02548,S5,2026-06-03,F03,0,1
Q012646,A02549,S4,2026-06-02,F04,0,1
Q012647,A02549,S5,2026-06-02,F01,0,1
Q012648,A02550,S4,2026-06-04,F03,0,1
Q012649,A02550,S4,2026-06-04,F03,0,1
Q012650,A02550,S5,2026-06-04,F04,1,0
Q012651,A02550,S5,2026-06-04,F02,0,1
Q012652,A02551,S3,2026-06-02,F01,1,0
Q012653,A02551,S3,2026-06-02,F04,0,1
Q012654,A02551,S4,2026-06-04,F02,0,1
Q012655,A02551,S4,2026-06-04,F06,0,1
Q012656,A02551,S4,2026-06-04,F03,0,1
Q012657,A02551,S4,2026-06-04,F01,1,0
Q012658,A02552,S3,2026-06-03,F03,1,0
Q012659,A02552,S4,2026-06-04,F05,0,1
Q012660,A02552,S4,2026-06-04,F05,0,1
Q012661,A02552,S4,2026-06-04,F05,0,1
Q012662,A02552,S4,2026-06-04,F01,0,1
Q012663,A02552,S4,2026-06-04,F03,0,1
Q012664,A02552,S4,2026-06-04,F04,0,1
Q012665,A02552,S4,2026-06-04,F03,0,1
Q012666,A02552,S4,2026-06-04,F04,0,1
Q012667,A02553,S3,2026-06-03,F05,0,1
Q012668,A02553,S3,2026-06-03,F05,0,1
Q012669,A02553,S4,2026-06-03,F05,0,1
Q012670,A02554,S3,2026-06-03,F05,0,1
Q012671,A02554,S5,2026-06-04,F01,0,1
Q012672,A02555,S3,2026-06-03,F05,0,1
Q012673,A02555,S4,2026-06-03,F03,0,1
Q012674,A02555,S5,2026-06-03,F01,0,1
Q012675,A02556,S4,2026-06-03,F01,0,1
Q012676,A02556,S4,2026-06-03,F01,0,1
Q012677,A02556,S4,2026-06-03,F03,0,1
Q012678,A02556,S4,2026-06-03,F04,0,1
Q012679,A02556,S4,2026-06-03,F02,0,1
Q012680,A02556,S4,2026-06-03,F02,0,1
Q012681,A02556,S4,2026-06-03,F04,0,1
Q012682,A02557,S3,2026-06-03,F02,1,0
Q012683,A02557,S3,2026-06-03,F01,1,0
Q012684,A02557,S3,2026-06-03,F05,0,1
Q012685,A02557,S3,2026-06-03,F01,0,1
Q012686,A02557,S4,2026-06-03,F03,0,1
Q012687,A02557,S4,2026-06-03,F04,0,1
Q012688,A02557,S4,2026-06-03,F04,1,0
Q012689,A02557,S4,2026-06-03,F03,0,1
Q012690,A02557,S4,2026-06-03,F01,0,1
Q012691,A02557,S4,2026-06-03,F02,1,0
Q012692,A02557,S5,2026-06-03,F01,0,1
Q012693,A02557,S5,2026-06-03,F04,1,0
Q012694,A02557,S5,2026-06-03,F02,0,1
Q012695,A02557,S5,2026-06-03,F01,0,1
Q012696,A02557,S5,2026-06-03,F02,1,0
Q012697,A02557,S5,2026-06-03,F03,0,1
Q012698,A02557,S5,2026-06-03,F02,0,1
Q012699,A02557,S5,2026-06-03,F02,0,1
Q012700,A02557,S5,2026-06-03,F03,0,1
Q012701,A02558,S3,2026-06-04,F05,0,1
Q012702,A02558,S3,2026-06-04,F03,0,1
Q012703,A02558,S4,2026-06-05,F04,0,1
Q012704,A02558,S4,2026-06-05,F02,1,0
Q012705,A02558,S4,2026-06-05,F01,0,1
Q012706,A02559,S5,2026-06-05,F04,0,1
Q012707,A02560,S3,2026-06-04,F05,0,1
Q012708,A02560,S3,2026-06-04,F04,1,0
Q012709,A02560,S3,2026-06-04,F01,0,1
Q012710,A02560,S3,2026-06-04,F03,0,1
Q012711,A02560,S3,2026-06-04,F01,0,1
Q012712,A02560,S4,2026-06-04,F04,1,0
Q012713,A02560,S4,2026-06-04,F05,0,1
Q012714,A02560,S4,2026-06-04,F05,1,0
Q012715,A02560,S4,2026-06-04,F05,0,1
Q012716,A02560,S4,2026-06-04,F02,0,1
Q012717,A02560,S4,2026-06-04,F03,0,1
Q012718,A02560,S4,2026-06-04,F03,0,1
Q012719,A02560,S4,2026-06-04,F01,0,1
Q012720,A02560,S4,2026-06-04,F03,0,1
Q012721,A02560,S5,2026-06-04,F01,0,1
Q012722,A02561,S3,2026-06-05,F01,0,1
Q012723,A02561,S4,2026-06-06,F01,1,0
Q012724,A02561,S4,2026-06-06,F03,0,1
Q012725,A02561,S4,2026-06-06,F06,0,1
Q012726,A02561,S4,2026-06-06,F02,1,0
Q012727,A02562,S3,2026-06-04,F02,1,0
Q012728,A02562,S3,2026-06-04,F03,0,1
Q012729,A02562,S3,2026-06-04,F02,1,0
Q012730,A02562,S4,2026-06-04,F03,0,1
Q012731,A02562,S4,2026-06-04,F06,0,1
Q012732,A02562,S4,2026-06-04,F03,0,1
Q012733,A02562,S4,2026-06-04,F03,0,1
Q012734,A02562,S5,2026-06-04,F05,1,0
Q012735,A02563,S4,2026-06-04,F02,0,1
Q012736,A02563,S4,2026-06-04,F04,0,1
Q012737,A02564,S3,2026-06-03,F04,1,0
Q012738,A02564,S4,2026-06-04,F01,1,0
Q012739,A02564,S4,2026-06-04,F02,0,1
Q012740,A02564,S4,2026-06-04,F04,0,1
Q012741,A02564,S5,2026-06-04,F03,0,1
Q012742,A02564,S5,2026-06-04,F01,0,1
Q012743,A02565,S3,2026-06-05,F05,0,1
Q012744,A02565,S4,2026-06-06,F02,1,0
Q012745,A02565,S4,2026-06-06,F05,0,1
Q012746,A02565,S4,2026-06-06,F02,0,1
Q012747,A02565,S4,2026-06-06,F01,0,1
Q012748,A02565,S4,2026-06-06,F03,0,1
Q012749,A02565,S4,2026-06-06,F03,0,1
Q012750,A02566,S3,2026-06-04,F04,0,1
Q012751,A02566,S3,2026-06-04,F03,0,1
Q012752,A02566,S4,2026-06-05,F03,0,1
Q012753,A02566,S4,2026-06-05,F05,0,1
Q012754,A02566,S5,2026-06-05,F03,0,1
Q012755,A02567,S3,2026-06-05,F03,0,1
Q012756,A02567,S3,2026-06-05,F01,0,1
Q012757,A02568,S3,2026-06-05,F02,0,1
Q012758,A02568,S3,2026-06-05,F02,0,1
Q012759,A02568,S4,2026-06-06,F03,0,1
Q012760,A02568,S4,2026-06-06,F03,0,1
Q012761,A02568,S5,2026-06-06,F03,0,1
Q012762,A02569,S4,2026-06-05,F03,0,1
Q012763,A02569,S4,2026-06-05,F04,0,1
Q012764,A02571,S4,2026-06-05,F03,0,1
Q012765,A02571,S5,2026-06-05,F01,1,0
Q012766,A02572,S3,2026-06-05,F02,1,0
Q012767,A02572,S4,2026-06-07,F03,0,1
Q012768,A02572,S4,2026-06-07,F03,0,1
Q012769,A02572,S4,2026-06-07,F01,1,0
Q012770,A02572,S5,2026-06-07,F01,0,1
Q012771,A02573,S3,2026-06-05,F01,1,0
Q012772,A02573,S3,2026-06-05,F05,0,1
Q012773,A02573,S4,2026-06-06,F01,0,1
Q012774,A02573,S4,2026-06-06,F04,0,1
Q012775,A02573,S4,2026-06-06,F01,0,1
Q012776,A02574,S3,2026-06-06,F01,0,1
Q012777,A02574,S3,2026-06-06,F01,0,1
Q012778,A02574,S4,2026-06-07,F02,0,1
Q012779,A02574,S4,2026-06-07,F01,0,1
Q012780,A02574,S4,2026-06-07,F01,1,0
Q012781,A02574,S4,2026-06-07,F04,1,0
Q012782,A02574,S5,2026-06-07,F05,0,1
Q012783,A02575,S3,2026-06-06,F01,1,0
Q012784,A02575,S3,2026-06-06,F03,1,0
Q012785,A02575,S3,2026-06-06,F04,0,1
Q012786,A02575,S3,2026-06-06,F02,0,1
Q012787,A02575,S4,2026-06-07,F03,0,1
Q012788,A02575,S4,2026-06-07,F03,1,0
Q012789,A02575,S5,2026-06-07,F03,0,1
Q012790,A02575,S5,2026-06-07,F02,0,1
Q012791,A02577,S5,2026-06-07,F01,0,1
Q012792,A02578,S3,2026-06-07,F04,1,0
Q012793,A02578,S3,2026-06-07,F05,1,0
Q012794,A02578,S3,2026-06-07,F03,0,1
Q012795,A02578,S4,2026-06-08,F06,0,1
Q012796,A02578,S4,2026-06-08,F02,1,0
Q012797,A02578,S4,2026-06-08,F04,0,1
Q012798,A02578,S4,2026-06-08,F03,0,1
Q012799,A02578,S5,2026-06-08,F01,0,1
Q012800,A02578,S5,2026-06-08,F06,1,0
Q012801,A02579,S3,2026-06-07,F01,0,1
Q012802,A02579,S3,2026-06-07,F02,0,1
Q012803,A02579,S4,2026-06-08,F04,0,1
Q012804,A02579,S4,2026-06-08,F02,0,1
Q012805,A02579,S4,2026-06-08,F02,0,1
Q012806,A02579,S5,2026-06-08,F01,0,1
Q012807,A02579,S5,2026-06-08,F01,0,1
Q012808,A02580,S3,2026-06-08,F05,0,1
Q012809,A02580,S3,2026-06-08,F04,0,1
Q012810,A02580,S4,2026-06-09,F01,0,1
Q012811,A02580,S4,2026-06-09,F05,0,1
Q012812,A02580,S4,2026-06-09,F03,0,1
Q012813,A02580,S4,2026-06-09,F04,1,0
Q012814,A02580,S5,2026-06-09,F05,0,1
Q012815,A02581,S3,2026-06-08,F02,0,1
Q012816,A02581,S4,2026-06-08,F02,0,1
Q012817,A02581,S4,2026-06-08,F06,0,1
Q012818,A02582,S3,2026-06-08,F03,0,1
Q012819,A02582,S4,2026-06-08,F02,0,1
Q012820,A02583,S3,2026-06-08,F03,0,1
Q012821,A02583,S3,2026-06-08,F03,1,0
Q012822,A02583,S4,2026-06-09,F03,0,1
Q012823,A02583,S4,2026-06-09,F05,0,1
Q012824,A02583,S5,2026-06-09,F02,0,1
Q012825,A02583,S5,2026-06-09,F04,0,1
Q012826,A02584,S3,2026-06-08,F02,0,1
Q012827,A02584,S3,2026-06-08,F04,0,1
Q012828,A02584,S4,2026-06-09,F01,0,1
Q012829,A02584,S4,2026-06-09,F02,0,1
Q012830,A02584,S4,2026-06-09,F02,1,0
Q012831,A02584,S4,2026-06-09,F03,0,1
Q012832,A02584,S4,2026-06-09,F01,0,1
Q012833,A02584,S4,2026-06-09,F01,0,1
Q012834,A02585,S3,2026-06-08,F02,0,1
Q012835,A02585,S4,2026-06-08,F01,0,1
Q012836,A02585,S4,2026-06-08,F03,0,1
Q012837,A02585,S4,2026-06-08,F02,0,1
Q012838,A02585,S5,2026-06-09,F04,1,0
Q012839,A02586,S4,2026-06-11,F03,0,1
Q012840,A02586,S4,2026-06-11,F02,0,1
Q012841,A02586,S4,2026-06-11,F05,0,1
Q012842,A02587,S4,2026-06-08,F03,0,1
Q012843,A02587,S4,2026-06-08,F03,0,1
Q012844,A02588,S3,2026-06-09,F04,1,0
Q012845,A02588,S4,2026-06-10,F01,0,1
Q012846,A02588,S4,2026-06-10,F01,0,1
Q012847,A02589,S3,2026-06-09,F01,1,0
Q012848,A02589,S4,2026-06-10,F01,0,1
Q012849,A02590,S3,2026-06-08,F01,1,0
Q012850,A02590,S4,2026-06-09,F01,0,1
Q012851,A02590,S4,2026-06-09,F04,1,0
Q012852,A02590,S5,2026-06-09,F06,0,1
Q012853,A02591,S4,2026-06-10,F05,0,1
Q012854,A02591,S4,2026-06-10,F04,0,1
Q012855,A02591,S4,2026-06-10,F02,0,1
Q012856,A02591,S4,2026-06-10,F01,1,0
Q012857,A02591,S4,2026-06-10,F01,1,0
Q012858,A02592,S4,2026-06-10,F02,0,1
Q012859,A02592,S4,2026-06-10,F03,0,1
Q012860,A02592,S4,2026-06-10,F01,1,0
Q012861,A02592,S4,2026-06-10,F04,0,1
Q012862,A02592,S5,2026-06-10,F05,0,1
Q012863,A02593,S3,2026-06-09,F03,0,1
Q012864,A02594,S4,2026-06-11,F05,0,1
Q012865,A02594,S4,2026-06-11,F04,0,1
Q012866,A02594,S5,2026-06-11,F02,0,1
Q012867,A02595,S3,2026-06-10,F04,0,1
Q012868,A02595,S4,2026-06-11,F03,1,0
Q012869,A02596,S4,2026-06-10,F04,1,0
Q012870,A02596,S4,2026-06-10,F02,0,1
Q012871,A02598,S3,2026-06-11,F02,0,1
Q012872,A02598,S4,2026-06-12,F01,0,1
Q012873,A02598,S4,2026-06-12,F02,0,1
Q012874,A02598,S5,2026-06-12,F01,0,1
Q012875,A02598,S5,2026-06-12,F01,0,1
Q012876,A02599,S4,2026-06-11,F02,0,1
Q012877,A02599,S4,2026-06-11,F01,1,0
Q012878,A02599,S4,2026-06-11,F03,0,1
Q012879,A02600,S4,2026-06-11,F02,0,1
Q012880,A02600,S5,2026-06-11,F05,0,1
Q012881,A02601,S3,2026-06-11,F05,0,1
Q012882,A02601,S4,2026-06-12,F04,0,1
Q012883,A02601,S4,2026-06-12,F01,1,0
Q012884,A02601,S5,2026-06-13,F02,0,1
Q012885,A02601,S5,2026-06-13,F04,0,1
Q012886,A02601,S5,2026-06-13,F03,0,1
Q012887,A02602,S3,2026-06-12,F04,0,1
Q012888,A02602,S4,2026-06-12,F01,0,1
Q012889,A02602,S4,2026-06-12,F04,0,1
Q012890,A02602,S4,2026-06-12,F02,1,0
Q012891,A02602,S4,2026-06-12,F04,1,0
Q012892,A02602,S4,2026-06-12,F05,0,1
Q012893,A02602,S4,2026-06-12,F02,0,1
Q012894,A02603,S3,2026-06-12,F03,0,1
Q012895,A02603,S3,2026-06-12,F06,1,0
Q012896,A02603,S3,2026-06-12,F01,0,1
Q012897,A02603,S4,2026-06-12,F01,0,1
Q012898,A02603,S4,2026-06-12,F03,0,1
Q012899,A02603,S5,2026-06-12,F02,0,1
Q012900,A02603,S5,2026-06-12,F03,0,1
Q012901,A02604,S3,2026-06-11,F03,1,0
Q012902,A02605,S3,2026-06-12,F02,0,1
Q012903,A02605,S3,2026-06-12,F03,0,1
Q012904,A02605,S3,2026-06-12,F02,0,1
Q012905,A02605,S3,2026-06-12,F01,1,0
Q012906,A02605,S3,2026-06-12,F03,0,1
Q012907,A02605,S4,2026-06-12,F01,0,1
Q012908,A02605,S4,2026-06-12,F01,0,1
Q012909,A02605,S4,2026-06-12,F02,0,1
Q012910,A02605,S5,2026-06-13,F05,0,1
Q012911,A02605,S5,2026-06-13,F01,0,1
Q012912,A02605,S5,2026-06-13,F02,0,1
Q012913,A02606,S3,2026-06-13,F02,0,1
Q012914,A02606,S3,2026-06-13,F01,0,1
Q012915,A02606,S3,2026-06-13,F02,0,1
Q012916,A02606,S4,2026-06-14,F01,0,1
Q012917,A02606,S4,2026-06-14,F01,0,1
Q012918,A02606,S4,2026-06-14,F01,0,1
Q012919,A02606,S5,2026-06-14,F04,0,1
Q012920,A02607,S3,2026-06-14,F03,0,1
Q012921,A02607,S4,2026-06-15,F01,0,1
Q012922,A02607,S4,2026-06-15,F01,1,0
Q012923,A02607,S4,2026-06-15,F04,1,0
Q012924,A02607,S4,2026-06-15,F04,0,1
Q012925,A02607,S5,2026-06-15,F03,0,1
Q012926,A02608,S3,2026-06-14,F01,0,1
Q012927,A02608,S3,2026-06-14,F04,1,0
Q012928,A02608,S3,2026-06-14,F04,0,1
Q012929,A02608,S4,2026-06-15,F02,0,1
Q012930,A02608,S4,2026-06-15,F05,0,1
Q012931,A02608,S4,2026-06-15,F04,0,1
Q012932,A02608,S4,2026-06-15,F02,0,1
Q012933,A02608,S4,2026-06-15,F03,0,1
Q012934,A02608,S4,2026-06-15,F06,0,1
Q012935,A02608,S4,2026-06-15,F04,1,0
Q012936,A02608,S4,2026-06-15,F01,0,1
Q012937,A02608,S5,2026-06-15,F02,0,1
Q012938,A02608,S5,2026-06-15,F01,1,0
Q012939,A02608,S5,2026-06-15,F01,1,0
Q012940,A02608,S5,2026-06-15,F01,1,0
Q012941,A02609,S3,2026-06-14,F02,0,1
Q012942,A02609,S4,2026-06-14,F02,1,0
Q012943,A02609,S5,2026-06-14,F01,0,1
Q012944,A02610,S4,2026-06-14,F01,1,0
Q012945,A02611,S3,2026-06-15,F01,0,1
Q012946,A02611,S3,2026-06-15,F02,0,1
Q012947,A02611,S3,2026-06-15,F03,1,0
Q012948,A02611,S3,2026-06-15,F01,0,1
Q012949,A02611,S3,2026-06-15,F03,0,1
Q012950,A02611,S3,2026-06-15,F03,0,1
Q012951,A02611,S3,2026-06-15,F02,0,1
Q012952,A02611,S3,2026-06-15,F04,1,0
Q012953,A02611,S3,2026-06-15,F06,0,1
Q012954,A02611,S4,2026-06-16,F05,0,1
Q012955,A02611,S4,2026-06-16,F01,0,1
Q012956,A02611,S4,2026-06-16,F02,0,1
Q012957,A02611,S4,2026-06-16,F02,0,1
Q012958,A02611,S4,2026-06-16,F03,0,1
Q012959,A02611,S4,2026-06-16,F01,1,0
Q012960,A02611,S4,2026-06-16,F03,0,1
Q012961,A02611,S5,2026-06-16,F01,0,1
Q012962,A02612,S3,2026-06-14,F01,0,1
Q012963,A02612,S3,2026-06-14,F06,0,1
Q012964,A02612,S4,2026-06-15,F02,0,1
Q012965,A02612,S4,2026-06-15,F04,1,0
Q012966,A02612,S4,2026-06-15,F04,0,1
Q012967,A02612,S4,2026-06-15,F03,0,1
Q012968,A02613,S3,2026-06-16,F01,0,1
Q012969,A02613,S4,2026-06-19,F06,0,1
Q012970,A02613,S4,2026-06-19,F04,0,1
Q012971,A02614,S3,2026-06-16,F02,1,0
Q012972,A02614,S4,2026-06-16,F02,0,1
Q012973,A02614,S4,2026-06-16,F01,1,0
Q012974,A02615,S4,2026-06-16,F01,0,1
Q012975,A02616,S3,2026-06-16,F04,0,1
Q012976,A02616,S3,2026-06-16,F01,0,1
Q012977,A02616,S4,2026-06-17,F03,0,1
Q012978,A02616,S4,2026-06-17,F02,0,1
Q012979,A02616,S4,2026-06-17,F04,1,0
Q012980,A02616,S4,2026-06-17,F03,0,1
Q012981,A02616,S5,2026-06-17,F01,1,0
Q012982,A02616,S5,2026-06-17,F02,1,0
Q012983,A02616,S5,2026-06-17,F03,0,1
Q012984,A02617,S3,2026-06-15,F04,1,0
Q012985,A02617,S4,2026-06-16,F02,0,1
Q012986,A02618,S4,2026-06-16,F01,0,1
Q012987,A02618,S4,2026-06-16,F02,0,1
Q012988,A02618,S4,2026-06-16,F06,0,1
Q012989,A02618,S5,2026-06-16,F03,0,1
Q012990,A02619,S5,2026-06-18,F03,0,1
Q012991,A02620,S3,2026-06-16,F04,0,1
Q012992,A02620,S3,2026-06-16,F06,0,1
Q012993,A02620,S4,2026-06-17,F01,0,1
Q012994,A02621,S3,2026-06-17,F01,1,0
Q012995,A02621,S3,2026-06-17,F02,0,1
Q012996,A02621,S4,2026-06-18,F03,0,1
Q012997,A02621,S4,2026-06-18,F02,0,1
Q012998,A02621,S5,2026-06-19,F03,0,1
Q012999,A02621,S5,2026-06-19,F02,0,1
Q013000,A02622,S3,2026-06-16,F06,0,1
Q013001,A02622,S3,2026-06-16,F01,0,1
Q013002,A02622,S4,2026-06-17,F01,1,0
Q013003,A02622,S4,2026-06-17,F02,0,1
Q013004,A02622,S4,2026-06-17,F05,0,1
Q013005,A02622,S4,2026-06-17,F04,1,0
Q013006,A02622,S4,2026-06-17,F03,0,1
Q013007,A02623,S4,2026-06-18,F05,0,1
Q013008,A02624,S3,2026-06-18,F03,1,0
Q013009,A02624,S3,2026-06-18,F03,0,1
Q013010,A02624,S4,2026-06-20,F04,0,1
Q013011,A02624,S4,2026-06-20,F05,0,1
Q013012,A02624,S5,2026-06-20,F02,0,1
Q013013,A02625,S3,2026-06-18,F03,0,1
Q013014,A02625,S3,2026-06-18,F04,0,1
Q013015,A02625,S4,2026-06-18,F02,1,0
Q013016,A02625,S4,2026-06-18,F02,1,0
Q013017,A02625,S4,2026-06-18,F05,0,1
Q013018,A02625,S4,2026-06-18,F03,1,0
Q013019,A02625,S5,2026-06-18,F02,0,1
Q013020,A02626,S3,2026-06-18,F06,1,0
Q013021,A02626,S4,2026-06-19,F05,0,1
Q013022,A02626,S4,2026-06-19,F02,0,1
Q013023,A02626,S4,2026-06-19,F02,0,1
Q013024,A02626,S4,2026-06-19,F01,0,1
Q013025,A02626,S4,2026-06-19,F06,1,0
Q013026,A02627,S4,2026-06-20,F03,1,0
Q013027,A02627,S4,2026-06-20,F02,1,0
Q013028,A02627,S4,2026-06-20,F03,0,1
Q013029,A02627,S4,2026-06-20,F01,0,1
Q013030,A02627,S4,2026-06-20,F02,0,1
Q013031,A02627,S5,2026-06-20,F04,0,1
Q013032,A02628,S3,2026-06-20,F01,0,1
Q013033,A02628,S3,2026-06-20,F04,1,0
Q013034,A02628,S4,2026-06-20,F02,0,1
Q013035,A02628,S4,2026-06-20,F03,0,1
Q013036,A02628,S4,2026-06-20,F02,0,1
Q013037,A02628,S4,2026-06-20,F01,0,1
Q013038,A02628,S4,2026-06-20,F02,0,1
Q013039,A02628,S5,2026-06-20,F04,1,0
Q013040,A02628,S5,2026-06-20,F02,0,1
Q013041,A02629,S3,2026-06-19,F05,0,1
Q013042,A02629,S3,2026-06-19,F03,0,1
Q013043,A02629,S3,2026-06-19,F04,1,0
Q013044,A02629,S3,2026-06-19,F01,1,0
Q013045,A02629,S4,2026-06-20,F01,1,0
Q013046,A02629,S4,2026-06-20,F01,0,1
Q013047,A02629,S4,2026-06-20,F03,0,1
Q013048,A02629,S4,2026-06-20,F01,0,1
Q013049,A02629,S4,2026-06-20,F03,1,0
Q013050,A02629,S5,2026-06-21,F04,0,1
Q013051,A02630,S3,2026-06-19,F02,0,1
Q013052,A02630,S4,2026-06-19,F02,0,1
Q013053,A02630,S4,2026-06-19,F03,0,1
Q013054,A02630,S4,2026-06-19,F03,0,1
Q013055,A02630,S5,2026-06-19,F02,1,0
Q013056,A02631,S4,2026-06-20,F04,1,0
Q013057,A02631,S4,2026-06-20,F03,0,1
Q013058,A02631,S4,2026-06-20,F02,1,0
Q013059,A02631,S4,2026-06-20,F05,0,1
Q013060,A02631,S4,2026-06-20,F04,0,1
Q013061,A02631,S4,2026-06-20,F06,1,0
Q013062,A02631,S5,2026-06-20,F03,0,1
Q013063,A02632,S3,2026-06-19,F02,0,1
Q013064,A02632,S4,2026-06-19,F02,0,1
Q013065,A02634,S3,2026-06-20,F01,0,1
Q013066,A02634,S4,2026-06-20,F01,1,0
Q013067,A02635,S3,2026-06-20,F04,0,1
Q013068,A02635,S4,2026-06-21,F02,0,1
Q013069,A02635,S4,2026-06-21,F01,1,0
Q013070,A02635,S5,2026-06-21,F03,1,0
Q013071,A02636,S3,2026-06-20,F06,1,0
Q013072,A02636,S4,2026-06-21,F03,0,1
Q013073,A02636,S4,2026-06-21,F01,0,1
Q013074,A02636,S4,2026-06-21,F02,0,1
Q013075,A02636,S5,2026-06-21,F03,0,1
Q013076,A02637,S3,2026-06-20,F03,0,1
Q013077,A02637,S4,2026-06-21,F03,0,1
Q013078,A02637,S4,2026-06-21,F05,1,0
Q013079,A02637,S5,2026-06-21,F04,0,1
Q013080,A02637,S5,2026-06-21,F03,0,1
Q013081,A02637,S5,2026-06-21,F02,0,1
Q013082,A02638,S3,2026-06-19,F03,0,1
Q013083,A02638,S3,2026-06-19,F04,0,1
Q013084,A02638,S3,2026-06-19,F03,0,1
Q013085,A02638,S4,2026-06-20,F04,1,0
Q013086,A02638,S4,2026-06-20,F03,0,1
Q013087,A02638,S5,2026-06-20,F03,0,1
Q013088,A02639,S3,2026-06-20,F05,0,1
Q013089,A02639,S4,2026-06-23,F03,0,1
Q013090,A02639,S4,2026-06-23,F03,0,1
Q013091,A02639,S4,2026-06-23,F02,0,1
Q013092,A02639,S4,2026-06-23,F01,0,1
Q013093,A02639,S5,2026-06-23,F03,0,1
Q013094,A02639,S5,2026-06-23,F01,0,1
Q013095,A02641,S5,2026-06-22,F02,0,1
Q013096,A02642,S3,2026-06-21,F03,0,1
Q013097,A02642,S3,2026-06-21,F04,0,1
Q013098,A02642,S4,2026-06-22,F01,0,1
Q013099,A02642,S5,2026-06-22,F03,0,1
Q013100,A02642,S5,2026-06-22,F05,0,1
Q013101,A02643,S3,2026-06-23,F06,0,1
Q013102,A02643,S3,2026-06-23,F02,1,0
Q013103,A02643,S4,2026-06-24,F02,1,0
Q013104,A02643,S4,2026-06-24,F04,1,0
Q013105,A02643,S4,2026-06-24,F03,0,1
Q013106,A02643,S4,2026-06-24,F03,1,0
Q013107,A02643,S4,2026-06-24,F01,0,1
Q013108,A02645,S3,2026-06-23,F02,0,1
Q013109,A02645,S3,2026-06-23,F04,1,0
Q013110,A02645,S3,2026-06-23,F02,0,1
Q013111,A02645,S3,2026-06-23,F06,1,0
Q013112,A02645,S4,2026-06-23,F03,0,1
Q013113,A02645,S4,2026-06-23,F04,1,0
Q013114,A02645,S4,2026-06-23,F01,0,1
Q013115,A02645,S4,2026-06-23,F01,0,1
Q013116,A02645,S4,2026-06-23,F03,0,1
Q013117,A02645,S5,2026-06-23,F03,0,1
Q013118,A02646,S3,2026-06-23,F01,0,1
Q013119,A02646,S4,2026-06-24,F04,0,1
Q013120,A02646,S4,2026-06-24,F02,0,1
Q013121,A02646,S4,2026-06-24,F04,0,1
Q013122,A02646,S5,2026-06-24,F01,1,0
Q013123,A02647,S3,2026-06-24,F04,0,1
Q013124,A02647,S4,2026-06-25,F02,0,1
Q013125,A02647,S4,2026-06-25,F01,1,0
Q013126,A02647,S4,2026-06-25,F01,0,1
Q013127,A02647,S4,2026-06-25,F02,1,0
Q013128,A02647,S5,2026-06-25,F05,0,1
Q013129,A02648,S4,2026-06-25,F01,1,0
Q013130,A02649,S3,2026-06-24,F05,0,1
Q013131,A02649,S4,2026-06-24,F02,0,1
Q013132,A02650,S3,2026-06-24,F04,1,0
Q013133,A02650,S3,2026-06-24,F04,0,1
Q013134,A02650,S5,2026-06-24,F05,0,1
Q013135,A02650,S5,2026-06-24,F03,0,1
Q013136,A02650,S5,2026-06-24,F06,1,0
Q013137,A02650,S5,2026-06-24,F01,0,1
Q013138,A02651,S4,2026-06-24,F01,0,1
Q013139,A02651,S4,2026-06-24,F01,0,1
Q013140,A02651,S4,2026-06-24,F01,1,0
Q013141,A02652,S3,2026-06-23,F01,0,1
Q013142,A02652,S4,2026-06-24,F02,1,0
Q013143,A02652,S4,2026-06-24,F03,0,1
Q013144,A02652,S4,2026-06-24,F04,0,1
Q013145,A02652,S5,2026-06-24,F01,0,1
Q013146,A02652,S5,2026-06-24,F05,0,1
Q013147,A02653,S3,2026-06-25,F01,0,1
Q013148,A02653,S4,2026-06-25,F01,0,1
Q013149,A02653,S4,2026-06-25,F01,0,1
Q013150,A02653,S4,2026-06-25,F04,0,1
Q013151,A02653,S4,2026-06-25,F03,1,0
Q013152,A02653,S5,2026-06-25,F05,0,1
Q013153,A02654,S3,2026-06-25,F05,0,1
Q013154,A02654,S3,2026-06-25,F03,0,1
Q013155,A02654,S4,2026-06-26,F01,0,1
Q013156,A02654,S4,2026-06-26,F03,0,1
Q013157,A02654,S4,2026-06-26,F03,0,1
Q013158,A02654,S4,2026-06-26,F01,0,1
Q013159,A02654,S5,2026-06-26,F05,0,1
Q013160,A02655,S3,2026-06-26,F05,1,0
Q013161,A02655,S3,2026-06-26,F03,0,1
Q013162,A02655,S4,2026-06-26,F03,0,1
Q013163,A02655,S4,2026-06-26,F04,0,1
Q013164,A02656,S3,2026-06-26,F05,0,1
Q013165,A02656,S4,2026-06-27,F01,0,1
Q013166,A02656,S4,2026-06-27,F01,0,1
Q013167,A02657,S3,2026-06-26,F01,1,0
Q013168,A02657,S4,2026-06-27,F03,0,1
Q013169,A02657,S5,2026-06-27,F04,1,0
Q013170,A02658,S3,2026-06-26,F03,0,1
Q013171,A02658,S3,2026-06-26,F03,0,1
Q013172,A02658,S4,2026-06-27,F02,0,1
Q013173,A02658,S4,2026-06-27,F04,0,1
Q013174,A02659,S3,2026-06-26,F02,0,1
Q013175,A02659,S3,2026-06-26,F02,0,1
Q013176,A02659,S3,2026-06-26,F03,0,1
Q013177,A02659,S4,2026-06-27,F04,1,0
Q013178,A02659,S4,2026-06-27,F01,0,1
Q013179,A02659,S4,2026-06-27,F03,0,1
Q013180,A02659,S4,2026-06-27,F01,0,1
Q013181,A02659,S4,2026-06-27,F01,1,0
Q013182,A02659,S4,2026-06-27,F01,0,1
Q013183,A02659,S4,2026-06-27,F04,1,0
Q013184,A02659,S5,2026-06-27,F01,0,1
Q013185,A02660,S4,2026-06-27,F03,0,1
Q013186,A02660,S4,2026-06-27,F02,0,1
Q013187,A02660,S4,2026-06-27,F02,0,1
Q013188,A02661,S3,2026-06-27,F01,0,1
Q013189,A02661,S4,2026-06-27,F06,0,1
Q013190,A02661,S4,2026-06-27,F05,0,1
Q013191,A02661,S4,2026-06-27,F04,1,0
Q013192,A02661,S4,2026-06-27,F03,0,1
Q013193,A02661,S4,2026-06-27,F03,0,1
Q013194,A02661,S5,2026-06-27,F01,0,1
Q013195,A02661,S5,2026-06-27,F02,1,0
Q013196,A02662,S3,2026-06-28,F01,0,1
Q013197,A02662,S4,2026-06-29,F04,0,1
Q013198,A02662,S4,2026-06-29,F03,0,1
Q013199,A02662,S5,2026-06-29,F01,0,1
Q013200,A02663,S3,2026-06-27,F02,0,1
Q013201,A02663,S4,2026-06-27,F05,0,1
Q013202,A02663,S4,2026-06-27,F04,0,1
Q013203,A02663,S5,2026-06-27,F05,0,1
Q013204,A02664,S4,2026-06-28,F04,0,1
Q013205,A02665,S3,2026-06-28,F01,0,1
Q013206,A02665,S3,2026-06-28,F02,0,1
Q013207,A02665,S3,2026-06-28,F01,0,1
Q013208,A02665,S3,2026-06-28,F04,1,0
Q013209,A02665,S3,2026-06-28,F05,0,1
Q013210,A02665,S4,2026-06-29,F03,1,0
Q013211,A02665,S4,2026-06-29,F05,0,1
Q013212,A02665,S5,2026-06-29,F03,0,1
Q013213,A02665,S5,2026-06-29,F03,0,1
Q013214,A02665,S5,2026-06-29,F01,1,0
Q013215,A02665,S5,2026-06-29,F05,0,1
Q013216,A02666,S4,2026-06-29,F01,0,1
Q013217,A02667,S3,2026-06-28,F02,0,1
Q013218,A02667,S3,2026-06-28,F04,1,0
Q013219,A02667,S4,2026-06-29,F03,0,1
Q013220,A02667,S5,2026-06-29,F03,0,1
Q013221,A02668,S3,2026-06-27,F05,0,1
Q013222,A02668,S3,2026-06-27,F01,0,1
Q013223,A02668,S3,2026-06-27,F05,1,0
Q013224,A02668,S4,2026-06-28,F03,0,1
Q013225,A02668,S4,2026-06-28,F02,0,1
Q013226,A02668,S5,2026-06-28,F03,0,1
Q013227,A02668,S5,2026-06-28,F05,0,1
Q013228,A02669,S5,2026-06-28,F04,0,1
Q013229,A02670,S3,2026-06-28,F03,1,0
Q013230,A02670,S3,2026-06-28,F02,0,1
Q013231,A02670,S3,2026-06-28,F01,0,1
Q013232,A02670,S4,2026-06-30,F04,0,1
Q013233,A02670,S4,2026-06-30,F05,0,1
Q013234,A02670,S4,2026-06-30,F02,1,0
Q013235,A02670,S4,2026-06-30,F04,0,1
Q013236,A02670,S5,2026-06-30,F04,0,1
Q013237,A02671,S3,2026-06-28,F05,0,1
Q013238,A02672,S4,2026-07-01,F01,0,1
Q013239,A02672,S4,2026-07-01,F01,0,1
Q013240,A02672,S4,2026-07-01,F02,0,1
Q013241,A02672,S5,2026-07-01,F02,0,1
Q013242,A02673,S3,2026-06-29,F02,0,1
Q013243,A02673,S3,2026-06-29,F04,1,0
Q013244,A02673,S3,2026-06-29,F02,0,1
Q013245,A02673,S3,2026-06-29,F04,1,0
Q013246,A02673,S3,2026-06-29,F01,0,1
Q013247,A02673,S3,2026-06-29,F04,0,1
Q013248,A02673,S4,2026-06-29,F04,0,1
Q013249,A02673,S4,2026-06-29,F05,0,1
Q013250,A02673,S4,2026-06-29,F03,0,1
Q013251,A02673,S4,2026-06-29,F02,0,1
Q013252,A02673,S5,2026-06-30,F06,1,0
Q013253,A02673,S5,2026-06-30,F02,0,1
Q013254,A02673,S5,2026-06-30,F04,0,1
Q013255,A02673,S5,2026-06-30,F05,1,0
Q013256,A02673,S5,2026-06-30,F03,0,1
Q013257,A02674,S4,2026-07-01,F05,1,0
Q013258,A02674,S4,2026-07-01,F05,0,1
Q013259,A02674,S5,2026-07-01,F01,1,0
Q013260,A02675,S4,2026-06-30,F02,0,1
Q013261,A02675,S4,2026-06-30,F04,0,1
Q013262,A02675,S4,2026-06-30,F01,0,1
Q013263,A02675,S4,2026-06-30,F02,0,1
Q013264,A02675,S4,2026-06-30,F01,0,1
Q013265,A02675,S4,2026-06-30,F05,0,1
Q013266,A02675,S4,2026-06-30,F02,0,1
Q013267,A02675,S4,2026-06-30,F03,1,0
Q013268,A02675,S4,2026-06-30,F02,1,0
Q013269,A02675,S5,2026-06-30,F04,1,0
Q013270,A02676,S5,2026-07-01,F02,0,1
Q013271,A02677,S4,2026-06-30,F05,0,1
Q013272,A02677,S4,2026-06-30,F04,0,1
Q013273,A02677,S4,2026-06-30,F03,0,1
Q013274,A02677,S4,2026-06-30,F05,0,1
Q013275,A02678,S3,2026-06-30,F04,0,1
Q013276,A02678,S4,2026-07-01,F01,1,0
Q013277,A02678,S4,2026-07-01,F02,0,1
Q013278,A02679,S4,2026-07-01,F04,0,1
Q013279,A02679,S4,2026-07-01,F01,1,0
Q013280,A02679,S4,2026-07-01,F02,0,1
Q013281,A02679,S4,2026-07-01,F01,0,1
Q013282,A02680,S3,2026-07-01,F06,0,1
Q013283,A02680,S3,2026-07-01,F01,0,1
Q013284,A02680,S4,2026-07-01,F04,1,0
Q013285,A02680,S4,2026-07-01,F04,0,1
Q013286,A02680,S4,2026-07-01,F02,1,0
Q013287,A02680,S4,2026-07-01,F03,0,1
Q013288,A02681,S3,2026-07-01,F01,1,0
Q013289,A02681,S3,2026-07-01,F03,0,1
Q013290,A02681,S3,2026-07-01,F03,0,1
Q013291,A02681,S3,2026-07-01,F02,0,1
Q013292,A02681,S3,2026-07-01,F01,1,0
Q013293,A02681,S4,2026-07-02,F04,0,1
Q013294,A02681,S4,2026-07-02,F01,1,0
Q013295,A02681,S4,2026-07-02,F02,0,1
Q013296,A02681,S4,2026-07-02,F02,0,1
Q013297,A02681,S5,2026-07-02,F01,1,0
Q013298,A02682,S3,2026-07-01,F04,0,1
Q013299,A02682,S5,2026-07-02,F05,0,1
Q013300,A02683,S5,2026-07-03,F03,0,1
Q013301,A02683,S5,2026-07-03,F02,0,1
Q013302,A02684,S4,2026-07-03,F01,0,1
Q013303,A02684,S5,2026-07-03,F05,0,1
Q013304,A02685,S4,2026-07-03,F02,0,1
Q013305,A02685,S4,2026-07-03,F03,0,1
Q013306,A02685,S4,2026-07-03,F01,0,1
Q013307,A02685,S5,2026-07-03,F02,0,1
Q013308,A02686,S3,2026-07-03,F01,1,0
Q013309,A02686,S3,2026-07-03,F03,0,1
Q013310,A02686,S4,2026-07-04,F04,0,1
Q013311,A02686,S4,2026-07-04,F03,0,1
Q013312,A02686,S4,2026-07-04,F02,0,1
Q013313,A02686,S4,2026-07-04,F02,0,1
Q013314,A02686,S4,2026-07-04,F05,0,1
Q013315,A02686,S4,2026-07-04,F04,0,1
Q013316,A02686,S4,2026-07-04,F02,0,1
Q013317,A02686,S4,2026-07-04,F04,0,1
Q013318,A02686,S4,2026-07-04,F02,1,0
Q013319,A02686,S5,2026-07-04,F03,0,1
Q013320,A02686,S5,2026-07-04,F01,0,1
Q013321,A02687,S3,2026-07-03,F03,0,1
Q013322,A02687,S3,2026-07-03,F06,0,1
Q013323,A02687,S4,2026-07-03,F01,1,0
Q013324,A02687,S4,2026-07-03,F05,0,1
Q013325,A02687,S4,2026-07-03,F01,0,1
Q013326,A02687,S5,2026-07-03,F02,0,1
Q013327,A02689,S3,2026-07-03,F03,0,1
Q013328,A02689,S3,2026-07-03,F03,0,1
Q013329,A02689,S3,2026-07-03,F02,0,1
Q013330,A02689,S3,2026-07-03,F06,1,0
Q013331,A02689,S4,2026-07-04,F03,0,1
Q013332,A02689,S4,2026-07-04,F02,0,1
Q013333,A02689,S4,2026-07-04,F06,0,1
Q013334,A02689,S5,2026-07-04,F02,0,1
Q013335,A02690,S4,2026-07-04,F03,0,1
Q013336,A02690,S4,2026-07-04,F02,0,1
Q013337,A02691,S3,2026-07-05,F02,0,1
Q013338,A02691,S3,2026-07-05,F03,0,1
Q013339,A02691,S3,2026-07-05,F03,0,1
Q013340,A02691,S3,2026-07-05,F03,0,1
Q013341,A02691,S3,2026-07-05,F04,0,1
Q013342,A02691,S4,2026-07-05,F05,0,1
Q013343,A02691,S4,2026-07-05,F01,1,0
Q013344,A02691,S4,2026-07-05,F01,0,1
Q013345,A02691,S4,2026-07-05,F04,1,0
Q013346,A02691,S4,2026-07-05,F01,1,0
Q013347,A02691,S4,2026-07-05,F06,0,1
Q013348,A02691,S4,2026-07-05,F05,0,1
Q013349,A02691,S4,2026-07-05,F04,0,1
Q013350,A02691,S4,2026-07-05,F01,1,0
Q013351,A02691,S5,2026-07-06,F03,0,1
Q013352,A02691,S5,2026-07-06,F03,0,1
Q013353,A02691,S5,2026-07-06,F04,0,1
Q013354,A02691,S5,2026-07-06,F01,1,0
Q013355,A02692,S4,2026-07-05,F03,0,1
Q013356,A02692,S4,2026-07-05,F01,0,1
Q013357,A02692,S4,2026-07-05,F01,0,1
Q013358,A02692,S4,2026-07-05,F02,0,1
Q013359,A02692,S4,2026-07-05,F04,1,0
Q013360,A02692,S4,2026-07-05,F01,1,0
Q013361,A02692,S4,2026-07-05,F01,0,1
Q013362,A02692,S5,2026-07-05,F02,0,1
Q013363,A02692,S5,2026-07-05,F01,0,1
Q013364,A02692,S5,2026-07-05,F02,0,1
Q013365,A02692,S5,2026-07-05,F01,1,0
Q013366,A02692,S5,2026-07-05,F02,0,1
Q013367,A02693,S3,2026-07-04,F01,0,1
Q013368,A02693,S4,2026-07-05,F03,0,1
Q013369,A02693,S4,2026-07-05,F02,1,0
Q013370,A02694,S3,2026-07-04,F01,1,0
Q013371,A02694,S4,2026-07-05,F02,0,1
Q013372,A02694,S4,2026-07-05,F02,0,1
Q013373,A02694,S4,2026-07-05,F01,0,1
Q013374,A02694,S4,2026-07-05,F06,1,0
Q013375,A02694,S5,2026-07-05,F03,0,1
Q013376,A02694,S5,2026-07-05,F04,0,1
Q013377,A02695,S3,2026-07-05,F01,0,1
Q013378,A02695,S3,2026-07-05,F01,1,0
Q013379,A02695,S3,2026-07-05,F02,1,0
Q013380,A02695,S5,2026-07-07,F05,0,1
Q013381,A02695,S5,2026-07-07,F01,0,1
Q013382,A02695,S5,2026-07-07,F01,0,1
Q013383,A02695,S5,2026-07-07,F04,1,0
Q013384,A02696,S3,2026-07-04,F05,1,0
Q013385,A02696,S3,2026-07-04,F03,1,0
Q013386,A02696,S4,2026-07-05,F01,0,1
Q013387,A02696,S4,2026-07-05,F02,0,1
Q013388,A02697,S4,2026-07-06,F01,0,1
Q013389,A02697,S5,2026-07-06,F03,0,1
Q013390,A02697,S5,2026-07-06,F03,0,1
Q013391,A02697,S5,2026-07-06,F06,0,1
Q013392,A02697,S5,2026-07-06,F01,1,0
Q013393,A02698,S3,2026-07-06,F05,0,1
Q013394,A02698,S3,2026-07-06,F02,0,1
Q013395,A02698,S4,2026-07-07,F05,0,1
Q013396,A02698,S4,2026-07-07,F04,1,0
Q013397,A02698,S4,2026-07-07,F02,0,1
Q013398,A02699,S3,2026-07-06,F04,0,1
Q013399,A02699,S4,2026-07-06,F02,1,0
Q013400,A02699,S4,2026-07-06,F05,0,1
Q013401,A02699,S4,2026-07-06,F03,0,1
Q013402,A02699,S5,2026-07-06,F04,1,0
Q013403,A02700,S3,2026-07-07,F04,1,0
Q013404,A02700,S3,2026-07-07,F05,0,1
Q013405,A02700,S4,2026-07-08,F01,0,1
Q013406,A02700,S4,2026-07-08,F01,0,1
Q013407,A02700,S4,2026-07-08,F05,0,1
Q013408,A02700,S4,2026-07-08,F03,0,1
Q013409,A02700,S4,2026-07-08,F01,1,0
Q013410,A02700,S5,2026-07-08,F01,0,1
Q013411,A02700,S5,2026-07-08,F03,0,1
Q013412,A02700,S5,2026-07-08,F03,0,1
Q013413,A02701,S3,2026-07-07,F04,1,0
Q013414,A02701,S4,2026-07-07,F03,0,1
Q013415,A02701,S4,2026-07-07,F02,0,1
Q013416,A02701,S5,2026-07-08,F01,0,1
Q013417,A02701,S5,2026-07-08,F02,1,0
Q013418,A02702,S4,2026-07-07,F01,0,1
Q013419,A02702,S4,2026-07-07,F01,0,1
Q013420,A02702,S5,2026-07-07,F01,1,0
Q013421,A02703,S4,2026-07-08,F03,0,1
Q013422,A02703,S4,2026-07-08,F02,0,1
Q013423,A02703,S4,2026-07-08,F06,0,1
Q013424,A02703,S4,2026-07-08,F01,1,0
Q013425,A02703,S4,2026-07-08,F03,0,1
Q013426,A02703,S4,2026-07-08,F06,0,1
Q013427,A02704,S3,2026-07-07,F05,0,1
Q013428,A02704,S4,2026-07-08,F01,0,1
Q013429,A02704,S4,2026-07-08,F04,1,0
Q013430,A02705,S3,2026-07-08,F03,0,1
Q013431,A02705,S4,2026-07-10,F01,1,0
Q013432,A02706,S3,2026-07-08,F03,0,1
Q013433,A02706,S4,2026-07-08,F05,1,0
Q013434,A02706,S4,2026-07-08,F01,0,1
Q013435,A02706,S4,2026-07-08,F03,1,0
Q013436,A02706,S4,2026-07-08,F02,0,1
Q013437,A02706,S5,2026-07-08,F01,0,1
Q013438,A02707,S3,2026-07-08,F05,0,1
Q013439,A02707,S3,2026-07-08,F01,0,1
Q013440,A02707,S4,2026-07-09,F01,0,1
Q013441,A02707,S4,2026-07-09,F01,1,0
Q013442,A02707,S4,2026-07-09,F04,1,0
Q013443,A02707,S4,2026-07-09,F05,0,1
Q013444,A02707,S4,2026-07-09,F03,0,1
Q013445,A02707,S4,2026-07-09,F05,0,1
Q013446,A02707,S5,2026-07-09,F05,0,1
Q013447,A02708,S3,2026-07-08,F01,0,1
Q013448,A02708,S5,2026-07-09,F04,0,1
Q013449,A02710,S3,2026-07-09,F02,0,1
Q013450,A02710,S4,2026-07-10,F04,0,1
Q013451,A02710,S4,2026-07-10,F05,0,1
Q013452,A02710,S4,2026-07-10,F02,1,0
Q013453,A02710,S4,2026-07-10,F04,1,0
Q013454,A02710,S4,2026-07-10,F01,0,1
Q013455,A02710,S4,2026-07-10,F04,0,1
Q013456,A02710,S4,2026-07-10,F03,0,1
Q013457,A02710,S4,2026-07-10,F02,0,1
Q013458,A02710,S4,2026-07-10,F05,0,1
Q013459,A02710,S5,2026-07-10,F01,0,1
Q013460,A02711,S3,2026-07-09,F02,0,1
Q013461,A02711,S4,2026-07-11,F04,0,1
Q013462,A02711,S4,2026-07-11,F05,1,0
Q013463,A02711,S4,2026-07-11,F01,0,1
Q013464,A02711,S4,2026-07-11,F01,0,1
Q013465,A02711,S5,2026-07-11,F05,0,1
Q013466,A02711,S5,2026-07-11,F04,0,1
Q013467,A02712,S3,2026-07-09,F02,0,1
Q013468,A02712,S4,2026-07-09,F01,0,1
Q013469,A02712,S4,2026-07-09,F03,0,1
Q013470,A02712,S5,2026-07-10,F03,1,0
Q013471,A02713,S4,2026-07-10,F01,0,1
Q013472,A02713,S4,2026-07-10,F05,0,1
Q013473,A02713,S4,2026-07-10,F01,0,1
Q013474,A02713,S4,2026-07-10,F02,0,1
Q013475,A02713,S5,2026-07-10,F03,0,1
Q013476,A02714,S4,2026-07-10,F02,0,1
Q013477,A02714,S5,2026-07-10,F02,0,1
Q013478,A02715,S3,2026-07-09,F03,0,1
Q013479,A02715,S4,2026-07-10,F01,0,1
Q013480,A02715,S4,2026-07-10,F01,1,0
Q013481,A02716,S4,2026-07-11,F01,0,1
Q013482,A02716,S5,2026-07-11,F03,0,1
Q013483,A02716,S5,2026-07-11,F02,1,0
Q013484,A02716,S5,2026-07-11,F04,1,0
Q013485,A02717,S3,2026-07-11,F02,0,1
Q013486,A02717,S3,2026-07-11,F03,0,1
Q013487,A02717,S3,2026-07-11,F03,0,1
Q013488,A02717,S4,2026-07-12,F02,0,1
Q013489,A02717,S4,2026-07-12,F02,0,1
Q013490,A02718,S4,2026-07-11,F01,1,0
Q013491,A02718,S4,2026-07-11,F04,1,0
Q013492,A02718,S4,2026-07-11,F03,1,0
Q013493,A02718,S4,2026-07-11,F05,0,1
Q013494,A02718,S4,2026-07-11,F02,0,1
Q013495,A02718,S4,2026-07-11,F02,0,1
Q013496,A02718,S5,2026-07-11,F02,0,1
Q013497,A02718,S5,2026-07-11,F02,0,1
Q013498,A02718,S5,2026-07-11,F01,1,0
Q013499,A02718,S5,2026-07-11,F01,0,1
Q013500,A02719,S5,2026-07-12,F02,0,1
Q013501,A02719,S5,2026-07-12,F03,0,1
Q013502,A02720,S4,2026-07-11,F05,0,1
Q013503,A02720,S4,2026-07-11,F01,0,1
Q013504,A02721,S3,2026-07-11,F02,0,1
Q013505,A02721,S4,2026-07-12,F03,0,1
Q013506,A02721,S5,2026-07-12,F04,1,0
Q013507,A02722,S4,2026-07-11,F02,0,1
Q013508,A02724,S4,2026-07-12,F01,0,1
Q013509,A02725,S3,2026-07-11,F03,0,1
Q013510,A02725,S4,2026-07-12,F01,0,1
Q013511,A02726,S3,2026-07-12,F03,1,0
Q013512,A02726,S3,2026-07-12,F02,1,0
Q013513,A02726,S3,2026-07-12,F03,0,1
Q013514,A02726,S3,2026-07-12,F04,1,0
Q013515,A02726,S3,2026-07-12,F01,0,1
Q013516,A02726,S3,2026-07-12,F01,0,1
Q013517,A02726,S4,2026-07-12,F02,1,0
Q013518,A02727,S4,2026-07-12,F02,0,1
Q013519,A02727,S4,2026-07-12,F01,0,1
Q013520,A02727,S4,2026-07-12,F01,0,1
Q013521,A02727,S4,2026-07-12,F02,0,1
Q013522,A02727,S4,2026-07-12,F03,0,1
Q013523,A02727,S5,2026-07-13,F02,0,1
Q013524,A02727,S5,2026-07-13,F01,1,0
Q013525,A02728,S3,2026-07-13,F03,0,1
Q013526,A02728,S3,2026-07-13,F04,0,1
Q013527,A02728,S4,2026-07-13,F06,0,1
Q013528,A02728,S4,2026-07-13,F02,1,0
Q013529,A02728,S4,2026-07-13,F01,0,1
Q013530,A02728,S5,2026-07-13,F01,0,1
Q013531,A02729,S5,2026-07-14,F02,0,1
Q013532,A02729,S5,2026-07-14,F01,1,0
Q013533,A02729,S5,2026-07-14,F02,0,1
Q013534,A02730,S3,2026-07-13,F02,1,0
Q013535,A02730,S4,2026-07-14,F01,1,0
Q013536,A02730,S4,2026-07-14,F02,0,1
Q013537,A02730,S4,2026-07-14,F02,0,1
Q013538,A02730,S4,2026-07-14,F01,0,1
Q013539,A02730,S5,2026-07-15,F02,0,1
Q013540,A02730,S5,2026-07-15,F01,0,1
Q013541,A02731,S3,2026-07-13,F04,0,1
Q013542,A02731,S3,2026-07-13,F06,1,0
Q013543,A02731,S3,2026-07-13,F05,0,1
Q013544,A02731,S3,2026-07-13,F02,0,1
Q013545,A02731,S4,2026-07-13,F03,0,1
Q013546,A02731,S4,2026-07-13,F03,0,1
Q013547,A02731,S4,2026-07-13,F06,0,1
Q013548,A02731,S4,2026-07-13,F06,0,1
Q013549,A02731,S5,2026-07-13,F02,0,1
Q013550,A02731,S5,2026-07-13,F05,1,0
Q013551,A02732,S3,2026-07-13,F06,0,1
Q013552,A02732,S3,2026-07-13,F06,0,1
Q013553,A02732,S4,2026-07-13,F06,0,1
Q013554,A02732,S4,2026-07-13,F03,0,1
Q013555,A02732,S4,2026-07-13,F04,0,1
Q013556,A02732,S4,2026-07-13,F04,1,0
Q013557,A02732,S4,2026-07-13,F06,0,1
Q013558,A02732,S4,2026-07-13,F01,0,1
Q013559,A02732,S5,2026-07-13,F06,0,1
Q013560,A02734,S3,2026-07-13,F02,0,1
Q013561,A02734,S3,2026-07-13,F01,0,1
Q013562,A02734,S3,2026-07-13,F06,0,1
Q013563,A02734,S3,2026-07-13,F03,0,1
Q013564,A02734,S4,2026-07-15,F05,0,1
Q013565,A02734,S4,2026-07-15,F05,1,0
Q013566,A02734,S4,2026-07-15,F03,0,1
Q013567,A02734,S4,2026-07-15,F01,0,1
Q013568,A02734,S4,2026-07-15,F03,0,1
Q013569,A02734,S4,2026-07-15,F04,0,1
Q013570,A02734,S5,2026-07-15,F04,0,1
Q013571,A02735,S3,2026-07-14,F03,0,1
Q013572,A02735,S3,2026-07-14,F03,0,1
Q013573,A02735,S4,2026-07-14,F04,0,1
Q013574,A02735,S4,2026-07-14,F06,0,1
Q013575,A02735,S4,2026-07-14,F06,0,1
Q013576,A02735,S4,2026-07-14,F05,0,1
Q013577,A02735,S4,2026-07-14,F03,0,1
Q013578,A02735,S5,2026-07-14,F01,1,0
Q013579,A02735,S5,2026-07-14,F04,0,1
Q013580,A02735,S5,2026-07-14,F01,1,0
Q013581,A02735,S5,2026-07-14,F02,0,1
Q013582,A02736,S4,2026-07-15,F01,0,1
Q013583,A02736,S5,2026-07-15,F02,0,1
Q013584,A02736,S5,2026-07-15,F05,0,1
Q013585,A02737,S4,2026-07-15,F05,0,1
Q013586,A02737,S5,2026-07-15,F01,1,0
Q013587,A02738,S3,2026-07-14,F05,0,1
Q013588,A02738,S3,2026-07-14,F04,0,1
Q013589,A02738,S3,2026-07-14,F02,0,1
Q013590,A02738,S3,2026-07-14,F05,0,1
Q013591,A02738,S4,2026-07-14,F03,0,1
Q013592,A02738,S4,2026-07-14,F04,0,1
Q013593,A02738,S4,2026-07-14,F04,1,0
Q013594,A02738,S5,2026-07-14,F01,0,1
Q013595,A02738,S5,2026-07-14,F01,1,0
Q013596,A02739,S3,2026-07-14,F05,0,1
Q013597,A02739,S4,2026-07-14,F03,0,1
Q013598,A02739,S4,2026-07-14,F03,1,0
Q013599,A02739,S4,2026-07-14,F02,0,1
Q013600,A02739,S4,2026-07-14,F01,0,1
Q013601,A02739,S5,2026-07-15,F04,0,1
Q013602,A02739,S5,2026-07-15,F01,0,1
Q013603,A02739,S5,2026-07-15,F01,1,0
Q013604,A02740,S3,2026-07-15,F05,0,1
Q013605,A02740,S3,2026-07-15,F03,0,1
Q013606,A02740,S3,2026-07-15,F02,0,1
Q013607,A02740,S3,2026-07-15,F06,0,1
Q013608,A02740,S4,2026-07-15,F02,1,0
Q013609,A02741,S5,2026-07-15,F01,0,1
Q013610,A02741,S5,2026-07-15,F02,0,1
Q013611,A02742,S3,2026-07-15,F04,1,0
Q013612,A02742,S3,2026-07-15,F03,0,1
Q013613,A02742,S4,2026-07-15,F01,0,1
Q013614,A02742,S4,2026-07-15,F04,0,1
Q013615,A02742,S4,2026-07-15,F06,0,1
Q013616,A02742,S4,2026-07-15,F04,0,1
Q013617,A02742,S4,2026-07-15,F05,0,1
Q013618,A02742,S4,2026-07-15,F05,0,1
Q013619,A02742,S4,2026-07-15,F01,1,0
Q013620,A02742,S4,2026-07-15,F03,0,1
Q013621,A02742,S4,2026-07-15,F01,0,1
Q013622,A02742,S4,2026-07-15,F03,0,1
Q013623,A02742,S5,2026-07-15,F01,0,1
Q013624,A02743,S4,2026-07-16,F01,1,0
Q013625,A02743,S4,2026-07-16,F01,0,1
Q013626,A02743,S5,2026-07-16,F02,0,1
Q013627,A02743,S5,2026-07-16,F04,1,0
Q013628,A02743,S5,2026-07-16,F03,0,1
Q013629,A02744,S3,2026-07-15,F01,0,1
Q013630,A02744,S3,2026-07-15,F01,0,1
Q013631,A02744,S3,2026-07-15,F02,0,1
Q013632,A02744,S4,2026-07-15,F03,0,1
Q013633,A02744,S4,2026-07-15,F02,0,1
Q013634,A02744,S4,2026-07-15,F01,0,1
Q013635,A02744,S4,2026-07-15,F02,0,1
Q013636,A02744,S5,2026-07-15,F03,0,1
Q013637,A02744,S5,2026-07-15,F04,1,0
Q013638,A02745,S3,2026-07-15,F03,0,1
Q013639,A02745,S3,2026-07-15,F05,0,1
Q013640,A02745,S3,2026-07-15,F03,0,1
Q013641,A02745,S3,2026-07-15,F03,0,1
Q013642,A02745,S4,2026-07-16,F02,0,1
Q013643,A02745,S5,2026-07-16,F03,0,1
Q013644,A02746,S4,2026-07-15,F02,0,1
Q013645,A02746,S4,2026-07-15,F01,1,0
Q013646,A02746,S4,2026-07-15,F01,0,1
Q013647,A02747,S4,2026-07-16,F01,0,1
Q013648,A02748,S3,2026-07-16,F04,1,0
Q013649,A02748,S3,2026-07-16,F02,0,1
Q013650,A02748,S3,2026-07-16,F01,1,0
Q013651,A02748,S3,2026-07-16,F02,1,0
Q013652,A02748,S3,2026-07-16,F02,0,1
Q013653,A02748,S4,2026-07-17,F01,0,1
Q013654,A02748,S4,2026-07-17,F04,0,1
Q013655,A02748,S4,2026-07-17,F01,1,0
Q013656,A02748,S4,2026-07-17,F05,0,1
Q013657,A02748,S4,2026-07-17,F02,1,0
Q013658,A02748,S5,2026-07-17,F04,1,0
Q013659,A02748,S5,2026-07-17,F02,0,1
Q013660,A02749,S3,2026-07-16,F04,1,0
Q013661,A02749,S4,2026-07-16,F05,1,0
Q013662,A02749,S4,2026-07-16,F01,0,1
Q013663,A02749,S5,2026-07-16,F01,0,1
Q013664,A02750,S3,2026-07-16,F04,0,1
Q013665,A02750,S4,2026-07-16,F05,0,1
Q013666,A02750,S4,2026-07-16,F03,0,1
Q013667,A02750,S5,2026-07-16,F05,0,1
Q013668,A02751,S3,2026-07-15,F01,0,1
Q013669,A02751,S4,2026-07-16,F01,0,1
Q013670,A02751,S4,2026-07-16,F04,0,1
Q013671,A02751,S4,2026-07-16,F05,0,1
Q013672,A02751,S4,2026-07-16,F02,0,1
Q013673,A02751,S5,2026-07-16,F03,0,1
Q013674,A02751,S5,2026-07-16,F03,0,1
Q013675,A02752,S4,2026-07-16,F03,0,1
Q013676,A02753,S3,2026-07-17,F02,0,1
Q013677,A02753,S4,2026-07-17,F04,1,0
Q013678,A02753,S4,2026-07-17,F01,0,1
Q013679,A02753,S4,2026-07-17,F06,0,1
Q013680,A02753,S4,2026-07-17,F03,1,0
Q013681,A02753,S5,2026-07-18,F03,0,1
Q013682,A02754,S3,2026-07-17,F02,0,1
Q013683,A02754,S3,2026-07-17,F01,0,1
Q013684,A02754,S3,2026-07-17,F02,0,1
Q013685,A02754,S4,2026-07-18,F01,1,0
Q013686,A02754,S4,2026-07-18,F01,0,1
Q013687,A02754,S4,2026-07-18,F03,0,1
Q013688,A02754,S4,2026-07-18,F01,0,1
Q013689,A02754,S5,2026-07-19,F05,0,1
Q013690,A02754,S5,2026-07-19,F02,0,1
Q013691,A02755,S4,2026-07-18,F01,0,1
Q013692,A02755,S4,2026-07-18,F02,1,0
Q013693,A02755,S5,2026-07-18,F05,0,1
Q013694,A02756,S4,2026-07-18,F02,0,1
Q013695,A02756,S4,2026-07-18,F04,0,1
Q013696,A02756,S4,2026-07-18,F02,0,1
Q013697,A02756,S4,2026-07-18,F03,0,1
Q013698,A02756,S5,2026-07-18,F05,0,1
Q013699,A02757,S3,2026-07-17,F03,0,1
Q013700,A02757,S3,2026-07-17,F03,0,1
Q013701,A02757,S3,2026-07-17,F01,1,0
Q013702,A02757,S4,2026-07-17,F04,1,0
Q013703,A02757,S4,2026-07-17,F01,1,0
Q013704,A02757,S5,2026-07-17,F05,0,1
Q013705,A02757,S5,2026-07-17,F03,0,1
Q013706,A02760,S3,2026-07-17,F03,0,1
Q013707,A02760,S3,2026-07-17,F01,1,0
Q013708,A02760,S3,2026-07-17,F02,1,0
Q013709,A02760,S3,2026-07-17,F01,0,1
Q013710,A02760,S3,2026-07-17,F03,0,1
Q013711,A02760,S3,2026-07-17,F01,1,0
Q013712,A02760,S4,2026-07-18,F02,1,0
Q013713,A02760,S4,2026-07-18,F01,0,1
Q013714,A02760,S5,2026-07-18,F05,0,1
Q013715,A02760,S5,2026-07-18,F04,1,0
Q013716,A02761,S3,2026-07-18,F03,0,1
Q013717,A02761,S3,2026-07-18,F04,1,0
Q013718,A02761,S4,2026-07-18,F03,0,1
Q013719,A02761,S4,2026-07-18,F02,0,1
Q013720,A02761,S4,2026-07-18,F03,0,1
Q013721,A02761,S4,2026-07-18,F05,0,1
Q013722,A02761,S4,2026-07-18,F01,1,0
Q013723,A02761,S4,2026-07-18,F03,0,1
Q013724,A02761,S4,2026-07-18,F03,0,1
Q013725,A02761,S4,2026-07-18,F01,1,0
Q013726,A02761,S4,2026-07-18,F04,0,1
Q013727,A02761,S4,2026-07-18,F02,0,1
Q013728,A02761,S5,2026-07-18,F05,0,1
Q013729,A02762,S4,2026-07-18,F01,0,1
Q013730,A02762,S4,2026-07-18,F05,0,1
Q013731,A02762,S4,2026-07-18,F01,0,1
Q013732,A02762,S5,2026-07-18,F01,1,0
Q013733,A02763,S3,2026-07-18,F01,1,0
Q013734,A02763,S4,2026-07-18,F05,0,1
Q013735,A02763,S4,2026-07-18,F01,0,1
Q013736,A02764,S4,2026-07-19,F01,0,1
Q013737,A02764,S4,2026-07-19,F01,1,0
Q013738,A02764,S5,2026-07-19,F03,0,1
Q013739,A02765,S4,2026-07-18,F02,0,1
Q013740,A02765,S4,2026-07-18,F01,0,1
Q013741,A02765,S4,2026-07-18,F06,0,1
Q013742,A02765,S4,2026-07-18,F01,0,1
Q013743,A02766,S3,2026-07-18,F06,0,1
Q013744,A02766,S4,2026-07-18,F05,0,1
Q013745,A02766,S4,2026-07-18,F04,0,1
Q013746,A02766,S4,2026-07-18,F02,1,0
Q013747,A02766,S4,2026-07-18,F03,0,1
Q013748,A02766,S4,2026-07-18,F01,1,0
Q013749,A02766,S5,2026-07-19,F01,0,1
Q013750,A02766,S5,2026-07-19,F04,1,0
Q013751,A02766,S5,2026-07-19,F03,0,1
Q013752,A02766,S5,2026-07-19,F01,0,1
Q013753,A02767,S4,2026-07-19,F01,0,1
Q013754,A02767,S5,2026-07-20,F05,0,1
Q013755,A02768,S3,2026-07-19,F04,0,1
Q013756,A02768,S3,2026-07-19,F04,1,0
Q013757,A02768,S3,2026-07-19,F01,0,1
Q013758,A02768,S4,2026-07-19,F04,1,0
Q013759,A02768,S4,2026-07-19,F02,0,1
Q013760,A02768,S4,2026-07-19,F03,0,1
Q013761,A02768,S4,2026-07-19,F04,0,1
Q013762,A02768,S4,2026-07-19,F02,0,1
Q013763,A02768,S5,2026-07-19,F01,0,1
Q013764,A02768,S5,2026-07-19,F01,1,0
Q013765,A02769,S3,2026-07-20,F03,0,1
Q013766,A02769,S4,2026-07-21,F02,0,1
Q013767,A02769,S4,2026-07-21,F01,1,0
Q013768,A02770,S3,2026-07-19,F03,0,1
Q013769,A02770,S4,2026-07-20,F01,0,1
Q013770,A02770,S4,2026-07-20,F01,0,1
Q013771,A02770,S5,2026-07-20,F02,0,1
Q013772,A02771,S4,2026-07-21,F06,1,0
Q013773,A02771,S5,2026-07-21,F03,0,1
Q013774,A02772,S4,2026-07-20,F03,0,1
Q013775,A02772,S4,2026-07-20,F02,0,1
Q013776,A02772,S4,2026-07-20,F02,1,0
Q013777,A02772,S4,2026-07-20,F01,1,0
Q013778,A02772,S4,2026-07-20,F01,0,1
Q013779,A02772,S5,2026-07-20,F05,0,1
Q013780,A02774,S3,2026-07-21,F01,0,1
Q013781,A02774,S3,2026-07-21,F03,0,1
Q013782,A02774,S4,2026-07-22,F02,0,1
Q013783,A02774,S4,2026-07-22,F01,1,0
Q013784,A02774,S4,2026-07-22,F01,0,1
Q013785,A02775,S3,2026-07-21,F02,0,1
Q013786,A02775,S3,2026-07-21,F03,0,1
Q013787,A02775,S4,2026-07-21,F04,0,1
Q013788,A02775,S4,2026-07-21,F02,0,1
Q013789,A02775,S4,2026-07-21,F01,1,0
Q013790,A02775,S4,2026-07-21,F01,0,1
Q013791,A02776,S3,2026-07-21,F02,0,1
Q013792,A02776,S3,2026-07-21,F01,0,1
Q013793,A02776,S3,2026-07-21,F01,0,1
Q013794,A02776,S3,2026-07-21,F01,0,1
Q013795,A02776,S3,2026-07-21,F03,0,1
Q013796,A02776,S4,2026-07-21,F03,1,0
Q013797,A02776,S4,2026-07-21,F02,0,1
Q013798,A02776,S4,2026-07-21,F05,0,1
Q013799,A02776,S4,2026-07-21,F03,1,0
Q013800,A02776,S5,2026-07-22,F01,0,1
Q013801,A02776,S5,2026-07-22,F02,0,1
Q013802,A02776,S5,2026-07-22,F06,0,1
Q013803,A02777,S4,2026-07-21,F01,0,1
Q013804,A02777,S4,2026-07-21,F04,0,1
Q013805,A02777,S4,2026-07-21,F04,0,1
Q013806,A02777,S5,2026-07-21,F01,0,1
Q013807,A02778,S3,2026-07-21,F02,0,1
Q013808,A02778,S3,2026-07-21,F01,1,0
Q013809,A02778,S4,2026-07-21,F03,0,1
Q013810,A02778,S4,2026-07-21,F01,0,1
Q013811,A02779,S3,2026-07-21,F04,0,1
Q013812,A02779,S3,2026-07-21,F02,1,0
Q013813,A02779,S4,2026-07-21,F05,0,1
Q013814,A02779,S4,2026-07-21,F05,0,1
Q013815,A02779,S5,2026-07-21,F01,0,1
Q013816,A02779,S5,2026-07-21,F01,0,1
Q013817,A02780,S3,2026-07-20,F01,0,1
Q013818,A02780,S4,2026-07-21,F02,0,1
Q013819,A02780,S5,2026-07-21,F05,0,1
Q013820,A02781,S3,2026-07-21,F01,0,1
Q013821,A02781,S3,2026-07-21,F03,0,1
Q013822,A02781,S3,2026-07-21,F06,0,1
Q013823,A02781,S4,2026-07-21,F03,1,0
Q013824,A02781,S4,2026-07-21,F02,0,1
Q013825,A02781,S4,2026-07-21,F06,1,0
Q013826,A02781,S4,2026-07-21,F03,0,1
Q013827,A02781,S4,2026-07-21,F02,1,0
Q013828,A02781,S5,2026-07-22,F01,0,1
Q013829,A02781,S5,2026-07-22,F02,1,0
Q013830,A02782,S3,2026-07-21,F04,0,1
Q013831,A02782,S3,2026-07-21,F04,0,1
Q013832,A02782,S3,2026-07-21,F03,0,1
Q013833,A02783,S4,2026-07-22,F02,1,0
Q013834,A02783,S4,2026-07-22,F03,0,1
Q013835,A02783,S4,2026-07-22,F01,1,0
Q013836,A02783,S5,2026-07-22,F04,1,0
Q013837,A02784,S4,2026-07-22,F04,1,0
Q013838,A02784,S5,2026-07-22,F03,0,1
Q013839,A02785,S3,2026-07-22,F03,0,1
Q013840,A02785,S3,2026-07-22,F05,0,1
Q013841,A02785,S3,2026-07-22,F02,0,1
Q013842,A02785,S4,2026-07-24,F01,0,1
Q013843,A02785,S4,2026-07-24,F01,1,0
Q013844,A02786,S3,2026-07-22,F04,0,1
Q013845,A02786,S4,2026-07-23,F01,0,1
Q013846,A02786,S5,2026-07-23,F03,1,0
Q013847,A02787,S3,2026-07-22,F06,0,1
Q013848,A02787,S3,2026-07-22,F04,1,0
Q013849,A02787,S3,2026-07-22,F02,1,0
Q013850,A02787,S3,2026-07-22,F04,0,1
Q013851,A02787,S3,2026-07-22,F01,0,1
Q013852,A02787,S4,2026-07-23,F06,0,1
Q013853,A02787,S4,2026-07-23,F01,0,1
Q013854,A02787,S4,2026-07-23,F01,0,1
Q013855,A02787,S4,2026-07-23,F03,0,1
Q013856,A02787,S4,2026-07-23,F04,0,1
Q013857,A02787,S4,2026-07-23,F03,0,1
Q013858,A02787,S4,2026-07-23,F02,1,0
Q013859,A02787,S5,2026-07-23,F01,0,1
Q013860,A02787,S5,2026-07-23,F01,0,1
Q013861,A02788,S3,2026-07-23,F04,0,1
Q013862,A02788,S3,2026-07-23,F01,0,1
Q013863,A02788,S3,2026-07-23,F01,0,1
Q013864,A02788,S4,2026-07-24,F01,1,0
Q013865,A02788,S4,2026-07-24,F05,0,1
Q013866,A02788,S4,2026-07-24,F05,0,1
Q013867,A02788,S4,2026-07-24,F03,0,1
Q013868,A02788,S4,2026-07-24,F04,0,1
Q013869,A02789,S3,2026-07-23,F04,0,1
Q013870,A02789,S3,2026-07-23,F01,0,1
Q013871,A02789,S3,2026-07-23,F02,0,1
Q013872,A02789,S4,2026-07-23,F04,1,0
Q013873,A02789,S4,2026-07-23,F02,0,1
Q013874,A02789,S4,2026-07-23,F05,1,0
Q013875,A02789,S4,2026-07-23,F04,0,1
Q013876,A02789,S5,2026-07-24,F01,0,1
Q013877,A02789,S5,2026-07-24,F02,0,1
Q013878,A02789,S5,2026-07-24,F03,0,1
Q013879,A02790,S3,2026-07-23,F03,0,1
Q013880,A02790,S3,2026-07-23,F05,1,0
Q013881,A02790,S4,2026-07-23,F05,0,1
Q013882,A02790,S4,2026-07-23,F05,0,1
Q013883,A02790,S4,2026-07-23,F01,1,0
Q013884,A02791,S3,2026-07-23,F05,0,1
Q013885,A02791,S4,2026-07-23,F03,0,1
Q013886,A02791,S4,2026-07-23,F02,0,1
Q013887,A02791,S5,2026-07-23,F03,0,1
Q013888,A02792,S3,2026-07-23,F02,0,1
Q013889,A02792,S3,2026-07-23,F01,0,1
Q013890,A02792,S3,2026-07-23,F04,0,1
Q013891,A02792,S3,2026-07-23,F03,0,1
Q013892,A02792,S3,2026-07-23,F01,0,1
Q013893,A02792,S4,2026-07-23,F04,0,1
Q013894,A02792,S4,2026-07-23,F03,1,0
Q013895,A02792,S4,2026-07-23,F03,0,1
Q013896,A02793,S4,2026-07-23,F03,0,1
Q013897,A02794,S5,2026-07-25,F02,0,1
Q013898,A02795,S4,2026-07-24,F01,1,0
Q013899,A02795,S5,2026-07-24,F02,0,1
Q013900,A02796,S3,2026-07-24,F01,1,0
Q013901,A02796,S3,2026-07-24,F01,0,1
Q013902,A02796,S4,2026-07-26,F06,1,0
Q013903,A02796,S4,2026-07-26,F02,1,0
Q013904,A02796,S4,2026-07-26,F03,1,0
Q013905,A02796,S5,2026-07-26,F04,0,1
Q013906,A02796,S5,2026-07-26,F01,0,1
Q013907,A02797,S4,2026-07-25,F05,0,1
Q013908,A02798,S3,2026-07-24,F04,1,0
Q013909,A02798,S3,2026-07-24,F01,0,1
Q013910,A02798,S3,2026-07-24,F03,0,1
Q013911,A02798,S4,2026-07-25,F05,0,1
Q013912,A02798,S5,2026-07-25,F01,1,0
Q013913,A02798,S5,2026-07-25,F02,0,1
Q013914,A02799,S4,2026-07-25,F03,0,1
Q013915,A02799,S5,2026-07-25,F05,0,1
Q013916,A02799,S5,2026-07-25,F04,1,0
Q013917,A02799,S5,2026-07-25,F02,0,1
Q013918,A02800,S3,2026-07-24,F02,1,0
Q013919,A02800,S3,2026-07-24,F03,0,1
Q013920,A02800,S3,2026-07-24,F02,0,1
Q013921,A02800,S4,2026-07-25,F01,1,0
Q013922,A02800,S4,2026-07-25,F03,0,1
Q013923,A02800,S4,2026-07-25,F01,1,0
Q013924,A02800,S4,2026-07-25,F01,0,1
Q013925,A02800,S5,2026-07-25,F03,0,1
Q013926,A02801,S3,2026-07-24,F06,0,1
Q013927,A02801,S3,2026-07-24,F02,0,1
Q013928,A02801,S4,2026-07-24,F03,0,1
Q013929,A02801,S4,2026-07-24,F03,0,1
Q013930,A02801,S4,2026-07-24,F01,0,1
Q013931,A02801,S4,2026-07-24,F01,0,1
Q013932,A02801,S5,2026-07-25,F02,0,1
Q013933,A02801,S5,2026-07-25,F04,0,1
Q013934,A02801,S5,2026-07-25,F01,0,1
Q013935,A02801,S5,2026-07-25,F02,0,1
Q013936,A02802,S3,2026-07-24,F02,0,1
Q013937,A02802,S3,2026-07-24,F06,0,1
Q013938,A02802,S4,2026-07-25,F04,1,0
Q013939,A02802,S4,2026-07-25,F05,0,1
Q013940,A02802,S4,2026-07-25,F01,1,0
Q013941,A02802,S5,2026-07-25,F04,1,0
Q013942,A02803,S3,2026-07-24,F03,0,1
Q013943,A02803,S3,2026-07-24,F01,0,1
Q013944,A02803,S3,2026-07-24,F06,0,1
Q013945,A02803,S3,2026-07-24,F04,0,1
Q013946,A02803,S3,2026-07-24,F02,0,1
Q013947,A02803,S3,2026-07-24,F02,0,1
Q013948,A02803,S4,2026-07-25,F01,0,1
Q013949,A02803,S4,2026-07-25,F01,0,1
Q013950,A02803,S4,2026-07-25,F03,0,1
Q013951,A02803,S4,2026-07-25,F06,0,1
Q013952,A02803,S4,2026-07-25,F05,0,1
Q013953,A02803,S4,2026-07-25,F03,0,1
Q013954,A02803,S5,2026-07-25,F03,0,1
Q013955,A02803,S5,2026-07-25,F03,0,1
Q013956,A02804,S3,2026-07-24,F03,0,1
Q013957,A02804,S3,2026-07-24,F02,0,1
Q013958,A02804,S3,2026-07-24,F03,0,1
Q013959,A02804,S4,2026-07-25,F02,0,1
Q013960,A02804,S4,2026-07-25,F05,0,1
Q013961,A02804,S4,2026-07-25,F03,0,1
Q013962,A02804,S4,2026-07-25,F03,0,1
Q013963,A02804,S5,2026-07-25,F02,0,1
Q013964,A02804,S5,2026-07-25,F06,0,1
Q013965,A02805,S3,2026-07-24,F04,0,1
Q013966,A02805,S3,2026-07-24,F05,0,1
Q013967,A02805,S3,2026-07-24,F06,0,1
Q013968,A02805,S3,2026-07-24,F03,0,1
Q013969,A02805,S4,2026-07-25,F04,0,1
Q013970,A02805,S4,2026-07-25,F04,0,1
Q013971,A02805,S4,2026-07-25,F04,0,1
Q013972,A02805,S4,2026-07-25,F01,1,0
Q013973,A02805,S4,2026-07-25,F04,1,0
Q013974,A02805,S4,2026-07-25,F05,0,1
Q013975,A02805,S4,2026-07-25,F01,0,1
Q013976,A02805,S5,2026-07-25,F03,0,1
Q013977,A02805,S5,2026-07-25,F04,0,1
Q013978,A02806,S3,2026-07-25,F04,0,1
Q013979,A02806,S3,2026-07-25,F02,0,1
Q013980,A02806,S4,2026-07-26,F01,0,1
Q013981,A02806,S4,2026-07-26,F01,0,1
Q013982,A02806,S4,2026-07-26,F02,1,0
Q013983,A02806,S4,2026-07-26,F02,0,1
Q013984,A02806,S4,2026-07-26,F05,0,1
Q013985,A02806,S4,2026-07-26,F01,0,1
Q013986,A02806,S5,2026-07-26,F05,0,1
Q013987,A02806,S5,2026-07-26,F02,0,1
Q013988,A02807,S3,2026-07-24,F01,0,1
Q013989,A02807,S3,2026-07-24,F05,0,1
Q013990,A02807,S3,2026-07-24,F06,1,0
Q013991,A02807,S4,2026-07-24,F01,1,0
Q013992,A02807,S4,2026-07-24,F04,0,1
Q013993,A02808,S3,2026-07-25,F01,0,1
Q013994,A02808,S3,2026-07-25,F01,0,1
Q013995,A02808,S4,2026-07-25,F01,0,1
Q013996,A02809,S3,2026-07-25,F02,0,1
Q013997,A02809,S5,2026-07-26,F01,0,1
Q013998,A02810,S3,2026-07-25,F06,0,1
Q013999,A02810,S4,2026-07-26,F03,0,1
Q014000,A02810,S5,2026-07-27,F03,0,1
Q014001,A02810,S5,2026-07-27,F03,1,0
Q014002,A02811,S4,2026-07-25,F04,1,0
Q014003,A02811,S4,2026-07-25,F03,0,1
Q014004,A02812,S3,2026-07-25,F02,0,1
Q014005,A02812,S4,2026-07-26,F02,0,1
Q014006,A02812,S4,2026-07-26,F03,0,1
Q014007,A02813,S3,2026-07-25,F02,0,1
Q014008,A02813,S3,2026-07-25,F02,0,1
Q014009,A02813,S3,2026-07-25,F01,0,1
Q014010,A02813,S4,2026-07-26,F04,1,0
Q014011,A02813,S4,2026-07-26,F02,0,1
Q014012,A02813,S5,2026-07-26,F04,1,0
Q014013,A02813,S5,2026-07-26,F02,0,1
Q014014,A02814,S4,2026-07-26,F03,0,1
Q014015,A02814,S5,2026-07-27,F02,0,1
Q014016,A02814,S5,2026-07-27,F03,0,1
Q014017,A02815,S4,2026-07-26,F02,0,1
Q014018,A02816,S3,2026-07-26,F02,0,1
Q014019,A02816,S4,2026-07-26,F04,0,1
Q014020,A02816,S4,2026-07-26,F02,0,1
Q014021,A02816,S4,2026-07-26,F03,0,1
Q014022,A02817,S3,2026-07-26,F01,0,1
Q014023,A02817,S4,2026-07-26,F02,0,1
Q014024,A02818,S4,2026-07-27,F01,0,1
Q014025,A02818,S4,2026-07-27,F04,0,1
Q014026,A02818,S4,2026-07-27,F03,0,1
Q014027,A02818,S4,2026-07-27,F03,0,1
Q014028,A02818,S4,2026-07-27,F04,0,1
Q014029,A02818,S4,2026-07-27,F01,0,1
Q014030,A02819,S3,2026-07-27,F02,0,1
Q014031,A02819,S3,2026-07-27,F03,1,0
Q014032,A02819,S4,2026-07-27,F04,1,0
Q014033,A02819,S4,2026-07-27,F04,0,1
Q014034,A02819,S4,2026-07-27,F03,0,1
Q014035,A02819,S4,2026-07-27,F03,0,1
Q014036,A02819,S5,2026-07-27,F01,0,1
Q014037,A02820,S3,2026-07-27,F01,1,0
Q014038,A02820,S3,2026-07-27,F01,1,0
Q014039,A02820,S4,2026-07-28,F04,1,0
Q014040,A02820,S4,2026-07-28,F04,0,1
Q014041,A02820,S5,2026-07-28,F01,1,0
Q014042,A02821,S4,2026-07-27,F03,0,1
Q014043,A02821,S4,2026-07-27,F03,0,1
Q014044,A02822,S3,2026-07-28,F01,0,1
Q014045,A02822,S3,2026-07-28,F04,0,1
Q014046,A02822,S4,2026-07-29,F04,1,0
Q014047,A02822,S4,2026-07-29,F02,0,1
Q014048,A02822,S5,2026-07-29,F06,0,1
Q014049,A02822,S5,2026-07-29,F04,1,0
Q014050,A02823,S3,2026-07-28,F02,0,1
Q014051,A02823,S3,2026-07-28,F01,0,1
Q014052,A02823,S4,2026-07-28,F04,1,0
Q014053,A02823,S4,2026-07-28,F05,0,1
Q014054,A02825,S4,2026-07-30,F04,1,0
Q014055,A02826,S3,2026-07-30,F03,0,1
Q014056,A02826,S3,2026-07-30,F03,0,1
Q014057,A02826,S3,2026-07-30,F04,0,1
Q014058,A02826,S3,2026-07-30,F01,0,1
Q014059,A02826,S4,2026-07-31,F04,0,1
Q014060,A02826,S4,2026-07-31,F01,1,0
Q014061,A02826,S4,2026-07-31,F04,0,1
Q014062,A02826,S4,2026-07-31,F05,0,1
Q014063,A02826,S4,2026-07-31,F02,0,1
Q014064,A02826,S5,2026-07-31,F02,0,1
Q014065,A02827,S3,2026-07-30,F05,0,1
Q014066,A02827,S3,2026-07-30,F01,0,1
Q014067,A02827,S4,2026-07-31,F03,0,1
Q014068,A02829,S4,2026-07-30,F01,0,1
Q014069,A02830,S5,2026-07-31,F02,1,0
Q014070,A02832,S3,2026-07-30,F04,0,1
Q014071,A02832,S3,2026-07-30,F06,0,1
Q014072,A02832,S3,2026-07-30,F02,0,1
Q014073,A02832,S4,2026-07-31,F01,1,0
Q014074,A02832,S4,2026-07-31,F01,0,1
Q014075,A02834,S3,2026-07-31,F02,0,1
Q014076,A02834,S3,2026-07-31,F02,0,1
Q014077,A02834,S4,2026-07-31,F02,1,0
Q014078,A02834,S4,2026-07-31,F05,0,1
Q014079,A02834,S4,2026-07-31,F01,0,1
Q014080,A02834,S4,2026-07-31,F03,0,1
Q014081,A02834,S4,2026-07-31,F02,0,1
Q014082,A02835,S5,2026-08-01,F03,0,1
Q014083,A02836,S3,2026-07-30,F02,0,1
Q014084,A02836,S4,2026-07-31,F01,0,1
Q014085,A02838,S4,2026-08-02,F03,0,1
Q014086,A02838,S4,2026-08-02,F01,0,1
Q014087,A02838,S4,2026-08-02,F01,1,0
Q014088,A02839,S3,2026-08-01,F05,0,1
Q014089,A02839,S3,2026-08-01,F01,1,0
Q014090,A02839,S4,2026-08-01,F02,0,1
Q014091,A02839,S4,2026-08-01,F05,0,1
Q014092,A02839,S5,2026-08-02,F03,0,1
Q014093,A02840,S4,2026-08-01,F03,0,1
Q014094,A02840,S4,2026-08-01,F03,0,1
Q014095,A02841,S3,2026-08-01,F02,0,1
Q014096,A02841,S4,2026-08-01,F02,0,1
Q014097,A02841,S4,2026-08-01,F02,0,1
Q014098,A02841,S4,2026-08-01,F01,0,1
Q014099,A02842,S3,2026-08-01,F03,0,1
Q014100,A02842,S3,2026-08-01,F01,0,1
Q014101,A02842,S4,2026-08-01,F03,0,1
Q014102,A02842,S4,2026-08-01,F03,0,1
Q014103,A02842,S4,2026-08-01,F02,0,1
Q014104,A02842,S5,2026-08-02,F01,0,1
Q014105,A02842,S5,2026-08-02,F05,0,1
Q014106,A02842,S5,2026-08-02,F03,0,1
Q014107,A02843,S3,2026-08-02,F03,0,1
Q014108,A02843,S4,2026-08-02,F03,0,1
Q014109,A02843,S4,2026-08-02,F01,0,1
Q014110,A02843,S4,2026-08-02,F02,0,1
Q014111,A02843,S4,2026-08-02,F05,0,1
Q014112,A02843,S4,2026-08-02,F04,0,1
Q014113,A02843,S5,2026-08-02,F01,1,0
Q014114,A02844,S3,2026-08-02,F02,1,0
Q014115,A02844,S3,2026-08-02,F05,0,1
Q014116,A02844,S4,2026-08-03,F01,1,0
Q014117,A02844,S4,2026-08-03,F05,0,1
Q014118,A02844,S4,2026-08-03,F01,0,1
Q014119,A02844,S4,2026-08-03,F02,0,1
Q014120,A02844,S4,2026-08-03,F01,1,0
Q014121,A02844,S5,2026-08-03,F01,0,1
Q014122,A02844,S5,2026-08-03,F02,0,1
Q014123,A02846,S3,2026-08-03,F02,1,0
Q014124,A02846,S4,2026-08-04,F03,0,1
Q014125,A02846,S4,2026-08-04,F05,1,0
Q014126,A02846,S4,2026-08-04,F02,0,1
Q014127,A02846,S4,2026-08-04,F01,1,0
Q014128,A02846,S4,2026-08-04,F01,0,1
Q014129,A02846,S4,2026-08-04,F03,0,1
Q014130,A02847,S3,2026-08-03,F02,0,1
Q014131,A02847,S4,2026-08-03,F01,0,1
Q014132,A02847,S4,2026-08-03,F05,0,1
Q014133,A02847,S4,2026-08-03,F04,1,0
Q014134,A02847,S4,2026-08-03,F03,0,1
Q014135,A02847,S5,2026-08-03,F01,1,0
Q014136,A02848,S3,2026-08-03,F04,0,1
Q014137,A02848,S4,2026-08-03,F01,0,1
Q014138,A02848,S4,2026-08-03,F02,0,1
Q014139,A02848,S4,2026-08-03,F02,0,1
Q014140,A02849,S3,2026-08-02,F04,0,1
Q014141,A02849,S4,2026-08-03,F03,0,1
Q014142,A02849,S4,2026-08-03,F01,0,1
Q014143,A02849,S5,2026-08-03,F05,0,1
Q014144,A02849,S5,2026-08-03,F03,0,1
Q014145,A02850,S3,2026-08-02,F03,1,0
Q014146,A02850,S3,2026-08-02,F01,0,1
Q014147,A02850,S4,2026-08-03,F02,0,1
Q014148,A02850,S4,2026-08-03,F01,1,0
Q014149,A02851,S3,2026-08-03,F02,0,1
Q014150,A02851,S3,2026-08-03,F01,0,1
Q014151,A02851,S4,2026-08-05,F05,0,1
Q014152,A02851,S4,2026-08-05,F05,0,1
Q014153,A02851,S4,2026-08-05,F01,0,1
Q014154,A02851,S4,2026-08-05,F05,0,1
Q014155,A02851,S5,2026-08-05,F01,0,1
Q014156,A02851,S5,2026-08-05,F01,1,0
Q014157,A02851,S5,2026-08-05,F03,0,1
Q014158,A02851,S5,2026-08-05,F04,0,1
Q014159,A02852,S3,2026-08-03,F03,1,0
Q014160,A02852,S4,2026-08-04,F01,0,1
Q014161,A02853,S3,2026-08-03,F01,0,1
Q014162,A02853,S3,2026-08-03,F02,0,1
Q014163,A02853,S3,2026-08-03,F05,0,1
Q014164,A02853,S3,2026-08-03,F03,0,1
Q014165,A02853,S4,2026-08-03,F02,0,1
Q014166,A02854,S3,2026-08-03,F04,0,1
Q014167,A02854,S4,2026-08-04,F01,0,1
Q014168,A02854,S4,2026-08-04,F03,0,1
Q014169,A02854,S5,2026-08-04,F01,0,1
Q014170,A02854,S5,2026-08-04,F01,1,0
Q014171,A02854,S5,2026-08-04,F04,1,0
Q014172,A02855,S4,2026-08-05,F02,1,0
Q014173,A02855,S4,2026-08-05,F02,0,1
Q014174,A02855,S4,2026-08-05,F03,0,1
Q014175,A02856,S3,2026-08-04,F05,0,1
Q014176,A02856,S3,2026-08-04,F01,0,1
Q014177,A02856,S3,2026-08-04,F01,0,1
Q014178,A02856,S4,2026-08-05,F01,0,1
Q014179,A02856,S4,2026-08-05,F02,0,1
Q014180,A02856,S4,2026-08-05,F02,0,1
Q014181,A02856,S4,2026-08-05,F03,1,0
Q014182,A02856,S4,2026-08-05,F01,0,1
Q014183,A02856,S5,2026-08-06,F03,0,1
Q014184,A02856,S5,2026-08-06,F01,0,1
Q014185,A02857,S3,2026-08-04,F05,0,1
Q014186,A02857,S4,2026-08-05,F06,0,1
Q014187,A02857,S4,2026-08-05,F01,0,1
Q014188,A02857,S4,2026-08-05,F02,0,1
Q014189,A02857,S4,2026-08-05,F04,0,1
Q014190,A02857,S5,2026-08-05,F04,0,1
Q014191,A02858,S3,2026-08-05,F02,0,1
Q014192,A02858,S4,2026-08-06,F06,0,1
Q014193,A02858,S4,2026-08-06,F02,0,1
Q014194,A02858,S5,2026-08-06,F01,1,0
Q014195,A02859,S3,2026-08-05,F02,0,1
Q014196,A02859,S4,2026-08-05,F02,0,1
Q014197,A02859,S4,2026-08-05,F02,0,1
Q014198,A02859,S4,2026-08-05,F06,0,1
Q014199,A02859,S5,2026-08-05,F06,0,1
Q014200,A02860,S3,2026-08-06,F06,0,1
Q014201,A02860,S3,2026-08-06,F02,1,0
Q014202,A02860,S4,2026-08-07,F01,1,0
Q014203,A02860,S4,2026-08-07,F01,0,1
Q014204,A02860,S4,2026-08-07,F05,1,0
Q014205,A02860,S4,2026-08-07,F03,0,1
Q014206,A02860,S4,2026-08-07,F03,0,1
Q014207,A02860,S5,2026-08-07,F04,1,0
Q014208,A02860,S5,2026-08-07,F01,0,1
Q014209,A02861,S4,2026-08-07,F02,0,1
Q014210,A02861,S4,2026-08-07,F02,0,1
Q014211,A02861,S4,2026-08-07,F04,0,1
Q014212,A02861,S4,2026-08-07,F02,0,1
Q014213,A02861,S4,2026-08-07,F04,0,1
Q014214,A02861,S4,2026-08-07,F02,0,1
Q014215,A02861,S4,2026-08-07,F01,0,1
Q014216,A02861,S5,2026-08-08,F06,0,1
Q014217,A02861,S5,2026-08-08,F01,0,1
Q014218,A02862,S3,2026-08-06,F01,0,1
Q014219,A02862,S3,2026-08-06,F02,0,1
Q014220,A02862,S3,2026-08-06,F01,1,0
Q014221,A02862,S4,2026-08-07,F01,0,1
Q014222,A02862,S4,2026-08-07,F01,0,1
Q014223,A02862,S4,2026-08-07,F02,0,1
Q014224,A02862,S4,2026-08-07,F05,0,1
Q014225,A02862,S5,2026-08-07,F02,1,0
Q014226,A02862,S5,2026-08-07,F05,0,1
Q014227,A02863,S4,2026-08-06,F03,0,1
Q014228,A02864,S3,2026-08-07,F04,0,1
Q014229,A02865,S4,2026-08-08,F03,0,1
Q014230,A02866,S3,2026-08-06,F05,0,1
Q014231,A02866,S5,2026-08-07,F01,0,1
Q014232,A02867,S3,2026-08-07,F01,1,0
Q014233,A02867,S3,2026-08-07,F04,1,0
Q014234,A02867,S4,2026-08-08,F01,0,1
Q014235,A02867,S4,2026-08-08,F04,1,0
Q014236,A02867,S4,2026-08-08,F03,0,1
Q014237,A02867,S4,2026-08-08,F01,0,1
Q014238,A02867,S5,2026-08-08,F01,0,1
Q014239,A02868,S3,2026-08-07,F03,0,1
Q014240,A02868,S4,2026-08-09,F01,0,1
Q014241,A02868,S5,2026-08-09,F04,0,1
Q014242,A02868,S5,2026-08-09,F05,0,1
Q014243,A02869,S4,2026-08-08,F01,0,1
Q014244,A02869,S4,2026-08-08,F02,0,1
Q014245,A02870,S3,2026-08-07,F03,0,1
Q014246,A02870,S3,2026-08-07,F01,0,1
Q014247,A02870,S4,2026-08-07,F03,0,1
Q014248,A02870,S4,2026-08-07,F01,0,1
Q014249,A02870,S4,2026-08-07,F05,0,1
Q014250,A02870,S4,2026-08-07,F03,0,1
Q014251,A02870,S5,2026-08-07,F04,1,0
Q014252,A02870,S5,2026-08-07,F05,0,1
Q014253,A02871,S3,2026-08-06,F02,0,1
Q014254,A02872,S3,2026-08-07,F03,1,0
Q014255,A02872,S4,2026-08-08,F03,0,1
Q014256,A02872,S4,2026-08-08,F02,1,0
Q014257,A02872,S4,2026-08-08,F04,0,1
Q014258,A02872,S5,2026-08-08,F02,0,1
Q014259,A02873,S3,2026-08-07,F01,1,0
Q014260,A02873,S4,2026-08-08,F01,0,1
Q014261,A02873,S5,2026-08-08,F01,0,1
Q014262,A02874,S3,2026-08-08,F03,0,1
Q014263,A02874,S3,2026-08-08,F01,0,1
Q014264,A02874,S3,2026-08-08,F01,0,1
Q014265,A02874,S3,2026-08-08,F03,0,1
Q014266,A02874,S4,2026-08-09,F01,1,0
Q014267,A02874,S4,2026-08-09,F04,0,1
Q014268,A02875,S3,2026-08-08,F01,0,1
Q014269,A02875,S3,2026-08-08,F03,0,1
Q014270,A02875,S3,2026-08-08,F02,0,1
Q014271,A02875,S3,2026-08-08,F01,0,1
Q014272,A02875,S4,2026-08-09,F02,0,1
Q014273,A02875,S4,2026-08-09,F03,0,1
Q014274,A02875,S4,2026-08-09,F01,0,1
Q014275,A02875,S4,2026-08-09,F02,0,1
Q014276,A02875,S5,2026-08-09,F04,0,1
Q014277,A02875,S5,2026-08-09,F05,0,1
Q014278,A02876,S3,2026-08-08,F02,0,1
Q014279,A02876,S3,2026-08-08,F02,0,1
Q014280,A02876,S3,2026-08-08,F06,0,1
Q014281,A02876,S4,2026-08-08,F04,0,1
Q014282,A02876,S4,2026-08-08,F02,1,0
Q014283,A02876,S4,2026-08-08,F01,0,1
Q014284,A02876,S4,2026-08-08,F02,0,1
Q014285,A02876,S4,2026-08-08,F01,0,1
Q014286,A02876,S4,2026-08-08,F03,0,1
Q014287,A02876,S5,2026-08-09,F01,0,1
Q014288,A02876,S5,2026-08-09,F03,0,1
Q014289,A02876,S5,2026-08-09,F01,0,1
Q014290,A02877,S4,2026-08-09,F04,1,0
Q014291,A02877,S4,2026-08-09,F02,0,1
Q014292,A02877,S4,2026-08-09,F01,0,1
Q014293,A02877,S4,2026-08-09,F04,1,0
Q014294,A02877,S4,2026-08-09,F02,0,1
Q014295,A02877,S4,2026-08-09,F01,1,0
Q014296,A02877,S5,2026-08-09,F05,1,0
Q014297,A02878,S3,2026-08-08,F02,1,0
Q014298,A02878,S4,2026-08-08,F06,0,1
Q014299,A02879,S4,2026-08-08,F02,0,1
Q014300,A02879,S4,2026-08-08,F01,0,1
Q014301,A02879,S4,2026-08-08,F01,0,1
Q014302,A02879,S4,2026-08-08,F05,0,1
Q014303,A02879,S5,2026-08-08,F03,0,1
Q014304,A02879,S5,2026-08-08,F06,0,1
Q014305,A02880,S3,2026-08-08,F06,0,1
Q014306,A02880,S4,2026-08-08,F02,1,0
Q014307,A02881,S4,2026-08-09,F05,0,1
Q014308,A02881,S5,2026-08-10,F06,0,1
Q014309,A02882,S3,2026-08-09,F02,0,1
Q014310,A02882,S3,2026-08-09,F04,0,1
Q014311,A02882,S4,2026-08-09,F02,0,1
Q014312,A02882,S4,2026-08-09,F02,0,1
Q014313,A02882,S4,2026-08-09,F05,1,0
Q014314,A02882,S5,2026-08-09,F01,0,1
Q014315,A02883,S3,2026-08-10,F02,0,1
Q014316,A02883,S4,2026-08-10,F02,0,1
Q014317,A02883,S4,2026-08-10,F01,1,0
Q014318,A02883,S4,2026-08-10,F01,1,0
Q014319,A02883,S4,2026-08-10,F03,0,1
Q014320,A02883,S4,2026-08-10,F02,0,1
Q014321,A02883,S4,2026-08-10,F04,0,1
Q014322,A02883,S5,2026-08-11,F01,0,1
Q014323,A02883,S5,2026-08-11,F05,0,1
Q014324,A02884,S3,2026-08-09,F03,0,1
Q014325,A02884,S3,2026-08-09,F01,0,1
Q014326,A02884,S3,2026-08-09,F03,0,1
Q014327,A02884,S4,2026-08-09,F03,0,1
Q014328,A02884,S4,2026-08-09,F04,0,1
Q014329,A02884,S5,2026-08-10,F06,0,1
Q014330,A02885,S3,2026-08-09,F02,0,1
Q014331,A02885,S4,2026-08-10,F04,0,1
Q014332,A02886,S3,2026-08-09,F03,1,0
Q014333,A02886,S5,2026-08-11,F05,0,1
Q014334,A02887,S3,2026-08-09,F05,1,0
Q014335,A02887,S3,2026-08-09,F01,0,1
Q014336,A02887,S4,2026-08-09,F02,0,1
Q014337,A02887,S4,2026-08-09,F01,1,0
Q014338,A02887,S4,2026-08-09,F04,0,1
Q014339,A02888,S3,2026-08-09,F01,0,1
Q014340,A02888,S3,2026-08-09,F05,0,1
Q014341,A02888,S3,2026-08-09,F02,0,1
Q014342,A02888,S3,2026-08-09,F01,1,0
Q014343,A02888,S3,2026-08-09,F01,0,1
Q014344,A02888,S3,2026-08-09,F06,1,0
Q014345,A02888,S4,2026-08-09,F02,1,0
Q014346,A02888,S4,2026-08-09,F01,0,1
Q014347,A02888,S4,2026-08-09,F01,0,1
Q014348,A02888,S4,2026-08-09,F01,0,1
Q014349,A02888,S4,2026-08-09,F01,0,1
Q014350,A02888,S4,2026-08-09,F03,0,1
Q014351,A02888,S4,2026-08-09,F03,0,1
Q014352,A02888,S4,2026-08-09,F05,0,1
Q014353,A02888,S4,2026-08-09,F05,0,1
Q014354,A02888,S4,2026-08-09,F04,0,1
Q014355,A02888,S4,2026-08-09,F05,0,1
Q014356,A02888,S5,2026-08-09,F02,0,1
Q014357,A02889,S3,2026-08-10,F02,0,1
Q014358,A02889,S3,2026-08-10,F05,0,1
Q014359,A02889,S4,2026-08-11,F04,0,1
Q014360,A02889,S4,2026-08-11,F03,0,1
Q014361,A02889,S4,2026-08-11,F01,0,1
Q014362,A02889,S5,2026-08-12,F05,0,1
Q014363,A02889,S5,2026-08-12,F02,0,1
Q014364,A02890,S3,2026-08-09,F02,0,1
Q014365,A02890,S3,2026-08-09,F04,0,1
Q014366,A02890,S4,2026-08-09,F01,0,1
Q014367,A02890,S4,2026-08-09,F05,1,0
Q014368,A02890,S4,2026-08-09,F02,1,0
Q014369,A02890,S5,2026-08-09,F01,0,1
Q014370,A02890,S5,2026-08-09,F02,0,1
Q014371,A02891,S3,2026-08-08,F01,0,1
Q014372,A02891,S3,2026-08-08,F01,0,1
Q014373,A02891,S4,2026-08-09,F04,0,1
Q014374,A02892,S3,2026-08-09,F01,1,0
Q014375,A02892,S3,2026-08-09,F01,1,0
Q014376,A02892,S3,2026-08-09,F05,0,1
Q014377,A02892,S4,2026-08-09,F03,0,1
Q014378,A02892,S5,2026-08-09,F03,0,1
Q014379,A02892,S5,2026-08-09,F01,0,1
Q014380,A02892,S5,2026-08-09,F04,1,0
Q014381,A02892,S5,2026-08-09,F04,1,0
Q014382,A02893,S3,2026-08-09,F01,0,1
Q014383,A02893,S4,2026-08-10,F01,0,1
Q014384,A02894,S3,2026-08-10,F05,0,1
Q014385,A02894,S4,2026-08-10,F01,0,1
Q014386,A02894,S4,2026-08-10,F02,0,1
Q014387,A02894,S5,2026-08-10,F05,0,1
Q014388,A02895,S4,2026-08-11,F01,0,1
Q014389,A02895,S4,2026-08-11,F02,0,1
Q014390,A02896,S3,2026-08-11,F01,0,1
Q014391,A02896,S4,2026-08-11,F03,0,1
Q014392,A02897,S3,2026-08-11,F01,0,1
Q014393,A02897,S3,2026-08-11,F02,0,1
Q014394,A02897,S4,2026-08-11,F03,0,1
Q014395,A02897,S4,2026-08-11,F02,1,0
Q014396,A02897,S4,2026-08-11,F03,0,1
Q014397,A02897,S4,2026-08-11,F01,0,1
Q014398,A02897,S4,2026-08-11,F04,0,1
Q014399,A02898,S5,2026-08-12,F01,0,1
Q014400,A02899,S3,2026-08-12,F05,0,1
Q014401,A02899,S3,2026-08-12,F02,0,1
Q014402,A02899,S4,2026-08-13,F05,0,1
Q014403,A02899,S4,2026-08-13,F01,1,0
Q014404,A02899,S4,2026-08-13,F05,0,1
Q014405,A02899,S5,2026-08-13,F05,1,0
Q014406,A02899,S5,2026-08-13,F01,0,1
Q014407,A02900,S3,2026-08-12,F04,0,1
Q014408,A02900,S3,2026-08-12,F01,1,0
Q014409,A02900,S3,2026-08-12,F01,1,0
Q014410,A02900,S4,2026-08-14,F05,0,1
Q014411,A02900,S4,2026-08-14,F01,0,1
Q014412,A02900,S4,2026-08-14,F01,1,0
Q014413,A02900,S4,2026-08-14,F01,0,1
Q014414,A02900,S4,2026-08-14,F02,0,1
Q014415,A02900,S4,2026-08-14,F04,0,1
Q014416,A02900,S4,2026-08-14,F01,0,1
Q014417,A02900,S5,2026-08-14,F01,0,1
Q014418,A02900,S5,2026-08-14,F02,0,1
Q014419,A02901,S3,2026-08-12,F01,0,1
Q014420,A02901,S4,2026-08-13,F03,0,1
Q014421,A02902,S4,2026-08-12,F02,0,1
Q014422,A02902,S4,2026-08-12,F05,0,1
Q014423,A02902,S5,2026-08-12,F04,0,1
Q014424,A02902,S5,2026-08-12,F01,1,0
Q014425,A02904,S3,2026-08-13,F06,0,1
Q014426,A02904,S3,2026-08-13,F05,0,1
Q014427,A02904,S4,2026-08-14,F01,0,1
Q014428,A02904,S4,2026-08-14,F03,0,1
Q014429,A02904,S4,2026-08-14,F03,0,1
Q014430,A02904,S4,2026-08-14,F01,1,0
Q014431,A02904,S4,2026-08-14,F04,0,1
Q014432,A02904,S5,2026-08-15,F01,0,1
Q014433,A02905,S3,2026-08-13,F03,0,1
Q014434,A02905,S3,2026-08-13,F02,0,1
Q014435,A02905,S3,2026-08-13,F01,0,1
Q014436,A02905,S3,2026-08-13,F01,0,1
Q014437,A02905,S4,2026-08-14,F06,0,1
Q014438,A02905,S4,2026-08-14,F02,0,1
Q014439,A02905,S4,2026-08-14,F02,0,1
Q014440,A02905,S4,2026-08-14,F01,0,1
Q014441,A02905,S4,2026-08-14,F04,0,1
Q014442,A02905,S4,2026-08-14,F03,0,1
Q014443,A02905,S5,2026-08-14,F02,0,1
Q014444,A02905,S5,2026-08-14,F06,0,1
Q014445,A02905,S5,2026-08-14,F05,0,1
Q014446,A02906,S3,2026-08-13,F03,0,1
Q014447,A02906,S3,2026-08-13,F02,1,0
Q014448,A02906,S3,2026-08-13,F01,1,0
Q014449,A02906,S4,2026-08-13,F01,0,1
Q014450,A02906,S4,2026-08-13,F05,0,1
Q014451,A02906,S4,2026-08-13,F03,0,1
Q014452,A02906,S4,2026-08-13,F02,0,1
Q014453,A02906,S5,2026-08-14,F04,0,1
Q014454,A02906,S5,2026-08-14,F01,0,1
Q014455,A02906,S5,2026-08-14,F01,0,1
Q014456,A02907,S4,2026-08-14,F03,0,1
Q014457,A02907,S4,2026-08-14,F02,0,1
Q014458,A02907,S4,2026-08-14,F03,1,0
Q014459,A02908,S3,2026-08-13,F06,0,1
Q014460,A02908,S3,2026-08-13,F04,0,1
Q014461,A02908,S3,2026-08-13,F03,0,1
Q014462,A02908,S4,2026-08-13,F03,0,1
Q014463,A02908,S4,2026-08-13,F02,0,1
Q014464,A02909,S3,2026-08-12,F01,1,0
Q014465,A02909,S3,2026-08-12,F04,1,0
Q014466,A02909,S3,2026-08-12,F03,0,1
Q014467,A02909,S4,2026-08-13,F02,0,1
Q014468,A02909,S4,2026-08-13,F01,0,1
Q014469,A02909,S5,2026-08-13,F05,0,1
Q014470,A02910,S3,2026-08-14,F04,1,0
Q014471,A02910,S4,2026-08-14,F03,0,1
Q014472,A02910,S4,2026-08-14,F01,0,1
Q014473,A02911,S4,2026-08-15,F01,0,1
Q014474,A02912,S4,2026-08-14,F03,0,1
Q014475,A02912,S4,2026-08-14,F06,0,1
Q014476,A02912,S4,2026-08-14,F03,0,1
Q014477,A02912,S5,2026-08-14,F02,1,0
Q014478,A02914,S3,2026-08-14,F04,1,0
Q014479,A02914,S3,2026-08-14,F01,1,0
Q014480,A02914,S4,2026-08-15,F03,0,1
Q014481,A02914,S4,2026-08-15,F04,0,1
Q014482,A02914,S5,2026-08-15,F06,0,1
Q014483,A02914,S5,2026-08-15,F03,0,1
Q014484,A02915,S3,2026-08-14,F05,0,1
Q014485,A02915,S3,2026-08-14,F05,0,1
Q014486,A02915,S4,2026-08-15,F05,0,1
Q014487,A02915,S4,2026-08-15,F06,0,1
Q014488,A02915,S5,2026-08-16,F05,0,1
Q014489,A02916,S3,2026-08-14,F05,0,1
Q014490,A02916,S3,2026-08-14,F02,0,1
Q014491,A02916,S4,2026-08-14,F03,0,1
Q014492,A02916,S4,2026-08-14,F04,0,1
Q014493,A02916,S4,2026-08-14,F02,0,1
Q014494,A02916,S4,2026-08-14,F03,0,1
Q014495,A02916,S4,2026-08-14,F03,0,1
Q014496,A02916,S4,2026-08-14,F01,0,1
Q014497,A02916,S4,2026-08-14,F03,0,1
Q014498,A02916,S5,2026-08-14,F02,0,1
Q014499,A02916,S5,2026-08-14,F05,1,0
Q014500,A02916,S5,2026-08-14,F02,0,1
Q014501,A02918,S3,2026-08-15,F05,1,0
Q014502,A02918,S3,2026-08-15,F04,1,0
Q014503,A02918,S3,2026-08-15,F05,0,1
Q014504,A02918,S3,2026-08-15,F01,0,1
Q014505,A02918,S3,2026-08-15,F01,1,0
Q014506,A02918,S4,2026-08-16,F02,1,0
Q014507,A02918,S4,2026-08-16,F06,0,1
Q014508,A02918,S5,2026-08-16,F02,0,1
Q014509,A02918,S5,2026-08-16,F02,0,1
Q014510,A02918,S5,2026-08-16,F03,0,1
Q014511,A02919,S4,2026-08-15,F03,1,0
Q014512,A02919,S4,2026-08-15,F03,0,1
Q014513,A02920,S4,2026-08-15,F04,0,1
Q014514,A02921,S3,2026-08-15,F03,0,1
Q014515,A02921,S3,2026-08-15,F01,0,1
Q014516,A02921,S4,2026-08-16,F06,1,0
Q014517,A02922,S4,2026-08-16,F03,0,1
Q014518,A02922,S4,2026-08-16,F05,0,1
Q014519,A02922,S4,2026-08-16,F02,1,0
Q014520,A02922,S4,2026-08-16,F02,1,0
Q014521,A02923,S3,2026-08-17,F03,0,1
Q014522,A02923,S4,2026-08-18,F03,0,1
Q014523,A02924,S3,2026-08-17,F06,0,1
Q014524,A02924,S3,2026-08-17,F04,0,1
Q014525,A02924,S3,2026-08-17,F02,0,1
Q014526,A02924,S3,2026-08-17,F04,1,0
Q014527,A02924,S4,2026-08-18,F04,0,1
Q014528,A02924,S4,2026-08-18,F02,0,1
Q014529,A02924,S4,2026-08-18,F06,0,1
Q014530,A02924,S4,2026-08-18,F01,0,1
Q014531,A02924,S4,2026-08-18,F02,0,1
Q014532,A02924,S4,2026-08-18,F02,0,1
Q014533,A02924,S4,2026-08-18,F01,0,1
Q014534,A02924,S4,2026-08-18,F02,0,1
Q014535,A02924,S4,2026-08-18,F01,1,0
Q014536,A02924,S4,2026-08-18,F01,1,0
Q014537,A02924,S4,2026-08-18,F03,0,1
Q014538,A02924,S5,2026-08-18,F04,0,1
Q014539,A02924,S5,2026-08-18,F03,0,1
Q014540,A02925,S3,2026-08-17,F03,0,1
Q014541,A02925,S3,2026-08-17,F02,0,1
Q014542,A02925,S3,2026-08-17,F06,0,1
Q014543,A02925,S5,2026-08-17,F04,1,0
Q014544,A02925,S5,2026-08-17,F01,0,1
Q014545,A02926,S3,2026-08-16,F01,1,0
Q014546,A02926,S5,2026-08-18,F05,0,1
Q014547,A02927,S3,2026-08-17,F03,0,1
Q014548,A02927,S4,2026-08-18,F03,0,1
Q014549,A02927,S4,2026-08-18,F06,1,0
Q014550,A02927,S4,2026-08-18,F04,0,1
Q014551,A02927,S4,2026-08-18,F01,0,1
Q014552,A02927,S5,2026-08-18,F05,0,1
Q014553,A02928,S3,2026-08-17,F03,0,1
Q014554,A02928,S3,2026-08-17,F01,1,0
Q014555,A02928,S3,2026-08-17,F01,0,1
Q014556,A02928,S4,2026-08-17,F01,1,0
Q014557,A02928,S4,2026-08-17,F03,0,1
Q014558,A02928,S4,2026-08-17,F01,1,0
Q014559,A02928,S4,2026-08-17,F03,0,1
Q014560,A02928,S4,2026-08-17,F03,0,1
Q014561,A02928,S4,2026-08-17,F02,0,1
Q014562,A02928,S4,2026-08-17,F01,1,0
Q014563,A02928,S5,2026-08-17,F04,1,0
Q014564,A02928,S5,2026-08-17,F02,0,1
Q014565,A02929,S3,2026-08-17,F06,0,1
Q014566,A02929,S3,2026-08-17,F02,0,1
Q014567,A02929,S3,2026-08-17,F06,0,1
Q014568,A02929,S3,2026-08-17,F01,0,1
Q014569,A02929,S4,2026-08-17,F01,0,1
Q014570,A02929,S4,2026-08-17,F04,0,1
Q014571,A02929,S4,2026-08-17,F02,0,1
Q014572,A02929,S5,2026-08-18,F02,0,1
Q014573,A02929,S5,2026-08-18,F06,0,1
Q014574,A02929,S5,2026-08-18,F01,0,1
Q014575,A02929,S5,2026-08-18,F03,0,1
Q014576,A02930,S4,2026-08-17,F04,0,1
Q014577,A02930,S5,2026-08-18,F01,1,0
Q014578,A02931,S4,2026-08-19,F02,1,0
Q014579,A02931,S4,2026-08-19,F03,0,1
Q014580,A02931,S4,2026-08-19,F02,0,1
Q014581,A02931,S5,2026-08-19,F01,0,1
Q014582,A02931,S5,2026-08-19,F06,1,0
Q014583,A02931,S5,2026-08-19,F05,0,1
Q014584,A02931,S5,2026-08-19,F03,0,1
Q014585,A02932,S3,2026-08-18,F01,0,1
Q014586,A02932,S3,2026-08-18,F02,0,1
Q014587,A02932,S3,2026-08-18,F01,0,1
Q014588,A02932,S3,2026-08-18,F03,0,1
Q014589,A02932,S3,2026-08-18,F06,0,1
Q014590,A02932,S4,2026-08-18,F02,0,1
Q014591,A02932,S4,2026-08-18,F04,0,1
Q014592,A02932,S4,2026-08-18,F06,1,0
Q014593,A02932,S4,2026-08-18,F04,0,1
Q014594,A02932,S4,2026-08-18,F01,1,0
Q014595,A02932,S4,2026-08-18,F02,0,1
Q014596,A02932,S5,2026-08-18,F01,0,1
Q014597,A02932,S5,2026-08-18,F03,0,1
Q014598,A02932,S5,2026-08-18,F01,0,1
Q014599,A02933,S3,2026-08-18,F01,1,0
Q014600,A02933,S3,2026-08-18,F06,0,1
Q014601,A02933,S4,2026-08-18,F05,0,1
Q014602,A02934,S4,2026-08-19,F04,0,1
Q014603,A02934,S4,2026-08-19,F02,1,0
Q014604,A02934,S4,2026-08-19,F01,0,1
Q014605,A02934,S5,2026-08-19,F01,0,1
Q014606,A02935,S3,2026-08-19,F02,0,1
Q014607,A02935,S4,2026-08-20,F04,1,0
Q014608,A02935,S5,2026-08-20,F06,0,1
Q014609,A02936,S4,2026-08-20,F03,0,1
Q014610,A02936,S5,2026-08-20,F04,1,0
Q014611,A02937,S3,2026-08-19,F02,0,1
Q014612,A02937,S3,2026-08-19,F04,0,1
Q014613,A02937,S4,2026-08-20,F03,1,0
Q014614,A02937,S4,2026-08-20,F03,0,1
Q014615,A02937,S4,2026-08-20,F03,0,1
Q014616,A02937,S4,2026-08-20,F03,0,1
Q014617,A02937,S5,2026-08-20,F06,0,1
Q014618,A02937,S5,2026-08-20,F01,0,1
Q014619,A02937,S5,2026-08-20,F01,1,0
Q014620,A02938,S3,2026-08-18,F02,0,1
Q014621,A02938,S4,2026-08-19,F01,1,0
Q014622,A02939,S5,2026-08-19,F06,1,0
Q014623,A02941,S4,2026-08-20,F02,1,0
Q014624,A02942,S3,2026-08-19,F02,0,1
Q014625,A02942,S5,2026-08-20,F06,0,1
Q014626,A02942,S5,2026-08-20,F01,0,1
Q014627,A02942,S5,2026-08-20,F01,1,0
Q014628,A02943,S3,2026-08-19,F02,0,1
Q014629,A02943,S4,2026-08-20,F01,1,0
Q014630,A02943,S4,2026-08-20,F06,0,1
Q014631,A02943,S4,2026-08-20,F01,0,1
Q014632,A02943,S4,2026-08-20,F02,0,1
Q014633,A02943,S5,2026-08-20,F03,0,1
Q014634,A02944,S3,2026-08-21,F01,0,1
Q014635,A02944,S3,2026-08-21,F01,0,1
Q014636,A02944,S4,2026-08-22,F02,1,0
Q014637,A02944,S5,2026-08-23,F02,0,1
Q014638,A02944,S5,2026-08-23,F02,1,0
Q014639,A02945,S3,2026-08-19,F02,0,1
Q014640,A02945,S3,2026-08-19,F06,1,0
Q014641,A02945,S4,2026-08-20,F01,0,1
Q014642,A02945,S4,2026-08-20,F02,0,1
Q014643,A02946,S3,2026-08-20,F02,0,1
Q014644,A02946,S3,2026-08-20,F05,0,1
Q014645,A02947,S3,2026-08-21,F02,1,0
Q014646,A02947,S3,2026-08-21,F06,0,1
Q014647,A02947,S4,2026-08-21,F01,0,1
Q014648,A02947,S4,2026-08-21,F04,1,0
Q014649,A02947,S4,2026-08-21,F03,0,1
Q014650,A02947,S4,2026-08-21,F01,0,1
Q014651,A02947,S4,2026-08-21,F04,0,1
Q014652,A02947,S4,2026-08-21,F04,0,1
Q014653,A02947,S5,2026-08-21,F06,0,1
Q014654,A02948,S4,2026-08-21,F06,0,1
Q014655,A02948,S4,2026-08-21,F04,1,0
Q014656,A02948,S4,2026-08-21,F01,1,0
Q014657,A02949,S3,2026-08-21,F01,0,1
Q014658,A02949,S3,2026-08-21,F02,1,0
Q014659,A02949,S4,2026-08-21,F05,1,0
Q014660,A02949,S4,2026-08-21,F03,0,1
Q014661,A02949,S4,2026-08-21,F03,0,1
Q014662,A02949,S4,2026-08-21,F01,1,0
Q014663,A02949,S5,2026-08-22,F02,0,1
Q014664,A02949,S5,2026-08-22,F03,0,1
Q014665,A02950,S3,2026-08-20,F01,0,1
Q014666,A02950,S4,2026-08-21,F01,0,1
Q014667,A02950,S5,2026-08-21,F04,0,1
Q014668,A02951,S3,2026-08-22,F02,0,1
Q014669,A02951,S4,2026-08-23,F04,1,0
Q014670,A02952,S3,2026-08-22,F02,0,1
Q014671,A02952,S4,2026-08-23,F01,0,1
Q014672,A02952,S4,2026-08-23,F02,1,0
Q014673,A02952,S4,2026-08-23,F01,1,0
Q014674,A02952,S4,2026-08-23,F05,0,1
Q014675,A02952,S5,2026-08-23,F02,1,0
Q014676,A02952,S5,2026-08-23,F01,0,1
Q014677,A02953,S3,2026-08-22,F03,0,1
Q014678,A02953,S3,2026-08-22,F02,0,1
Q014679,A02953,S3,2026-08-22,F03,0,1
Q014680,A02953,S3,2026-08-22,F01,0,1
Q014681,A02953,S4,2026-08-23,F02,0,1
Q014682,A02953,S4,2026-08-23,F04,0,1
Q014683,A02953,S4,2026-08-23,F02,0,1
Q014684,A02953,S4,2026-08-23,F06,1,0
Q014685,A02953,S5,2026-08-24,F01,0,1
Q014686,A02954,S3,2026-08-21,F04,0,1
Q014687,A02954,S4,2026-08-22,F05,0,1
Q014688,A02954,S4,2026-08-22,F02,0,1
Q014689,A02954,S5,2026-08-23,F01,1,0
Q014690,A02955,S4,2026-08-22,F01,1,0
Q014691,A02955,S4,2026-08-22,F06,0,1
Q014692,A02955,S5,2026-08-22,F02,0,1
Q014693,A02956,S3,2026-08-21,F06,1,0
Q014694,A02956,S3,2026-08-21,F03,0,1
Q014695,A02956,S3,2026-08-21,F01,1,0
Q014696,A02956,S4,2026-08-22,F01,0,1
Q014697,A02956,S4,2026-08-22,F01,0,1
Q014698,A02956,S5,2026-08-22,F03,0,1
Q014699,A02957,S3,2026-08-22,F01,0,1
Q014700,A02957,S3,2026-08-22,F06,0,1
Q014701,A02957,S4,2026-08-23,F05,0,1
Q014702,A02957,S4,2026-08-23,F01,0,1
Q014703,A02957,S5,2026-08-23,F05,0,1
Q014704,A02958,S3,2026-08-22,F01,0,1
Q014705,A02958,S4,2026-08-23,F04,1,0
Q014706,A02959,S3,2026-08-23,F03,0,1
Q014707,A02959,S3,2026-08-23,F01,0,1
Q014708,A02959,S3,2026-08-23,F01,1,0
Q014709,A02959,S4,2026-08-23,F02,0,1
Q014710,A02959,S4,2026-08-23,F02,0,1
Q014711,A02959,S4,2026-08-23,F02,0,1
Q014712,A02959,S4,2026-08-23,F06,0,1
Q014713,A02959,S4,2026-08-23,F01,0,1
Q014714,A02959,S4,2026-08-23,F04,0,1
Q014715,A02959,S4,2026-08-23,F04,1,0
Q014716,A02959,S4,2026-08-23,F01,1,0
Q014717,A02959,S4,2026-08-23,F01,0,1
Q014718,A02959,S4,2026-08-23,F02,0,1
Q014719,A02959,S4,2026-08-23,F01,0,1
Q014720,A02959,S4,2026-08-23,F04,0,1
Q014721,A02959,S5,2026-08-24,F03,0,1
Q014722,A02960,S3,2026-08-23,F03,0,1
Q014723,A02961,S3,2026-08-23,F01,0,1
Q014724,A02961,S3,2026-08-23,F01,0,1
Q014725,A02961,S4,2026-08-23,F05,0,1
Q014726,A02961,S4,2026-08-23,F06,0,1
Q014727,A02961,S4,2026-08-23,F03,0,1
Q014728,A02961,S4,2026-08-23,F02,1,0
Q014729,A02961,S4,2026-08-23,F03,1,0
Q014730,A02961,S4,2026-08-23,F05,0,1
Q014731,A02961,S5,2026-08-24,F01,0,1
Q014732,A02961,S5,2026-08-24,F02,1,0
Q014733,A02961,S5,2026-08-24,F04,1,0
Q014734,A02962,S3,2026-08-23,F05,0,1
Q014735,A02962,S3,2026-08-23,F02,0,1
Q014736,A02962,S3,2026-08-23,F04,1,0
Q014737,A02962,S4,2026-08-24,F02,0,1
Q014738,A02962,S4,2026-08-24,F05,0,1
Q014739,A02963,S3,2026-08-24,F02,0,1
Q014740,A02963,S3,2026-08-24,F06,0,1
Q014741,A02963,S4,2026-08-24,F05,0,1
Q014742,A02963,S4,2026-08-24,F01,0,1
Q014743,A02963,S4,2026-08-24,F03,0,1
Q014744,A02964,S3,2026-08-24,F03,0,1
Q014745,A02964,S4,2026-08-25,F03,0,1
Q014746,A02964,S4,2026-08-25,F03,0,1
Q014747,A02964,S5,2026-08-26,F02,1,0
Q014748,A02965,S4,2026-08-25,F05,0,1
Q014749,A02965,S4,2026-08-25,F03,0,1
Q014750,A02965,S5,2026-08-25,F06,0,1
Q014751,A02965,S5,2026-08-25,F01,0,1
Q014752,A02965,S5,2026-08-25,F04,1,0
Q014753,A02968,S4,2026-08-26,F01,0,1
Q014754,A02968,S4,2026-08-26,F02,0,1
Q014755,A02968,S4,2026-08-26,F02,0,1
Q014756,A02968,S4,2026-08-26,F03,1,0
Q014757,A02968,S5,2026-08-26,F03,0,1
Q014758,A02968,S5,2026-08-26,F02,1,0
Q014759,A02970,S3,2026-08-26,F01,0,1
Q014760,A02970,S3,2026-08-26,F05,0,1
Q014761,A02970,S3,2026-08-26,F02,1,0
Q014762,A02970,S3,2026-08-26,F02,0,1
Q014763,A02970,S4,2026-08-27,F01,0,1
Q014764,A02970,S4,2026-08-27,F03,0,1
Q014765,A02970,S4,2026-08-27,F01,1,0
Q014766,A02972,S3,2026-08-25,F01,0,1
Q014767,A02972,S3,2026-08-25,F02,0,1
Q014768,A02972,S4,2026-08-26,F03,1,0
Q014769,A02972,S4,2026-08-26,F04,0,1
Q014770,A02972,S4,2026-08-26,F04,1,0
Q014771,A02972,S4,2026-08-26,F01,0,1
Q014772,A02973,S3,2026-08-26,F03,0,1
Q014773,A02973,S3,2026-08-26,F04,1,0
Q014774,A02973,S4,2026-08-26,F01,0,1
Q014775,A02973,S4,2026-08-26,F06,0,1
Q014776,A02973,S4,2026-08-26,F02,0,1
Q014777,A02973,S4,2026-08-26,F01,0,1
Q014778,A02973,S4,2026-08-26,F05,0,1
Q014779,A02973,S4,2026-08-26,F02,0,1
Q014780,A02973,S5,2026-08-26,F06,0,1
Q014781,A02973,S5,2026-08-26,F01,0,1
Q014782,A02974,S3,2026-08-27,F03,0,1
Q014783,A02974,S3,2026-08-27,F05,0,1
Q014784,A02974,S3,2026-08-27,F01,0,1
Q014785,A02974,S3,2026-08-27,F06,0,1
Q014786,A02974,S3,2026-08-27,F04,0,1
Q014787,A02974,S4,2026-08-28,F03,0,1
Q014788,A02974,S4,2026-08-28,F02,0,1
Q014789,A02974,S4,2026-08-28,F01,0,1
Q014790,A02974,S4,2026-08-28,F01,0,1
Q014791,A02974,S4,2026-08-28,F01,0,1
Q014792,A02974,S5,2026-08-28,F02,1,0
Q014793,A02974,S5,2026-08-28,F06,0,1
Q014794,A02975,S3,2026-08-27,F01,0,1
Q014795,A02975,S3,2026-08-27,F01,0,1
Q014796,A02975,S4,2026-08-28,F03,1,0
Q014797,A02975,S4,2026-08-28,F03,1,0
Q014798,A02975,S4,2026-08-28,F05,0,1
Q014799,A02975,S4,2026-08-28,F01,0,1
Q014800,A02975,S5,2026-08-28,F01,1,0
Q014801,A02975,S5,2026-08-28,F02,1,0
Q014802,A02975,S5,2026-08-28,F04,0,1
Q014803,A02975,S5,2026-08-28,F02,0,1
Q014804,A02976,S4,2026-08-28,F02,0,1
Q014805,A02976,S4,2026-08-28,F05,0,1
Q014806,A02976,S4,2026-08-28,F01,0,1
Q014807,A02976,S4,2026-08-28,F02,0,1
Q014808,A02976,S5,2026-08-28,F03,0,1
Q014809,A02977,S3,2026-08-28,F03,0,1
Q014810,A02977,S4,2026-08-28,F03,0,1
Q014811,A02977,S4,2026-08-28,F01,0,1
Q014812,A02977,S4,2026-08-28,F01,0,1
Q014813,A02977,S4,2026-08-28,F04,0,1
Q014814,A02977,S4,2026-08-28,F01,0,1
Q014815,A02979,S4,2026-08-28,F01,1,0
Q014816,A02979,S4,2026-08-28,F01,0,1
Q014817,A02980,S3,2026-08-27,F03,1,0
Q014818,A02980,S3,2026-08-27,F03,0,1
Q014819,A02980,S4,2026-08-28,F01,1,0
Q014820,A02980,S4,2026-08-28,F01,0,1
Q014821,A02980,S4,2026-08-28,F01,0,1
Q014822,A02980,S4,2026-08-28,F04,0,1
Q014823,A02980,S4,2026-08-28,F02,0,1
Q014824,A02980,S4,2026-08-28,F01,0,1
Q014825,A02980,S4,2026-08-28,F02,0,1
Q014826,A02980,S5,2026-08-28,F01,0,1
Q014827,A02980,S5,2026-08-28,F04,0,1
Q014828,A02980,S5,2026-08-28,F04,0,1
Q014829,A02980,S5,2026-08-28,F03,0,1
Q014830,A02980,S5,2026-08-28,F06,0,1
Q014831,A02981,S4,2026-08-27,F04,0,1
Q014832,A02981,S4,2026-08-27,F01,0,1
Q014833,A02981,S4,2026-08-27,F03,0,1
Q014834,A02981,S5,2026-08-27,F02,1,0
Q014835,A02982,S3,2026-08-28,F03,1,0
Q014836,A02982,S4,2026-08-29,F02,1,0
Q014837,A02982,S4,2026-08-29,F05,0,1
Q014838,A02982,S4,2026-08-29,F01,1,0
Q014839,A02982,S4,2026-08-29,F03,0,1
Q014840,A02982,S4,2026-08-29,F05,0,1
Q014841,A02983,S3,2026-08-28,F06,0,1
Q014842,A02983,S3,2026-08-28,F01,0,1
Q014843,A02983,S4,2026-08-28,F02,0,1
Q014844,A02983,S4,2026-08-28,F04,0,1
Q014845,A02983,S5,2026-08-29,F01,1,0
Q014846,A02984,S3,2026-08-28,F02,0,1
Q014847,A02984,S3,2026-08-28,F01,1,0
Q014848,A02984,S5,2026-08-29,F01,0,1
Q014849,A02986,S3,2026-08-29,F05,0,1
Q014850,A02986,S3,2026-08-29,F02,1,0
Q014851,A02986,S4,2026-08-29,F02,1,0
Q014852,A02986,S4,2026-08-29,F03,0,1
Q014853,A02986,S4,2026-08-29,F02,0,1
Q014854,A02986,S4,2026-08-29,F01,0,1
Q014855,A02987,S3,2026-08-29,F02,1,0
Q014856,A02987,S5,2026-08-29,F05,0,1
Q014857,A02987,S5,2026-08-29,F03,0,1
Q014858,A02988,S4,2026-08-29,F02,0,1
Q014859,A02988,S4,2026-08-29,F01,0,1
Q014860,A02988,S4,2026-08-29,F03,0,1
Q014861,A02988,S5,2026-08-29,F02,0,1
Q014862,A02988,S5,2026-08-29,F04,0,1
Q014863,A02989,S3,2026-08-29,F01,0,1
Q014864,A02989,S4,2026-08-29,F02,1,0
Q014865,A02989,S4,2026-08-29,F04,0,1
Q014866,A02989,S4,2026-08-29,F04,0,1
Q014867,A02989,S4,2026-08-29,F05,1,0
Q014868,A02989,S5,2026-08-29,F04,1,0
Q014869,A02989,S5,2026-08-29,F04,1,0
Q014870,A02990,S3,2026-08-29,F03,0,1
Q014871,A02990,S3,2026-08-29,F06,0,1
Q014872,A02990,S4,2026-08-30,F03,0,1
Q014873,A02990,S4,2026-08-30,F04,0,1
Q014874,A02990,S4,2026-08-30,F02,0,1
Q014875,A02990,S4,2026-08-30,F01,1,0
Q014876,A02990,S5,2026-08-30,F03,0,1
Q014877,A02990,S5,2026-08-30,F02,0,1
Q014878,A02991,S3,2026-08-29,F01,0,1
Q014879,A02991,S3,2026-08-29,F02,0,1
Q014880,A02991,S5,2026-08-30,F02,0,1
Q014881,A02992,S3,2026-08-29,F04,0,1
Q014882,A02992,S3,2026-08-29,F04,1,0
Q014883,A02992,S4,2026-08-30,F04,0,1
Q014884,A02992,S5,2026-08-30,F03,0,1
Q014885,A02992,S5,2026-08-30,F01,1,0
Q014886,A02993,S4,2026-09-01,F03,0,1
Q014887,A02993,S4,2026-09-01,F01,0,1
Q014888,A02993,S5,2026-09-02,F01,0,1
Q014889,A02993,S5,2026-09-02,F01,0,1
Q014890,A02993,S5,2026-09-02,F02,0,1
Q014891,A02994,S4,2026-08-30,F02,0,1
Q014892,A02994,S4,2026-08-30,F02,0,1
Q014893,A02995,S4,2026-08-30,F01,1,0
Q014894,A02995,S4,2026-08-30,F01,1,0
Q014895,A02995,S4,2026-08-30,F03,0,1
Q014896,A02995,S5,2026-08-30,F02,0,1
Q014897,A02995,S5,2026-08-30,F02,0,1
Q014898,A02995,S5,2026-08-30,F03,0,1
Q014899,A02996,S3,2026-08-30,F01,0,1
Q014900,A02996,S4,2026-08-30,F02,0,1
Q014901,A02996,S4,2026-08-30,F02,0,1
Q014902,A02996,S4,2026-08-30,F01,0,1
Q014903,A02996,S5,2026-08-31,F02,0,1
Q014904,A02997,S4,2026-08-31,F02,1,0
Q014905,A02997,S4,2026-08-31,F01,0,1
Q014906,A02997,S4,2026-08-31,F03,0,1
Q014907,A02997,S4,2026-08-31,F01,0,1
Q014908,A02997,S5,2026-08-31,F02,0,1
Q014909,A02998,S3,2026-08-31,F04,0,1
Q014910,A02998,S3,2026-08-31,F03,0,1
Q014911,A02998,S4,2026-09-01,F02,1,0
Q014912,A02998,S4,2026-09-01,F01,1,0
Q014913,A02998,S4,2026-09-01,F02,0,1
Q014914,A02998,S4,2026-09-01,F06,0,1
Q014915,A02999,S3,2026-08-31,F06,0,1
Q014916,A02999,S4,2026-08-31,F04,1,0
Q014917,A02999,S4,2026-08-31,F01,0,1
Q014918,A02999,S5,2026-08-31,F01,0,1
Q014919,A02999,S5,2026-08-31,F01,0,1
