AuftragID,StationID,Beginn,Ende,Solldauer_h,Istdauer_h,Wartezeit_h
A00001,S1,2025-01-01 07:30:00,2025-01-01 09:42:00,2.26,2.21,0.5
A00001,S2,2025-01-01 11:39:00,2025-01-01 15:27:00,3.38,3.81,1.94
A00001,S3,2025-01-01 20:38:00,2025-01-02 02:37:00,5.64,5.98,5.17
A00001,S4,2025-01-02 04:05:00,2025-01-02 07:02:00,4.51,2.95,1.47
A00001,S5,2025-01-02 07:10:00,2025-01-02 08:39:00,1.69,1.49,0.14
A00002,S1,2025-01-01 10:39:00,2025-01-01 14:51:00,5.0,4.19,3.65
A00002,S2,2025-01-01 14:58:00,2025-01-01 22:40:00,7.5,7.69,0.12
A00002,S3,2025-01-01 23:21:00,2025-01-02 09:10:00,12.5,9.82,0.7
A00002,S4,2025-01-02 09:56:00,2025-01-03 05:02:00,10.0,19.1,0.76
A00002,S5,2025-01-03 05:50:00,2025-01-03 10:00:00,3.75,4.17,0.81
A00003,S1,2025-01-01 07:26:00,2025-01-01 10:06:00,2.34,2.65,0.44
A00003,S2,2025-01-01 11:32:00,2025-01-01 15:44:00,3.5,4.2,1.44
A00003,S3,2025-01-01 15:53:00,2025-01-01 22:27:00,5.84,6.56,0.16
A00003,S4,2025-01-02 00:45:00,2025-01-02 04:43:00,4.67,3.96,2.31
A00003,S5,2025-01-02 06:50:00,2025-01-02 08:34:00,1.75,1.73,2.12
A00004,S1,2025-01-01 10:01:00,2025-01-01 15:34:00,5.12,5.56,3.01
A00004,S2,2025-01-01 20:13:00,2025-01-02 05:12:00,7.68,8.98,4.65
A00004,S3,2025-01-02 06:45:00,2025-01-02 18:46:00,12.8,12.02,1.55
A00004,S4,2025-01-02 20:09:00,2025-01-03 13:16:00,10.24,17.12,1.39
A00004,S5,2025-01-03 13:43:00,2025-01-03 17:41:00,3.84,3.95,0.46
A00005,S1,2025-01-01 07:51:00,2025-01-01 11:48:00,3.78,3.95,0.84
A00005,S2,2025-01-01 12:17:00,2025-01-01 18:21:00,5.66,6.07,0.48
A00005,S3,2025-01-01 21:24:00,2025-01-02 08:29:00,9.44,11.07,3.05
A00005,S4,2025-01-02 11:24:00,2025-01-02 15:21:00,7.55,3.95,2.92
A00005,S5,2025-01-02 16:49:00,2025-01-02 19:51:00,2.83,3.04,1.47
A00006,S1,2025-01-02 09:14:00,2025-01-02 13:05:00,4.45,3.85,2.23
A00006,S2,2025-01-02 15:20:00,2025-01-02 22:09:00,6.67,6.82,2.25
A00006,S3,2025-01-02 22:37:00,2025-01-03 13:08:00,11.12,14.51,0.47
A00006,S4,2025-01-04 13:52:00,2025-01-04 22:40:00,8.9,8.81,24.73
A00006,S5,2025-01-04 23:40:00,2025-01-05 03:24:00,3.34,3.73,0.99
A00007,S1,2025-01-02 10:53:00,2025-01-02 17:12:00,5.44,6.31,3.89
A00007,S2,2025-01-02 19:01:00,2025-01-03 06:36:00,8.16,11.59,1.81
A00007,S3,2025-01-03 20:33:00,2025-01-04 13:09:00,13.6,16.61,13.95
A00007,S4,2025-01-05 10:39:00,2025-01-05 18:55:00,10.88,8.26,21.5
A00007,S5,2025-01-05 20:52:00,2025-01-06 01:03:00,4.08,4.18,1.95
A00008,S1,2025-01-02 08:59:00,2025-01-02 13:12:00,3.5,4.22,1.98
A00008,S2,2025-01-02 18:35:00,2025-01-02 22:49:00,5.26,4.23,5.38
A00008,S3,2025-01-03 00:17:00,2025-01-03 10:34:00,8.76,10.28,1.46
A00008,S4,2025-01-03 11:15:00,2025-01-03 15:30:00,7.01,4.26,0.68
A00008,S5,2025-01-03 16:08:00,2025-01-03 18:45:00,2.63,2.61,0.64
A00009,S1,2025-01-02 07:08:00,2025-01-02 10:42:00,3.6,3.55,0.14
A00009,S2,2025-01-02 11:21:00,2025-01-02 17:43:00,5.4,6.37,0.65
A00009,S3,2025-01-02 19:42:00,2025-01-03 04:53:00,9.0,9.19,1.98
A00009,S4,2025-01-03 18:22:00,2025-01-04 02:19:00,7.2,7.95,13.48
A00009,S5,2025-01-04 03:22:00,2025-01-04 05:54:00,2.7,2.53,1.05
A00010,S1,2025-01-02 07:29:00,2025-01-02 12:45:00,4.92,5.26,0.49
A00010,S2,2025-01-02 12:52:00,2025-01-02 18:59:00,7.38,6.11,0.12
A00010,S3,2025-01-02 21:45:00,2025-01-03 10:08:00,12.3,12.37,2.77
A00010,S4,2025-01-03 20:43:00,2025-01-04 07:00:00,9.84,10.3,10.58
A00010,S5,2025-01-04 07:01:00,2025-01-04 10:27:00,3.69,3.42,0.01
A00011,S1,2025-01-03 07:02:00,2025-01-03 11:37:00,5.44,4.58,0.04
A00011,S2,2025-01-03 13:02:00,2025-01-03 23:17:00,8.16,10.25,1.41
A00011,S3,2025-01-03 23:39:00,2025-01-04 15:37:00,13.6,15.96,0.36
A00011,S4,2025-01-05 00:35:00,2025-01-05 11:33:00,10.88,10.97,8.97
A00011,S5,2025-01-05 12:17:00,2025-01-05 15:41:00,4.08,3.39,0.74
A00012,S1,2025-01-03 08:16:00,2025-01-03 13:15:00,5.44,4.98,1.27
A00012,S2,2025-01-03 15:15:00,2025-01-03 23:36:00,8.16,8.36,1.99
A00012,S3,2025-01-04 00:59:00,2025-01-04 16:24:00,13.6,15.42,1.39
A00012,S4,2025-01-05 00:42:00,2025-01-05 13:29:00,10.88,12.8,8.29
A00012,S5,2025-01-05 14:05:00,2025-01-05 18:21:00,4.08,4.27,0.59
A00013,S1,2025-01-03 07:24:00,2025-01-03 11:11:00,4.16,3.79,0.4
A00013,S2,2025-01-03 11:25:00,2025-01-03 19:28:00,6.24,8.04,0.23
A00013,S3,2025-01-04 01:23:00,2025-01-04 12:45:00,10.4,11.37,5.92
A00013,S4,2025-01-04 19:58:00,2025-01-05 03:36:00,8.32,7.65,7.21
A00013,S5,2025-01-05 04:19:00,2025-01-05 07:31:00,3.12,3.2,0.71
A00014,S1,2025-01-03 07:17:00,2025-01-03 09:38:00,2.12,2.35,0.29
A00014,S2,2025-01-03 09:58:00,2025-01-03 12:32:00,3.18,2.56,0.33
A00014,S3,2025-01-03 12:46:00,2025-01-03 17:33:00,5.3,4.79,0.23
A00014,S4,2025-01-03 21:08:00,2025-01-04 01:40:00,4.24,4.53,3.58
A00014,S5,2025-01-04 03:15:00,2025-01-04 05:08:00,1.59,1.88,1.59
A00015,S1,2025-01-03 09:29:00,2025-01-03 12:03:00,2.34,2.55,2.49
A00015,S2,2025-01-03 13:42:00,2025-01-03 16:47:00,3.51,3.07,1.66
A00015,S3,2025-01-03 17:01:00,2025-01-03 23:21:00,5.85,6.33,0.24
A00015,S4,2025-01-04 08:30:00,2025-01-04 13:56:00,4.68,5.43,9.15
A00015,S5,2025-01-04 15:39:00,2025-01-04 17:12:00,1.76,1.55,1.72
A00016,S1,2025-01-03 07:08:00,2025-01-03 11:19:00,4.6,4.17,0.14
A00016,S2,2025-01-03 11:32:00,2025-01-03 16:35:00,6.9,5.05,0.23
A00016,S3,2025-01-03 18:28:00,2025-01-04 03:26:00,11.5,8.97,1.87
A00016,S4,2025-01-04 12:27:00,2025-01-04 21:44:00,9.2,9.28,9.02
A00016,S5,2025-01-05 06:59:00,2025-01-05 10:33:00,3.45,3.56,9.26
A00017,S1,2025-01-03 08:14:00,2025-01-03 11:12:00,2.48,2.96,1.24
A00017,S2,2025-01-03 11:57:00,2025-01-03 15:39:00,3.72,3.69,0.76
A00017,S3,2025-01-03 18:05:00,2025-01-03 22:51:00,6.2,4.76,2.44
A00017,S4,2025-01-04 04:43:00,2025-01-04 07:32:00,4.96,2.82,5.86
A00017,S5,2025-01-04 11:37:00,2025-01-04 13:36:00,1.86,1.98,4.1
A00018,S1,2025-01-03 09:56:00,2025-01-03 13:03:00,2.48,3.12,2.93
A00018,S2,2025-01-03 13:10:00,2025-01-03 16:41:00,3.72,3.52,0.11
A00018,S3,2025-01-03 18:11:00,2025-01-04 00:43:00,6.2,6.52,1.5
A00018,S4,2025-01-04 07:53:00,2025-01-04 11:58:00,4.96,4.08,7.17
A00018,S5,2025-01-04 14:05:00,2025-01-04 15:45:00,1.86,1.67,2.11
A00019,S1,2025-01-04 07:33:00,2025-01-04 12:31:00,4.84,4.97,0.54
A00019,S2,2025-01-04 16:26:00,2025-01-05 01:17:00,7.26,8.85,3.91
A00019,S3,2025-01-05 01:23:00,2025-01-05 12:23:00,12.1,11.0,0.11
A00019,S4,2025-01-06 01:43:00,2025-01-06 07:44:00,9.68,6.02,13.33
A00019,S5,2025-01-06 08:48:00,2025-01-06 12:25:00,3.63,3.62,1.06
A00020,S1,2025-01-04 07:02:00,2025-01-04 10:07:00,3.1,3.08,0.03
A00020,S2,2025-01-04 15:56:00,2025-01-04 20:43:00,4.64,4.78,5.82
A00020,S3,2025-01-04 22:28:00,2025-01-05 05:46:00,7.74,7.31,1.75
A00020,S4,2025-01-05 11:05:00,2025-01-05 17:15:00,6.19,6.17,5.31
A00020,S5,2025-01-05 18:18:00,2025-01-05 20:37:00,2.32,2.31,1.05
A00021,S1,2025-01-04 07:18:00,2025-01-04 10:00:00,2.68,2.69,0.31
A00021,S2,2025-01-04 10:00:00,2025-01-04 13:16:00,4.02,3.26,0.01
A00021,S3,2025-01-04 17:50:00,2025-01-04 23:27:00,6.7,5.62,4.56
A00021,S4,2025-01-05 14:57:00,2025-01-05 20:52:00,5.36,5.92,15.51
A00021,S5,2025-01-05 22:03:00,2025-01-06 00:13:00,2.01,2.16,1.18
A00022,S1,2025-01-04 07:41:00,2025-01-04 11:43:00,3.46,4.03,0.69
A00022,S2,2025-01-04 13:34:00,2025-01-04 18:34:00,5.18,4.99,1.85
A00022,S3,2025-01-04 19:29:00,2025-01-05 05:48:00,8.64,10.33,0.92
A00022,S4,2025-01-06 01:23:00,2025-01-06 06:29:00,6.91,5.1,19.58
A00022,S5,2025-01-06 07:22:00,2025-01-06 09:56:00,2.59,2.57,0.88
A00023,S1,2025-01-04 07:10:00,2025-01-04 10:31:00,3.65,3.35,0.17
A00023,S2,2025-01-04 10:37:00,2025-01-04 15:17:00,5.47,4.66,0.1
A00023,S3,2025-01-04 15:33:00,2025-01-05 05:38:00,9.12,14.08,0.26
A00023,S4,2025-01-05 21:15:00,2025-01-06 05:11:00,7.3,7.94,15.61
A00023,S5,2025-01-06 07:46:00,2025-01-06 10:30:00,2.74,2.73,2.59
A00024,S1,2025-01-04 07:44:00,2025-01-04 10:56:00,3.05,3.19,0.74
A00024,S2,2025-01-04 14:19:00,2025-01-04 18:11:00,4.57,3.87,3.38
A00024,S3,2025-01-04 20:20:00,2025-01-05 05:57:00,7.62,9.62,2.16
A00024,S4,2025-01-05 16:08:00,2025-01-05 22:08:00,6.1,6.0,10.17
A00024,S5,2025-01-05 23:35:00,2025-01-06 02:01:00,2.29,2.43,1.45
A00025,S1,2025-01-05 07:17:00,2025-01-05 11:28:00,3.78,4.18,0.29
A00025,S2,2025-01-05 15:13:00,2025-01-05 21:48:00,5.66,6.59,3.75
A00025,S3,2025-01-05 23:05:00,2025-01-06 07:55:00,9.44,8.84,1.28
A00025,S4,2025-01-06 09:45:00,2025-01-06 16:26:00,7.55,6.68,1.83
A00025,S5,2025-01-06 19:21:00,2025-01-06 22:06:00,2.83,2.76,2.9
A00026,S1,2025-01-05 07:37:00,2025-01-05 10:36:00,2.54,2.99,0.61
A00026,S2,2025-01-05 12:08:00,2025-01-05 17:19:00,3.82,5.18,1.54
A00026,S3,2025-01-05 18:27:00,2025-01-05 23:53:00,6.36,5.44,1.13
A00026,S4,2025-01-07 03:51:00,2025-01-07 07:24:00,5.09,3.54,27.97
A00026,S5,2025-01-07 08:07:00,2025-01-07 10:00:00,1.91,1.88,0.72
A00027,S1,2025-01-05 07:25:00,2025-01-05 10:05:00,2.58,2.67,0.41
A00027,S2,2025-01-05 12:14:00,2025-01-05 16:51:00,3.87,4.62,2.14
A00027,S3,2025-01-05 18:45:00,2025-01-06 06:39:00,6.45,11.89,1.91
A00027,S4,2025-01-07 00:29:00,2025-01-07 05:21:00,5.16,4.87,17.83
A00027,S5,2025-01-07 07:38:00,2025-01-07 09:41:00,1.94,2.05,2.28
A00028,S1,2025-01-05 07:43:00,2025-01-05 12:26:00,4.36,4.72,0.72
A00028,S2,2025-01-05 14:10:00,2025-01-05 21:16:00,6.54,7.1,1.74
A00028,S3,2025-01-05 21:21:00,2025-01-06 12:42:00,10.9,15.35,0.07
A00028,S4,2025-01-06 16:16:00,2025-01-07 01:45:00,8.72,9.48,3.58
A00028,S5,2025-01-07 03:25:00,2025-01-07 06:32:00,3.27,3.12,1.67
A00029,S1,2025-01-05 08:11:00,2025-01-05 13:04:00,4.16,4.89,1.18
A00029,S2,2025-01-05 14:22:00,2025-01-05 21:14:00,6.24,6.86,1.3
A00029,S3,2025-01-05 21:14:00,2025-01-06 05:05:00,10.4,7.85,0.0
A00029,S4,2025-01-07 12:58:00,2025-01-07 22:36:00,8.32,9.63,31.89
A00029,S5,2025-01-07 22:45:00,2025-01-08 01:28:00,3.12,2.73,0.15
A00030,S1,2025-01-05 07:23:00,2025-01-05 10:31:00,3.16,3.14,0.38
A00030,S2,2025-01-05 11:38:00,2025-01-05 16:35:00,4.74,4.95,1.11
A00030,S3,2025-01-05 19:27:00,2025-01-06 03:16:00,7.9,7.81,2.87
A00030,S4,2025-01-06 06:13:00,2025-01-06 13:05:00,6.32,6.86,2.95
A00030,S5,2025-01-06 14:23:00,2025-01-06 16:59:00,2.37,2.61,1.3
A00031,S1,2025-01-06 07:48:00,2025-01-06 14:34:00,5.84,6.76,0.8
A00031,S2,2025-01-06 15:10:00,2025-01-07 00:22:00,8.76,9.2,0.6
A00031,S3,2025-01-07 05:43:00,2025-01-07 19:42:00,14.6,13.99,5.35
A00031,S4,2025-01-08 06:51:00,2025-01-08 18:04:00,11.68,11.21,11.15
A00031,S5,2025-01-08 19:24:00,2025-01-09 00:22:00,4.38,4.97,1.33
A00032,S1,2025-01-06 07:11:00,2025-01-06 10:59:00,3.38,3.81,0.18
A00032,S2,2025-01-06 16:11:00,2025-01-06 22:56:00,5.08,6.74,5.2
A00032,S3,2025-01-07 00:26:00,2025-01-07 09:26:00,8.46,9.0,1.5
A00032,S4,2025-01-07 14:07:00,2025-01-07 22:21:00,6.77,8.23,4.69
A00032,S5,2025-01-07 23:55:00,2025-01-08 02:37:00,2.54,2.69,1.58
A00033,S1,2025-01-06 07:15:00,2025-01-06 10:20:00,2.54,3.1,0.24
A00033,S2,2025-01-06 11:02:00,2025-01-06 14:42:00,3.81,3.67,0.69
A00033,S3,2025-01-06 21:00:00,2025-01-07 04:57:00,6.35,7.96,6.3
A00033,S4,2025-01-07 07:54:00,2025-01-07 11:17:00,5.08,3.38,2.95
A00033,S5,2025-01-07 13:06:00,2025-01-07 15:06:00,1.9,2.01,1.81
A00034,S1,2025-01-06 07:39:00,2025-01-06 12:39:00,5.06,4.98,0.66
A00034,S2,2025-01-06 13:02:00,2025-01-06 20:39:00,7.58,7.62,0.38
A00034,S3,2025-01-07 00:32:00,2025-01-07 15:08:00,12.64,14.61,3.88
A00034,S4,2025-01-08 03:32:00,2025-01-08 13:33:00,10.11,10.02,12.4
A00034,S5,2025-01-08 16:28:00,2025-01-08 20:36:00,3.79,4.15,2.9
A00035,S1,2025-01-07 07:02:00,2025-01-07 11:54:00,5.16,4.87,0.04
A00035,S2,2025-01-07 14:03:00,2025-01-07 23:32:00,7.74,9.49,2.14
A00035,S3,2025-01-08 00:40:00,2025-01-08 14:40:00,12.9,13.99,1.14
A00035,S4,2025-01-09 07:29:00,2025-01-09 21:14:00,10.32,13.76,16.82
A00035,S5,2025-01-09 21:41:00,2025-01-10 01:51:00,3.87,4.17,0.44
A00036,S1,2025-01-07 08:26:00,2025-01-07 12:37:00,4.48,4.18,1.44
A00036,S2,2025-01-07 13:47:00,2025-01-07 19:09:00,6.72,5.37,1.16
A00036,S3,2025-01-07 20:22:00,2025-01-08 13:17:00,11.2,16.91,1.22
A00036,S4,2025-01-08 14:29:00,2025-01-08 19:49:00,8.96,5.33,1.21
A00036,S5,2025-01-08 20:42:00,2025-01-09 00:46:00,3.36,4.07,0.88
A00037,S1,2025-01-07 07:45:00,2025-01-07 11:23:00,4.24,3.65,0.74
A00037,S2,2025-01-07 11:41:00,2025-01-07 17:23:00,6.36,5.7,0.3
A00037,S3,2025-01-07 23:16:00,2025-01-08 07:25:00,10.6,8.15,5.88
A00037,S4,2025-01-08 22:08:00,2025-01-09 10:54:00,8.48,12.76,14.72
A00037,S5,2025-01-09 13:41:00,2025-01-09 16:40:00,3.18,2.98,2.78
A00038,S1,2025-01-08 07:46:00,2025-01-08 11:03:00,3.65,3.28,0.77
A00038,S2,2025-01-08 13:34:00,2025-01-08 18:56:00,5.47,5.38,2.51
A00038,S3,2025-01-08 19:12:00,2025-01-09 03:47:00,9.12,8.58,0.26
A00038,S4,2025-01-09 03:53:00,2025-01-09 13:21:00,7.3,9.47,0.09
A00038,S5,2025-01-09 22:58:00,2025-01-10 02:02:00,2.74,3.06,9.62
A00039,S1,2025-01-08 07:35:00,2025-01-08 10:17:00,2.52,2.69,0.59
A00039,S2,2025-01-08 17:48:00,2025-01-08 22:02:00,3.78,4.24,7.52
A00039,S3,2025-01-08 22:27:00,2025-01-09 05:47:00,6.3,7.33,0.4
A00039,S4,2025-01-09 07:17:00,2025-01-09 09:12:00,5.04,1.91,1.51
A00039,S5,2025-01-09 10:29:00,2025-01-09 11:57:00,1.89,1.46,1.28
A00040,S1,2025-01-08 07:07:00,2025-01-08 09:02:00,2.11,1.92,0.12
A00040,S2,2025-01-08 13:27:00,2025-01-08 17:20:00,3.17,3.89,4.42
A00040,S3,2025-01-08 20:37:00,2025-01-09 03:35:00,5.28,6.96,3.28
A00040,S4,2025-01-09 08:28:00,2025-01-09 11:24:00,4.22,2.93,4.89
A00040,S5,2025-01-09 11:32:00,2025-01-09 13:02:00,1.58,1.5,0.14
A00041,S1,2025-01-09 07:36:00,2025-01-09 10:50:00,3.65,3.23,0.61
A00041,S2,2025-01-09 11:23:00,2025-01-09 16:26:00,5.47,5.05,0.55
A00041,S3,2025-01-09 17:37:00,2025-01-10 00:56:00,9.12,7.32,1.18
A00041,S4,2025-01-10 16:53:00,2025-01-11 00:28:00,7.3,7.58,15.95
A00041,S5,2025-01-11 05:08:00,2025-01-11 07:50:00,2.74,2.69,4.68
A00042,S1,2025-01-09 07:54:00,2025-01-09 09:58:00,2.22,2.06,0.9
A00042,S2,2025-01-09 10:07:00,2025-01-09 13:26:00,3.33,3.31,0.16
A00042,S3,2025-01-09 15:46:00,2025-01-09 20:47:00,5.55,5.02,2.33
A00042,S4,2025-01-10 01:32:00,2025-01-10 04:59:00,4.44,3.44,4.76
A00042,S5,2025-01-10 05:05:00,2025-01-10 06:50:00,1.66,1.76,0.09
A00043,S1,2025-01-09 07:34:00,2025-01-09 12:24:00,4.92,4.84,0.56
A00043,S2,2025-01-09 12:46:00,2025-01-09 19:25:00,7.38,6.65,0.36
A00043,S3,2025-01-10 03:45:00,2025-01-10 13:55:00,12.3,10.17,8.33
A00043,S4,2025-01-11 04:01:00,2025-01-11 12:27:00,9.84,8.43,14.11
A00043,S5,2025-01-11 12:42:00,2025-01-11 16:20:00,3.69,3.64,0.24
A00044,S1,2025-01-09 07:17:00,2025-01-09 10:20:00,2.76,3.05,0.28
A00044,S2,2025-01-09 11:30:00,2025-01-09 15:48:00,4.14,4.29,1.17
A00044,S3,2025-01-09 16:57:00,2025-01-10 01:27:00,6.9,8.51,1.15
A00044,S4,2025-01-10 03:41:00,2025-01-10 08:53:00,5.52,5.21,2.23
A00044,S5,2025-01-10 09:58:00,2025-01-10 12:32:00,2.07,2.58,1.07
A00045,S1,2025-01-10 07:02:00,2025-01-10 10:55:00,4.48,3.9,0.03
A00045,S2,2025-01-10 13:26:00,2025-01-10 22:23:00,6.72,8.95,2.52
A00045,S3,2025-01-11 01:47:00,2025-01-11 13:58:00,11.2,12.18,3.4
A00045,S4,2025-01-11 16:50:00,2025-01-12 02:22:00,8.96,9.52,2.87
A00045,S5,2025-01-12 02:34:00,2025-01-12 05:50:00,3.36,3.27,0.2
A00046,S1,2025-01-11 07:05:00,2025-01-11 11:37:00,4.67,4.53,0.08
A00046,S2,2025-01-11 14:54:00,2025-01-11 22:43:00,7.01,7.81,3.29
A00046,S3,2025-01-12 03:56:00,2025-01-12 16:48:00,11.68,12.86,5.22
A00046,S4,2025-01-12 17:35:00,2025-01-13 03:42:00,9.34,10.13,0.78
A00046,S5,2025-01-13 06:43:00,2025-01-13 10:31:00,3.5,3.8,3.01
A00047,S1,2025-01-11 07:02:00,2025-01-11 11:57:00,3.74,4.91,0.03
A00047,S2,2025-01-11 13:05:00,2025-01-11 18:26:00,5.62,5.34,1.14
A00047,S3,2025-01-11 20:01:00,2025-01-12 06:22:00,9.36,10.35,1.59
A00047,S4,2025-01-12 06:39:00,2025-01-12 18:18:00,7.49,11.66,0.28
A00047,S5,2025-01-12 18:59:00,2025-01-12 21:37:00,2.81,2.64,0.68
A00048,S1,2025-01-11 07:49:00,2025-01-11 13:05:00,4.2,5.27,0.82
A00048,S2,2025-01-11 14:10:00,2025-01-11 20:47:00,6.3,6.61,1.08
A00048,S3,2025-01-12 02:30:00,2025-01-12 13:54:00,10.5,11.4,5.71
A00048,S4,2025-01-13 00:14:00,2025-01-13 07:15:00,8.4,7.01,10.34
A00048,S5,2025-01-13 08:58:00,2025-01-13 12:26:00,3.15,3.47,1.72
A00049,S1,2025-01-11 07:26:00,2025-01-11 11:28:00,3.79,4.04,0.43
A00049,S2,2025-01-11 13:48:00,2025-01-11 18:42:00,5.69,4.9,2.34
A00049,S3,2025-01-11 22:57:00,2025-01-12 10:06:00,9.48,11.16,4.25
A00049,S4,2025-01-13 07:34:00,2025-01-13 16:08:00,7.58,8.57,21.46
A00049,S5,2025-01-13 17:35:00,2025-01-13 20:59:00,2.84,3.41,1.44
A00050,S1,2025-01-11 07:35:00,2025-01-11 10:02:00,2.3,2.45,0.58
A00050,S2,2025-01-11 11:15:00,2025-01-11 14:39:00,3.45,3.38,1.23
A00050,S3,2025-01-11 15:06:00,2025-01-11 20:03:00,5.75,4.96,0.45
A00050,S4,2025-01-12 00:51:00,2025-01-12 07:32:00,4.6,6.68,4.8
A00050,S5,2025-01-12 09:36:00,2025-01-12 11:48:00,1.72,2.2,2.07
A00051,S1,2025-01-12 08:39:00,2025-01-12 11:28:00,2.98,2.83,1.64
A00051,S2,2025-01-12 11:45:00,2025-01-12 16:48:00,4.46,5.06,0.27
A00051,S3,2025-01-12 16:54:00,2025-01-12 23:01:00,7.44,6.12,0.1
A00051,S4,2025-01-13 15:06:00,2025-01-14 08:06:00,5.95,17.01,16.07
A00051,S5,2025-01-14 09:50:00,2025-01-14 12:11:00,2.23,2.36,1.72
A00052,S1,2025-01-12 08:42:00,2025-01-12 10:33:00,1.87,1.85,1.7
A00052,S2,2025-01-12 11:24:00,2025-01-12 13:46:00,2.81,2.38,0.85
A00052,S3,2025-01-12 15:43:00,2025-01-12 20:55:00,4.68,5.2,1.95
A00052,S4,2025-01-13 02:03:00,2025-01-13 05:35:00,3.74,3.53,5.14
A00052,S5,2025-01-13 05:41:00,2025-01-13 07:19:00,1.4,1.63,0.1
A00053,S1,2025-01-12 07:05:00,2025-01-12 13:31:00,6.24,6.43,0.09
A00053,S2,2025-01-12 14:17:00,2025-01-12 22:15:00,9.36,7.97,0.76
A00053,S3,2025-01-12 22:21:00,2025-01-13 13:54:00,15.6,15.56,0.09
A00053,S4,2025-01-13 15:17:00,2025-01-14 02:01:00,12.48,10.73,1.38
A00053,S5,2025-01-14 03:20:00,2025-01-14 08:14:00,4.68,4.9,1.31
A00054,S1,2025-01-12 07:01:00,2025-01-12 10:15:00,2.95,3.23,0.01
A00054,S2,2025-01-12 13:25:00,2025-01-12 17:20:00,4.43,3.92,3.17
A00054,S3,2025-01-12 20:35:00,2025-01-13 06:06:00,7.38,9.52,3.24
A00054,S4,2025-01-13 16:36:00,2025-01-13 22:36:00,5.9,6.0,10.5
A00054,S5,2025-01-14 03:57:00,2025-01-14 06:08:00,2.21,2.19,5.35
A00055,S1,2025-01-13 09:28:00,2025-01-13 14:44:00,4.7,5.27,2.47
A00055,S2,2025-01-13 16:13:00,2025-01-14 00:37:00,7.06,8.39,1.49
A00055,S3,2025-01-14 03:36:00,2025-01-14 18:03:00,11.76,14.46,2.98
A00055,S4,2025-01-14 20:01:00,2025-01-15 03:29:00,9.41,7.46,1.97
A00055,S5,2025-01-15 06:24:00,2025-01-15 10:44:00,3.53,4.33,2.92
A00056,S1,2025-01-13 07:37:00,2025-01-13 10:54:00,2.88,3.27,0.62
A00056,S2,2025-01-13 14:42:00,2025-01-13 18:55:00,4.32,4.21,3.81
A00056,S3,2025-01-13 20:03:00,2025-01-14 02:11:00,7.2,6.14,1.14
A00056,S4,2025-01-14 05:41:00,2025-01-14 12:13:00,5.76,6.52,3.5
A00056,S5,2025-01-14 12:33:00,2025-01-14 14:57:00,2.16,2.39,0.35
A00057,S1,2025-01-13 07:34:00,2025-01-13 09:40:00,1.9,2.1,0.56
A00057,S2,2025-01-13 09:43:00,2025-01-13 12:45:00,2.86,3.03,0.06
A00057,S3,2025-01-13 14:16:00,2025-01-13 19:29:00,4.76,5.22,1.52
A00057,S4,2025-01-13 21:35:00,2025-01-14 02:27:00,3.81,4.86,2.1
A00057,S5,2025-01-14 02:59:00,2025-01-14 04:22:00,1.43,1.38,0.53
A00058,S1,2025-01-14 08:15:00,2025-01-14 13:52:00,4.28,5.61,1.25
A00058,S2,2025-01-14 14:35:00,2025-01-14 21:47:00,6.42,7.19,0.73
A00058,S3,2025-01-14 23:29:00,2025-01-15 10:57:00,10.7,11.47,1.7
A00058,S4,2025-01-18 15:06:00,2025-01-18 22:59:00,8.56,7.88,76.14
A00058,S5,2025-01-18 23:16:00,2025-01-19 02:31:00,3.21,3.26,0.29
A00059,S1,2025-01-14 07:41:00,2025-01-14 11:39:00,3.65,3.96,0.69
A00059,S2,2025-01-14 12:49:00,2025-01-14 18:29:00,5.47,5.67,1.17
A00059,S3,2025-01-14 20:09:00,2025-01-15 12:37:00,9.12,16.47,1.66
A00059,S4,2025-01-15 14:39:00,2025-01-15 20:37:00,7.3,5.96,2.04
A00059,S5,2025-01-15 23:47:00,2025-01-16 02:24:00,2.74,2.62,3.16
A00060,S1,2025-01-14 08:22:00,2025-01-14 10:34:00,2.11,2.21,1.36
A00060,S2,2025-01-14 20:50:00,2025-01-14 23:46:00,3.17,2.93,10.28
A00060,S3,2025-01-14 23:56:00,2025-01-15 05:45:00,5.28,5.81,0.16
A00060,S4,2025-01-15 16:21:00,2025-01-15 21:20:00,4.22,4.99,10.6
A00060,S5,2025-01-16 01:07:00,2025-01-16 02:54:00,1.58,1.78,3.78
A00061,S1,2025-01-14 07:56:00,2025-01-14 12:16:00,4.52,4.32,0.94
A00061,S2,2025-01-14 14:21:00,2025-01-14 22:11:00,6.78,7.84,2.09
A00061,S3,2025-01-14 22:54:00,2025-01-15 14:09:00,11.3,15.24,0.72
A00061,S4,2025-01-15 19:37:00,2025-01-16 00:51:00,9.04,5.22,5.47
A00061,S5,2025-01-16 02:25:00,2025-01-16 05:46:00,3.39,3.35,1.57
A00062,S1,2025-01-14 08:03:00,2025-01-14 10:45:00,2.9,2.7,1.05
A00062,S2,2025-01-14 13:09:00,2025-01-14 17:46:00,4.35,4.61,2.41
A00062,S3,2025-01-14 17:49:00,2025-01-15 02:15:00,7.25,8.44,0.05
A00062,S4,2025-01-15 05:44:00,2025-01-15 11:05:00,5.8,5.35,3.48
A00062,S5,2025-01-15 11:16:00,2025-01-15 13:36:00,2.17,2.34,0.17
A00063,S1,2025-01-15 09:46:00,2025-01-15 13:06:00,3.77,3.33,2.77
A00063,S2,2025-01-15 13:58:00,2025-01-15 19:48:00,5.65,5.83,0.86
A00063,S3,2025-01-15 20:32:00,2025-01-16 11:20:00,9.42,14.81,0.74
A00063,S4,2025-01-16 13:47:00,2025-01-17 00:00:00,7.54,10.21,2.45
A00063,S5,2025-01-17 00:53:00,2025-01-17 03:35:00,2.83,2.69,0.89
A00064,S1,2025-01-15 07:38:00,2025-01-15 11:26:00,3.68,3.8,0.63
A00064,S2,2025-01-15 12:58:00,2025-01-15 18:35:00,5.52,5.62,1.54
A00064,S3,2025-01-16 03:33:00,2025-01-16 12:14:00,9.2,8.68,8.97
A00064,S4,2025-01-16 13:01:00,2025-01-16 21:00:00,7.36,7.99,0.78
A00064,S5,2025-01-17 01:51:00,2025-01-17 05:05:00,2.76,3.23,4.85
A00065,S1,2025-01-15 07:06:00,2025-01-15 12:33:00,4.96,5.45,0.11
A00065,S2,2025-01-15 14:04:00,2025-01-15 21:23:00,7.44,7.33,1.51
A00065,S3,2025-01-15 22:02:00,2025-01-16 13:54:00,12.4,15.86,0.65
A00065,S4,2025-01-16 20:42:00,2025-01-17 16:07:00,9.92,19.43,6.8
A00065,S5,2025-01-17 16:25:00,2025-01-17 20:20:00,3.72,3.92,0.29
A00066,S1,2025-01-15 08:19:00,2025-01-15 10:17:00,2.18,1.98,1.31
A00066,S2,2025-01-15 11:05:00,2025-01-15 14:09:00,3.27,3.06,0.81
A00066,S3,2025-01-16 00:39:00,2025-01-16 05:33:00,5.45,4.89,10.5
A00066,S4,2025-01-17 20:15:00,2025-01-18 01:13:00,4.36,4.98,38.7
A00066,S5,2025-01-18 04:45:00,2025-01-18 06:34:00,1.64,1.82,3.53
A00067,S1,2025-01-15 08:02:00,2025-01-15 14:13:00,5.6,6.18,1.03
A00067,S2,2025-01-15 19:05:00,2025-01-16 02:21:00,8.4,7.28,4.86
A00067,S3,2025-01-16 02:34:00,2025-01-16 14:48:00,14.0,12.24,0.21
A00067,S4,2025-01-17 04:00:00,2025-01-17 15:37:00,11.2,11.61,13.2
A00067,S5,2025-01-17 16:54:00,2025-01-17 20:56:00,4.2,4.03,1.28
A00068,S1,2025-01-15 08:01:00,2025-01-15 10:31:00,2.74,2.5,1.02
A00068,S2,2025-01-15 10:35:00,2025-01-15 15:14:00,4.1,4.65,0.07
A00068,S3,2025-01-15 15:34:00,2025-01-15 20:48:00,6.84,5.24,0.33
A00068,S4,2025-01-16 14:18:00,2025-01-16 19:56:00,5.47,5.64,17.49
A00068,S5,2025-01-16 21:08:00,2025-01-16 23:05:00,2.05,1.94,1.19
A00069,S1,2025-01-16 07:32:00,2025-01-16 10:07:00,3.12,2.58,0.53
A00069,S2,2025-01-16 10:36:00,2025-01-16 14:44:00,4.68,4.12,0.49
A00069,S3,2025-01-16 20:06:00,2025-01-17 04:43:00,7.8,8.61,5.38
A00069,S4,2025-01-17 17:37:00,2025-01-18 01:35:00,6.24,7.96,12.9
A00069,S5,2025-01-18 02:53:00,2025-01-18 05:23:00,2.34,2.49,1.3
A00070,S1,2025-01-16 10:52:00,2025-01-16 13:23:00,2.26,2.52,3.86
A00070,S2,2025-01-16 17:36:00,2025-01-16 20:18:00,3.39,2.7,4.21
A00070,S3,2025-01-16 20:37:00,2025-01-17 03:04:00,5.65,6.46,0.32
A00070,S4,2025-01-17 03:17:00,2025-01-17 09:13:00,4.52,5.93,0.22
A00070,S5,2025-01-17 09:43:00,2025-01-17 11:32:00,1.69,1.8,0.51
A00071,S1,2025-01-16 07:16:00,2025-01-16 10:05:00,3.26,2.81,0.27
A00071,S2,2025-01-16 12:01:00,2025-01-16 17:10:00,4.9,5.16,1.93
A00071,S3,2025-01-16 20:50:00,2025-01-17 05:54:00,8.16,9.07,3.66
A00071,S4,2025-01-18 01:02:00,2025-01-18 08:49:00,6.53,7.79,19.14
A00071,S5,2025-01-18 09:20:00,2025-01-18 12:33:00,2.45,3.23,0.5
A00072,S1,2025-01-16 08:21:00,2025-01-16 12:57:00,3.9,4.6,1.35
A00072,S2,2025-01-16 17:20:00,2025-01-16 23:06:00,5.86,5.77,4.38
A00072,S3,2025-01-17 08:14:00,2025-01-17 20:35:00,9.76,12.35,9.14
A00072,S4,2025-01-17 21:32:00,2025-01-18 03:50:00,7.81,6.31,0.94
A00072,S5,2025-01-18 04:17:00,2025-01-18 07:16:00,2.93,2.99,0.44
A00073,S1,2025-01-16 08:14:00,2025-01-16 10:38:00,3.02,2.41,1.23
A00073,S2,2025-01-16 11:48:00,2025-01-16 16:50:00,4.53,5.03,1.17
A00073,S3,2025-01-16 22:05:00,2025-01-17 09:46:00,7.55,11.69,5.25
A00073,S4,2025-01-17 10:08:00,2025-01-17 20:07:00,6.04,9.98,0.37
A00073,S5,2025-01-17 20:08:00,2025-01-17 22:43:00,2.26,2.59,0.01
A00074,S1,2025-01-17 08:10:00,2025-01-17 13:02:00,4.4,4.86,1.17
A00074,S2,2025-01-17 15:27:00,2025-01-17 22:06:00,6.6,6.64,2.42
A00074,S3,2025-01-18 00:25:00,2025-01-18 18:29:00,11.0,18.08,2.31
A00074,S4,2025-01-18 21:39:00,2025-01-19 08:22:00,8.8,10.71,3.16
A00074,S5,2025-01-19 08:57:00,2025-01-19 12:50:00,3.3,3.89,0.58
A00075,S1,2025-01-17 11:57:00,2025-01-17 17:29:00,5.0,5.54,4.94
A00075,S2,2025-01-17 17:37:00,2025-01-18 03:27:00,7.5,9.83,0.15
A00075,S3,2025-01-18 13:42:00,2025-01-19 05:45:00,12.5,16.05,10.24
A00075,S4,2025-01-19 06:07:00,2025-01-19 12:13:00,10.0,6.11,0.37
A00075,S5,2025-01-19 12:26:00,2025-01-19 16:22:00,3.75,3.93,0.22
A00076,S1,2025-01-17 07:10:00,2025-01-17 12:23:00,4.56,5.21,0.17
A00076,S2,2025-01-17 16:17:00,2025-01-18 00:26:00,6.84,8.16,3.89
A00076,S3,2025-01-18 03:13:00,2025-01-18 14:46:00,11.4,11.54,2.79
A00076,S4,2025-01-18 19:38:00,2025-01-19 04:37:00,9.12,8.98,4.88
A00076,S5,2025-01-19 05:28:00,2025-01-19 08:44:00,3.42,3.26,0.85
A00077,S1,2025-01-17 08:04:00,2025-01-17 12:33:00,3.68,4.5,1.06
A00077,S2,2025-01-17 13:17:00,2025-01-17 19:41:00,5.52,6.4,0.72
A00077,S3,2025-01-18 00:36:00,2025-01-18 10:12:00,9.2,9.6,4.92
A00077,S4,2025-01-18 15:16:00,2025-01-18 20:23:00,7.36,5.11,5.07
A00077,S5,2025-01-18 20:59:00,2025-01-18 23:55:00,2.76,2.95,0.59
A00078,S1,2025-01-18 07:42:00,2025-01-18 11:39:00,3.22,3.96,0.69
A00078,S2,2025-01-18 14:59:00,2025-01-18 19:48:00,4.82,4.81,3.34
A00078,S3,2025-01-18 20:10:00,2025-01-19 10:12:00,8.04,14.02,0.37
A00078,S4,2025-01-19 16:35:00,2025-01-20 02:35:00,6.43,10.0,6.38
A00078,S5,2025-01-20 04:44:00,2025-01-20 07:03:00,2.41,2.32,2.15
A00079,S1,2025-01-18 08:02:00,2025-01-18 10:19:00,2.22,2.28,1.03
A00079,S2,2025-01-18 11:46:00,2025-01-18 16:13:00,3.33,4.45,1.46
A00079,S3,2025-01-18 16:25:00,2025-01-18 20:00:00,5.55,3.58,0.21
A00079,S4,2025-01-19 04:38:00,2025-01-19 08:18:00,4.44,3.65,8.63
A00079,S5,2025-01-19 14:16:00,2025-01-19 16:00:00,1.66,1.74,5.98
A00080,S1,2025-01-18 07:44:00,2025-01-18 12:37:00,4.9,4.89,0.73
A00080,S2,2025-01-18 14:30:00,2025-01-18 21:33:00,7.34,7.04,1.89
A00080,S3,2025-01-19 01:59:00,2025-01-19 16:42:00,12.24,14.71,4.44
A00080,S4,2025-01-20 03:11:00,2025-01-20 13:19:00,9.79,10.13,10.49
A00080,S5,2025-01-20 17:06:00,2025-01-20 21:05:00,3.67,3.98,3.78
A00081,S1,2025-01-19 07:15:00,2025-01-19 10:32:00,3.26,3.28,0.25
A00081,S2,2025-01-19 12:33:00,2025-01-19 17:14:00,4.9,4.67,2.01
A00081,S3,2025-01-19 19:32:00,2025-01-20 03:23:00,8.16,7.85,2.31
A00081,S4,2025-01-21 14:02:00,2025-01-21 21:37:00,6.53,7.57,34.66
A00081,S5,2025-01-21 22:41:00,2025-01-22 01:03:00,2.45,2.36,1.08
A00082,S1,2025-01-19 08:33:00,2025-01-19 11:03:00,3.02,2.5,1.54
A00082,S2,2025-01-19 13:25:00,2025-01-19 17:35:00,4.53,4.16,2.38
A00082,S3,2025-01-20 03:49:00,2025-01-20 09:28:00,7.55,5.65,10.23
A00082,S4,2025-01-20 18:39:00,2025-01-21 04:01:00,6.04,9.36,9.19
A00082,S5,2025-01-21 04:27:00,2025-01-21 06:39:00,2.26,2.21,0.43
A00083,S1,2025-01-19 08:52:00,2025-01-19 12:18:00,4.13,3.44,1.87
A00083,S2,2025-01-19 14:36:00,2025-01-19 20:50:00,6.19,6.24,2.29
A00083,S3,2025-01-19 21:34:00,2025-01-20 07:30:00,10.32,9.94,0.73
A00083,S4,2025-01-20 11:09:00,2025-01-21 00:03:00,8.26,12.91,3.64
A00083,S5,2025-01-21 01:22:00,2025-01-21 04:26:00,3.1,3.07,1.31
A00084,S1,2025-01-19 07:41:00,2025-01-19 11:19:00,3.12,3.63,0.69
A00084,S2,2025-01-19 13:32:00,2025-01-19 18:32:00,4.68,5.0,2.21
A00084,S3,2025-01-19 19:05:00,2025-01-20 01:51:00,7.8,6.77,0.56
A00084,S4,2025-01-20 07:39:00,2025-01-20 11:18:00,6.24,3.65,5.79
A00084,S5,2025-01-20 11:21:00,2025-01-20 13:53:00,2.34,2.53,0.06
A00085,S1,2025-01-19 08:52:00,2025-01-19 12:48:00,3.72,3.94,1.86
A00085,S2,2025-01-19 13:14:00,2025-01-19 18:18:00,5.58,5.07,0.43
A00085,S3,2025-01-19 23:32:00,2025-01-20 11:03:00,9.3,11.52,5.22
A00085,S4,2025-01-21 08:13:00,2025-01-21 15:04:00,7.44,6.86,21.16
A00085,S5,2025-01-21 15:35:00,2025-01-21 18:45:00,2.79,3.17,0.51
A00086,S1,2025-01-19 07:45:00,2025-01-19 11:06:00,3.02,3.35,0.75
A00086,S2,2025-01-19 13:17:00,2025-01-19 17:45:00,4.53,4.48,2.18
A00086,S3,2025-01-19 19:39:00,2025-01-20 05:20:00,7.55,9.69,1.89
A00086,S4,2025-01-20 10:05:00,2025-01-20 13:25:00,6.04,3.33,4.76
A00086,S5,2025-01-20 21:53:00,2025-01-20 23:59:00,2.26,2.1,8.46
A00087,S1,2025-01-20 07:27:00,2025-01-20 11:40:00,4.52,4.22,0.45
A00087,S2,2025-01-20 13:05:00,2025-01-20 19:26:00,6.78,6.35,1.41
A00087,S3,2025-01-20 20:30:00,2025-01-21 11:59:00,11.3,15.48,1.07
A00087,S4,2025-01-22 20:40:00,2025-01-23 06:14:00,9.04,9.56,32.69
A00087,S5,2025-01-23 06:40:00,2025-01-23 10:04:00,3.39,3.41,0.43
A00088,S1,2025-01-20 08:15:00,2025-01-20 09:53:00,1.9,1.63,1.25
A00088,S2,2025-01-20 10:04:00,2025-01-20 13:26:00,2.86,3.37,0.18
A00088,S3,2025-01-20 15:55:00,2025-01-20 23:07:00,4.76,7.2,2.49
A00088,S4,2025-01-21 06:41:00,2025-01-21 11:00:00,3.81,4.32,7.56
A00088,S5,2025-01-21 11:46:00,2025-01-21 13:15:00,1.43,1.49,0.77
A00089,S1,2025-01-20 08:06:00,2025-01-20 11:08:00,2.64,3.02,1.11
A00089,S2,2025-01-20 11:35:00,2025-01-20 15:45:00,3.96,4.16,0.45
A00089,S3,2025-01-20 17:59:00,2025-01-21 02:04:00,6.6,8.09,2.24
A00089,S4,2025-01-21 06:59:00,2025-01-21 15:07:00,5.28,8.13,4.91
A00089,S5,2025-01-21 16:54:00,2025-01-21 18:57:00,1.98,2.06,1.78
A00090,S1,2025-01-20 07:32:00,2025-01-20 11:08:00,3.24,3.6,0.54
A00090,S2,2025-01-20 11:13:00,2025-01-20 17:09:00,4.86,5.94,0.07
A00090,S3,2025-01-20 23:59:00,2025-01-21 10:50:00,8.1,10.86,6.82
A00090,S4,2025-01-22 01:26:00,2025-01-22 13:02:00,6.48,11.6,14.59
A00090,S5,2025-01-22 13:42:00,2025-01-22 16:29:00,2.43,2.8,0.66
A00091,S1,2025-01-20 08:50:00,2025-01-20 13:06:00,3.42,4.27,1.83
A00091,S2,2025-01-20 13:10:00,2025-01-20 19:15:00,5.14,6.09,0.06
A00091,S3,2025-01-21 01:57:00,2025-01-21 09:57:00,8.56,8.0,6.69
A00091,S4,2025-01-21 23:23:00,2025-01-22 11:17:00,6.85,11.9,13.43
A00091,S5,2025-01-22 13:05:00,2025-01-22 15:21:00,2.57,2.28,1.81
A00092,S1,2025-01-22 07:03:00,2025-01-22 11:13:00,3.74,4.16,0.06
A00092,S2,2025-01-22 11:25:00,2025-01-22 15:55:00,5.62,4.51,0.2
A00092,S3,2025-01-22 15:59:00,2025-01-23 03:16:00,9.36,11.28,0.07
A00092,S4,2025-01-23 06:17:00,2025-01-23 13:12:00,7.49,6.91,3.03
A00092,S5,2025-01-23 14:16:00,2025-01-23 17:04:00,2.81,2.8,1.07
A00093,S1,2025-01-22 09:31:00,2025-01-22 13:54:00,4.06,4.38,2.52
A00093,S2,2025-01-22 14:09:00,2025-01-22 20:24:00,6.1,6.24,0.25
A00093,S3,2025-01-23 15:25:00,2025-01-24 00:23:00,10.16,8.98,19.02
A00093,S4,2025-01-24 04:28:00,2025-01-24 09:18:00,8.13,4.84,4.07
A00093,S5,2025-01-24 12:33:00,2025-01-24 15:58:00,3.05,3.41,3.25
A00094,S1,2025-01-22 08:49:00,2025-01-22 12:56:00,3.62,4.12,1.82
A00094,S2,2025-01-22 14:28:00,2025-01-22 19:47:00,5.44,5.31,1.53
A00094,S3,2025-01-22 21:32:00,2025-01-23 11:48:00,9.06,14.27,1.75
A00094,S4,2025-01-23 18:54:00,2025-01-24 03:58:00,7.25,9.08,7.1
A00094,S5,2025-01-24 10:06:00,2025-01-24 12:55:00,2.72,2.83,6.12
A00095,S1,2025-01-22 07:26:00,2025-01-22 10:19:00,2.64,2.89,0.43
A00095,S2,2025-01-22 11:31:00,2025-01-22 14:33:00,3.96,3.04,1.19
A00095,S3,2025-01-22 19:39:00,2025-01-23 04:54:00,6.6,9.24,5.1
A00095,S4,2025-01-23 08:39:00,2025-01-23 14:57:00,5.28,6.29,3.75
A00095,S5,2025-01-23 15:30:00,2025-01-23 17:52:00,1.98,2.38,0.55
A00096,S1,2025-01-22 07:58:00,2025-01-22 13:15:00,4.93,5.29,0.97
A00096,S2,2025-01-22 14:20:00,2025-01-22 20:15:00,7.39,5.92,1.08
A00096,S3,2025-01-22 20:19:00,2025-01-23 16:43:00,12.32,20.41,0.05
A00096,S4,2025-01-24 06:28:00,2025-01-24 23:49:00,9.86,17.35,13.74
A00096,S5,2025-01-25 00:21:00,2025-01-25 04:13:00,3.7,3.86,0.54
A00097,S1,2025-01-22 07:06:00,2025-01-22 10:02:00,3.07,2.93,0.1
A00097,S2,2025-01-22 10:37:00,2025-01-22 16:35:00,4.61,5.95,0.6
A00097,S3,2025-01-22 19:42:00,2025-01-23 05:30:00,7.68,9.8,3.13
A00097,S4,2025-01-23 12:08:00,2025-01-23 19:25:00,6.14,7.27,6.63
A00097,S5,2025-01-23 22:44:00,2025-01-24 01:24:00,2.3,2.68,3.31
A00098,S1,2025-01-22 10:19:00,2025-01-22 15:52:00,4.96,5.55,3.32
A00098,S2,2025-01-22 16:46:00,2025-01-23 03:35:00,7.44,10.81,0.9
A00098,S3,2025-01-23 06:56:00,2025-01-23 21:58:00,12.4,15.03,3.35
A00098,S4,2025-01-24 07:29:00,2025-01-24 15:19:00,9.92,7.82,9.53
A00098,S5,2025-01-24 17:11:00,2025-01-24 21:13:00,3.72,4.02,1.87
A00099,S1,2025-01-22 07:24:00,2025-01-22 10:54:00,3.52,3.5,0.4
A00099,S2,2025-01-22 12:20:00,2025-01-22 17:49:00,5.28,5.48,1.44
A00099,S3,2025-01-22 21:03:00,2025-01-23 08:46:00,8.8,11.71,3.23
A00099,S4,2025-01-23 18:51:00,2025-01-24 00:04:00,7.04,5.23,10.08
A00099,S5,2025-01-24 01:05:00,2025-01-24 04:06:00,2.64,3.01,1.02
A00100,S1,2025-01-22 07:38:00,2025-01-22 11:28:00,3.87,3.83,0.63
A00100,S2,2025-01-22 12:15:00,2025-01-22 16:52:00,5.81,4.62,0.79
A00100,S3,2025-01-22 20:58:00,2025-01-23 07:08:00,9.68,10.16,4.1
A00100,S4,2025-01-23 09:42:00,2025-01-23 15:54:00,7.74,6.22,2.56
A00100,S5,2025-01-23 18:19:00,2025-01-23 21:10:00,2.9,2.85,2.4
A00101,S1,2025-01-23 07:22:00,2025-01-23 09:58:00,2.42,2.59,0.37
A00101,S2,2025-01-23 11:37:00,2025-01-23 15:20:00,3.62,3.72,1.64
A00101,S3,2025-01-23 17:07:00,2025-01-24 01:38:00,6.04,8.51,1.78
A00101,S4,2025-01-24 02:30:00,2025-01-24 07:30:00,4.83,5.0,0.87
A00101,S5,2025-01-24 09:13:00,2025-01-24 10:56:00,1.81,1.73,1.71
A00102,S1,2025-01-23 07:03:00,2025-01-23 09:16:00,1.87,2.22,0.05
A00102,S2,2025-01-23 14:01:00,2025-01-23 16:53:00,2.81,2.86,4.76
A00102,S3,2025-01-23 17:43:00,2025-01-23 22:06:00,4.68,4.38,0.83
A00102,S4,2025-01-24 03:34:00,2025-01-24 07:23:00,3.74,3.82,5.47
A00102,S5,2025-01-24 09:14:00,2025-01-24 10:34:00,1.4,1.34,1.84
A00103,S1,2025-01-23 07:44:00,2025-01-23 12:18:00,3.7,4.58,0.73
A00103,S2,2025-01-23 13:26:00,2025-01-23 19:32:00,5.54,6.09,1.13
A00103,S3,2025-01-23 20:41:00,2025-01-24 04:33:00,9.24,7.86,1.16
A00103,S4,2025-01-24 07:00:00,2025-01-24 15:14:00,7.39,8.23,2.45
A00103,S5,2025-01-24 16:34:00,2025-01-24 19:15:00,2.77,2.68,1.34
A00104,S1,2025-01-23 07:47:00,2025-01-23 11:40:00,4.06,3.88,0.79
A00104,S2,2025-01-23 12:10:00,2025-01-23 19:01:00,6.1,6.86,0.5
A00104,S3,2025-01-23 19:43:00,2025-01-24 05:00:00,10.16,9.29,0.69
A00104,S4,2025-01-24 19:48:00,2025-01-25 00:59:00,8.13,5.18,14.81
A00104,S5,2025-01-25 06:27:00,2025-01-25 09:41:00,3.05,3.24,5.46
A00105,S1,2025-01-24 07:27:00,2025-01-24 13:55:00,6.16,6.46,0.45
A00105,S2,2025-01-24 14:15:00,2025-01-25 01:02:00,9.24,10.77,0.34
A00105,S3,2025-01-25 04:48:00,2025-01-25 19:33:00,15.4,14.75,3.77
A00105,S4,2025-01-26 08:36:00,2025-01-26 20:30:00,12.32,11.91,13.04
A00105,S5,2025-01-26 20:42:00,2025-01-27 02:22:00,4.62,5.68,0.19
A00106,S1,2025-01-24 08:53:00,2025-01-24 12:20:00,2.9,3.45,1.89
A00106,S2,2025-01-24 14:54:00,2025-01-24 20:13:00,4.36,5.32,2.56
A00106,S3,2025-01-24 21:09:00,2025-01-25 02:49:00,7.26,5.67,0.94
A00106,S4,2025-01-25 03:50:00,2025-01-25 07:08:00,5.81,3.3,1.01
A00106,S5,2025-01-25 09:29:00,2025-01-25 12:05:00,2.18,2.6,2.35
A00107,S1,2025-01-25 08:59:00,2025-01-25 13:33:00,4.83,4.58,1.98
A00107,S2,2025-01-25 18:49:00,2025-01-26 02:02:00,7.25,7.21,5.26
A00107,S3,2025-01-26 07:56:00,2025-01-26 23:18:00,12.08,15.37,5.91
A00107,S4,2025-01-27 05:23:00,2025-01-27 16:05:00,9.66,10.69,6.08
A00107,S5,2025-01-27 16:26:00,2025-01-27 19:56:00,3.62,3.5,0.35
A00108,S1,2025-01-25 10:52:00,2025-01-25 14:53:00,3.39,4.01,3.87
A00108,S2,2025-01-25 16:30:00,2025-01-25 21:43:00,5.09,5.21,1.62
A00108,S3,2025-01-25 21:49:00,2025-01-26 02:51:00,8.48,5.03,0.1
A00108,S4,2025-01-26 17:57:00,2025-01-27 00:48:00,6.78,6.85,15.1
A00108,S5,2025-01-27 02:09:00,2025-01-27 05:01:00,2.54,2.87,1.35
A00109,S1,2025-01-25 07:30:00,2025-01-25 09:33:00,1.98,2.06,0.49
A00109,S2,2025-01-25 09:52:00,2025-01-25 13:03:00,2.98,3.18,0.32
A00109,S3,2025-01-25 14:20:00,2025-01-25 20:46:00,4.96,6.42,1.28
A00109,S4,2025-01-25 23:57:00,2025-01-26 04:23:00,3.97,4.44,3.18
A00109,S5,2025-01-26 06:41:00,2025-01-26 08:00:00,1.49,1.32,2.31
A00110,S1,2025-01-25 07:20:00,2025-01-25 10:06:00,2.88,2.77,0.33
A00110,S2,2025-01-25 10:55:00,2025-01-25 16:55:00,4.32,5.99,0.82
A00110,S3,2025-01-25 20:38:00,2025-01-26 02:38:00,7.2,5.99,3.73
A00110,S4,2025-01-26 04:21:00,2025-01-26 10:21:00,5.76,6.0,1.72
A00110,S5,2025-01-26 11:30:00,2025-01-26 13:34:00,2.16,2.07,1.16
A00111,S1,2025-01-25 07:09:00,2025-01-25 10:13:00,2.54,3.07,0.15
A00111,S2,2025-01-25 10:33:00,2025-01-25 14:58:00,3.82,4.42,0.32
A00111,S3,2025-01-25 15:22:00,2025-01-25 20:03:00,6.36,4.69,0.4
A00111,S4,2025-01-25 21:51:00,2025-01-26 05:53:00,5.09,8.03,1.81
A00111,S5,2025-01-26 06:12:00,2025-01-26 08:07:00,1.91,1.91,0.32
A00112,S1,2025-01-25 07:08:00,2025-01-25 09:10:00,1.86,2.03,0.13
A00112,S2,2025-01-25 10:06:00,2025-01-25 12:24:00,2.78,2.3,0.94
A00112,S3,2025-01-25 20:25:00,2025-01-26 02:28:00,4.64,6.05,8.01
A00112,S4,2025-01-26 03:03:00,2025-01-26 07:56:00,3.71,4.88,0.58
A00112,S5,2025-01-26 08:09:00,2025-01-26 09:43:00,1.39,1.58,0.21
A00113,S1,2025-01-25 07:27:00,2025-01-25 13:04:00,6.28,5.62,0.45
A00113,S2,2025-01-25 14:41:00,2025-01-26 02:00:00,9.42,11.32,1.62
A00113,S3,2025-01-26 07:35:00,2025-01-26 21:57:00,15.7,14.37,5.58
A00113,S4,2025-01-27 04:32:00,2025-01-28 04:55:00,12.56,24.38,6.59
A00113,S5,2025-01-28 05:34:00,2025-01-28 10:55:00,4.71,5.35,0.64
A00114,S1,2025-01-26 08:45:00,2025-01-26 11:50:00,2.98,3.08,1.75
A00114,S2,2025-01-26 11:52:00,2025-01-26 18:50:00,4.46,6.97,0.03
A00114,S3,2025-01-26 22:30:00,2025-01-27 05:38:00,7.44,7.13,3.67
A00114,S4,2025-01-27 06:23:00,2025-01-27 10:47:00,5.95,4.39,0.76
A00114,S5,2025-01-27 10:54:00,2025-01-27 13:06:00,2.23,2.2,0.12
A00115,S1,2025-01-26 09:06:00,2025-01-26 14:13:00,4.68,5.11,2.1
A00115,S2,2025-01-26 17:24:00,2025-01-27 00:48:00,7.02,7.39,3.2
A00115,S3,2025-01-27 06:07:00,2025-01-27 17:05:00,11.7,10.96,5.32
A00115,S4,2025-01-28 21:14:00,2025-01-29 13:45:00,9.36,16.52,28.17
A00115,S5,2025-01-29 20:09:00,2025-01-29 23:33:00,3.51,3.41,6.39
A00116,S1,2025-01-26 08:19:00,2025-01-26 10:09:00,1.84,1.83,1.32
A00116,S2,2025-01-26 10:18:00,2025-01-26 13:05:00,2.76,2.79,0.15
A00116,S3,2025-01-26 17:44:00,2025-01-26 21:59:00,4.6,4.25,4.65
A00116,S4,2025-01-27 09:43:00,2025-01-27 15:08:00,3.68,5.43,11.72
A00116,S5,2025-01-28 00:33:00,2025-01-28 01:52:00,1.38,1.32,9.41
A00117,S1,2025-01-26 10:11:00,2025-01-26 13:21:00,2.54,3.18,3.18
A00117,S2,2025-01-26 15:29:00,2025-01-26 19:40:00,3.82,4.18,2.13
A00117,S3,2025-01-26 20:32:00,2025-01-27 02:30:00,6.36,5.97,0.87
A00117,S4,2025-01-27 07:31:00,2025-01-27 12:13:00,5.09,4.71,5.01
A00117,S5,2025-01-27 12:13:00,2025-01-27 14:07:00,1.91,1.9,0.0
A00118,S1,2025-01-27 07:05:00,2025-01-27 11:16:00,3.68,4.18,0.09
A00118,S2,2025-01-27 11:39:00,2025-01-27 18:14:00,5.52,6.59,0.38
A00118,S3,2025-01-27 23:21:00,2025-01-28 09:37:00,9.2,10.27,5.12
A00118,S4,2025-01-28 09:41:00,2025-01-28 15:05:00,7.36,5.39,0.06
A00118,S5,2025-01-28 16:34:00,2025-01-28 20:04:00,2.76,3.49,1.49
A00119,S1,2025-01-27 07:12:00,2025-01-27 13:10:00,4.42,5.96,0.2
A00119,S2,2025-01-27 13:19:00,2025-01-27 21:23:00,6.62,8.07,0.16
A00119,S3,2025-01-27 22:45:00,2025-01-28 08:15:00,11.04,9.51,1.36
A00119,S4,2025-01-28 21:39:00,2025-01-29 06:36:00,8.83,8.94,13.4
A00119,S5,2025-01-29 07:26:00,2025-01-29 11:00:00,3.31,3.56,0.83
A00120,S1,2025-01-27 07:24:00,2025-01-27 09:53:00,2.19,2.48,0.4
A00120,S2,2025-01-27 10:10:00,2025-01-27 13:07:00,3.29,2.95,0.28
A00120,S3,2025-01-27 17:08:00,2025-01-27 22:14:00,5.48,5.09,4.03
A00120,S4,2025-01-27 23:00:00,2025-01-28 05:29:00,4.38,6.49,0.77
A00120,S5,2025-01-28 07:25:00,2025-01-28 09:25:00,1.64,1.99,1.93
A00121,S1,2025-01-27 08:53:00,2025-01-27 10:56:00,2.12,2.05,1.88
A00121,S2,2025-01-27 13:52:00,2025-01-27 17:16:00,3.18,3.41,2.93
A00121,S3,2025-01-28 02:41:00,2025-01-28 07:21:00,5.3,4.66,9.42
A00121,S4,2025-01-28 17:53:00,2025-01-28 23:27:00,4.24,5.56,10.54
A00121,S5,2025-01-29 01:36:00,2025-01-29 03:52:00,1.59,2.27,2.14
A00122,S1,2025-01-27 07:55:00,2025-01-27 14:35:00,5.44,6.66,0.92
A00122,S2,2025-01-27 15:26:00,2025-01-28 00:47:00,8.16,9.35,0.85
A00122,S3,2025-01-28 00:59:00,2025-01-28 13:28:00,13.6,12.49,0.2
A00122,S4,2025-01-28 13:38:00,2025-01-28 19:31:00,10.88,5.89,0.16
A00122,S5,2025-01-28 20:36:00,2025-01-29 00:01:00,4.08,3.43,1.07
A00123,S1,2025-01-27 07:51:00,2025-01-27 10:10:00,2.38,2.31,0.86
A00123,S2,2025-01-27 10:53:00,2025-01-27 14:49:00,3.58,3.94,0.72
A00123,S3,2025-01-27 23:55:00,2025-01-28 07:12:00,5.96,7.28,9.09
A00123,S4,2025-01-28 07:36:00,2025-01-28 12:36:00,4.77,5.01,0.4
A00123,S5,2025-01-28 13:06:00,2025-01-28 15:05:00,1.79,1.98,0.51
A00124,S1,2025-01-27 07:30:00,2025-01-27 09:47:00,2.37,2.29,0.49
A00124,S2,2025-01-27 10:50:00,2025-01-27 14:30:00,3.55,3.68,1.04
A00124,S3,2025-01-27 16:27:00,2025-01-27 21:55:00,5.92,5.48,1.94
A00124,S4,2025-01-27 23:06:00,2025-01-28 03:03:00,4.74,3.95,1.18
A00124,S5,2025-01-28 04:00:00,2025-01-28 06:03:00,1.78,2.06,0.95
A00125,S1,2025-01-27 08:31:00,2025-01-27 12:10:00,3.22,3.67,1.51
A00125,S2,2025-01-27 12:55:00,2025-01-27 17:01:00,4.82,4.11,0.74
A00125,S3,2025-01-27 20:04:00,2025-01-28 03:40:00,8.04,7.59,3.05
A00125,S4,2025-01-28 19:03:00,2025-01-29 01:54:00,6.43,6.86,15.38
A00125,S5,2025-01-29 04:30:00,2025-01-29 07:02:00,2.41,2.54,2.6
A00126,S1,2025-01-28 08:16:00,2025-01-28 12:35:00,3.41,4.33,1.26
A00126,S2,2025-01-28 14:18:00,2025-01-28 18:09:00,5.11,3.84,1.71
A00126,S3,2025-01-28 20:17:00,2025-01-29 09:30:00,8.52,13.21,2.14
A00126,S4,2025-01-29 17:10:00,2025-01-30 06:46:00,6.82,13.6,7.67
A00126,S5,2025-01-30 08:27:00,2025-01-30 11:24:00,2.56,2.94,1.69
A00127,S1,2025-01-28 11:06:00,2025-01-28 13:11:00,2.26,2.09,4.1
A00127,S2,2025-01-28 13:55:00,2025-01-28 17:09:00,3.39,3.22,0.73
A00127,S3,2025-01-28 18:46:00,2025-01-29 01:44:00,5.65,6.97,1.62
A00127,S4,2025-01-29 09:11:00,2025-01-29 12:08:00,4.52,2.96,7.44
A00127,S5,2025-01-29 14:09:00,2025-01-29 15:48:00,1.69,1.65,2.01
A00128,S1,2025-01-28 07:39:00,2025-01-28 11:59:00,4.45,4.34,0.65
A00128,S2,2025-01-28 12:19:00,2025-01-28 17:42:00,6.67,5.38,0.34
A00128,S3,2025-01-29 00:39:00,2025-01-29 11:26:00,11.12,10.79,6.94
A00128,S4,2025-01-29 11:45:00,2025-01-30 04:22:00,8.9,16.62,0.31
A00128,S5,2025-01-30 06:35:00,2025-01-30 10:06:00,3.34,3.52,2.21
A00129,S1,2025-01-28 07:24:00,2025-01-28 10:02:00,2.45,2.63,0.4
A00129,S2,2025-01-28 14:04:00,2025-01-28 18:11:00,3.67,4.11,4.04
A00129,S3,2025-01-28 18:24:00,2025-01-29 02:32:00,6.12,8.13,0.22
A00129,S4,2025-01-29 04:58:00,2025-01-29 11:40:00,4.9,6.7,2.43
A00129,S5,2025-01-29 21:17:00,2025-01-29 23:09:00,1.84,1.87,9.62
A00130,S1,2025-01-28 07:15:00,2025-01-28 10:12:00,2.66,2.95,0.24
A00130,S2,2025-01-28 16:01:00,2025-01-28 20:20:00,4.0,4.32,5.82
A00130,S3,2025-01-29 00:51:00,2025-01-29 06:17:00,6.66,5.43,4.51
A00130,S4,2025-01-29 07:29:00,2025-01-29 13:43:00,5.33,6.23,1.21
A00130,S5,2025-01-29 16:02:00,2025-01-29 18:09:00,2.0,2.11,2.33
A00131,S1,2025-01-29 07:45:00,2025-01-29 14:00:00,6.36,6.25,0.75
A00131,S2,2025-01-29 14:11:00,2025-01-30 00:10:00,9.54,9.98,0.19
A00131,S3,2025-01-30 04:25:00,2025-01-30 20:58:00,15.9,16.54,4.25
A00131,S4,2025-01-31 14:14:00,2025-02-01 01:08:00,12.72,10.9,17.27
A00131,S5,2025-02-01 08:43:00,2025-02-01 13:53:00,4.77,5.18,7.58
A00132,S1,2025-01-29 07:45:00,2025-01-29 11:32:00,3.65,3.79,0.74
A00132,S2,2025-01-29 15:27:00,2025-01-29 23:34:00,5.47,8.12,3.91
A00132,S3,2025-01-30 02:14:00,2025-01-30 15:18:00,9.12,13.06,2.67
A00132,S4,2025-01-30 22:27:00,2025-01-31 06:51:00,7.3,8.4,7.15
A00132,S5,2025-01-31 07:09:00,2025-01-31 09:54:00,2.74,2.75,0.31
A00133,S1,2025-01-29 07:42:00,2025-01-29 10:11:00,2.32,2.49,0.7
A00133,S2,2025-01-29 10:45:00,2025-01-29 14:47:00,3.48,4.03,0.56
A00133,S3,2025-01-29 18:39:00,2025-01-30 00:41:00,5.8,6.03,3.88
A00133,S4,2025-01-30 09:21:00,2025-01-30 13:28:00,4.64,4.12,8.67
A00133,S5,2025-01-30 18:38:00,2025-01-30 20:16:00,1.74,1.62,5.17
A00134,S1,2025-01-30 07:52:00,2025-01-30 12:31:00,3.9,4.65,0.87
A00134,S2,2025-01-30 20:27:00,2025-01-31 04:43:00,5.86,8.27,7.93
A00134,S3,2025-01-31 06:53:00,2025-01-31 16:37:00,9.76,9.73,2.17
A00134,S4,2025-01-31 18:02:00,2025-01-31 22:09:00,7.81,4.11,1.42
A00134,S5,2025-01-31 22:35:00,2025-02-01 01:35:00,2.93,3.0,0.45
A00135,S1,2025-01-30 07:38:00,2025-01-30 10:20:00,2.66,2.7,0.63
A00135,S2,2025-01-30 11:05:00,2025-01-30 15:21:00,4.0,4.28,0.74
A00135,S3,2025-01-30 16:16:00,2025-01-30 22:31:00,6.66,6.25,0.91
A00135,S4,2025-01-31 06:03:00,2025-01-31 14:09:00,5.33,8.11,7.53
A00135,S5,2025-01-31 23:17:00,2025-02-01 01:00:00,2.0,1.71,9.14
A00136,S1,2025-01-30 07:54:00,2025-01-30 10:54:00,3.08,3.0,0.91
A00136,S2,2025-01-30 11:26:00,2025-01-30 16:18:00,4.62,4.87,0.52
A00136,S3,2025-01-30 17:37:00,2025-01-31 00:28:00,7.7,6.84,1.33
A00136,S4,2025-01-31 10:25:00,2025-01-31 16:40:00,6.16,6.25,9.95
A00136,S5,2025-01-31 18:14:00,2025-01-31 20:22:00,2.31,2.15,1.56
A00137,S1,2025-01-30 09:37:00,2025-01-30 14:42:00,4.6,5.08,2.62
A00137,S2,2025-01-30 16:42:00,2025-01-30 23:51:00,6.9,7.15,2.0
A00137,S3,2025-01-31 01:29:00,2025-01-31 13:24:00,11.5,11.92,1.64
A00137,S4,2025-01-31 14:36:00,2025-01-31 23:53:00,9.2,9.28,1.2
A00137,S5,2025-02-01 01:28:00,2025-02-01 04:55:00,3.45,3.45,1.58
A00138,S1,2025-01-30 07:21:00,2025-01-30 11:05:00,3.36,3.72,0.36
A00138,S2,2025-01-30 12:19:00,2025-01-30 18:53:00,5.04,6.56,1.24
A00138,S3,2025-01-30 21:33:00,2025-01-31 04:53:00,8.4,7.33,2.67
A00138,S4,2025-01-31 16:52:00,2025-01-31 23:44:00,6.72,6.88,11.98
A00138,S5,2025-02-01 01:38:00,2025-02-01 04:00:00,2.52,2.36,1.9
A00139,S1,2025-01-31 07:02:00,2025-01-31 11:52:00,4.93,4.84,0.03
A00139,S2,2025-01-31 17:02:00,2025-02-01 02:18:00,7.39,9.27,5.15
A00139,S3,2025-02-01 02:28:00,2025-02-01 23:42:00,12.32,21.23,0.16
A00139,S4,2025-02-02 04:44:00,2025-02-02 14:05:00,9.86,9.36,5.03
A00139,S5,2025-02-02 15:05:00,2025-02-02 19:04:00,3.7,3.99,0.99
A00140,S1,2025-01-31 07:45:00,2025-01-31 12:42:00,4.32,4.95,0.74
A00140,S2,2025-01-31 14:10:00,2025-01-31 19:33:00,6.48,5.38,1.47
A00140,S3,2025-01-31 22:16:00,2025-02-01 12:54:00,10.8,14.63,2.72
A00140,S4,2025-02-02 16:02:00,2025-02-03 01:05:00,8.64,9.05,27.13
A00140,S5,2025-02-03 01:09:00,2025-02-03 04:09:00,3.24,3.0,0.06
A00141,S1,2025-01-31 07:07:00,2025-01-31 11:27:00,4.6,4.33,0.12
A00141,S2,2025-01-31 12:50:00,2025-01-31 19:32:00,6.9,6.71,1.38
A00141,S3,2025-01-31 23:45:00,2025-02-01 13:46:00,11.5,14.02,4.22
A00141,S4,2025-02-01 15:47:00,2025-02-01 22:50:00,9.2,7.05,2.02
A00141,S5,2025-02-02 01:06:00,2025-02-02 05:05:00,3.45,4.0,2.26
A00142,S1,2025-01-31 07:10:00,2025-01-31 09:26:00,2.34,2.27,0.16
A00142,S2,2025-01-31 13:07:00,2025-01-31 16:14:00,3.51,3.11,3.68
A00142,S3,2025-01-31 18:57:00,2025-02-01 00:20:00,5.85,5.39,2.72
A00142,S4,2025-02-02 09:40:00,2025-02-02 15:43:00,4.68,6.05,33.33
A00142,S5,2025-02-02 20:32:00,2025-02-02 22:17:00,1.76,1.75,4.82
A00143,S1,2025-01-31 07:30:00,2025-01-31 09:35:00,2.0,2.09,0.5
A00143,S2,2025-01-31 10:38:00,2025-01-31 14:10:00,3.0,3.53,1.04
A00143,S3,2025-01-31 14:59:00,2025-01-31 19:02:00,5.0,4.06,0.82
A00143,S4,2025-01-31 19:20:00,2025-01-31 23:54:00,4.0,4.57,0.3
A00143,S5,2025-02-01 01:37:00,2025-02-01 03:29:00,1.5,1.85,1.72
A00144,S1,2025-01-31 07:03:00,2025-01-31 09:44:00,2.72,2.68,0.06
A00144,S2,2025-01-31 13:16:00,2025-01-31 17:03:00,4.08,3.79,3.54
A00144,S3,2025-01-31 20:47:00,2025-02-01 04:25:00,6.8,7.64,3.72
A00144,S4,2025-02-01 06:28:00,2025-02-01 13:45:00,5.44,7.28,2.06
A00144,S5,2025-02-01 17:06:00,2025-02-01 19:18:00,2.04,2.2,3.35
A00145,S1,2025-01-31 07:48:00,2025-01-31 10:22:00,2.34,2.56,0.8
A00145,S2,2025-01-31 12:27:00,2025-01-31 16:20:00,3.5,3.89,2.08
A00145,S3,2025-01-31 16:22:00,2025-01-31 21:44:00,5.84,5.37,0.03
A00145,S4,2025-01-31 23:36:00,2025-02-01 03:33:00,4.67,3.95,1.86
A00145,S5,2025-02-01 03:49:00,2025-02-01 05:28:00,1.75,1.65,0.27
A00146,S1,2025-02-01 07:12:00,2025-02-01 13:41:00,5.06,6.47,0.2
A00146,S2,2025-02-01 13:43:00,2025-02-02 02:17:00,7.58,12.56,0.04
A00146,S3,2025-02-02 02:53:00,2025-02-02 16:52:00,12.64,13.98,0.6
A00146,S4,2025-02-03 13:14:00,2025-02-04 01:20:00,10.11,12.11,20.36
A00146,S5,2025-02-04 06:18:00,2025-02-04 10:15:00,3.79,3.94,4.96
A00147,S1,2025-02-01 08:43:00,2025-02-01 11:38:00,2.69,2.9,1.72
A00147,S2,2025-02-01 16:25:00,2025-02-01 20:55:00,4.03,4.51,4.78
A00147,S3,2025-02-02 02:44:00,2025-02-02 08:59:00,6.72,6.26,5.81
A00147,S4,2025-02-02 15:18:00,2025-02-03 05:42:00,5.38,14.4,6.32
A00147,S5,2025-02-03 07:34:00,2025-02-03 09:24:00,2.02,1.83,1.86
A00148,S1,2025-02-01 07:59:00,2025-02-01 11:25:00,3.1,3.44,0.98
A00148,S2,2025-02-01 13:32:00,2025-02-01 17:58:00,4.64,4.43,2.11
A00148,S3,2025-02-01 20:12:00,2025-02-02 03:01:00,7.74,6.83,2.23
A00148,S4,2025-02-02 05:08:00,2025-02-02 09:51:00,6.19,4.72,2.1
A00148,S5,2025-02-02 11:47:00,2025-02-02 14:30:00,2.32,2.72,1.94
A00149,S1,2025-02-01 07:06:00,2025-02-01 10:52:00,3.58,3.77,0.1
A00149,S2,2025-02-01 11:25:00,2025-02-01 15:45:00,5.36,4.33,0.55
A00149,S3,2025-02-01 18:14:00,2025-02-02 03:59:00,8.94,9.74,2.49
A00149,S4,2025-02-02 20:36:00,2025-02-03 05:11:00,7.15,8.59,16.63
A00149,S5,2025-02-03 07:55:00,2025-02-03 10:20:00,2.68,2.43,2.72
A00150,S1,2025-02-01 08:42:00,2025-02-01 12:55:00,4.6,4.22,1.69
A00150,S2,2025-02-01 14:09:00,2025-02-01 20:39:00,6.9,6.51,1.24
A00150,S3,2025-02-01 21:12:00,2025-02-02 06:25:00,11.5,9.21,0.55
A00150,S4,2025-02-02 07:15:00,2025-02-02 14:30:00,9.2,7.25,0.84
A00150,S5,2025-02-02 14:41:00,2025-02-02 17:55:00,3.45,3.22,0.18
A00151,S1,2025-02-01 08:31:00,2025-02-01 13:10:00,5.02,4.64,1.52
A00151,S2,2025-02-01 15:01:00,2025-02-02 00:15:00,7.54,9.24,1.86
A00151,S3,2025-02-02 02:54:00,2025-02-02 14:41:00,12.56,11.77,2.65
A00151,S4,2025-02-02 23:02:00,2025-02-03 08:31:00,10.05,9.49,8.35
A00151,S5,2025-02-03 11:28:00,2025-02-03 15:36:00,3.77,4.13,2.95
A00152,S1,2025-02-02 07:16:00,2025-02-02 10:13:00,2.54,2.96,0.26
A00152,S2,2025-02-02 17:21:00,2025-02-02 21:23:00,3.82,4.04,7.12
A00152,S3,2025-02-02 21:35:00,2025-02-03 05:17:00,6.36,7.7,0.2
A00152,S4,2025-02-03 14:23:00,2025-02-03 22:01:00,5.09,7.64,9.1
A00152,S5,2025-02-03 23:01:00,2025-02-04 01:32:00,1.91,2.51,1.01
A00153,S1,2025-02-02 08:12:00,2025-02-02 13:34:00,5.06,5.36,1.21
A00153,S2,2025-02-02 13:37:00,2025-02-02 19:40:00,7.58,6.05,0.06
A00153,S3,2025-02-02 21:06:00,2025-02-03 08:55:00,12.64,11.8,1.44
A00153,S4,2025-02-03 09:38:00,2025-02-03 20:02:00,10.11,10.4,0.72
A00153,S5,2025-02-03 20:10:00,2025-02-03 23:36:00,3.79,3.45,0.13
A00154,S1,2025-02-02 07:37:00,2025-02-02 09:52:00,1.95,2.24,0.62
A00154,S2,2025-02-02 13:26:00,2025-02-02 16:46:00,2.93,3.34,3.57
A00154,S3,2025-02-02 17:23:00,2025-02-02 23:20:00,4.88,5.95,0.61
A00154,S4,2025-02-02 23:36:00,2025-02-03 02:21:00,3.9,2.74,0.26
A00154,S5,2025-02-03 04:02:00,2025-02-03 05:27:00,1.46,1.41,1.69
A00155,S1,2025-02-02 08:55:00,2025-02-02 11:42:00,2.52,2.78,1.92
A00155,S2,2025-02-02 14:36:00,2025-02-02 18:06:00,3.78,3.5,2.89
A00155,S3,2025-02-02 19:18:00,2025-02-03 03:11:00,6.3,7.89,1.2
A00155,S4,2025-02-03 05:47:00,2025-02-03 13:42:00,5.04,7.92,2.6
A00155,S5,2025-02-03 17:20:00,2025-02-03 19:03:00,1.89,1.73,3.63
A00156,S1,2025-02-03 07:43:00,2025-02-03 11:05:00,3.43,3.38,0.71
A00156,S2,2025-02-03 11:56:00,2025-02-03 16:41:00,5.15,4.75,0.85
A00156,S3,2025-02-03 17:31:00,2025-02-04 02:44:00,8.58,9.22,0.82
A00156,S4,2025-02-04 08:14:00,2025-02-04 16:20:00,6.86,8.1,5.5
A00156,S5,2025-02-04 17:17:00,2025-02-04 19:52:00,2.57,2.58,0.96
A00157,S1,2025-02-03 07:26:00,2025-02-03 09:16:00,1.76,1.84,0.43
A00157,S2,2025-02-03 10:35:00,2025-02-03 13:02:00,2.64,2.45,1.31
A00157,S3,2025-02-03 14:42:00,2025-02-03 19:02:00,4.4,4.33,1.66
A00157,S4,2025-02-03 19:50:00,2025-02-03 23:05:00,3.52,3.24,0.8
A00157,S5,2025-02-04 01:05:00,2025-02-04 02:19:00,1.32,1.24,2.01
A00158,S1,2025-02-03 08:36:00,2025-02-03 10:33:00,1.94,1.96,1.6
A00158,S2,2025-02-03 11:37:00,2025-02-03 15:03:00,2.9,3.43,1.07
A00158,S3,2025-02-03 15:43:00,2025-02-03 22:20:00,4.84,6.6,0.68
A00158,S4,2025-02-04 05:36:00,2025-02-04 11:24:00,3.87,5.79,7.27
A00158,S5,2025-02-04 12:49:00,2025-02-04 14:31:00,1.45,1.7,1.42
A00159,S1,2025-02-03 07:29:00,2025-02-03 10:25:00,2.86,2.94,0.48
A00159,S2,2025-02-04 01:54:00,2025-02-04 06:05:00,4.29,4.19,15.47
A00159,S3,2025-02-04 07:34:00,2025-02-04 16:04:00,7.15,8.51,1.48
A00159,S4,2025-02-05 05:34:00,2025-02-05 11:27:00,5.72,5.89,13.49
A00159,S5,2025-02-05 17:14:00,2025-02-05 19:32:00,2.14,2.29,5.79
A00160,S1,2025-02-03 10:05:00,2025-02-03 15:42:00,4.84,5.61,3.09
A00160,S2,2025-02-03 17:40:00,2025-02-04 01:54:00,7.26,8.25,1.96
A00160,S3,2025-02-04 05:08:00,2025-02-04 19:47:00,12.1,14.64,3.23
A00160,S4,2025-02-06 00:41:00,2025-02-06 09:24:00,9.68,8.71,28.91
A00160,S5,2025-02-06 10:37:00,2025-02-06 14:41:00,3.63,4.07,1.21
A00161,S1,2025-02-03 09:46:00,2025-02-03 12:55:00,2.69,3.15,2.77
A00161,S2,2025-02-03 16:06:00,2025-02-03 20:14:00,4.03,4.14,3.17
A00161,S3,2025-02-03 20:18:00,2025-02-04 05:10:00,6.72,8.87,0.07
A00161,S4,2025-02-04 08:32:00,2025-02-04 11:45:00,5.38,3.22,3.36
A00161,S5,2025-02-04 11:54:00,2025-02-04 14:03:00,2.02,2.15,0.15
A00162,S1,2025-02-04 08:07:00,2025-02-04 10:59:00,2.58,2.88,1.11
A00162,S2,2025-02-04 16:29:00,2025-02-04 20:09:00,3.87,3.68,5.49
A00162,S3,2025-02-04 22:09:00,2025-02-05 04:58:00,6.45,6.81,2.0
A00162,S4,2025-02-06 03:48:00,2025-02-06 06:37:00,5.16,2.8,22.85
A00162,S5,2025-02-06 09:20:00,2025-02-06 11:23:00,1.94,2.05,2.73
A00163,S1,2025-02-04 07:57:00,2025-02-04 09:50:00,1.71,1.89,0.95
A00163,S2,2025-02-04 16:11:00,2025-02-04 18:17:00,2.57,2.11,6.34
A00163,S3,2025-02-04 19:35:00,2025-02-05 00:50:00,4.28,5.24,1.3
A00163,S4,2025-02-05 07:42:00,2025-02-05 12:26:00,3.42,4.73,6.86
A00163,S5,2025-02-05 12:39:00,2025-02-05 13:58:00,1.28,1.32,0.22
A00164,S1,2025-02-04 08:05:00,2025-02-04 10:00:00,1.98,1.9,1.09
A00164,S2,2025-02-04 14:58:00,2025-02-04 18:18:00,2.98,3.33,4.97
A00164,S3,2025-02-04 21:54:00,2025-02-05 02:21:00,4.96,4.44,3.61
A00164,S4,2025-02-05 09:40:00,2025-02-05 11:17:00,3.97,1.62,7.32
A00164,S5,2025-02-05 12:03:00,2025-02-05 13:49:00,1.49,1.77,0.76
A00165,S1,2025-02-05 07:01:00,2025-02-05 12:16:00,4.92,5.26,0.02
A00165,S2,2025-02-05 12:54:00,2025-02-05 18:26:00,7.38,5.53,0.63
A00165,S3,2025-02-05 18:48:00,2025-02-06 05:32:00,12.3,10.74,0.37
A00165,S4,2025-02-07 01:14:00,2025-02-07 07:50:00,9.84,6.6,19.69
A00165,S5,2025-02-07 11:33:00,2025-02-07 15:19:00,3.69,3.77,3.71
A00166,S1,2025-02-05 08:50:00,2025-02-05 11:24:00,2.86,2.57,1.83
A00166,S2,2025-02-05 11:24:00,2025-02-05 15:32:00,4.28,4.13,0.0
A00166,S3,2025-02-05 18:25:00,2025-02-06 01:04:00,7.14,6.65,2.89
A00166,S4,2025-02-06 11:19:00,2025-02-06 15:36:00,5.71,4.28,10.25
A00166,S5,2025-02-06 18:22:00,2025-02-06 20:40:00,2.14,2.3,2.77
A00167,S1,2025-02-05 07:00:00,2025-02-05 09:33:00,2.58,2.54,0.0
A00167,S2,2025-02-05 13:24:00,2025-02-05 17:44:00,3.87,4.34,3.85
A00167,S3,2025-02-05 19:12:00,2025-02-06 01:20:00,6.45,6.13,1.47
A00167,S4,2025-02-06 07:42:00,2025-02-06 12:14:00,5.16,4.54,6.37
A00167,S5,2025-02-06 16:10:00,2025-02-06 17:53:00,1.94,1.71,3.94
A00168,S1,2025-02-06 07:53:00,2025-02-06 10:31:00,2.37,2.64,0.88
A00168,S2,2025-02-06 13:16:00,2025-02-06 16:51:00,3.55,3.59,2.74
A00168,S3,2025-02-06 19:38:00,2025-02-07 01:16:00,5.92,5.64,2.78
A00168,S4,2025-02-07 06:20:00,2025-02-07 12:58:00,4.74,6.65,5.06
A00168,S5,2025-02-07 22:10:00,2025-02-08 00:14:00,1.78,2.07,9.19
A00169,S1,2025-02-06 07:14:00,2025-02-06 10:53:00,3.24,3.66,0.23
A00169,S2,2025-02-06 13:45:00,2025-02-06 18:35:00,4.86,4.84,2.87
A00169,S3,2025-02-06 20:31:00,2025-02-07 05:55:00,8.1,9.4,1.92
A00169,S4,2025-02-07 05:56:00,2025-02-07 09:54:00,6.48,3.97,0.03
A00169,S5,2025-02-07 17:05:00,2025-02-07 19:08:00,2.43,2.05,7.18
A00170,S1,2025-02-06 09:08:00,2025-02-06 12:13:00,3.26,3.07,2.14
A00170,S2,2025-02-06 13:59:00,2025-02-06 19:13:00,4.9,5.24,1.77
A00170,S3,2025-02-06 22:39:00,2025-02-07 07:28:00,8.16,8.82,3.43
A00170,S4,2025-02-07 10:40:00,2025-02-07 17:33:00,6.53,6.88,3.19
A00170,S5,2025-02-07 19:17:00,2025-02-07 22:09:00,2.45,2.86,1.74
A00171,S1,2025-02-06 08:10:00,2025-02-06 12:47:00,4.22,4.61,1.17
A00171,S2,2025-02-06 19:33:00,2025-02-07 02:46:00,6.34,7.21,6.77
A00171,S3,2025-02-07 10:01:00,2025-02-07 23:02:00,10.56,13.01,7.26
A00171,S4,2025-02-08 09:03:00,2025-02-08 23:34:00,8.45,14.51,10.02
A00171,S5,2025-02-09 00:29:00,2025-02-09 03:51:00,3.17,3.37,0.92
A00172,S1,2025-02-06 07:25:00,2025-02-06 12:01:00,4.32,4.59,0.42
A00172,S2,2025-02-06 12:07:00,2025-02-06 21:13:00,6.48,9.09,0.11
A00172,S3,2025-02-06 21:43:00,2025-02-07 09:10:00,10.8,11.46,0.49
A00172,S4,2025-02-07 11:44:00,2025-02-07 19:42:00,8.64,7.97,2.56
A00172,S5,2025-02-07 20:43:00,2025-02-08 00:01:00,3.24,3.3,1.02
A00173,S1,2025-02-06 07:04:00,2025-02-06 11:14:00,4.19,4.18,0.06
A00173,S2,2025-02-06 11:24:00,2025-02-06 16:37:00,6.29,5.21,0.17
A00173,S3,2025-02-06 17:46:00,2025-02-07 10:01:00,10.48,16.24,1.15
A00173,S4,2025-02-07 16:35:00,2025-02-08 07:17:00,8.38,14.7,6.56
A00173,S5,2025-02-08 08:15:00,2025-02-08 11:38:00,3.14,3.38,0.97
A00174,S1,2025-02-06 07:33:00,2025-02-06 11:15:00,3.48,3.7,0.55
A00174,S2,2025-02-06 12:41:00,2025-02-06 17:11:00,5.22,4.51,1.44
A00174,S3,2025-02-06 23:12:00,2025-02-07 09:17:00,8.7,10.09,6.01
A00174,S4,2025-02-07 17:02:00,2025-02-07 20:48:00,6.96,3.77,7.75
A00174,S5,2025-02-07 21:53:00,2025-02-08 00:54:00,2.61,3.01,1.08
A00175,S1,2025-02-07 09:24:00,2025-02-07 11:53:00,2.13,2.5,2.4
A00175,S2,2025-02-07 12:35:00,2025-02-07 15:20:00,3.19,2.76,0.69
A00175,S3,2025-02-07 23:08:00,2025-02-08 02:47:00,5.32,3.65,7.8
A00175,S4,2025-02-08 04:31:00,2025-02-08 11:11:00,4.26,6.66,1.73
A00175,S5,2025-02-08 13:14:00,2025-02-08 15:05:00,1.6,1.85,2.05
A00176,S1,2025-02-07 07:50:00,2025-02-07 12:35:00,4.2,4.75,0.83
A00176,S2,2025-02-07 13:01:00,2025-02-07 19:44:00,6.3,6.71,0.43
A00176,S3,2025-02-07 21:44:00,2025-02-08 06:24:00,10.5,8.66,2.01
A00176,S4,2025-02-08 08:05:00,2025-02-08 16:06:00,8.4,8.0,1.69
A00176,S5,2025-02-08 16:46:00,2025-02-08 20:36:00,3.15,3.82,0.68
A00177,S1,2025-02-07 07:38:00,2025-02-07 14:26:00,5.8,6.79,0.64
A00177,S2,2025-02-07 17:37:00,2025-02-08 03:37:00,8.7,10.0,3.19
A00177,S3,2025-02-08 06:54:00,2025-02-09 02:46:00,14.5,19.86,3.29
A00177,S4,2025-02-09 03:44:00,2025-02-09 11:46:00,11.6,8.04,0.96
A00177,S5,2025-02-09 12:45:00,2025-02-09 18:08:00,4.35,5.39,0.98
A00178,S1,2025-02-07 08:26:00,2025-02-07 13:19:00,5.16,4.89,1.43
A00178,S2,2025-02-07 13:45:00,2025-02-07 20:21:00,7.74,6.6,0.43
A00178,S3,2025-02-07 23:44:00,2025-02-08 16:33:00,12.9,16.82,3.38
A00178,S4,2025-02-08 23:51:00,2025-02-09 10:14:00,10.32,10.37,7.31
A00178,S5,2025-02-09 11:59:00,2025-02-09 15:56:00,3.87,3.95,1.75
A00179,S1,2025-02-07 07:37:00,2025-02-07 10:26:00,2.69,2.83,0.61
A00179,S2,2025-02-07 10:27:00,2025-02-07 14:15:00,4.03,3.8,0.0
A00179,S3,2025-02-07 16:01:00,2025-02-07 22:39:00,6.72,6.64,1.77
A00179,S4,2025-02-08 04:32:00,2025-02-08 08:38:00,5.38,4.1,5.88
A00179,S5,2025-02-08 09:12:00,2025-02-08 11:24:00,2.02,2.2,0.57
A00180,S1,2025-02-08 09:30:00,2025-02-08 12:05:00,2.1,2.58,2.51
A00180,S2,2025-02-08 12:11:00,2025-02-08 16:13:00,3.15,4.03,0.1
A00180,S3,2025-02-08 18:37:00,2025-02-09 00:41:00,5.25,6.06,2.41
A00180,S4,2025-02-09 02:23:00,2025-02-09 08:31:00,4.2,6.13,1.7
A00180,S5,2025-02-09 09:41:00,2025-02-09 11:29:00,1.58,1.81,1.17
A00181,S1,2025-02-08 09:12:00,2025-02-08 15:21:00,5.64,6.14,2.2
A00181,S2,2025-02-08 18:31:00,2025-02-09 03:58:00,8.46,9.45,3.17
A00181,S3,2025-02-09 04:21:00,2025-02-09 17:22:00,14.1,13.02,0.38
A00181,S4,2025-02-10 11:41:00,2025-02-11 04:49:00,11.28,17.12,18.33
A00181,S5,2025-02-11 07:26:00,2025-02-11 12:08:00,4.23,4.71,2.62
A00182,S1,2025-02-08 08:37:00,2025-02-08 10:33:00,2.18,1.93,1.61
A00182,S2,2025-02-08 12:41:00,2025-02-08 15:59:00,3.26,3.3,2.14
A00182,S3,2025-02-08 20:20:00,2025-02-09 02:32:00,5.44,6.21,4.34
A00182,S4,2025-02-09 03:51:00,2025-02-09 07:16:00,4.35,3.43,1.31
A00182,S5,2025-02-09 08:18:00,2025-02-09 10:03:00,1.63,1.74,1.03
A00183,S1,2025-02-08 08:41:00,2025-02-08 11:07:00,2.02,2.43,1.69
A00183,S2,2025-02-08 11:28:00,2025-02-08 15:00:00,3.02,3.54,0.34
A00183,S3,2025-02-08 16:07:00,2025-02-08 21:57:00,5.04,5.84,1.11
A00183,S4,2025-02-08 23:53:00,2025-02-09 05:21:00,4.03,5.46,1.92
A00183,S5,2025-02-09 07:06:00,2025-02-09 08:45:00,1.51,1.65,1.76
A00184,S1,2025-02-09 07:17:00,2025-02-09 11:56:00,5.36,4.66,0.28
A00184,S2,2025-02-09 13:23:00,2025-02-09 22:05:00,8.04,8.69,1.45
A00184,S3,2025-02-09 23:33:00,2025-02-10 10:20:00,13.4,10.78,1.47
A00184,S4,2025-02-10 12:28:00,2025-02-11 11:36:00,10.72,23.13,2.14
A00184,S5,2025-02-11 14:43:00,2025-02-11 18:55:00,4.02,4.2,3.12
A00185,S1,2025-02-09 07:01:00,2025-02-09 11:44:00,4.96,4.71,0.02
A00185,S2,2025-02-09 20:24:00,2025-02-10 03:36:00,7.44,7.21,8.68
A00185,S3,2025-02-10 04:36:00,2025-02-10 21:40:00,12.4,17.07,1.0
A00185,S4,2025-02-10 22:36:00,2025-02-11 10:48:00,9.92,12.2,0.93
A00185,S5,2025-02-11 11:17:00,2025-02-11 16:18:00,3.72,5.02,0.48
A00186,S1,2025-02-09 07:10:00,2025-02-09 14:11:00,5.8,7.01,0.17
A00186,S2,2025-02-09 17:13:00,2025-02-10 06:22:00,8.7,13.14,3.04
A00186,S3,2025-02-10 06:44:00,2025-02-11 03:09:00,14.5,20.41,0.37
A00186,S4,2025-02-11 07:18:00,2025-02-11 23:28:00,11.6,16.17,4.15
A00186,S5,2025-02-12 03:10:00,2025-02-12 08:28:00,4.35,5.3,3.71
A00187,S1,2025-02-10 07:28:00,2025-02-10 10:05:00,2.34,2.62,0.46
A00187,S2,2025-02-10 10:10:00,2025-02-10 13:32:00,3.5,3.38,0.08
A00187,S3,2025-02-10 16:44:00,2025-02-10 20:58:00,5.84,4.24,3.19
A00187,S4,2025-02-10 21:41:00,2025-02-11 05:08:00,4.67,7.45,0.71
A00187,S5,2025-02-11 07:31:00,2025-02-11 09:26:00,1.75,1.91,2.39
A00188,S1,2025-02-10 09:29:00,2025-02-10 12:56:00,3.58,3.44,2.49
A00188,S2,2025-02-10 16:45:00,2025-02-10 22:20:00,5.36,5.59,3.82
A00188,S3,2025-02-10 22:38:00,2025-02-11 10:39:00,8.94,12.01,0.3
A00188,S4,2025-02-12 12:30:00,2025-02-12 22:11:00,7.15,9.7,25.84
A00188,S5,2025-02-12 23:58:00,2025-02-13 02:37:00,2.68,2.64,1.78
A00189,S1,2025-02-10 08:34:00,2025-02-10 12:30:00,4.26,3.93,1.57
A00189,S2,2025-02-10 15:12:00,2025-02-10 23:24:00,6.38,8.2,2.69
A00189,S3,2025-02-11 01:10:00,2025-02-11 09:43:00,10.64,8.55,1.77
A00189,S4,2025-02-11 14:29:00,2025-02-12 06:31:00,8.51,16.02,4.77
A00189,S5,2025-02-12 07:45:00,2025-02-12 10:53:00,3.19,3.15,1.23
A00190,S1,2025-02-10 10:05:00,2025-02-10 12:56:00,2.82,2.85,3.08
A00190,S2,2025-02-10 13:35:00,2025-02-10 18:04:00,4.23,4.48,0.64
A00190,S3,2025-02-10 18:35:00,2025-02-11 02:24:00,7.05,7.8,0.53
A00190,S4,2025-02-11 06:48:00,2025-02-11 14:26:00,5.64,7.63,4.41
A00190,S5,2025-02-11 17:08:00,2025-02-11 19:26:00,2.11,2.3,2.7
A00191,S1,2025-02-10 07:54:00,2025-02-10 10:24:00,2.62,2.51,0.89
A00191,S2,2025-02-10 10:30:00,2025-02-10 14:38:00,3.92,4.13,0.1
A00191,S3,2025-02-10 15:20:00,2025-02-10 21:38:00,6.54,6.31,0.68
A00191,S4,2025-02-11 03:31:00,2025-02-11 08:43:00,5.23,5.18,5.89
A00191,S5,2025-02-11 10:05:00,2025-02-11 12:09:00,1.96,2.06,1.37
A00192,S1,2025-02-10 07:16:00,2025-02-10 11:54:00,4.19,4.63,0.27
A00192,S2,2025-02-10 22:44:00,2025-02-11 05:56:00,6.29,7.2,10.84
A00192,S3,2025-02-11 06:26:00,2025-02-11 22:47:00,10.48,16.35,0.5
A00192,S4,2025-02-12 04:19:00,2025-02-12 15:14:00,8.38,10.91,5.53
A00192,S5,2025-02-12 17:48:00,2025-02-12 21:08:00,3.14,3.33,2.58
A00193,S1,2025-02-10 07:36:00,2025-02-10 13:37:00,5.64,6.01,0.6
A00193,S2,2025-02-10 15:54:00,2025-02-10 23:30:00,8.46,7.6,2.29
A00193,S3,2025-02-11 06:27:00,2025-02-11 18:05:00,14.1,11.63,6.94
A00193,S4,2025-02-12 12:58:00,2025-02-13 18:42:00,11.28,29.73,18.89
A00193,S5,2025-02-13 22:12:00,2025-02-14 02:59:00,4.23,4.78,3.5
A00194,S1,2025-02-11 08:25:00,2025-02-11 15:09:00,5.64,6.74,1.41
A00194,S2,2025-02-11 15:50:00,2025-02-11 23:50:00,8.46,8.01,0.67
A00194,S3,2025-02-12 04:14:00,2025-02-12 16:13:00,14.1,11.99,4.39
A00194,S4,2025-02-12 20:05:00,2025-02-13 07:44:00,11.28,11.65,3.87
A00194,S5,2025-02-13 08:01:00,2025-02-13 12:09:00,4.23,4.13,0.29
A00195,S1,2025-02-11 07:20:00,2025-02-11 09:20:00,1.95,2.0,0.33
A00195,S2,2025-02-11 10:09:00,2025-02-11 13:31:00,2.93,3.37,0.81
A00195,S3,2025-02-11 18:10:00,2025-02-11 23:01:00,4.88,4.85,4.65
A00195,S4,2025-02-12 01:55:00,2025-02-12 07:07:00,3.9,5.19,2.91
A00195,S5,2025-02-12 07:24:00,2025-02-12 08:57:00,1.46,1.55,0.29
A00196,S1,2025-02-11 07:30:00,2025-02-11 10:59:00,3.17,3.48,0.5
A00196,S2,2025-02-11 13:15:00,2025-02-11 18:27:00,4.75,5.21,2.27
A00196,S3,2025-02-11 19:46:00,2025-02-12 05:20:00,7.92,9.57,1.31
A00196,S4,2025-02-12 09:36:00,2025-02-12 18:46:00,6.34,9.16,4.26
A00196,S5,2025-02-12 19:50:00,2025-02-12 22:42:00,2.38,2.87,1.07
A00197,S1,2025-02-11 07:25:00,2025-02-11 10:44:00,3.07,3.32,0.41
A00197,S2,2025-02-11 11:13:00,2025-02-11 15:34:00,4.61,4.34,0.49
A00197,S3,2025-02-11 17:41:00,2025-02-12 07:56:00,7.68,14.26,2.12
A00197,S4,2025-02-12 14:12:00,2025-02-12 20:49:00,6.14,6.62,6.26
A00197,S5,2025-02-12 22:33:00,2025-02-13 00:52:00,2.3,2.31,1.73
A00198,S1,2025-02-12 07:44:00,2025-02-12 09:27:00,1.92,1.72,0.73
A00198,S2,2025-02-12 10:23:00,2025-02-12 12:44:00,2.88,2.34,0.93
A00198,S3,2025-02-12 14:28:00,2025-02-12 23:18:00,4.8,8.83,1.73
A00198,S4,2025-02-13 04:08:00,2025-02-13 06:23:00,3.84,2.25,4.83
A00198,S5,2025-02-13 08:07:00,2025-02-13 09:31:00,1.44,1.41,1.73
A00199,S1,2025-02-12 07:36:00,2025-02-12 09:18:00,1.71,1.69,0.61
A00199,S2,2025-02-12 12:22:00,2025-02-12 15:24:00,2.57,3.02,3.08
A00199,S3,2025-02-12 18:27:00,2025-02-12 22:31:00,4.28,4.07,3.05
A00199,S4,2025-02-13 12:20:00,2025-02-13 15:46:00,3.42,3.42,13.82
A00199,S5,2025-02-13 16:57:00,2025-02-13 18:21:00,1.28,1.4,1.18
A00200,S1,2025-02-12 07:37:00,2025-02-12 13:26:00,5.36,5.81,0.62
A00200,S2,2025-02-12 13:50:00,2025-02-12 22:13:00,8.04,8.37,0.41
A00200,S3,2025-02-13 05:01:00,2025-02-13 21:58:00,13.4,16.95,6.81
A00200,S4,2025-02-14 03:53:00,2025-02-14 19:29:00,10.72,15.59,5.91
A00200,S5,2025-02-14 20:15:00,2025-02-15 00:18:00,4.02,4.04,0.77
A00201,S1,2025-02-12 07:07:00,2025-02-12 11:50:00,4.24,4.71,0.12
A00201,S2,2025-02-12 13:22:00,2025-02-12 19:10:00,6.36,5.81,1.53
A00201,S3,2025-02-12 19:43:00,2025-02-13 07:56:00,10.6,12.22,0.54
A00201,S4,2025-02-13 11:31:00,2025-02-13 16:07:00,8.48,4.61,3.59
A00201,S5,2025-02-13 16:26:00,2025-02-13 19:13:00,3.18,2.78,0.31
A00202,S1,2025-02-13 07:34:00,2025-02-13 10:54:00,3.58,3.33,0.57
A00202,S2,2025-02-13 14:52:00,2025-02-13 20:33:00,5.36,5.68,3.97
A00202,S3,2025-02-13 22:20:00,2025-02-14 06:51:00,8.94,8.52,1.8
A00202,S4,2025-02-14 11:58:00,2025-02-15 00:54:00,7.15,12.93,5.12
A00202,S5,2025-02-15 05:50:00,2025-02-15 08:52:00,2.68,3.03,4.94
A00203,S1,2025-02-13 08:31:00,2025-02-13 14:10:00,5.06,5.66,1.52
A00203,S2,2025-02-13 17:49:00,2025-02-14 00:37:00,7.58,6.81,3.65
A00203,S3,2025-02-14 01:19:00,2025-02-14 14:28:00,12.64,13.16,0.69
A00203,S4,2025-02-15 00:30:00,2025-02-15 08:41:00,10.11,8.18,10.03
A00203,S5,2025-02-15 09:41:00,2025-02-15 13:48:00,3.79,4.11,1.01
A00204,S1,2025-02-13 07:35:00,2025-02-13 10:03:00,2.32,2.48,0.58
A00204,S2,2025-02-13 10:24:00,2025-02-13 14:17:00,3.48,3.89,0.34
A00204,S3,2025-02-13 18:53:00,2025-02-14 00:37:00,5.8,5.74,4.6
A00204,S4,2025-02-14 05:58:00,2025-02-14 10:26:00,4.64,4.48,5.35
A00204,S5,2025-02-14 12:48:00,2025-02-14 14:33:00,1.74,1.75,2.36
A00205,S1,2025-02-13 07:28:00,2025-02-13 11:24:00,3.67,3.93,0.47
A00205,S2,2025-02-13 13:06:00,2025-02-13 18:38:00,5.51,5.54,1.69
A00205,S3,2025-02-13 19:21:00,2025-02-14 07:42:00,9.18,12.35,0.72
A00205,S4,2025-02-14 16:48:00,2025-02-14 23:59:00,7.34,7.17,9.11
A00205,S5,2025-02-15 00:33:00,2025-02-15 03:23:00,2.75,2.82,0.58
A00206,S1,2025-02-14 07:35:00,2025-02-14 13:07:00,5.88,5.52,0.59
A00206,S2,2025-02-14 15:30:00,2025-02-15 04:17:00,8.82,12.79,2.39
A00206,S3,2025-02-15 07:49:00,2025-02-15 21:03:00,14.7,13.24,3.52
A00206,S4,2025-02-16 03:42:00,2025-02-16 17:21:00,11.76,13.64,6.65
A00206,S5,2025-02-16 19:52:00,2025-02-17 00:26:00,4.41,4.57,2.52
A00207,S1,2025-02-14 08:08:00,2025-02-14 10:06:00,2.14,1.96,1.13
A00207,S2,2025-02-14 11:17:00,2025-02-14 14:49:00,3.22,3.53,1.18
A00207,S3,2025-02-14 15:47:00,2025-02-14 21:31:00,5.36,5.73,0.97
A00207,S4,2025-02-14 23:47:00,2025-02-15 04:09:00,4.29,4.36,2.27
A00207,S5,2025-02-15 04:29:00,2025-02-15 06:20:00,1.61,1.84,0.34
A00208,S1,2025-02-15 07:23:00,2025-02-15 09:35:00,2.4,2.2,0.39
A00208,S2,2025-02-15 09:59:00,2025-02-15 13:49:00,3.6,3.84,0.39
A00208,S3,2025-02-15 18:52:00,2025-02-15 23:53:00,6.0,5.01,5.05
A00208,S4,2025-02-16 09:29:00,2025-02-16 13:52:00,4.8,4.37,9.61
A00208,S5,2025-02-16 19:25:00,2025-02-16 21:06:00,1.8,1.68,5.56
A00209,S1,2025-02-15 08:32:00,2025-02-15 12:06:00,2.88,3.57,1.53
A00209,S2,2025-02-15 15:19:00,2025-02-15 19:10:00,4.32,3.86,3.21
A00209,S3,2025-02-15 21:29:00,2025-02-16 08:03:00,7.2,10.56,2.32
A00209,S4,2025-02-16 10:50:00,2025-02-16 18:12:00,5.76,7.37,2.79
A00209,S5,2025-02-16 19:06:00,2025-02-16 21:09:00,2.16,2.05,0.89
A00210,S1,2025-02-16 07:42:00,2025-02-16 10:24:00,2.46,2.69,0.7
A00210,S2,2025-02-16 12:02:00,2025-02-16 16:07:00,3.69,4.07,1.65
A00210,S3,2025-02-17 02:59:00,2025-02-17 09:50:00,6.15,6.86,10.87
A00210,S4,2025-02-17 10:25:00,2025-02-17 18:53:00,4.92,8.46,0.59
A00210,S5,2025-02-17 19:03:00,2025-02-17 21:15:00,1.84,2.19,0.17
A00211,S1,2025-02-16 10:18:00,2025-02-16 12:26:00,2.24,2.13,3.29
A00211,S2,2025-02-16 14:29:00,2025-02-16 17:52:00,3.36,3.4,2.05
A00211,S3,2025-02-16 21:05:00,2025-02-17 01:42:00,5.6,4.62,3.2
A00211,S4,2025-02-17 02:10:00,2025-02-17 04:15:00,4.48,2.08,0.48
A00211,S5,2025-02-17 05:04:00,2025-02-17 06:57:00,1.68,1.88,0.82
A00212,S1,2025-02-16 08:11:00,2025-02-16 11:15:00,3.12,3.08,1.18
A00212,S2,2025-02-16 12:24:00,2025-02-16 17:49:00,4.68,5.42,1.15
A00212,S3,2025-02-16 17:53:00,2025-02-16 23:56:00,7.8,6.05,0.07
A00212,S4,2025-02-17 09:41:00,2025-02-17 13:24:00,6.24,3.72,9.75
A00212,S5,2025-02-17 14:20:00,2025-02-17 16:26:00,2.34,2.1,0.93
A00213,S1,2025-02-17 08:37:00,2025-02-17 10:43:00,2.3,2.09,1.62
A00213,S2,2025-02-17 15:32:00,2025-02-17 20:46:00,3.46,5.23,4.82
A00213,S3,2025-02-18 00:36:00,2025-02-18 05:15:00,5.76,4.65,3.84
A00213,S4,2025-02-18 07:02:00,2025-02-18 11:28:00,4.61,4.45,1.78
A00213,S5,2025-02-18 12:06:00,2025-02-18 13:48:00,1.73,1.7,0.63
A00214,S1,2025-02-17 07:54:00,2025-02-17 11:39:00,3.68,3.75,0.9
A00214,S2,2025-02-17 13:24:00,2025-02-17 19:48:00,5.52,6.41,1.75
A00214,S3,2025-02-17 19:52:00,2025-02-18 07:26:00,9.2,11.55,0.07
A00214,S4,2025-02-18 16:11:00,2025-02-18 20:53:00,7.36,4.7,8.76
A00214,S5,2025-02-18 22:29:00,2025-02-19 01:10:00,2.76,2.69,1.59
A00215,S1,2025-02-17 07:27:00,2025-02-17 12:49:00,4.93,5.37,0.45
A00215,S2,2025-02-17 12:57:00,2025-02-17 21:12:00,7.39,8.25,0.14
A00215,S3,2025-02-18 01:25:00,2025-02-18 15:39:00,12.32,14.23,4.22
A00215,S4,2025-02-18 20:47:00,2025-02-19 14:11:00,9.86,17.4,5.14
A00215,S5,2025-02-19 14:21:00,2025-02-19 18:07:00,3.7,3.77,0.16
A00216,S1,2025-02-17 08:46:00,2025-02-17 12:07:00,2.82,3.35,1.76
A00216,S2,2025-02-17 13:35:00,2025-02-17 19:00:00,4.23,5.41,1.47
A00216,S3,2025-02-17 19:51:00,2025-02-18 03:11:00,7.05,7.33,0.86
A00216,S4,2025-02-18 11:11:00,2025-02-18 15:47:00,5.64,4.6,8.0
A00216,S5,2025-02-18 17:32:00,2025-02-18 19:44:00,2.11,2.21,1.74
A00217,S1,2025-02-18 07:40:00,2025-02-18 10:59:00,2.86,3.31,0.67
A00217,S2,2025-02-18 15:42:00,2025-02-18 19:43:00,4.28,4.02,4.72
A00217,S3,2025-02-18 21:40:00,2025-02-19 04:17:00,7.14,6.62,1.94
A00217,S4,2025-02-20 01:36:00,2025-02-20 11:05:00,5.71,9.5,21.31
A00217,S5,2025-02-20 12:16:00,2025-02-20 14:38:00,2.14,2.37,1.18
A00218,S1,2025-02-18 08:03:00,2025-02-18 11:57:00,4.1,3.9,1.06
A00218,S2,2025-02-18 13:40:00,2025-02-18 19:34:00,6.14,5.89,1.72
A00218,S3,2025-02-18 19:48:00,2025-02-19 03:41:00,10.24,7.87,0.25
A00218,S4,2025-02-19 10:12:00,2025-02-20 01:50:00,8.19,15.62,6.53
A00218,S5,2025-02-20 03:25:00,2025-02-20 06:44:00,3.07,3.33,1.59
A00219,S1,2025-02-18 07:12:00,2025-02-18 12:17:00,4.48,5.07,0.21
A00219,S2,2025-02-18 13:23:00,2025-02-18 20:49:00,6.72,7.42,1.11
A00219,S3,2025-02-19 06:56:00,2025-02-19 17:54:00,11.2,10.96,10.13
A00219,S4,2025-02-20 01:51:00,2025-02-20 08:58:00,8.96,7.1,7.96
A00219,S5,2025-02-20 10:49:00,2025-02-20 13:58:00,3.36,3.16,1.86
A00220,S1,2025-02-18 08:30:00,2025-02-18 10:53:00,2.2,2.38,1.51
A00220,S2,2025-02-18 15:30:00,2025-02-18 18:49:00,3.3,3.31,4.61
A00220,S3,2025-02-18 19:14:00,2025-02-19 01:45:00,5.5,6.52,0.42
A00220,S4,2025-02-20 10:19:00,2025-02-20 16:55:00,4.4,6.59,32.57
A00220,S5,2025-02-20 17:31:00,2025-02-20 19:09:00,1.65,1.63,0.61
A00221,S1,2025-02-19 07:34:00,2025-02-19 10:47:00,2.81,3.23,0.56
A00221,S2,2025-02-19 11:34:00,2025-02-19 17:46:00,4.21,6.2,0.78
A00221,S3,2025-02-19 21:07:00,2025-02-20 04:03:00,7.02,6.94,3.35
A00221,S4,2025-02-21 01:15:00,2025-02-21 08:13:00,5.62,6.96,21.2
A00221,S5,2025-02-21 10:12:00,2025-02-21 12:41:00,2.11,2.49,1.98
A00222,S1,2025-02-19 09:29:00,2025-02-19 15:45:00,5.02,6.27,2.48
A00222,S2,2025-02-19 16:34:00,2025-02-20 00:21:00,7.54,7.79,0.81
A00222,S3,2025-02-20 12:03:00,2025-02-21 04:04:00,12.56,16.02,11.69
A00222,S4,2025-02-21 10:41:00,2025-02-21 21:16:00,10.05,10.58,6.62
A00222,S5,2025-02-22 00:12:00,2025-02-22 04:19:00,3.77,4.11,2.93
A00223,S1,2025-02-19 07:40:00,2025-02-19 10:01:00,2.43,2.34,0.67
A00223,S2,2025-02-19 10:40:00,2025-02-19 14:09:00,3.65,3.48,0.66
A00223,S3,2025-02-19 18:09:00,2025-02-20 00:20:00,6.08,6.18,3.99
A00223,S4,2025-02-20 01:23:00,2025-02-20 04:43:00,4.86,3.33,1.05
A00223,S5,2025-02-20 05:39:00,2025-02-20 07:41:00,1.82,2.03,0.93
A00224,S1,2025-02-20 09:34:00,2025-02-20 13:03:00,2.66,3.48,2.56
A00224,S2,2025-02-20 13:56:00,2025-02-20 17:43:00,3.99,3.78,0.89
A00224,S3,2025-02-20 17:57:00,2025-02-21 01:04:00,6.65,7.12,0.23
A00224,S4,2025-02-22 09:30:00,2025-02-22 15:02:00,5.32,5.53,32.43
A00224,S5,2025-02-22 15:59:00,2025-02-22 17:53:00,2.0,1.9,0.95
A00225,S1,2025-02-20 07:07:00,2025-02-20 12:08:00,5.04,5.01,0.12
A00225,S2,2025-02-20 12:22:00,2025-02-20 20:24:00,7.56,8.02,0.24
A00225,S3,2025-02-20 20:34:00,2025-02-21 09:33:00,12.6,12.99,0.18
A00225,S4,2025-02-21 19:38:00,2025-02-22 04:24:00,10.08,8.77,10.08
A00225,S5,2025-02-22 06:34:00,2025-02-22 10:42:00,3.78,4.13,2.17
A00226,S1,2025-02-20 07:07:00,2025-02-20 12:40:00,4.92,5.55,0.11
A00226,S2,2025-02-20 13:01:00,2025-02-20 20:39:00,7.38,7.64,0.34
A00226,S3,2025-02-20 23:02:00,2025-02-21 10:23:00,12.3,11.35,2.38
A00226,S4,2025-02-21 17:29:00,2025-02-22 04:30:00,9.84,11.02,7.09
A00226,S5,2025-02-22 06:10:00,2025-02-22 09:45:00,3.69,3.57,1.67
A00227,S1,2025-02-21 07:03:00,2025-02-21 08:56:00,2.24,1.89,0.05
A00227,S2,2025-02-21 12:51:00,2025-02-21 16:18:00,3.36,3.45,3.92
A00227,S3,2025-02-22 05:58:00,2025-02-22 13:47:00,5.6,7.81,13.67
A00227,S4,2025-02-23 02:53:00,2025-02-23 06:25:00,4.48,3.53,13.11
A00227,S5,2025-02-23 07:57:00,2025-02-23 09:39:00,1.68,1.7,1.54
A00228,S1,2025-02-21 08:23:00,2025-02-21 11:15:00,2.7,2.86,1.39
A00228,S2,2025-02-21 11:36:00,2025-02-21 16:34:00,4.05,4.97,0.35
A00228,S3,2025-02-21 20:13:00,2025-02-22 02:14:00,6.75,6.02,3.64
A00228,S4,2025-02-22 22:28:00,2025-02-23 03:20:00,5.4,4.86,20.24
A00228,S5,2025-02-23 04:05:00,2025-02-23 06:45:00,2.03,2.67,0.74
A00229,S1,2025-02-21 07:01:00,2025-02-21 11:03:00,4.32,4.03,0.01
A00229,S2,2025-02-21 13:03:00,2025-02-21 18:17:00,6.48,5.23,2.0
A00229,S3,2025-02-21 20:59:00,2025-02-22 10:21:00,10.8,13.37,2.71
A00229,S4,2025-02-22 11:56:00,2025-02-22 20:21:00,8.64,8.41,1.58
A00229,S5,2025-02-22 20:39:00,2025-02-23 00:06:00,3.24,3.46,0.29
A00230,S1,2025-02-21 07:06:00,2025-02-21 12:16:00,4.54,5.16,0.1
A00230,S2,2025-02-21 13:55:00,2025-02-21 22:36:00,6.82,8.68,1.66
A00230,S3,2025-02-21 22:44:00,2025-02-22 10:45:00,11.36,12.01,0.13
A00230,S4,2025-02-22 13:10:00,2025-02-23 00:47:00,9.09,11.62,2.43
A00230,S5,2025-02-23 04:01:00,2025-02-23 07:48:00,3.41,3.78,3.23
A00231,S1,2025-02-21 07:12:00,2025-02-21 11:52:00,3.97,4.67,0.2
A00231,S2,2025-02-21 13:30:00,2025-02-21 19:08:00,5.95,5.63,1.63
A00231,S3,2025-02-21 19:46:00,2025-02-22 04:56:00,9.92,9.17,0.63
A00231,S4,2025-02-22 14:17:00,2025-02-22 20:10:00,7.94,5.88,9.35
A00231,S5,2025-02-22 20:16:00,2025-02-22 23:38:00,2.98,3.37,0.11
A00232,S1,2025-02-21 08:56:00,2025-02-21 11:39:00,2.64,2.72,1.93
A00232,S2,2025-02-21 12:11:00,2025-02-21 17:02:00,3.96,4.85,0.54
A00232,S3,2025-02-21 20:28:00,2025-02-22 03:55:00,6.6,7.44,3.44
A00232,S4,2025-02-22 04:20:00,2025-02-22 08:10:00,5.28,3.84,0.42
A00232,S5,2025-02-22 12:37:00,2025-02-22 15:00:00,1.98,2.39,4.44
A00233,S1,2025-02-22 07:58:00,2025-02-22 11:43:00,3.46,3.75,0.96
A00233,S2,2025-02-22 13:05:00,2025-02-22 22:14:00,5.18,9.15,1.37
A00233,S3,2025-02-22 23:32:00,2025-02-23 07:57:00,8.64,8.42,1.3
A00233,S4,2025-02-23 20:02:00,2025-02-23 23:51:00,6.91,3.81,12.09
A00233,S5,2025-02-24 00:35:00,2025-02-24 03:54:00,2.59,3.33,0.72
A00234,S1,2025-02-22 08:23:00,2025-02-22 14:19:00,4.88,5.93,1.39
A00234,S2,2025-02-22 15:07:00,2025-02-22 21:54:00,7.32,6.79,0.8
A00234,S3,2025-02-22 23:39:00,2025-02-23 11:07:00,12.2,11.47,1.75
A00234,S4,2025-02-23 11:23:00,2025-02-24 03:46:00,9.76,16.39,0.26
A00234,S5,2025-02-24 08:22:00,2025-02-24 12:24:00,3.66,4.03,4.59
A00235,S1,2025-02-22 11:58:00,2025-02-22 16:09:00,3.77,4.18,4.97
A00235,S2,2025-02-22 17:46:00,2025-02-22 23:31:00,5.65,5.74,1.63
A00235,S3,2025-02-23 10:48:00,2025-02-23 18:41:00,9.42,7.89,11.28
A00235,S4,2025-02-24 00:49:00,2025-02-24 08:29:00,7.54,7.67,6.13
A00235,S5,2025-02-24 13:33:00,2025-02-24 16:51:00,2.83,3.3,5.07
A00236,S1,2025-02-22 08:12:00,2025-02-22 11:15:00,3.17,3.05,1.2
A00236,S2,2025-02-22 12:50:00,2025-02-22 17:05:00,4.75,4.25,1.58
A00236,S3,2025-02-22 18:24:00,2025-02-23 03:27:00,7.92,9.04,1.32
A00236,S4,2025-02-23 07:12:00,2025-02-23 10:23:00,6.34,3.19,3.75
A00236,S5,2025-02-23 10:26:00,2025-02-23 13:15:00,2.38,2.82,0.04
A00237,S1,2025-02-22 07:29:00,2025-02-22 12:46:00,3.97,5.28,0.48
A00237,S2,2025-02-22 13:07:00,2025-02-22 19:45:00,5.95,6.63,0.35
A00237,S3,2025-02-22 22:16:00,2025-02-23 07:57:00,9.92,9.69,2.51
A00237,S4,2025-02-23 09:16:00,2025-02-24 02:48:00,7.94,17.53,1.32
A00237,S5,2025-02-24 03:11:00,2025-02-24 06:34:00,2.98,3.4,0.37
A00238,S1,2025-02-22 07:07:00,2025-02-22 10:31:00,3.5,3.39,0.12
A00238,S2,2025-02-22 12:27:00,2025-02-22 16:46:00,5.26,4.32,1.94
A00238,S3,2025-02-23 02:11:00,2025-02-23 12:00:00,8.76,9.81,9.41
A00238,S4,2025-02-23 21:45:00,2025-02-24 01:25:00,7.01,3.67,9.76
A00238,S5,2025-02-24 02:14:00,2025-02-24 05:39:00,2.63,3.42,0.81
A00239,S1,2025-02-22 07:40:00,2025-02-22 12:05:00,4.2,4.42,0.67
A00239,S2,2025-02-22 14:34:00,2025-02-22 22:24:00,6.3,7.84,2.48
A00239,S3,2025-02-23 03:26:00,2025-02-23 14:33:00,10.5,11.11,5.03
A00239,S4,2025-02-23 19:42:00,2025-02-24 06:25:00,8.4,10.72,5.14
A00239,S5,2025-02-24 08:43:00,2025-02-24 11:59:00,3.15,3.27,2.3
A00240,S1,2025-02-23 07:38:00,2025-02-23 13:35:00,4.77,5.95,0.63
A00240,S2,2025-02-23 14:46:00,2025-02-24 00:22:00,7.15,9.59,1.19
A00240,S3,2025-02-24 00:39:00,2025-02-25 00:46:00,11.92,24.11,0.29
A00240,S4,2025-02-25 01:42:00,2025-02-25 09:34:00,9.54,7.88,0.94
A00240,S5,2025-02-25 10:18:00,2025-02-25 14:13:00,3.58,3.91,0.74
A00241,S1,2025-02-23 07:02:00,2025-02-23 11:12:00,3.62,4.17,0.04
A00241,S2,2025-02-23 11:32:00,2025-02-23 17:53:00,5.44,6.35,0.33
A00241,S3,2025-02-23 20:48:00,2025-02-24 09:25:00,9.06,12.62,2.91
A00241,S4,2025-02-24 09:41:00,2025-02-24 19:05:00,7.25,9.4,0.27
A00241,S5,2025-02-24 19:45:00,2025-02-24 22:40:00,2.72,2.92,0.66
A00242,S1,2025-02-23 08:40:00,2025-02-23 13:25:00,4.93,4.76,1.66
A00242,S2,2025-02-23 15:11:00,2025-02-23 22:08:00,7.39,6.94,1.77
A00242,S3,2025-02-23 22:40:00,2025-02-24 11:32:00,12.32,12.88,0.53
A00242,S4,2025-02-24 14:55:00,2025-02-25 03:16:00,9.86,12.35,3.37
A00242,S5,2025-02-25 05:04:00,2025-02-25 09:34:00,3.7,4.5,1.8
A00243,S1,2025-02-23 08:09:00,2025-02-23 10:30:00,2.14,2.36,1.15
A00243,S2,2025-02-23 11:44:00,2025-02-23 14:44:00,3.21,3.0,1.23
A00243,S3,2025-02-23 15:21:00,2025-02-23 19:19:00,5.35,3.97,0.61
A00243,S4,2025-02-24 01:19:00,2025-02-24 08:57:00,4.28,7.64,6.0
A00243,S5,2025-02-24 14:46:00,2025-02-24 16:31:00,1.6,1.74,5.82
A00244,S1,2025-02-24 07:23:00,2025-02-24 11:09:00,3.29,3.77,0.38
A00244,S2,2025-02-24 12:28:00,2025-02-24 17:17:00,4.93,4.83,1.31
A00244,S3,2025-02-24 17:23:00,2025-02-25 02:39:00,8.22,9.25,0.1
A00244,S4,2025-02-25 03:26:00,2025-02-25 09:55:00,6.58,6.48,0.79
A00244,S5,2025-02-25 10:31:00,2025-02-25 12:51:00,2.47,2.33,0.6
A00245,S1,2025-02-24 09:18:00,2025-02-24 11:49:00,2.3,2.52,2.3
A00245,S2,2025-02-24 16:12:00,2025-02-24 20:17:00,3.46,4.08,4.39
A00245,S3,2025-02-24 20:45:00,2025-02-25 02:22:00,5.76,5.61,0.47
A00245,S4,2025-02-25 08:42:00,2025-02-25 16:38:00,4.61,7.93,6.33
A00245,S5,2025-02-25 17:58:00,2025-02-25 19:56:00,1.73,1.97,1.35
A00246,S1,2025-02-24 07:48:00,2025-02-24 13:40:00,6.0,5.87,0.8
A00246,S2,2025-02-24 14:16:00,2025-02-24 23:33:00,9.0,9.28,0.59
A00246,S3,2025-02-25 04:45:00,2025-02-25 19:11:00,15.0,14.44,5.21
A00246,S4,2025-02-25 21:02:00,2025-02-26 06:21:00,12.0,9.32,1.84
A00246,S5,2025-02-26 06:43:00,2025-02-26 11:28:00,4.5,4.77,0.37
A00247,S1,2025-02-24 08:26:00,2025-02-24 11:54:00,3.53,3.47,1.43
A00247,S2,2025-02-24 13:20:00,2025-02-24 18:44:00,5.29,5.41,1.42
A00247,S3,2025-02-24 19:54:00,2025-02-25 07:27:00,8.82,11.54,1.17
A00247,S4,2025-02-25 08:59:00,2025-02-25 15:00:00,7.06,6.02,1.53
A00247,S5,2025-02-25 15:04:00,2025-02-25 17:50:00,2.65,2.78,0.05
A00248,S1,2025-02-24 07:17:00,2025-02-24 09:09:00,2.24,1.86,0.29
A00248,S2,2025-02-24 13:19:00,2025-02-24 16:52:00,3.36,3.55,4.17
A00248,S3,2025-02-24 17:00:00,2025-02-24 23:21:00,5.6,6.34,0.14
A00248,S4,2025-02-25 08:02:00,2025-02-25 12:42:00,4.48,4.66,8.69
A00248,S5,2025-02-25 14:10:00,2025-02-25 16:03:00,1.68,1.88,1.47
A00249,S1,2025-02-24 08:18:00,2025-02-24 12:14:00,2.76,3.93,1.31
A00249,S2,2025-02-24 13:14:00,2025-02-24 17:39:00,4.14,4.42,1.0
A00249,S3,2025-02-24 18:08:00,2025-02-25 01:33:00,6.9,7.42,0.48
A00249,S4,2025-02-25 04:35:00,2025-02-25 09:33:00,5.52,4.97,3.03
A00249,S5,2025-02-25 09:50:00,2025-02-25 12:07:00,2.07,2.28,0.27
A00250,S1,2025-02-24 08:42:00,2025-02-24 11:25:00,2.92,2.72,1.7
A00250,S2,2025-02-24 13:15:00,2025-02-24 18:37:00,4.38,5.37,1.82
A00250,S3,2025-02-24 18:49:00,2025-02-25 01:17:00,7.3,6.47,0.2
A00250,S4,2025-02-25 13:55:00,2025-02-25 19:08:00,5.84,5.21,12.63
A00250,S5,2025-02-25 19:29:00,2025-02-25 21:44:00,2.19,2.25,0.35
A00251,S1,2025-02-24 08:02:00,2025-02-24 10:45:00,2.6,2.71,1.04
A00251,S2,2025-02-24 10:50:00,2025-02-24 14:36:00,3.9,3.77,0.08
A00251,S3,2025-02-24 22:20:00,2025-02-25 04:03:00,6.5,5.71,7.73
A00251,S4,2025-02-25 10:15:00,2025-02-25 16:34:00,5.2,6.3,6.21
A00251,S5,2025-02-25 17:34:00,2025-02-25 19:35:00,1.95,2.01,1.01
A00252,S1,2025-02-24 08:52:00,2025-02-24 11:01:00,2.26,2.14,1.87
A00252,S2,2025-02-24 12:10:00,2025-02-24 16:12:00,3.38,4.04,1.15
A00252,S3,2025-02-24 19:52:00,2025-02-25 01:18:00,5.64,5.42,3.67
A00252,S4,2025-02-25 02:40:00,2025-02-25 08:02:00,4.51,5.37,1.37
A00252,S5,2025-02-25 11:24:00,2025-02-25 13:07:00,1.69,1.71,3.38
A00253,S1,2025-02-24 08:46:00,2025-02-24 11:43:00,2.54,2.95,1.77
A00253,S2,2025-02-24 14:31:00,2025-02-24 18:25:00,3.82,3.91,2.8
A00253,S3,2025-02-24 21:58:00,2025-02-25 05:43:00,6.36,7.75,3.56
A00253,S4,2025-02-25 08:17:00,2025-02-25 12:38:00,5.09,4.35,2.55
A00253,S5,2025-02-25 14:26:00,2025-02-25 16:50:00,1.91,2.39,1.8
A00254,S1,2025-02-25 10:26:00,2025-02-25 15:47:00,5.16,5.35,3.43
A00254,S2,2025-02-25 19:15:00,2025-02-26 01:55:00,7.74,6.67,3.47
A00254,S3,2025-02-26 04:48:00,2025-02-26 19:15:00,12.9,14.44,2.89
A00254,S4,2025-02-26 20:29:00,2025-02-27 04:59:00,10.32,8.52,1.23
A00254,S5,2025-02-27 05:46:00,2025-02-27 09:41:00,3.87,3.92,0.78
A00255,S1,2025-02-25 07:21:00,2025-02-25 12:44:00,6.04,5.4,0.35
A00255,S2,2025-02-25 13:00:00,2025-02-25 22:48:00,9.06,9.79,0.27
A00255,S3,2025-02-26 02:04:00,2025-02-26 14:52:00,15.1,12.8,3.27
A00255,S4,2025-02-26 21:43:00,2025-02-27 06:10:00,12.08,8.46,6.84
A00255,S5,2025-02-27 09:32:00,2025-02-27 14:19:00,4.53,4.79,3.36
A00256,S1,2025-02-25 08:03:00,2025-02-25 13:00:00,4.74,4.95,1.04
A00256,S2,2025-02-25 13:47:00,2025-02-25 20:31:00,7.1,6.74,0.79
A00256,S3,2025-02-25 21:43:00,2025-02-26 09:57:00,11.84,12.24,1.19
A00256,S4,2025-02-26 23:23:00,2025-02-27 07:39:00,9.47,8.26,13.43
A00256,S5,2025-02-27 08:48:00,2025-02-27 12:31:00,3.55,3.71,1.16
A00257,S1,2025-02-25 08:21:00,2025-02-25 10:12:00,1.78,1.84,1.35
A00257,S2,2025-02-25 11:23:00,2025-02-25 13:53:00,2.66,2.5,1.19
A00257,S3,2025-02-25 14:00:00,2025-02-25 17:55:00,4.44,3.92,0.12
A00257,S4,2025-02-26 14:15:00,2025-02-26 18:25:00,3.55,4.16,20.33
A00257,S5,2025-02-26 18:54:00,2025-02-26 20:30:00,1.33,1.6,0.48
A00258,S1,2025-02-25 07:19:00,2025-02-25 10:41:00,3.42,3.36,0.32
A00258,S2,2025-02-25 15:04:00,2025-02-25 21:06:00,5.14,6.02,4.39
A00258,S3,2025-02-25 22:20:00,2025-02-26 05:09:00,8.56,6.81,1.24
A00258,S4,2025-02-26 08:40:00,2025-02-26 12:56:00,6.85,4.27,3.52
A00258,S5,2025-02-26 15:27:00,2025-02-26 17:45:00,2.57,2.29,2.52
A00259,S1,2025-02-25 08:13:00,2025-02-25 11:28:00,3.04,3.25,1.22
A00259,S2,2025-02-25 11:34:00,2025-02-25 17:00:00,4.56,5.44,0.09
A00259,S3,2025-02-25 18:07:00,2025-02-26 03:32:00,7.6,9.41,1.12
A00259,S4,2025-02-26 10:26:00,2025-02-26 14:59:00,6.08,4.56,6.89
A00259,S5,2025-02-26 16:16:00,2025-02-26 18:12:00,2.28,1.93,1.27
A00260,S1,2025-02-26 08:11:00,2025-02-26 13:06:00,5.2,4.91,1.18
A00260,S2,2025-02-26 14:50:00,2025-02-26 23:03:00,7.8,8.22,1.74
A00260,S3,2025-02-27 02:02:00,2025-02-27 15:43:00,13.0,13.68,2.97
A00260,S4,2025-02-28 00:24:00,2025-02-28 10:26:00,10.4,10.03,8.69
A00260,S5,2025-02-28 10:42:00,2025-02-28 14:58:00,3.9,4.27,0.27
A00261,S1,2025-02-26 07:38:00,2025-02-26 13:55:00,6.36,6.28,0.64
A00261,S2,2025-02-26 13:58:00,2025-02-26 23:10:00,9.54,9.2,0.04
A00261,S3,2025-02-27 02:24:00,2025-02-27 20:27:00,15.9,18.04,3.24
A00261,S4,2025-02-28 02:53:00,2025-02-28 22:27:00,12.72,19.56,6.44
A00261,S5,2025-03-01 00:13:00,2025-03-01 05:45:00,4.77,5.53,1.77
A00262,S1,2025-02-26 08:53:00,2025-02-26 12:54:00,3.0,4.02,1.89
A00262,S2,2025-02-26 16:40:00,2025-02-26 21:37:00,4.5,4.95,3.76
A00262,S3,2025-02-27 00:11:00,2025-02-27 11:27:00,7.5,11.27,2.56
A00262,S4,2025-02-27 21:12:00,2025-02-28 02:11:00,6.0,4.97,9.76
A00262,S5,2025-02-28 04:25:00,2025-02-28 06:51:00,2.25,2.43,2.24
A00263,S1,2025-02-27 07:16:00,2025-02-27 10:43:00,3.16,3.45,0.26
A00263,S2,2025-02-27 16:14:00,2025-02-27 21:11:00,4.74,4.95,5.52
A00263,S3,2025-02-27 21:38:00,2025-02-28 06:19:00,7.9,8.69,0.44
A00263,S4,2025-02-28 14:32:00,2025-03-01 02:34:00,6.32,12.02,8.22
A00263,S5,2025-03-01 02:49:00,2025-03-01 05:25:00,2.37,2.6,0.25
A00264,S1,2025-02-27 07:29:00,2025-02-27 13:25:00,6.08,5.94,0.49
A00264,S2,2025-02-27 18:45:00,2025-02-28 04:48:00,9.12,10.06,5.32
A00264,S3,2025-02-28 07:37:00,2025-02-28 22:08:00,15.2,14.52,2.81
A00264,S4,2025-03-01 10:34:00,2025-03-01 18:10:00,12.16,7.59,12.43
A00264,S5,2025-03-01 18:45:00,2025-03-01 22:58:00,4.56,4.21,0.6
A00265,S1,2025-02-27 07:35:00,2025-02-27 12:16:00,3.79,4.68,0.58
A00265,S2,2025-02-27 13:35:00,2025-02-27 18:43:00,5.69,5.14,1.32
A00265,S3,2025-02-27 19:16:00,2025-02-28 06:31:00,9.48,11.25,0.55
A00265,S4,2025-02-28 15:44:00,2025-02-28 23:15:00,7.58,7.51,9.21
A00265,S5,2025-03-01 00:16:00,2025-03-01 03:03:00,2.84,2.77,1.03
A00266,S1,2025-02-27 07:41:00,2025-02-27 12:19:00,4.48,4.64,0.68
A00266,S2,2025-02-27 14:58:00,2025-02-27 20:24:00,6.72,5.44,2.65
A00266,S3,2025-02-27 21:11:00,2025-02-28 10:58:00,11.2,13.78,0.78
A00266,S4,2025-02-28 15:43:00,2025-03-01 02:15:00,8.96,10.53,4.75
A00266,S5,2025-03-01 02:38:00,2025-03-01 06:12:00,3.36,3.56,0.4
A00267,S1,2025-02-27 08:08:00,2025-02-27 10:08:00,1.95,2.0,1.13
A00267,S2,2025-02-27 10:57:00,2025-02-27 13:43:00,2.93,2.77,0.81
A00267,S3,2025-02-27 14:37:00,2025-02-27 20:46:00,4.88,6.15,0.89
A00267,S4,2025-02-28 00:57:00,2025-02-28 08:38:00,3.9,7.69,4.18
A00267,S5,2025-02-28 11:11:00,2025-02-28 12:44:00,1.46,1.54,2.55
A00268,S1,2025-02-27 07:27:00,2025-02-27 11:11:00,3.97,3.73,0.44
A00268,S2,2025-02-27 12:52:00,2025-02-27 20:12:00,5.95,7.33,1.68
A00268,S3,2025-02-27 23:47:00,2025-02-28 06:59:00,9.92,7.2,3.6
A00268,S4,2025-02-28 08:13:00,2025-02-28 18:23:00,7.94,10.17,1.23
A00268,S5,2025-02-28 21:32:00,2025-02-28 23:56:00,2.98,2.39,3.15
A00269,S1,2025-02-27 08:48:00,2025-02-27 13:33:00,4.9,4.74,1.8
A00269,S2,2025-02-27 14:34:00,2025-02-27 21:32:00,7.34,6.97,1.02
A00269,S3,2025-02-27 22:19:00,2025-02-28 12:08:00,12.24,13.82,0.78
A00269,S4,2025-02-28 12:26:00,2025-03-01 06:36:00,9.79,18.17,0.3
A00269,S5,2025-03-01 08:16:00,2025-03-01 12:26:00,3.67,4.18,1.65
A00270,S1,2025-02-27 07:27:00,2025-02-27 10:40:00,2.86,3.21,0.46
A00270,S2,2025-02-27 12:49:00,2025-02-27 17:33:00,4.29,4.73,2.15
A00270,S3,2025-02-27 18:17:00,2025-02-28 02:35:00,7.15,8.31,0.73
A00270,S4,2025-02-28 03:12:00,2025-02-28 05:15:00,5.72,2.05,0.62
A00270,S5,2025-02-28 06:22:00,2025-02-28 08:46:00,2.14,2.4,1.1
A00271,S1,2025-02-27 08:05:00,2025-02-27 13:34:00,4.99,5.49,1.08
A00271,S2,2025-02-27 15:12:00,2025-02-28 01:17:00,7.49,10.07,1.64
A00271,S3,2025-02-28 05:54:00,2025-02-28 20:13:00,12.48,14.32,4.62
A00271,S4,2025-03-01 11:25:00,2025-03-01 23:20:00,9.98,11.92,15.2
A00271,S5,2025-03-02 01:14:00,2025-03-02 04:19:00,3.74,3.08,1.9
A00272,S1,2025-02-27 07:24:00,2025-02-27 10:54:00,3.07,3.5,0.39
A00272,S2,2025-02-27 15:31:00,2025-02-27 21:24:00,4.61,5.88,4.62
A00272,S3,2025-02-28 02:20:00,2025-02-28 11:12:00,7.68,8.87,4.94
A00272,S4,2025-02-28 13:39:00,2025-03-01 00:34:00,6.14,10.92,2.45
A00272,S5,2025-03-01 00:53:00,2025-03-01 03:12:00,2.3,2.31,0.31
A00273,S1,2025-02-27 07:06:00,2025-02-27 11:48:00,4.36,4.69,0.11
A00273,S2,2025-02-27 13:03:00,2025-02-27 20:45:00,6.54,7.7,1.24
A00273,S3,2025-02-27 22:23:00,2025-02-28 09:03:00,10.9,10.66,1.63
A00273,S4,2025-02-28 18:35:00,2025-03-01 08:26:00,8.72,13.86,9.53
A00273,S5,2025-03-01 10:11:00,2025-03-01 13:53:00,3.27,3.7,1.74
A00274,S1,2025-02-28 07:29:00,2025-02-28 09:37:00,2.05,2.13,0.49
A00274,S2,2025-02-28 09:47:00,2025-02-28 12:33:00,3.07,2.76,0.17
A00274,S3,2025-02-28 17:52:00,2025-02-28 22:09:00,5.12,4.28,5.32
A00274,S4,2025-03-01 08:01:00,2025-03-01 12:28:00,4.1,4.46,9.86
A00274,S5,2025-03-01 13:54:00,2025-03-01 15:27:00,1.54,1.55,1.44
A00275,S1,2025-02-28 08:49:00,2025-02-28 12:40:00,3.1,3.85,1.82
A00275,S2,2025-02-28 14:34:00,2025-02-28 18:46:00,4.65,4.21,1.9
A00275,S3,2025-02-28 18:55:00,2025-03-01 04:05:00,7.75,9.17,0.14
A00275,S4,2025-03-01 04:37:00,2025-03-01 11:02:00,6.2,6.42,0.54
A00275,S5,2025-03-01 15:56:00,2025-03-01 18:52:00,2.33,2.94,4.89
A00276,S1,2025-02-28 08:06:00,2025-02-28 11:17:00,3.24,3.18,1.1
A00276,S2,2025-02-28 13:53:00,2025-02-28 17:49:00,4.86,3.92,2.61
A00276,S3,2025-02-28 19:18:00,2025-03-01 02:25:00,8.1,7.12,1.49
A00276,S4,2025-03-01 09:05:00,2025-03-01 16:41:00,6.48,7.6,6.67
A00276,S5,2025-03-02 04:40:00,2025-03-02 06:32:00,2.43,1.87,11.97
A00277,S1,2025-02-28 08:08:00,2025-02-28 12:22:00,4.29,4.24,1.13
A00277,S2,2025-02-28 16:02:00,2025-02-28 22:12:00,6.43,6.17,3.66
A00277,S3,2025-03-01 01:43:00,2025-03-01 12:56:00,10.72,11.23,3.51
A00277,S4,2025-03-01 18:28:00,2025-03-02 01:12:00,8.58,6.73,5.53
A00277,S5,2025-03-02 02:44:00,2025-03-02 05:52:00,3.22,3.13,1.53
A00278,S1,2025-02-28 08:56:00,2025-02-28 14:00:00,4.36,5.06,1.94
A00278,S2,2025-02-28 15:21:00,2025-02-28 21:47:00,6.54,6.43,1.36
A00278,S3,2025-02-28 22:49:00,2025-03-01 10:05:00,10.9,11.27,1.03
A00278,S4,2025-03-01 11:25:00,2025-03-01 20:49:00,8.72,9.4,1.33
A00278,S5,2025-03-01 21:49:00,2025-03-02 00:57:00,3.27,3.13,1.01
A00279,S1,2025-03-01 07:14:00,2025-03-01 09:22:00,1.92,2.14,0.24
A00279,S2,2025-03-01 15:46:00,2025-03-01 20:12:00,2.88,4.42,6.4
A00279,S3,2025-03-01 23:10:00,2025-03-02 05:43:00,4.8,6.55,2.97
A00279,S4,2025-03-02 11:41:00,2025-03-02 19:25:00,3.84,7.72,5.97
A00279,S5,2025-03-02 22:24:00,2025-03-02 23:35:00,1.44,1.17,3.0
A00280,S1,2025-03-01 07:28:00,2025-03-01 10:42:00,2.98,3.22,0.47
A00280,S2,2025-03-01 10:51:00,2025-03-01 15:50:00,4.47,4.98,0.16
A00280,S3,2025-03-01 16:52:00,2025-03-01 23:22:00,7.45,6.49,1.04
A00280,S4,2025-03-02 01:42:00,2025-03-02 12:44:00,5.96,11.02,2.34
A00280,S5,2025-03-02 13:39:00,2025-03-02 15:51:00,2.24,2.21,0.91
A00281,S1,2025-03-02 08:19:00,2025-03-02 10:50:00,2.57,2.51,1.32
A00281,S2,2025-03-02 13:51:00,2025-03-02 17:05:00,3.85,3.23,3.02
A00281,S3,2025-03-02 21:31:00,2025-03-03 03:31:00,6.42,5.99,4.43
A00281,S4,2025-03-03 05:27:00,2025-03-03 11:26:00,5.14,5.98,1.95
A00281,S5,2025-03-03 12:18:00,2025-03-03 14:11:00,1.93,1.88,0.87
A00282,S1,2025-03-02 07:04:00,2025-03-02 11:46:00,4.51,4.7,0.07
A00282,S2,2025-03-02 13:59:00,2025-03-02 21:07:00,6.77,7.12,2.22
A00282,S3,2025-03-03 00:37:00,2025-03-03 11:22:00,11.28,10.75,3.5
A00282,S4,2025-03-03 17:54:00,2025-03-04 04:19:00,9.02,10.42,6.54
A00282,S5,2025-03-04 05:51:00,2025-03-04 09:37:00,3.38,3.77,1.52
A00283,S1,2025-03-02 07:29:00,2025-03-02 09:57:00,2.54,2.46,0.48
A00283,S2,2025-03-02 11:31:00,2025-03-02 15:47:00,3.81,4.27,1.57
A00283,S3,2025-03-02 16:35:00,2025-03-03 00:55:00,6.35,8.33,0.8
A00283,S4,2025-03-03 19:50:00,2025-03-04 00:11:00,5.08,4.35,18.91
A00283,S5,2025-03-04 01:11:00,2025-03-04 03:22:00,1.9,2.18,1.0
A00284,S1,2025-03-02 08:12:00,2025-03-02 12:16:00,5.08,4.06,1.2
A00284,S2,2025-03-02 14:06:00,2025-03-02 22:03:00,7.62,7.95,1.85
A00284,S3,2025-03-03 02:33:00,2025-03-03 16:35:00,12.7,14.03,4.5
A00284,S4,2025-03-03 22:55:00,2025-03-04 08:27:00,10.16,9.54,6.33
A00284,S5,2025-03-04 09:25:00,2025-03-04 13:33:00,3.81,4.14,0.96
A00285,S1,2025-03-02 07:43:00,2025-03-02 10:00:00,2.24,2.29,0.72
A00285,S2,2025-03-02 16:06:00,2025-03-02 18:37:00,3.36,2.52,6.09
A00285,S3,2025-03-02 18:59:00,2025-03-03 00:52:00,5.6,5.88,0.36
A00285,S4,2025-03-03 07:29:00,2025-03-03 13:56:00,4.48,6.45,6.62
A00285,S5,2025-03-03 14:08:00,2025-03-03 15:53:00,1.68,1.76,0.2
A00286,S1,2025-03-02 07:36:00,2025-03-02 10:43:00,2.98,3.11,0.61
A00286,S2,2025-03-02 13:27:00,2025-03-02 18:20:00,4.47,4.88,2.74
A00286,S3,2025-03-03 01:06:00,2025-03-03 07:14:00,7.45,6.12,6.77
A00286,S4,2025-03-03 18:14:00,2025-03-03 21:38:00,5.96,3.4,11.0
A00286,S5,2025-03-03 22:31:00,2025-03-04 00:55:00,2.24,2.41,0.89
A00287,S1,2025-03-02 09:14:00,2025-03-02 12:48:00,2.83,3.56,2.24
A00287,S2,2025-03-02 13:20:00,2025-03-02 17:55:00,4.25,4.58,0.54
A00287,S3,2025-03-02 22:33:00,2025-03-03 04:40:00,7.08,6.11,4.64
A00287,S4,2025-03-03 10:45:00,2025-03-03 17:06:00,5.66,6.34,6.1
A00287,S5,2025-03-03 17:41:00,2025-03-03 19:59:00,2.12,2.3,0.59
A00288,S1,2025-03-02 07:17:00,2025-03-02 12:01:00,4.96,4.72,0.29
A00288,S2,2025-03-02 12:48:00,2025-03-02 19:03:00,7.44,6.25,0.79
A00288,S3,2025-03-02 22:39:00,2025-03-03 12:13:00,12.4,13.57,3.59
A00288,S4,2025-03-03 17:19:00,2025-03-04 06:26:00,9.92,13.11,5.11
A00288,S5,2025-03-04 10:09:00,2025-03-04 14:21:00,3.72,4.2,3.73
A00289,S1,2025-03-03 09:23:00,2025-03-03 11:50:00,2.34,2.44,2.39
A00289,S2,2025-03-03 12:53:00,2025-03-03 16:23:00,3.51,3.5,1.05
A00289,S3,2025-03-03 17:18:00,2025-03-03 22:30:00,5.85,5.19,0.92
A00289,S4,2025-03-04 03:35:00,2025-03-04 08:37:00,4.68,5.04,5.09
A00289,S5,2025-03-04 11:34:00,2025-03-04 13:11:00,1.76,1.62,2.94
A00290,S1,2025-03-03 07:19:00,2025-03-03 11:30:00,4.72,4.18,0.32
A00290,S2,2025-03-03 13:12:00,2025-03-03 21:31:00,7.08,8.31,1.71
A00290,S3,2025-03-03 22:56:00,2025-03-04 14:32:00,11.8,15.59,1.42
A00290,S4,2025-03-04 20:28:00,2025-03-05 07:41:00,9.44,11.22,5.95
A00290,S5,2025-03-05 11:52:00,2025-03-05 15:46:00,3.54,3.89,4.18
A00291,S1,2025-03-03 07:21:00,2025-03-03 09:29:00,2.03,2.14,0.35
A00291,S2,2025-03-03 09:46:00,2025-03-03 12:58:00,3.05,3.2,0.28
A00291,S3,2025-03-03 14:34:00,2025-03-03 19:26:00,5.08,4.87,1.6
A00291,S4,2025-03-04 17:06:00,2025-03-05 01:38:00,4.06,8.53,21.67
A00291,S5,2025-03-05 02:40:00,2025-03-05 04:10:00,1.52,1.51,1.03
A00292,S1,2025-03-03 07:51:00,2025-03-03 13:46:00,5.64,5.92,0.85
A00292,S2,2025-03-03 14:57:00,2025-03-04 00:05:00,8.46,9.13,1.19
A00292,S3,2025-03-04 13:14:00,2025-03-05 10:50:00,14.1,21.59,13.15
A00292,S4,2025-03-06 03:16:00,2025-03-06 17:48:00,11.28,14.53,16.44
A00292,S5,2025-03-06 19:24:00,2025-03-06 23:38:00,4.23,4.24,1.6
A00293,S1,2025-03-04 09:35:00,2025-03-04 13:22:00,3.82,3.78,2.58
A00293,S2,2025-03-04 14:38:00,2025-03-04 20:05:00,5.72,5.46,1.27
A00293,S3,2025-03-04 22:41:00,2025-03-05 08:14:00,9.54,9.55,2.59
A00293,S4,2025-03-05 12:39:00,2025-03-05 16:47:00,7.63,4.14,4.42
A00293,S5,2025-03-06 00:55:00,2025-03-06 03:24:00,2.86,2.48,8.12
A00294,S1,2025-03-04 07:37:00,2025-03-04 12:30:00,4.99,4.88,0.62
A00294,S2,2025-03-04 13:05:00,2025-03-04 19:51:00,7.49,6.76,0.59
A00294,S3,2025-03-04 20:39:00,2025-03-05 10:53:00,12.48,14.22,0.81
A00294,S4,2025-03-05 15:33:00,2025-03-05 22:56:00,9.98,7.39,4.67
A00294,S5,2025-03-05 22:58:00,2025-03-06 02:29:00,3.74,3.51,0.04
A00295,S1,2025-03-04 07:01:00,2025-03-04 09:19:00,2.0,2.3,0.02
A00295,S2,2025-03-04 11:46:00,2025-03-04 14:35:00,3.0,2.82,2.44
A00295,S3,2025-03-04 15:09:00,2025-03-04 20:05:00,5.0,4.93,0.57
A00295,S4,2025-03-05 00:21:00,2025-03-05 08:56:00,4.0,8.58,4.27
A00295,S5,2025-03-05 10:00:00,2025-03-05 11:32:00,1.5,1.54,1.06
A00296,S1,2025-03-04 10:24:00,2025-03-04 12:45:00,2.35,2.35,3.4
A00296,S2,2025-03-04 14:34:00,2025-03-04 17:29:00,3.53,2.92,1.82
A00296,S3,2025-03-04 20:08:00,2025-03-05 03:11:00,5.88,7.06,2.65
A00296,S4,2025-03-05 04:50:00,2025-03-05 08:29:00,4.7,3.65,1.64
A00296,S5,2025-03-05 10:58:00,2025-03-05 12:40:00,1.76,1.69,2.48
A00297,S1,2025-03-04 08:14:00,2025-03-04 10:06:00,1.76,1.87,1.23
A00297,S2,2025-03-04 10:40:00,2025-03-04 13:31:00,2.64,2.85,0.56
A00297,S3,2025-03-04 14:28:00,2025-03-04 18:07:00,4.4,3.64,0.96
A00297,S4,2025-03-04 22:06:00,2025-03-05 01:16:00,3.52,3.17,3.98
A00297,S5,2025-03-05 02:27:00,2025-03-05 03:55:00,1.32,1.47,1.18
A00298,S1,2025-03-05 07:51:00,2025-03-05 13:35:00,5.32,5.75,0.84
A00298,S2,2025-03-05 15:06:00,2025-03-05 23:09:00,7.98,8.05,1.51
A00298,S3,2025-03-06 04:45:00,2025-03-06 17:48:00,13.3,13.04,5.61
A00298,S4,2025-03-06 22:05:00,2025-03-07 17:37:00,10.64,19.53,4.28
A00298,S5,2025-03-07 21:13:00,2025-03-08 01:56:00,3.99,4.72,3.6
A00299,S1,2025-03-05 07:17:00,2025-03-05 09:54:00,2.78,2.62,0.29
A00299,S2,2025-03-05 14:42:00,2025-03-05 18:34:00,4.18,3.86,4.8
A00299,S3,2025-03-06 00:07:00,2025-03-06 08:23:00,6.96,8.27,5.55
A00299,S4,2025-03-06 13:37:00,2025-03-06 20:08:00,5.57,6.52,5.23
A00299,S5,2025-03-06 23:40:00,2025-03-07 01:27:00,2.09,1.78,3.53
A00300,S1,2025-03-05 07:54:00,2025-03-05 14:14:00,4.88,6.33,0.9
A00300,S2,2025-03-05 15:05:00,2025-03-05 23:45:00,7.32,8.66,0.85
A00300,S3,2025-03-05 23:51:00,2025-03-06 11:25:00,12.2,11.57,0.1
A00300,S4,2025-03-06 12:06:00,2025-03-06 19:55:00,9.76,7.82,0.68
A00300,S5,2025-03-06 20:47:00,2025-03-07 00:46:00,3.66,3.99,0.86
A00301,S1,2025-03-05 07:11:00,2025-03-05 09:08:00,1.84,1.95,0.18
A00301,S2,2025-03-05 10:00:00,2025-03-05 12:53:00,2.76,2.88,0.87
A00301,S3,2025-03-05 13:58:00,2025-03-05 19:50:00,4.6,5.87,1.08
A00301,S4,2025-03-05 23:04:00,2025-03-06 04:14:00,3.68,5.17,3.23
A00301,S5,2025-03-06 05:00:00,2025-03-06 06:16:00,1.38,1.27,0.76
A00302,S1,2025-03-05 07:49:00,2025-03-05 10:26:00,2.24,2.62,0.82
A00302,S2,2025-03-05 10:54:00,2025-03-05 13:59:00,3.36,3.08,0.47
A00302,S3,2025-03-05 14:41:00,2025-03-05 21:15:00,5.6,6.55,0.7
A00302,S4,2025-03-06 09:15:00,2025-03-06 12:59:00,4.48,3.73,12.02
A00302,S5,2025-03-06 13:12:00,2025-03-06 14:41:00,1.68,1.49,0.21
A00303,S1,2025-03-05 08:14:00,2025-03-05 10:13:00,1.82,1.99,1.23
A00303,S2,2025-03-05 14:51:00,2025-03-05 17:37:00,2.74,2.76,4.62
A00303,S3,2025-03-05 23:42:00,2025-03-06 04:20:00,4.56,4.64,6.09
A00303,S4,2025-03-06 05:15:00,2025-03-06 11:29:00,3.65,6.23,0.92
A00303,S5,2025-03-06 12:13:00,2025-03-06 13:39:00,1.37,1.43,0.73
A00304,S1,2025-03-05 12:14:00,2025-03-05 15:10:00,2.81,2.93,5.24
A00304,S2,2025-03-05 15:27:00,2025-03-05 21:29:00,4.21,6.04,0.28
A00304,S3,2025-03-05 23:37:00,2025-03-06 04:27:00,7.02,4.82,2.14
A00304,S4,2025-03-06 07:33:00,2025-03-06 11:51:00,5.62,4.3,3.09
A00304,S5,2025-03-06 12:01:00,2025-03-06 14:23:00,2.11,2.36,0.17
A00305,S1,2025-03-05 07:45:00,2025-03-05 13:54:00,6.24,6.15,0.74
A00305,S2,2025-03-05 18:42:00,2025-03-06 03:57:00,9.36,9.25,4.81
A00305,S3,2025-03-06 04:16:00,2025-03-06 19:37:00,15.6,15.34,0.31
A00305,S4,2025-03-07 02:27:00,2025-03-07 14:47:00,12.48,12.33,6.84
A00305,S5,2025-03-07 17:53:00,2025-03-07 23:19:00,4.68,5.43,3.11
A00306,S1,2025-03-05 08:19:00,2025-03-05 12:12:00,3.31,3.9,1.31
A00306,S2,2025-03-05 12:17:00,2025-03-05 17:59:00,4.97,5.7,0.08
A00306,S3,2025-03-05 19:26:00,2025-03-06 01:37:00,8.28,6.18,1.44
A00306,S4,2025-03-06 02:03:00,2025-03-06 06:15:00,6.62,4.21,0.43
A00306,S5,2025-03-06 09:53:00,2025-03-06 12:36:00,2.48,2.72,3.64
A00307,S1,2025-03-06 07:30:00,2025-03-06 11:38:00,3.62,4.14,0.5
A00307,S2,2025-03-06 12:57:00,2025-03-06 18:36:00,5.44,5.66,1.31
A00307,S3,2025-03-06 21:27:00,2025-03-07 05:46:00,9.06,8.32,2.85
A00307,S4,2025-03-07 11:24:00,2025-03-07 22:30:00,7.25,11.11,5.63
A00307,S5,2025-03-07 23:32:00,2025-03-08 02:37:00,2.72,3.09,1.03
A00308,S1,2025-03-06 07:26:00,2025-03-06 12:57:00,5.4,5.51,0.44
A00308,S2,2025-03-06 13:11:00,2025-03-06 22:15:00,8.1,9.08,0.23
A00308,S3,2025-03-06 22:50:00,2025-03-07 09:09:00,13.5,10.32,0.57
A00308,S4,2025-03-08 02:24:00,2025-03-08 15:34:00,10.8,13.17,17.24
A00308,S5,2025-03-08 16:42:00,2025-03-08 21:06:00,4.05,4.39,1.14
A00309,S1,2025-03-06 08:00:00,2025-03-06 10:08:00,2.34,2.14,1.0
A00309,S2,2025-03-06 10:09:00,2025-03-06 13:50:00,3.51,3.69,0.02
A00309,S3,2025-03-06 14:47:00,2025-03-06 20:26:00,5.85,5.66,0.94
A00309,S4,2025-03-07 16:45:00,2025-03-07 20:52:00,4.68,4.12,20.31
A00309,S5,2025-03-07 21:47:00,2025-03-07 23:48:00,1.76,2.02,0.92
A00310,S1,2025-03-06 07:49:00,2025-03-06 09:38:00,1.9,1.8,0.82
A00310,S2,2025-03-06 10:45:00,2025-03-06 12:47:00,2.86,2.03,1.13
A00310,S3,2025-03-06 19:50:00,2025-03-07 00:40:00,4.76,4.84,7.05
A00310,S4,2025-03-07 04:50:00,2025-03-07 06:54:00,3.81,2.07,4.17
A00310,S5,2025-03-07 07:10:00,2025-03-07 08:47:00,1.43,1.63,0.26
A00311,S1,2025-03-06 08:29:00,2025-03-06 10:56:00,2.1,2.44,1.49
A00311,S2,2025-03-06 13:55:00,2025-03-06 17:36:00,3.15,3.69,2.98
A00311,S3,2025-03-06 20:04:00,2025-03-07 00:02:00,5.25,3.97,2.47
A00311,S4,2025-03-07 08:45:00,2025-03-07 13:10:00,4.2,4.42,8.72
A00311,S5,2025-03-07 14:26:00,2025-03-07 16:10:00,1.58,1.72,1.27
A00312,S1,2025-03-06 10:06:00,2025-03-06 12:53:00,2.42,2.78,3.11
A00312,S2,2025-03-06 16:00:00,2025-03-06 19:48:00,3.63,3.81,3.1
A00312,S3,2025-03-06 20:18:00,2025-03-07 03:13:00,6.05,6.92,0.5
A00312,S4,2025-03-07 04:21:00,2025-03-07 11:49:00,4.84,7.46,1.13
A00312,S5,2025-03-07 15:29:00,2025-03-07 17:24:00,1.82,1.91,3.68
A00313,S1,2025-03-07 07:40:00,2025-03-07 13:05:00,5.36,5.42,0.67
A00313,S2,2025-03-07 14:19:00,2025-03-07 22:49:00,8.04,8.5,1.24
A00313,S3,2025-03-08 04:36:00,2025-03-08 21:08:00,13.4,16.54,5.78
A00313,S4,2025-03-09 00:09:00,2025-03-09 10:35:00,10.72,10.44,3.02
A00313,S5,2025-03-09 13:39:00,2025-03-09 18:01:00,4.02,4.38,3.05
A00314,S1,2025-03-07 08:31:00,2025-03-07 11:17:00,2.32,2.76,1.52
A00314,S2,2025-03-07 15:16:00,2025-03-07 18:54:00,3.48,3.63,4.0
A00314,S3,2025-03-07 22:07:00,2025-03-08 03:53:00,5.8,5.77,3.21
A00314,S4,2025-03-08 16:34:00,2025-03-08 21:31:00,4.64,4.95,12.68
A00314,S5,2025-03-08 22:13:00,2025-03-09 00:03:00,1.74,1.84,0.7
A00315,S1,2025-03-07 07:49:00,2025-03-07 11:18:00,3.65,3.48,0.82
A00315,S2,2025-03-07 11:31:00,2025-03-07 17:22:00,5.47,5.84,0.22
A00315,S3,2025-03-07 18:06:00,2025-03-08 05:09:00,9.12,11.05,0.74
A00315,S4,2025-03-08 07:41:00,2025-03-08 13:08:00,7.3,5.45,2.52
A00315,S5,2025-03-08 15:35:00,2025-03-08 18:04:00,2.74,2.49,2.45
A00316,S1,2025-03-07 07:32:00,2025-03-07 12:01:00,4.88,4.49,0.53
A00316,S2,2025-03-07 12:48:00,2025-03-07 21:06:00,7.32,8.31,0.78
A00316,S3,2025-03-07 21:30:00,2025-03-08 13:24:00,12.2,15.9,0.39
A00316,S4,2025-03-08 14:31:00,2025-03-08 21:53:00,9.76,7.37,1.12
A00316,S5,2025-03-08 23:46:00,2025-03-09 03:18:00,3.66,3.52,1.89
A00317,S1,2025-03-07 07:00:00,2025-03-07 09:41:00,2.58,2.68,0.0
A00317,S2,2025-03-07 09:47:00,2025-03-07 13:23:00,3.87,3.6,0.1
A00317,S3,2025-03-07 19:18:00,2025-03-08 01:36:00,6.45,6.28,5.93
A00317,S4,2025-03-08 03:38:00,2025-03-08 10:21:00,5.16,6.71,2.04
A00317,S5,2025-03-08 12:28:00,2025-03-08 14:28:00,1.94,1.99,2.13
A00318,S1,2025-03-08 07:13:00,2025-03-08 10:02:00,2.52,2.81,0.22
A00318,S2,2025-03-08 10:57:00,2025-03-08 14:48:00,3.78,3.86,0.92
A00318,S3,2025-03-08 15:10:00,2025-03-08 22:43:00,6.3,7.55,0.37
A00318,S4,2025-03-09 06:19:00,2025-03-09 09:32:00,5.04,3.22,7.6
A00318,S5,2025-03-09 10:05:00,2025-03-09 12:03:00,1.89,1.97,0.54
A00319,S1,2025-03-08 07:55:00,2025-03-08 11:48:00,3.52,3.88,0.91
A00319,S2,2025-03-08 12:44:00,2025-03-08 18:30:00,5.28,5.77,0.93
A00319,S3,2025-03-09 00:46:00,2025-03-09 08:26:00,8.8,7.67,6.26
A00319,S4,2025-03-09 15:40:00,2025-03-09 23:06:00,7.04,7.43,7.23
A00319,S5,2025-03-09 23:38:00,2025-03-10 02:16:00,2.64,2.63,0.54
A00320,S1,2025-03-09 07:04:00,2025-03-09 10:52:00,3.82,3.79,0.07
A00320,S2,2025-03-09 12:50:00,2025-03-09 18:41:00,5.72,5.86,1.97
A00320,S3,2025-03-09 19:06:00,2025-03-10 04:12:00,9.54,9.1,0.42
A00320,S4,2025-03-12 23:11:00,2025-03-13 03:38:00,7.63,4.45,66.97
A00320,S5,2025-03-13 04:04:00,2025-03-13 06:52:00,2.86,2.79,0.44
A00321,S1,2025-03-09 07:18:00,2025-03-09 13:14:00,4.8,5.94,0.29
A00321,S2,2025-03-09 14:39:00,2025-03-09 22:16:00,7.2,7.62,1.42
A00321,S3,2025-03-10 01:07:00,2025-03-10 15:31:00,12.0,14.4,2.84
A00321,S4,2025-03-11 04:36:00,2025-03-11 12:39:00,9.6,8.05,13.09
A00321,S5,2025-03-11 17:44:00,2025-03-11 21:18:00,3.6,3.56,5.1
A00322,S1,2025-03-09 08:20:00,2025-03-09 12:59:00,3.77,4.66,1.33
A00322,S2,2025-03-09 15:42:00,2025-03-09 20:53:00,5.65,5.19,2.71
A00322,S3,2025-03-09 22:23:00,2025-03-10 05:10:00,9.42,6.79,1.5
A00322,S4,2025-03-10 13:48:00,2025-03-11 01:06:00,7.54,11.31,8.64
A00322,S5,2025-03-11 06:56:00,2025-03-11 10:08:00,2.83,3.19,5.83
A00323,S1,2025-03-09 07:49:00,2025-03-09 13:03:00,5.48,5.24,0.82
A00323,S2,2025-03-09 13:17:00,2025-03-09 21:41:00,8.22,8.4,0.24
A00323,S3,2025-03-09 23:14:00,2025-03-10 18:16:00,13.7,19.03,1.55
A00323,S4,2025-03-10 21:56:00,2025-03-11 07:03:00,10.96,9.13,3.66
A00323,S5,2025-03-11 07:55:00,2025-03-11 12:12:00,4.11,4.29,0.86
A00324,S1,2025-03-09 07:17:00,2025-03-09 09:21:00,2.19,2.07,0.28
A00324,S2,2025-03-09 10:25:00,2025-03-09 14:12:00,3.29,3.79,1.06
A00324,S3,2025-03-09 16:10:00,2025-03-09 22:52:00,5.48,6.7,1.96
A00324,S4,2025-03-10 07:31:00,2025-03-10 10:43:00,4.38,3.2,8.66
A00324,S5,2025-03-10 15:52:00,2025-03-10 17:41:00,1.64,1.82,5.14
A00325,S1,2025-03-09 07:15:00,2025-03-09 10:57:00,3.05,3.69,0.26
A00325,S2,2025-03-09 13:24:00,2025-03-09 18:15:00,4.57,4.86,2.45
A00325,S3,2025-03-09 18:35:00,2025-03-10 01:41:00,7.62,7.1,0.32
A00325,S4,2025-03-10 07:59:00,2025-03-10 14:59:00,6.1,7.0,6.3
A00325,S5,2025-03-10 20:08:00,2025-03-10 22:19:00,2.29,2.19,5.15
A00326,S1,2025-03-09 07:20:00,2025-03-09 09:20:00,2.19,1.99,0.34
A00326,S2,2025-03-09 09:53:00,2025-03-09 13:08:00,3.29,3.26,0.56
A00326,S3,2025-03-09 15:23:00,2025-03-09 21:36:00,5.48,6.22,2.25
A00326,S4,2025-03-10 11:49:00,2025-03-10 15:38:00,4.38,3.8,14.22
A00326,S5,2025-03-10 18:15:00,2025-03-10 20:05:00,1.64,1.82,2.63
A00327,S1,2025-03-10 07:11:00,2025-03-10 11:15:00,3.42,4.06,0.19
A00327,S2,2025-03-10 11:31:00,2025-03-10 17:25:00,5.14,5.91,0.26
A00327,S3,2025-03-10 19:51:00,2025-03-11 01:54:00,8.56,6.06,2.42
A00327,S4,2025-03-11 02:33:00,2025-03-11 10:49:00,6.85,8.26,0.65
A00327,S5,2025-03-11 13:46:00,2025-03-11 16:35:00,2.57,2.81,2.96
A00328,S1,2025-03-10 10:05:00,2025-03-10 12:55:00,2.78,2.83,3.08
A00328,S2,2025-03-10 16:43:00,2025-03-10 20:10:00,4.17,3.46,3.8
A00328,S3,2025-03-10 21:52:00,2025-03-11 08:51:00,6.95,11.0,1.69
A00328,S4,2025-03-11 10:18:00,2025-03-11 15:41:00,5.56,5.38,1.45
A00328,S5,2025-03-12 05:32:00,2025-03-12 07:48:00,2.08,2.27,13.86
A00329,S1,2025-03-10 08:59:00,2025-03-10 12:29:00,3.06,3.5,1.99
A00329,S2,2025-03-10 17:22:00,2025-03-10 22:48:00,4.59,5.43,4.88
A00329,S3,2025-03-11 00:01:00,2025-03-11 09:57:00,7.65,9.93,1.21
A00329,S4,2025-03-11 18:40:00,2025-03-12 14:40:00,6.12,20.01,8.72
A00329,S5,2025-03-12 21:34:00,2025-03-13 00:03:00,2.3,2.49,6.89
A00330,S1,2025-03-10 08:02:00,2025-03-10 15:16:00,5.8,7.23,1.03
A00330,S2,2025-03-10 18:50:00,2025-03-11 05:08:00,8.7,10.29,3.57
A00330,S3,2025-03-11 06:36:00,2025-03-11 23:24:00,14.5,16.8,1.48
A00330,S4,2025-03-12 17:00:00,2025-03-13 00:15:00,11.6,7.25,17.6
A00330,S5,2025-03-13 00:41:00,2025-03-13 05:31:00,4.35,4.82,0.44
A00331,S1,2025-03-11 07:29:00,2025-03-11 13:15:00,5.2,5.77,0.48
A00331,S2,2025-03-11 22:55:00,2025-03-12 06:59:00,7.8,8.07,9.66
A00331,S3,2025-03-12 07:29:00,2025-03-12 16:38:00,13.0,9.15,0.5
A00331,S4,2025-03-13 00:32:00,2025-03-13 08:56:00,10.4,8.4,7.9
A00331,S5,2025-03-13 10:53:00,2025-03-13 15:27:00,3.9,4.58,1.94
A00332,S1,2025-03-11 07:26:00,2025-03-11 11:10:00,4.26,3.72,0.44
A00332,S2,2025-03-11 12:41:00,2025-03-11 18:56:00,6.38,6.25,1.52
A00332,S3,2025-03-11 21:33:00,2025-03-12 14:10:00,10.64,16.6,2.63
A00332,S4,2025-03-12 15:27:00,2025-03-13 01:41:00,8.51,10.23,1.29
A00332,S5,2025-03-13 02:45:00,2025-03-13 06:26:00,3.19,3.67,1.07
A00333,S1,2025-03-11 07:17:00,2025-03-11 10:39:00,3.53,3.37,0.28
A00333,S2,2025-03-11 11:09:00,2025-03-11 17:33:00,5.29,6.39,0.5
A00333,S3,2025-03-12 00:11:00,2025-03-12 10:24:00,8.82,10.21,6.64
A00333,S4,2025-03-12 16:17:00,2025-03-13 00:38:00,7.06,8.35,5.88
A00333,S5,2025-03-13 03:40:00,2025-03-13 06:29:00,2.65,2.81,3.04
A00334,S1,2025-03-11 08:19:00,2025-03-11 13:03:00,4.24,4.74,1.32
A00334,S2,2025-03-11 20:16:00,2025-03-12 02:13:00,6.36,5.96,7.2
A00334,S3,2025-03-12 05:34:00,2025-03-12 19:08:00,10.6,13.58,3.34
A00334,S4,2025-03-13 02:34:00,2025-03-13 17:42:00,8.48,15.13,7.43
A00334,S5,2025-03-13 20:53:00,2025-03-14 00:17:00,3.18,3.39,3.19
A00335,S1,2025-03-11 10:43:00,2025-03-11 17:16:00,5.8,6.55,3.72
A00335,S2,2025-03-11 17:35:00,2025-03-12 01:25:00,8.7,7.83,0.31
A00335,S3,2025-03-12 06:18:00,2025-03-12 21:28:00,14.5,15.16,4.89
A00335,S4,2025-03-13 08:25:00,2025-03-14 00:19:00,11.6,15.91,10.95
A00335,S5,2025-03-14 00:55:00,2025-03-14 04:42:00,4.35,3.77,0.61
A00336,S1,2025-03-11 07:39:00,2025-03-11 12:39:00,5.08,5.0,0.65
A00336,S2,2025-03-11 14:07:00,2025-03-11 22:09:00,7.62,8.04,1.46
A00336,S3,2025-03-11 23:29:00,2025-03-12 19:29:00,12.7,20.01,1.32
A00336,S4,2025-03-13 10:00:00,2025-03-13 22:51:00,10.16,12.84,14.51
A00336,S5,2025-03-13 23:32:00,2025-03-14 03:42:00,3.81,4.16,0.69
A00337,S1,2025-03-12 09:21:00,2025-03-12 11:38:00,1.84,2.29,2.34
A00337,S2,2025-03-12 11:51:00,2025-03-12 14:19:00,2.76,2.47,0.21
A00337,S3,2025-03-12 14:36:00,2025-03-12 20:23:00,4.6,5.78,0.28
A00337,S4,2025-03-12 20:47:00,2025-03-13 02:32:00,3.68,5.75,0.41
A00337,S5,2025-03-13 03:47:00,2025-03-13 05:16:00,1.38,1.47,1.25
A00338,S1,2025-03-12 07:25:00,2025-03-12 10:33:00,3.36,3.14,0.42
A00338,S2,2025-03-12 11:34:00,2025-03-12 17:17:00,5.04,5.71,1.02
A00338,S3,2025-03-12 23:48:00,2025-03-13 07:42:00,8.4,7.89,6.52
A00338,S4,2025-03-13 08:21:00,2025-03-13 15:24:00,6.72,7.05,0.66
A00338,S5,2025-03-13 22:00:00,2025-03-14 00:11:00,2.52,2.18,6.6
A00339,S1,2025-03-12 07:23:00,2025-03-12 09:57:00,2.48,2.57,0.38
A00339,S2,2025-03-12 11:44:00,2025-03-12 15:44:00,3.72,3.99,1.79
A00339,S3,2025-03-12 16:07:00,2025-03-12 22:13:00,6.2,6.11,0.38
A00339,S4,2025-03-13 08:07:00,2025-03-13 18:36:00,4.96,10.48,9.9
A00339,S5,2025-03-13 19:30:00,2025-03-13 21:51:00,1.86,2.34,0.91
A00340,S1,2025-03-12 07:12:00,2025-03-12 09:19:00,1.95,2.12,0.2
A00340,S2,2025-03-12 11:11:00,2025-03-12 13:59:00,2.93,2.8,1.86
A00340,S3,2025-03-12 15:27:00,2025-03-12 21:35:00,4.88,6.14,1.46
A00340,S4,2025-03-12 23:52:00,2025-03-13 03:32:00,3.9,3.67,2.27
A00340,S5,2025-03-13 05:47:00,2025-03-13 07:29:00,1.46,1.7,2.26
A00341,S1,2025-03-12 07:27:00,2025-03-12 10:03:00,2.64,2.6,0.45
A00341,S2,2025-03-12 10:27:00,2025-03-12 15:41:00,3.96,5.24,0.4
A00341,S3,2025-03-12 16:00:00,2025-03-12 21:24:00,6.6,5.4,0.33
A00341,S4,2025-03-12 22:20:00,2025-03-13 02:20:00,5.28,4.01,0.92
A00341,S5,2025-03-13 04:40:00,2025-03-13 07:06:00,1.98,2.44,2.33
A00342,S1,2025-03-12 07:17:00,2025-03-12 09:59:00,2.78,2.69,0.29
A00342,S2,2025-03-12 10:36:00,2025-03-12 15:26:00,4.18,4.82,0.62
A00342,S3,2025-03-12 16:21:00,2025-03-13 01:36:00,6.96,9.26,0.92
A00342,S4,2025-03-13 23:42:00,2025-03-14 08:34:00,5.57,8.87,22.09
A00342,S5,2025-03-14 12:43:00,2025-03-14 15:05:00,2.09,2.36,4.14
A00343,S1,2025-03-13 07:12:00,2025-03-13 10:20:00,2.92,3.14,0.2
A00343,S2,2025-03-13 10:21:00,2025-03-13 13:58:00,4.38,3.63,0.0
A00343,S3,2025-03-13 14:29:00,2025-03-13 20:39:00,7.3,6.18,0.51
A00343,S4,2025-03-13 22:35:00,2025-03-14 06:38:00,5.84,8.06,1.93
A00343,S5,2025-03-14 07:23:00,2025-03-14 09:34:00,2.19,2.18,0.74
A00344,S1,2025-03-13 07:30:00,2025-03-13 11:22:00,3.46,3.86,0.5
A00344,S2,2025-03-13 11:29:00,2025-03-13 16:44:00,5.18,5.24,0.12
A00344,S3,2025-03-13 17:36:00,2025-03-14 04:34:00,8.64,10.97,0.87
A00344,S4,2025-03-14 14:28:00,2025-03-14 21:17:00,6.91,6.83,9.9
A00344,S5,2025-03-14 22:11:00,2025-03-15 01:07:00,2.59,2.93,0.9
A00345,S1,2025-03-13 08:09:00,2025-03-13 14:08:00,5.64,5.99,1.15
A00345,S2,2025-03-13 14:19:00,2025-03-14 02:51:00,8.46,12.53,0.17
A00345,S3,2025-03-14 05:21:00,2025-03-14 21:08:00,14.1,15.79,2.51
A00345,S4,2025-03-16 13:55:00,2025-03-17 06:52:00,11.28,16.94,40.78
A00345,S5,2025-03-17 07:43:00,2025-03-17 11:53:00,4.23,4.16,0.86
A00346,S1,2025-03-13 07:39:00,2025-03-13 10:31:00,2.59,2.86,0.65
A00346,S2,2025-03-13 11:12:00,2025-03-13 14:33:00,3.89,3.35,0.68
A00346,S3,2025-03-13 23:18:00,2025-03-14 06:02:00,6.48,6.74,8.76
A00346,S4,2025-03-14 16:39:00,2025-03-14 20:55:00,5.18,4.25,10.62
A00346,S5,2025-03-14 22:38:00,2025-03-15 00:40:00,1.94,2.04,1.72
A00347,S1,2025-03-13 09:53:00,2025-03-13 13:00:00,3.02,3.12,2.89
A00347,S2,2025-03-13 15:53:00,2025-03-13 22:05:00,4.54,6.21,2.88
A00347,S3,2025-03-13 22:26:00,2025-03-14 05:19:00,7.56,6.87,0.35
A00347,S4,2025-03-14 20:02:00,2025-03-14 23:21:00,6.05,3.32,14.72
A00347,S5,2025-03-15 01:22:00,2025-03-15 03:54:00,2.27,2.54,2.01
A00348,S1,2025-03-13 07:33:00,2025-03-13 09:36:00,2.18,2.06,0.55
A00348,S2,2025-03-13 09:55:00,2025-03-13 12:53:00,3.26,2.96,0.32
A00348,S3,2025-03-13 13:32:00,2025-03-13 20:16:00,5.44,6.72,0.65
A00348,S4,2025-03-13 21:18:00,2025-03-14 02:30:00,4.35,5.21,1.03
A00348,S5,2025-03-14 06:54:00,2025-03-14 08:34:00,1.63,1.67,4.39
A00349,S1,2025-03-13 07:03:00,2025-03-13 09:14:00,2.16,2.18,0.06
A00349,S2,2025-03-13 13:49:00,2025-03-13 16:43:00,3.24,2.9,4.57
A00349,S3,2025-03-13 17:12:00,2025-03-13 23:39:00,5.4,6.45,0.48
A00349,S4,2025-03-14 04:17:00,2025-03-14 07:30:00,4.32,3.22,4.64
A00349,S5,2025-03-14 09:41:00,2025-03-14 11:18:00,1.62,1.61,2.19
A00350,S1,2025-03-14 07:45:00,2025-03-14 11:52:00,3.62,4.12,0.74
A00350,S2,2025-03-14 12:35:00,2025-03-14 17:43:00,5.42,5.13,0.73
A00350,S3,2025-03-14 19:20:00,2025-03-15 03:34:00,9.04,8.23,1.62
A00350,S4,2025-03-15 03:38:00,2025-03-15 06:59:00,7.23,3.33,0.08
A00350,S5,2025-03-15 08:26:00,2025-03-15 11:08:00,2.71,2.7,1.46
A00351,S1,2025-03-14 07:55:00,2025-03-14 13:44:00,5.88,5.82,0.91
A00351,S2,2025-03-14 14:01:00,2025-03-15 00:21:00,8.82,10.33,0.29
A00351,S3,2025-03-15 00:48:00,2025-03-15 14:49:00,14.7,14.0,0.45
A00351,S4,2025-03-16 20:08:00,2025-03-17 04:35:00,11.76,8.44,29.33
A00351,S5,2025-03-17 07:52:00,2025-03-17 12:32:00,4.41,4.67,3.28
A00352,S1,2025-03-14 07:12:00,2025-03-14 09:09:00,1.82,1.95,0.2
A00352,S2,2025-03-14 10:07:00,2025-03-14 13:10:00,2.74,3.06,0.96
A00352,S3,2025-03-14 14:06:00,2025-03-14 17:37:00,4.56,3.52,0.93
A00352,S4,2025-03-14 19:35:00,2025-03-14 22:54:00,3.65,3.33,1.96
A00352,S5,2025-03-14 23:24:00,2025-03-15 00:51:00,1.37,1.45,0.5
A00353,S1,2025-03-14 07:59:00,2025-03-14 10:04:00,2.19,2.09,0.98
A00353,S2,2025-03-14 14:54:00,2025-03-14 18:42:00,3.29,3.81,4.83
A00353,S3,2025-03-14 21:09:00,2025-03-15 03:59:00,5.48,6.83,2.46
A00353,S4,2025-03-15 10:03:00,2025-03-15 12:52:00,4.38,2.81,6.07
A00353,S5,2025-03-15 14:18:00,2025-03-15 16:04:00,1.64,1.77,1.44
A00354,S1,2025-03-14 07:10:00,2025-03-14 09:33:00,2.14,2.39,0.16
A00354,S2,2025-03-14 11:58:00,2025-03-14 15:26:00,3.21,3.46,2.42
A00354,S3,2025-03-14 16:39:00,2025-03-14 21:07:00,5.35,4.46,1.23
A00354,S4,2025-03-14 23:56:00,2025-03-15 02:01:00,4.28,2.08,2.81
A00354,S5,2025-03-15 03:49:00,2025-03-15 05:19:00,1.6,1.49,1.82
A00355,S1,2025-03-14 09:55:00,2025-03-14 14:03:00,3.7,4.13,2.92
A00355,S2,2025-03-14 14:22:00,2025-03-14 20:08:00,5.54,5.77,0.32
A00355,S3,2025-03-14 23:18:00,2025-03-15 12:59:00,9.24,13.69,3.16
A00355,S4,2025-03-16 09:34:00,2025-03-16 18:19:00,7.39,8.75,20.58
A00355,S5,2025-03-16 18:26:00,2025-03-16 21:34:00,2.77,3.13,0.13
A00356,S1,2025-03-14 07:56:00,2025-03-14 10:50:00,2.8,2.89,0.93
A00356,S2,2025-03-14 10:50:00,2025-03-14 15:25:00,4.2,4.58,0.01
A00356,S3,2025-03-14 19:41:00,2025-03-15 01:18:00,7.0,5.63,4.26
A00356,S4,2025-03-15 03:20:00,2025-03-15 10:08:00,5.6,6.8,2.03
A00356,S5,2025-03-15 12:41:00,2025-03-15 14:59:00,2.1,2.31,2.54
A00357,S1,2025-03-14 07:11:00,2025-03-14 09:33:00,2.14,2.37,0.19
A00357,S2,2025-03-14 11:52:00,2025-03-14 14:41:00,3.21,2.81,2.31
A00357,S3,2025-03-14 16:16:00,2025-03-14 22:07:00,5.35,5.85,1.58
A00357,S4,2025-03-15 04:04:00,2025-03-15 08:03:00,4.28,3.99,5.95
A00357,S5,2025-03-15 10:16:00,2025-03-15 12:04:00,1.6,1.8,2.22
A00358,S1,2025-03-14 10:15:00,2025-03-14 16:23:00,6.12,6.14,3.25
A00358,S2,2025-03-14 17:28:00,2025-03-15 04:43:00,9.18,11.26,1.08
A00358,S3,2025-03-15 04:55:00,2025-03-15 22:39:00,15.3,17.74,0.19
A00358,S4,2025-03-16 00:42:00,2025-03-16 14:18:00,12.24,13.6,2.05
A00358,S5,2025-03-16 16:58:00,2025-03-16 22:11:00,4.59,5.22,2.67
A00359,S1,2025-03-14 07:39:00,2025-03-14 10:10:00,2.38,2.52,0.65
A00359,S2,2025-03-14 15:45:00,2025-03-14 20:04:00,3.58,4.33,5.58
A00359,S3,2025-03-14 22:37:00,2025-03-15 05:29:00,5.96,6.87,2.54
A00359,S4,2025-03-16 06:19:00,2025-03-16 11:01:00,4.77,4.69,24.83
A00359,S5,2025-03-16 11:44:00,2025-03-16 13:40:00,1.79,1.93,0.72
A00360,S1,2025-03-15 09:40:00,2025-03-15 13:49:00,3.7,4.14,2.67
A00360,S2,2025-03-15 15:58:00,2025-03-15 21:43:00,5.54,5.75,2.16
A00360,S3,2025-03-15 23:58:00,2025-03-16 09:16:00,9.24,9.3,2.24
A00360,S4,2025-03-17 00:46:00,2025-03-17 09:11:00,7.39,8.42,15.49
A00360,S5,2025-03-17 09:43:00,2025-03-17 12:55:00,2.77,3.2,0.54
A00361,S1,2025-03-15 08:42:00,2025-03-15 13:17:00,3.77,4.58,1.7
A00361,S2,2025-03-15 16:59:00,2025-03-15 22:35:00,5.65,5.6,3.7
A00361,S3,2025-03-16 02:42:00,2025-03-16 12:24:00,9.42,9.7,4.12
A00361,S4,2025-03-17 05:37:00,2025-03-17 14:58:00,7.54,9.35,17.21
A00361,S5,2025-03-17 15:04:00,2025-03-17 18:06:00,2.83,3.03,0.1
A00362,S1,2025-03-15 08:00:00,2025-03-15 11:59:00,3.36,3.99,0.99
A00362,S2,2025-03-15 12:25:00,2025-03-15 15:10:00,5.04,2.74,0.43
A00362,S3,2025-03-16 01:18:00,2025-03-16 14:15:00,8.4,12.96,10.14
A00362,S4,2025-03-18 07:42:00,2025-03-18 19:43:00,6.72,12.02,41.44
A00362,S5,2025-03-18 20:59:00,2025-03-18 23:54:00,2.52,2.91,1.26
A00363,S1,2025-03-16 07:41:00,2025-03-16 10:47:00,2.83,3.11,0.68
A00363,S2,2025-03-16 12:12:00,2025-03-16 16:55:00,4.25,4.72,1.41
A00363,S3,2025-03-16 18:51:00,2025-03-17 01:43:00,7.08,6.85,1.95
A00363,S4,2025-03-17 05:10:00,2025-03-17 12:45:00,5.66,7.59,3.45
A00363,S5,2025-03-17 13:24:00,2025-03-17 15:19:00,2.12,1.92,0.65
A00364,S1,2025-03-16 07:45:00,2025-03-16 11:40:00,3.58,3.91,0.75
A00364,S2,2025-03-16 12:03:00,2025-03-16 18:23:00,5.36,6.34,0.38
A00364,S3,2025-03-16 21:08:00,2025-03-17 05:34:00,8.94,8.42,2.76
A00364,S4,2025-03-18 12:47:00,2025-03-18 16:35:00,7.15,3.8,31.21
A00364,S5,2025-03-18 16:49:00,2025-03-18 19:38:00,2.68,2.82,0.24
A00365,S1,2025-03-16 08:46:00,2025-03-16 14:05:00,4.93,5.31,1.77
A00365,S2,2025-03-16 15:21:00,2025-03-16 23:28:00,7.39,8.11,1.27
A00365,S3,2025-03-17 04:03:00,2025-03-17 16:45:00,12.32,12.71,4.59
A00365,S4,2025-03-18 05:19:00,2025-03-18 15:01:00,9.86,9.71,12.55
A00365,S5,2025-03-18 17:15:00,2025-03-18 21:20:00,3.7,4.09,2.23
A00366,S1,2025-03-16 07:03:00,2025-03-16 09:33:00,2.46,2.51,0.05
A00366,S2,2025-03-16 13:14:00,2025-03-16 16:49:00,3.69,3.59,3.68
A00366,S3,2025-03-16 19:08:00,2025-03-17 02:07:00,6.15,6.98,2.31
A00366,S4,2025-03-17 03:09:00,2025-03-17 10:07:00,4.92,6.96,1.04
A00366,S5,2025-03-17 13:34:00,2025-03-17 15:55:00,1.84,2.34,3.45
A00367,S1,2025-03-17 07:38:00,2025-03-17 09:49:00,2.29,2.18,0.64
A00367,S2,2025-03-17 10:05:00,2025-03-17 14:37:00,3.43,4.54,0.26
A00367,S3,2025-03-18 00:34:00,2025-03-18 07:21:00,5.72,6.78,9.96
A00367,S4,2025-03-18 13:43:00,2025-03-18 22:47:00,4.58,9.07,6.36
A00367,S5,2025-03-19 00:03:00,2025-03-19 01:49:00,1.72,1.76,1.27
A00368,S1,2025-03-17 09:08:00,2025-03-17 13:00:00,3.6,3.88,2.13
A00368,S2,2025-03-17 14:28:00,2025-03-17 19:38:00,5.4,5.18,1.45
A00368,S3,2025-03-17 20:09:00,2025-03-18 05:06:00,9.0,8.95,0.51
A00368,S4,2025-03-18 10:34:00,2025-03-18 19:54:00,7.2,9.33,5.47
A00368,S5,2025-03-18 20:29:00,2025-03-18 23:03:00,2.7,2.57,0.58
A00369,S1,2025-03-17 09:41:00,2025-03-17 14:28:00,4.35,4.78,2.69
A00369,S2,2025-03-17 15:44:00,2025-03-17 21:49:00,6.53,6.09,1.26
A00369,S3,2025-03-17 22:35:00,2025-03-18 04:42:00,10.88,6.11,0.76
A00369,S4,2025-03-18 21:22:00,2025-03-19 19:51:00,8.7,22.5,16.67
A00369,S5,2025-03-19 20:57:00,2025-03-20 00:18:00,3.26,3.35,1.08
A00370,S1,2025-03-17 08:32:00,2025-03-17 14:40:00,5.56,6.13,1.54
A00370,S2,2025-03-17 15:32:00,2025-03-18 01:25:00,8.34,9.88,0.87
A00370,S3,2025-03-18 01:30:00,2025-03-19 05:06:00,13.9,27.6,0.09
A00370,S4,2025-03-19 10:07:00,2025-03-19 22:38:00,11.12,12.52,5.01
A00370,S5,2025-03-19 23:55:00,2025-03-20 04:04:00,4.17,4.15,1.28
A00371,S1,2025-03-17 07:02:00,2025-03-17 09:04:00,2.4,2.03,0.04
A00371,S2,2025-03-17 10:17:00,2025-03-17 14:56:00,3.6,4.65,1.21
A00371,S3,2025-03-17 16:44:00,2025-03-17 22:38:00,6.0,5.9,1.81
A00371,S4,2025-03-18 01:17:00,2025-03-18 07:11:00,4.8,5.91,2.64
A00371,S5,2025-03-18 07:35:00,2025-03-18 09:10:00,1.8,1.58,0.39
A00372,S1,2025-03-18 07:06:00,2025-03-18 09:56:00,2.54,2.84,0.1
A00372,S2,2025-03-18 11:57:00,2025-03-18 16:17:00,3.82,4.34,2.02
A00372,S3,2025-03-18 18:29:00,2025-03-18 23:08:00,6.36,4.65,2.2
A00372,S4,2025-03-19 00:45:00,2025-03-19 04:54:00,5.09,4.13,1.62
A00372,S5,2025-03-19 07:42:00,2025-03-19 09:48:00,1.91,2.09,2.82
A00373,S1,2025-03-18 08:20:00,2025-03-18 13:29:00,4.36,5.14,1.34
A00373,S2,2025-03-18 14:38:00,2025-03-18 21:45:00,6.54,7.13,1.15
A00373,S3,2025-03-18 22:37:00,2025-03-19 09:39:00,10.9,11.04,0.87
A00373,S4,2025-03-19 23:45:00,2025-03-20 02:32:00,8.72,2.78,14.1
A00373,S5,2025-03-20 02:42:00,2025-03-20 06:21:00,3.27,3.64,0.17
A00374,S1,2025-03-18 08:50:00,2025-03-18 12:15:00,3.22,3.43,1.83
A00374,S2,2025-03-18 13:47:00,2025-03-18 20:16:00,4.82,6.5,1.52
A00374,S3,2025-03-18 20:49:00,2025-03-19 05:32:00,8.04,8.71,0.54
A00374,S4,2025-03-19 09:31:00,2025-03-19 17:49:00,6.43,8.3,3.99
A00374,S5,2025-03-19 18:05:00,2025-03-19 20:55:00,2.41,2.83,0.27
A00375,S1,2025-03-18 07:18:00,2025-03-18 10:09:00,2.68,2.85,0.29
A00375,S2,2025-03-18 11:23:00,2025-03-18 16:32:00,4.02,5.14,1.24
A00375,S3,2025-03-19 04:25:00,2025-03-19 11:04:00,6.7,6.66,11.88
A00375,S4,2025-03-19 19:04:00,2025-03-19 22:47:00,5.36,3.72,7.98
A00375,S5,2025-03-20 01:40:00,2025-03-20 03:46:00,2.01,2.1,2.89
A00376,S1,2025-03-19 09:50:00,2025-03-19 13:39:00,3.9,3.82,2.83
A00376,S2,2025-03-19 14:16:00,2025-03-19 21:34:00,5.86,7.29,0.63
A00376,S3,2025-03-20 02:53:00,2025-03-20 12:16:00,9.76,9.39,5.32
A00376,S4,2025-03-20 16:32:00,2025-03-20 22:20:00,7.81,5.8,4.26
A00376,S5,2025-03-21 01:20:00,2025-03-21 05:11:00,2.93,3.86,3.0
A00377,S1,2025-03-19 10:19:00,2025-03-19 12:54:00,2.36,2.58,3.31
A00377,S2,2025-03-19 16:59:00,2025-03-19 20:00:00,3.54,3.02,4.08
A00377,S3,2025-03-19 20:21:00,2025-03-20 04:07:00,5.9,7.76,0.36
A00377,S4,2025-03-20 04:24:00,2025-03-20 08:45:00,4.72,4.35,0.28
A00377,S5,2025-03-20 08:49:00,2025-03-20 10:39:00,1.77,1.83,0.08
A00378,S1,2025-03-19 07:36:00,2025-03-19 12:19:00,4.29,4.72,0.59
A00378,S2,2025-03-19 12:34:00,2025-03-19 20:17:00,6.43,7.72,0.25
A00378,S3,2025-03-19 23:47:00,2025-03-20 10:10:00,10.72,10.38,3.5
A00378,S4,2025-03-20 14:44:00,2025-03-20 22:56:00,8.58,8.21,4.57
A00378,S5,2025-03-21 00:47:00,2025-03-21 04:17:00,3.22,3.5,1.85
A00379,S1,2025-03-19 07:06:00,2025-03-19 10:12:00,2.9,3.1,0.1
A00379,S2,2025-03-19 10:21:00,2025-03-19 13:47:00,4.36,3.45,0.15
A00379,S3,2025-03-19 14:12:00,2025-03-19 23:28:00,7.26,9.26,0.41
A00379,S4,2025-03-20 05:07:00,2025-03-20 10:27:00,5.81,5.32,5.66
A00379,S5,2025-03-20 13:08:00,2025-03-20 15:11:00,2.18,2.05,2.69
A00380,S1,2025-03-19 07:51:00,2025-03-19 13:04:00,5.04,5.21,0.86
A00380,S2,2025-03-19 14:46:00,2025-03-19 22:40:00,7.56,7.91,1.7
A00380,S3,2025-03-19 23:57:00,2025-03-20 11:45:00,12.6,11.79,1.28
A00380,S4,2025-03-20 19:48:00,2025-03-21 06:21:00,10.08,10.56,8.05
A00380,S5,2025-03-21 07:02:00,2025-03-21 11:38:00,3.78,4.59,0.69
A00381,S1,2025-03-19 07:03:00,2025-03-19 09:47:00,2.26,2.74,0.05
A00381,S2,2025-03-19 15:45:00,2025-03-19 19:17:00,3.38,3.54,5.96
A00381,S3,2025-03-19 19:36:00,2025-03-20 02:57:00,5.64,7.35,0.32
A00381,S4,2025-03-20 13:43:00,2025-03-20 16:34:00,4.51,2.85,10.76
A00381,S5,2025-03-20 18:39:00,2025-03-20 20:23:00,1.69,1.73,2.09
A00382,S1,2025-03-19 09:34:00,2025-03-19 12:23:00,2.35,2.82,2.56
A00382,S2,2025-03-19 13:44:00,2025-03-19 18:11:00,3.53,4.44,1.36
A00382,S3,2025-03-19 18:36:00,2025-03-20 01:24:00,5.88,6.81,0.42
A00382,S4,2025-03-20 05:04:00,2025-03-20 07:51:00,4.7,2.78,3.67
A00382,S5,2025-03-20 10:51:00,2025-03-20 12:58:00,1.76,2.12,3.01
A00383,S1,2025-03-19 08:10:00,2025-03-19 10:47:00,2.43,2.6,1.17
A00383,S2,2025-03-19 13:22:00,2025-03-19 17:18:00,3.65,3.94,2.59
A00383,S3,2025-03-19 17:54:00,2025-03-19 22:51:00,6.08,4.95,0.6
A00383,S4,2025-03-20 13:36:00,2025-03-20 17:53:00,4.86,4.29,14.75
A00383,S5,2025-03-20 18:49:00,2025-03-20 20:59:00,1.82,2.18,0.92
A00384,S1,2025-03-19 07:47:00,2025-03-19 13:21:00,5.32,5.56,0.78
A00384,S2,2025-03-19 18:45:00,2025-03-20 04:11:00,7.98,9.43,5.41
A00384,S3,2025-03-20 04:22:00,2025-03-20 19:25:00,13.3,15.05,0.18
A00384,S4,2025-03-20 20:16:00,2025-03-21 11:34:00,10.64,15.31,0.84
A00384,S5,2025-03-21 14:46:00,2025-03-21 19:19:00,3.99,4.56,3.19
A00385,S1,2025-03-19 10:22:00,2025-03-19 12:39:00,2.22,2.28,3.37
A00385,S2,2025-03-19 14:08:00,2025-03-19 17:57:00,3.33,3.82,1.49
A00385,S3,2025-03-19 19:16:00,2025-03-20 01:38:00,5.55,6.36,1.32
A00385,S4,2025-03-20 06:16:00,2025-03-20 11:02:00,4.44,4.75,4.64
A00385,S5,2025-03-20 13:14:00,2025-03-20 14:57:00,1.66,1.72,2.2
A00386,S1,2025-03-19 08:04:00,2025-03-19 13:14:00,4.88,5.16,1.07
A00386,S2,2025-03-19 18:36:00,2025-03-20 03:10:00,7.32,8.57,5.37
A00386,S3,2025-03-20 03:24:00,2025-03-20 21:09:00,12.2,17.75,0.23
A00386,S4,2025-03-21 02:52:00,2025-03-21 15:25:00,9.76,12.54,5.71
A00386,S5,2025-03-21 16:53:00,2025-03-21 20:56:00,3.66,4.06,1.47
A00387,S1,2025-03-19 08:36:00,2025-03-19 11:42:00,3.05,3.11,1.6
A00387,S2,2025-03-19 13:55:00,2025-03-19 20:08:00,4.57,6.21,2.22
A00387,S3,2025-03-19 20:40:00,2025-03-20 02:57:00,7.62,6.3,0.53
A00387,S4,2025-03-20 05:24:00,2025-03-20 09:59:00,6.1,4.58,2.44
A00387,S5,2025-03-20 10:10:00,2025-03-20 12:48:00,2.29,2.63,0.19
A00388,S1,2025-03-20 07:45:00,2025-03-20 11:04:00,3.39,3.33,0.74
A00388,S2,2025-03-20 12:50:00,2025-03-20 18:10:00,5.09,5.33,1.77
A00388,S3,2025-03-20 21:51:00,2025-03-21 04:55:00,8.48,7.07,3.68
A00388,S4,2025-03-21 05:11:00,2025-03-21 14:30:00,6.78,9.32,0.27
A00388,S5,2025-03-21 14:46:00,2025-03-21 17:37:00,2.54,2.84,0.27
A00389,S1,2025-03-20 10:47:00,2025-03-20 13:15:00,2.2,2.47,3.78
A00389,S2,2025-03-20 15:03:00,2025-03-20 19:14:00,3.3,4.17,1.8
A00389,S3,2025-03-20 19:23:00,2025-03-21 02:14:00,5.5,6.84,0.16
A00389,S4,2025-03-21 12:34:00,2025-03-21 19:15:00,4.4,6.68,10.34
A00389,S5,2025-03-22 00:39:00,2025-03-22 02:02:00,1.65,1.38,5.4
A00390,S1,2025-03-20 08:35:00,2025-03-20 13:05:00,4.1,4.49,1.59
A00390,S2,2025-03-20 14:50:00,2025-03-20 21:25:00,6.14,6.59,1.75
A00390,S3,2025-03-20 23:33:00,2025-03-21 12:08:00,10.24,12.58,2.14
A00390,S4,2025-03-21 16:47:00,2025-03-22 06:05:00,8.19,13.3,4.64
A00390,S5,2025-03-22 07:00:00,2025-03-22 09:49:00,3.07,2.81,0.92
A00391,S1,2025-03-20 07:04:00,2025-03-20 10:37:00,3.0,3.56,0.06
A00391,S2,2025-03-20 11:35:00,2025-03-20 16:15:00,4.5,4.67,0.95
A00391,S3,2025-03-20 18:33:00,2025-03-21 05:15:00,7.5,10.7,2.3
A00391,S4,2025-03-21 13:07:00,2025-03-21 19:50:00,6.0,6.71,7.87
A00391,S5,2025-03-21 23:02:00,2025-03-22 01:23:00,2.25,2.35,3.2
A00392,S1,2025-03-20 09:44:00,2025-03-20 13:27:00,3.74,3.72,2.73
A00392,S2,2025-03-20 13:45:00,2025-03-20 18:33:00,5.62,4.78,0.31
A00392,S3,2025-03-20 18:59:00,2025-03-21 08:15:00,9.36,13.28,0.44
A00392,S4,2025-03-21 13:40:00,2025-03-21 21:20:00,7.49,7.67,5.4
A00392,S5,2025-03-21 23:12:00,2025-03-22 01:30:00,2.81,2.3,1.87
A00393,S1,2025-03-20 07:50:00,2025-03-20 10:04:00,2.24,2.24,0.83
A00393,S2,2025-03-20 11:20:00,2025-03-20 14:36:00,3.36,3.28,1.26
A00393,S3,2025-03-20 19:35:00,2025-03-21 02:39:00,5.6,7.08,4.97
A00393,S4,2025-03-21 08:02:00,2025-03-21 12:16:00,4.48,4.22,5.38
A00393,S5,2025-03-21 12:19:00,2025-03-21 13:50:00,1.68,1.52,0.05
A00394,S1,2025-03-21 07:40:00,2025-03-21 10:32:00,3.12,2.86,0.67
A00394,S2,2025-03-21 12:29:00,2025-03-21 17:22:00,4.68,4.88,1.96
A00394,S3,2025-03-22 10:18:00,2025-03-22 19:33:00,7.8,9.26,16.93
A00394,S4,2025-03-23 19:27:00,2025-03-24 03:23:00,6.24,7.94,23.89
A00394,S5,2025-03-24 03:44:00,2025-03-24 05:52:00,2.34,2.13,0.35
A00395,S1,2025-03-21 07:07:00,2025-03-21 09:52:00,3.07,2.74,0.12
A00395,S2,2025-03-21 09:52:00,2025-03-21 15:18:00,4.61,5.43,0.0
A00395,S3,2025-03-22 01:45:00,2025-03-22 08:32:00,7.68,6.79,10.45
A00395,S4,2025-03-22 15:26:00,2025-03-23 00:41:00,6.14,9.25,6.89
A00395,S5,2025-03-23 07:58:00,2025-03-23 10:39:00,2.3,2.69,7.28
A00396,S1,2025-03-21 08:14:00,2025-03-21 14:02:00,5.6,5.8,1.23
A00396,S2,2025-03-21 14:17:00,2025-03-21 21:30:00,8.4,7.23,0.25
A00396,S3,2025-03-22 00:32:00,2025-03-22 15:31:00,14.0,14.98,3.03
A00396,S4,2025-03-23 12:00:00,2025-03-24 03:53:00,11.2,15.88,20.48
A00396,S5,2025-03-24 04:43:00,2025-03-24 09:18:00,4.2,4.57,0.84
A00397,S1,2025-03-21 07:03:00,2025-03-21 12:31:00,5.0,5.47,0.05
A00397,S2,2025-03-21 18:26:00,2025-03-22 01:36:00,7.5,7.17,5.92
A00397,S3,2025-03-22 02:59:00,2025-03-22 17:38:00,12.5,14.65,1.38
A00397,S4,2025-03-22 20:56:00,2025-03-23 10:38:00,10.0,13.7,3.29
A00397,S5,2025-03-23 11:33:00,2025-03-23 15:28:00,3.75,3.92,0.91
A00398,S1,2025-03-22 07:36:00,2025-03-22 10:17:00,2.57,2.68,0.6
A00398,S2,2025-03-22 10:24:00,2025-03-22 14:08:00,3.85,3.74,0.11
A00398,S3,2025-03-22 20:17:00,2025-03-23 02:50:00,6.42,6.54,6.16
A00398,S4,2025-03-23 05:51:00,2025-03-23 10:33:00,5.14,4.69,3.02
A00398,S5,2025-03-23 13:06:00,2025-03-23 15:34:00,1.93,2.47,2.56
A00399,S1,2025-03-22 07:12:00,2025-03-22 10:09:00,2.64,2.95,0.2
A00399,S2,2025-03-22 13:41:00,2025-03-22 17:31:00,3.96,3.84,3.53
A00399,S3,2025-03-22 18:02:00,2025-03-23 00:39:00,6.6,6.62,0.51
A00399,S4,2025-03-24 03:33:00,2025-03-24 08:11:00,5.28,4.63,26.9
A00399,S5,2025-03-24 09:39:00,2025-03-24 11:46:00,1.98,2.11,1.47
A00400,S1,2025-03-22 07:28:00,2025-03-22 11:36:00,3.34,4.13,0.47
A00400,S2,2025-03-22 15:42:00,2025-03-22 21:30:00,5.0,5.79,4.1
A00400,S3,2025-03-22 23:32:00,2025-03-23 06:30:00,8.34,6.96,2.04
A00400,S4,2025-03-23 15:02:00,2025-03-23 19:50:00,6.67,4.8,8.53
A00400,S5,2025-03-23 19:57:00,2025-03-23 22:48:00,2.5,2.85,0.13
A00401,S1,2025-03-22 07:36:00,2025-03-22 11:55:00,5.32,4.32,0.6
A00401,S2,2025-03-22 13:05:00,2025-03-22 20:25:00,7.98,7.34,1.16
A00401,S3,2025-03-22 22:58:00,2025-03-23 09:26:00,13.3,10.46,2.56
A00401,S4,2025-03-23 15:48:00,2025-03-23 20:58:00,10.64,5.17,6.36
A00401,S5,2025-03-23 21:58:00,2025-03-24 01:44:00,3.99,3.76,1.0
A00402,S1,2025-03-22 07:28:00,2025-03-22 11:14:00,3.34,3.77,0.47
A00402,S2,2025-03-22 12:43:00,2025-03-22 17:28:00,5.0,4.75,1.49
A00402,S3,2025-03-22 17:43:00,2025-03-23 00:30:00,8.34,6.77,0.25
A00402,S4,2025-03-23 02:57:00,2025-03-23 08:48:00,6.67,5.85,2.46
A00402,S5,2025-03-23 12:31:00,2025-03-23 15:25:00,2.5,2.91,3.71
A00403,S1,2025-03-23 07:54:00,2025-03-23 15:11:00,6.28,7.3,0.89
A00403,S2,2025-03-23 16:06:00,2025-03-24 01:32:00,9.42,9.43,0.92
A00403,S3,2025-03-24 05:06:00,2025-03-24 19:51:00,15.7,14.76,3.55
A00403,S4,2025-03-25 08:14:00,2025-03-25 22:56:00,12.56,14.7,12.38
A00403,S5,2025-03-25 23:24:00,2025-03-26 04:13:00,4.71,4.82,0.46
A00404,S1,2025-03-23 07:21:00,2025-03-23 10:53:00,3.46,3.54,0.35
A00404,S2,2025-03-23 14:02:00,2025-03-23 19:36:00,5.18,5.57,3.15
A00404,S3,2025-03-24 00:37:00,2025-03-24 10:32:00,8.64,9.92,5.01
A00404,S4,2025-03-24 16:29:00,2025-03-24 21:04:00,6.91,4.59,5.95
A00404,S5,2025-03-24 21:13:00,2025-03-24 23:49:00,2.59,2.6,0.14
A00405,S1,2025-03-23 07:10:00,2025-03-23 13:13:00,5.2,6.04,0.17
A00405,S2,2025-03-23 13:29:00,2025-03-23 21:22:00,7.8,7.88,0.27
A00405,S3,2025-03-23 21:32:00,2025-03-24 07:45:00,13.0,10.22,0.16
A00405,S4,2025-03-25 01:26:00,2025-03-25 14:25:00,10.4,12.98,17.67
A00405,S5,2025-03-25 16:37:00,2025-03-25 20:53:00,3.9,4.27,2.2
A00406,S1,2025-03-23 07:43:00,2025-03-23 14:26:00,5.84,6.71,0.72
A00406,S2,2025-03-23 15:03:00,2025-03-24 01:20:00,8.76,10.28,0.61
A00406,S3,2025-03-24 03:00:00,2025-03-24 15:25:00,14.6,12.42,1.66
A00406,S4,2025-03-24 22:15:00,2025-03-25 09:57:00,11.68,11.71,6.83
A00406,S5,2025-03-25 15:21:00,2025-03-25 20:47:00,4.38,5.44,5.39
A00407,S1,2025-03-23 08:00:00,2025-03-23 10:40:00,2.54,2.66,1.0
A00407,S2,2025-03-23 20:35:00,2025-03-24 00:20:00,3.82,3.75,9.92
A00407,S3,2025-03-24 08:00:00,2025-03-24 13:50:00,6.36,5.84,7.66
A00407,S4,2025-03-24 17:30:00,2025-03-25 01:54:00,5.09,8.39,3.67
A00407,S5,2025-03-25 03:40:00,2025-03-25 05:37:00,1.91,1.95,1.77
A00408,S1,2025-03-23 08:43:00,2025-03-23 11:12:00,2.42,2.49,1.72
A00408,S2,2025-03-23 12:29:00,2025-03-23 17:42:00,3.62,5.22,1.29
A00408,S3,2025-03-23 23:34:00,2025-03-24 05:29:00,6.04,5.92,5.85
A00408,S4,2025-03-24 06:47:00,2025-03-24 13:58:00,4.83,7.18,1.3
A00408,S5,2025-03-24 15:52:00,2025-03-24 17:39:00,1.81,1.79,1.9
A00409,S1,2025-03-23 07:13:00,2025-03-23 12:31:00,4.29,5.3,0.22
A00409,S2,2025-03-23 16:01:00,2025-03-23 22:42:00,6.43,6.69,3.5
A00409,S3,2025-03-24 09:15:00,2025-03-24 23:57:00,10.72,14.69,10.55
A00409,S4,2025-03-25 16:02:00,2025-03-26 00:07:00,8.58,8.08,16.09
A00409,S5,2025-03-26 02:25:00,2025-03-26 06:25:00,3.22,4.01,2.3
A00410,S1,2025-03-24 08:22:00,2025-03-24 10:53:00,2.58,2.51,1.37
A00410,S2,2025-03-24 12:57:00,2025-03-24 15:42:00,3.87,2.75,2.07
A00410,S3,2025-03-24 19:55:00,2025-03-25 02:45:00,6.45,6.83,4.21
A00410,S4,2025-03-25 04:36:00,2025-03-25 07:21:00,5.16,2.75,1.85
A00410,S5,2025-03-25 14:55:00,2025-03-25 17:10:00,1.94,2.25,7.57
A00411,S1,2025-03-24 07:56:00,2025-03-24 11:12:00,3.08,3.26,0.94
A00411,S2,2025-03-24 12:13:00,2025-03-24 16:55:00,4.62,4.69,1.02
A00411,S3,2025-03-25 02:51:00,2025-03-25 12:28:00,7.7,9.6,9.95
A00411,S4,2025-03-25 17:46:00,2025-03-25 23:46:00,6.16,5.99,5.31
A00411,S5,2025-03-26 00:47:00,2025-03-26 03:11:00,2.31,2.39,1.02
A00412,S1,2025-03-24 07:42:00,2025-03-24 11:12:00,3.67,3.5,0.7
A00412,S2,2025-03-24 12:19:00,2025-03-24 18:14:00,5.51,5.91,1.12
A00412,S3,2025-03-24 18:47:00,2025-03-25 02:58:00,9.18,8.17,0.56
A00412,S4,2025-03-25 03:50:00,2025-03-25 11:03:00,7.34,7.22,0.87
A00412,S5,2025-03-25 11:51:00,2025-03-25 14:19:00,2.75,2.46,0.81
A00413,S1,2025-03-25 09:24:00,2025-03-25 12:23:00,2.56,2.98,2.4
A00413,S2,2025-03-25 16:02:00,2025-03-25 19:43:00,3.84,3.68,3.66
A00413,S3,2025-03-25 19:50:00,2025-03-26 04:02:00,6.4,8.21,0.12
A00413,S4,2025-03-26 05:32:00,2025-03-26 12:34:00,5.12,7.03,1.49
A00413,S5,2025-03-26 13:03:00,2025-03-26 15:04:00,1.92,2.02,0.5
A00414,S1,2025-03-25 07:28:00,2025-03-25 11:21:00,3.19,3.89,0.46
A00414,S2,2025-03-25 11:31:00,2025-03-25 16:34:00,4.79,5.05,0.17
A00414,S3,2025-03-25 20:09:00,2025-03-26 04:35:00,7.98,8.43,3.59
A00414,S4,2025-03-26 12:40:00,2025-03-26 19:19:00,6.38,6.64,8.09
A00414,S5,2025-03-26 20:28:00,2025-03-26 22:49:00,2.39,2.36,1.15
A00415,S1,2025-03-25 07:12:00,2025-03-25 13:34:00,5.56,6.37,0.2
A00415,S2,2025-03-25 21:53:00,2025-03-26 09:23:00,8.34,11.5,8.32
A00415,S3,2025-03-26 11:07:00,2025-03-27 01:03:00,13.9,13.93,1.72
A00415,S4,2025-03-28 11:42:00,2025-03-28 19:04:00,11.12,7.37,34.65
A00415,S5,2025-03-28 19:52:00,2025-03-29 00:02:00,4.17,4.16,0.8
A00416,S1,2025-03-25 09:23:00,2025-03-25 11:58:00,2.18,2.59,2.38
A00416,S2,2025-03-25 12:16:00,2025-03-25 16:25:00,3.27,4.15,0.3
A00416,S3,2025-03-25 18:39:00,2025-03-25 23:50:00,5.45,5.19,2.22
A00416,S4,2025-03-26 21:44:00,2025-03-27 02:43:00,4.36,4.99,21.9
A00416,S5,2025-03-27 06:21:00,2025-03-27 08:12:00,1.64,1.85,3.64
A00417,S1,2025-03-25 07:51:00,2025-03-25 11:18:00,3.22,3.46,0.85
A00417,S2,2025-03-25 14:15:00,2025-03-25 18:31:00,4.82,4.26,2.96
A00417,S3,2025-03-25 19:16:00,2025-03-26 02:02:00,8.04,6.76,0.75
A00417,S4,2025-03-26 11:49:00,2025-03-26 17:22:00,6.43,5.55,9.78
A00417,S5,2025-03-26 17:35:00,2025-03-26 20:02:00,2.41,2.46,0.22
A00418,S1,2025-03-25 07:31:00,2025-03-25 10:09:00,2.4,2.63,0.52
A00418,S2,2025-03-25 13:12:00,2025-03-25 16:56:00,3.6,3.74,3.04
A00418,S3,2025-03-25 18:51:00,2025-03-26 01:39:00,6.0,6.8,1.93
A00418,S4,2025-03-27 19:20:00,2025-03-28 01:26:00,4.8,6.09,41.69
A00418,S5,2025-03-28 06:59:00,2025-03-28 08:51:00,1.8,1.87,5.56
A00419,S1,2025-03-25 08:47:00,2025-03-25 11:12:00,1.95,2.42,1.79
A00419,S2,2025-03-25 13:23:00,2025-03-25 15:37:00,2.93,2.23,2.18
A00419,S3,2025-03-25 20:00:00,2025-03-26 04:35:00,4.88,8.58,4.39
A00419,S4,2025-03-26 05:53:00,2025-03-26 08:37:00,3.9,2.74,1.29
A00419,S5,2025-03-26 11:33:00,2025-03-26 12:54:00,1.46,1.35,2.94
A00420,S1,2025-03-26 07:15:00,2025-03-26 11:06:00,4.0,3.86,0.24
A00420,S2,2025-03-26 11:38:00,2025-03-26 19:31:00,6.0,7.88,0.53
A00420,S3,2025-03-26 22:38:00,2025-03-27 08:02:00,10.0,9.4,3.13
A00420,S4,2025-03-27 16:36:00,2025-03-27 20:58:00,8.0,4.37,8.55
A00420,S5,2025-03-27 22:31:00,2025-03-28 01:42:00,3.0,3.19,1.55
A00421,S1,2025-03-26 08:35:00,2025-03-26 10:53:00,1.87,2.3,1.58
A00421,S2,2025-03-26 11:53:00,2025-03-26 14:44:00,2.81,2.85,1.01
A00421,S3,2025-03-26 16:26:00,2025-03-26 22:25:00,4.68,6.0,1.69
A00421,S4,2025-03-27 08:14:00,2025-03-27 10:28:00,3.74,2.23,9.8
A00421,S5,2025-03-27 11:39:00,2025-03-27 12:54:00,1.4,1.24,1.2
A00422,S1,2025-03-26 07:21:00,2025-03-26 12:35:00,4.7,5.23,0.34
A00422,S2,2025-03-26 12:52:00,2025-03-26 20:22:00,7.06,7.51,0.29
A00422,S3,2025-03-26 23:58:00,2025-03-27 17:33:00,11.76,17.58,3.61
A00422,S4,2025-03-27 19:54:00,2025-03-28 05:35:00,9.41,9.68,2.35
A00422,S5,2025-03-28 07:06:00,2025-03-28 10:29:00,3.53,3.38,1.52
A00423,S1,2025-03-26 07:54:00,2025-03-26 14:23:00,6.32,6.48,0.9
A00423,S2,2025-03-26 14:27:00,2025-03-26 23:42:00,9.48,9.24,0.08
A00423,S3,2025-03-27 00:50:00,2025-03-28 04:34:00,15.8,27.74,1.13
A00423,S4,2025-03-28 11:49:00,2025-03-28 23:14:00,12.64,11.41,7.25
A00423,S5,2025-03-29 04:42:00,2025-03-29 09:48:00,4.74,5.1,5.47
A00424,S1,2025-03-26 07:18:00,2025-03-26 10:16:00,3.38,2.98,0.29
A00424,S2,2025-03-26 12:11:00,2025-03-26 16:14:00,5.08,4.05,1.91
A00424,S3,2025-03-26 19:40:00,2025-03-27 02:27:00,8.46,6.77,3.44
A00424,S4,2025-03-28 04:26:00,2025-03-28 11:38:00,6.77,7.19,25.99
A00424,S5,2025-03-28 17:03:00,2025-03-28 19:30:00,2.54,2.45,5.41
A00425,S1,2025-03-26 07:41:00,2025-03-26 11:46:00,4.28,4.08,0.69
A00425,S2,2025-03-26 12:59:00,2025-03-26 20:06:00,6.42,7.12,1.21
A00425,S3,2025-03-26 23:54:00,2025-03-27 12:41:00,10.7,12.79,3.8
A00425,S4,2025-03-27 17:50:00,2025-03-28 04:08:00,8.56,10.29,5.16
A00425,S5,2025-03-28 13:10:00,2025-03-28 17:19:00,3.21,4.15,9.04
A00426,S1,2025-03-26 07:28:00,2025-03-26 11:58:00,3.94,4.49,0.47
A00426,S2,2025-03-26 13:42:00,2025-03-26 21:05:00,5.9,7.37,1.75
A00426,S3,2025-03-26 21:08:00,2025-03-27 09:58:00,9.84,12.83,0.06
A00426,S4,2025-03-27 12:28:00,2025-03-27 20:50:00,7.87,8.38,2.5
A00426,S5,2025-03-27 20:56:00,2025-03-27 23:55:00,2.95,3.0,0.09
A00427,S1,2025-03-26 07:04:00,2025-03-26 09:57:00,2.58,2.89,0.06
A00427,S2,2025-03-26 11:14:00,2025-03-26 15:02:00,3.87,3.8,1.29
A00427,S3,2025-03-26 19:45:00,2025-03-27 01:42:00,6.45,5.94,4.71
A00427,S4,2025-03-27 10:17:00,2025-03-27 13:12:00,5.16,2.92,8.6
A00427,S5,2025-03-27 14:19:00,2025-03-27 16:25:00,1.94,2.1,1.12
A00428,S1,2025-03-27 10:11:00,2025-03-27 13:02:00,2.53,2.86,3.18
A00428,S2,2025-03-27 16:33:00,2025-03-27 20:52:00,3.79,4.3,3.52
A00428,S3,2025-03-28 03:13:00,2025-03-28 12:10:00,6.32,8.94,6.36
A00428,S4,2025-03-28 16:04:00,2025-03-28 20:28:00,5.06,4.4,3.9
A00428,S5,2025-03-29 04:24:00,2025-03-29 06:23:00,1.9,1.98,7.93
A00429,S1,2025-03-27 07:28:00,2025-03-27 12:10:00,4.48,4.7,0.47
A00429,S2,2025-03-27 14:17:00,2025-03-27 21:05:00,6.72,6.8,2.11
A00429,S3,2025-03-27 23:27:00,2025-03-28 08:35:00,11.2,9.14,2.36
A00429,S4,2025-03-28 11:19:00,2025-03-28 23:27:00,8.96,12.13,2.74
A00429,S5,2025-03-28 23:53:00,2025-03-29 03:05:00,3.36,3.21,0.43
A00430,S1,2025-03-27 07:48:00,2025-03-27 14:28:00,5.84,6.68,0.8
A00430,S2,2025-03-27 15:22:00,2025-03-28 00:14:00,8.76,8.87,0.89
A00430,S3,2025-03-28 06:13:00,2025-03-28 19:42:00,14.6,13.48,5.99
A00430,S4,2025-03-28 21:21:00,2025-03-29 14:12:00,11.68,16.84,1.65
A00430,S5,2025-03-29 16:41:00,2025-03-29 20:51:00,4.38,4.17,2.49
A00431,S1,2025-03-27 09:14:00,2025-03-27 13:47:00,4.8,4.56,2.23
A00431,S2,2025-03-27 17:02:00,2025-03-28 00:26:00,7.2,7.41,3.24
A00431,S3,2025-03-28 00:27:00,2025-03-28 12:50:00,12.0,12.38,0.01
A00431,S4,2025-03-29 07:07:00,2025-03-29 19:45:00,9.6,12.63,18.29
A00431,S5,2025-03-29 20:29:00,2025-03-30 00:21:00,3.6,3.86,0.74
A00432,S1,2025-03-27 07:05:00,2025-03-27 10:53:00,4.06,3.81,0.08
A00432,S2,2025-03-27 11:09:00,2025-03-27 17:19:00,6.1,6.16,0.26
A00432,S3,2025-03-27 17:23:00,2025-03-28 04:30:00,10.16,11.11,0.08
A00432,S4,2025-03-28 11:39:00,2025-03-29 02:17:00,8.13,14.64,7.14
A00432,S5,2025-03-29 04:52:00,2025-03-29 08:08:00,3.05,3.27,2.58
A00433,S1,2025-03-28 07:16:00,2025-03-28 11:16:00,3.52,4.0,0.26
A00433,S2,2025-03-28 11:16:00,2025-03-28 17:21:00,5.28,6.08,0.01
A00433,S3,2025-03-28 19:13:00,2025-03-29 07:05:00,8.8,11.85,1.87
A00433,S4,2025-03-29 08:08:00,2025-03-29 15:37:00,7.04,7.49,1.06
A00433,S5,2025-03-29 16:02:00,2025-03-29 19:18:00,2.64,3.26,0.41
A00434,S1,2025-03-28 07:09:00,2025-03-28 12:20:00,4.56,5.19,0.14
A00434,S2,2025-03-28 13:24:00,2025-03-28 20:15:00,6.84,6.85,1.06
A00434,S3,2025-03-28 21:15:00,2025-03-29 09:11:00,11.4,11.93,1.0
A00434,S4,2025-03-29 10:34:00,2025-03-29 20:35:00,9.12,10.03,1.38
A00434,S5,2025-03-29 21:24:00,2025-03-30 01:20:00,3.42,3.94,0.81
A00435,S1,2025-03-28 07:01:00,2025-03-28 11:42:00,4.58,4.68,0.02
A00435,S2,2025-03-28 12:41:00,2025-03-28 19:59:00,6.86,7.3,0.98
A00435,S3,2025-03-28 21:26:00,2025-03-29 11:11:00,11.44,13.76,1.45
A00435,S4,2025-03-29 22:38:00,2025-03-30 22:29:00,9.15,23.85,11.44
A00435,S5,2025-03-31 00:05:00,2025-03-31 03:58:00,3.43,3.87,1.61
A00436,S1,2025-03-28 07:46:00,2025-03-28 11:49:00,4.58,4.04,0.77
A00436,S2,2025-03-28 12:20:00,2025-03-28 19:30:00,6.86,7.16,0.52
A00436,S3,2025-03-28 19:33:00,2025-03-29 06:21:00,11.44,10.79,0.05
A00436,S4,2025-03-29 09:54:00,2025-03-29 18:50:00,9.15,8.92,3.56
A00436,S5,2025-03-30 01:16:00,2025-03-30 04:45:00,3.43,3.49,6.44
A00437,S1,2025-03-29 07:19:00,2025-03-29 12:55:00,5.64,5.61,0.31
A00437,S2,2025-03-29 14:32:00,2025-03-29 23:24:00,8.46,8.86,1.62
A00437,S3,2025-03-30 02:26:00,2025-03-30 15:08:00,14.1,12.71,3.04
A00437,S4,2025-03-30 19:08:00,2025-03-31 05:22:00,11.28,10.24,3.99
A00437,S5,2025-03-31 05:52:00,2025-03-31 10:18:00,4.23,4.43,0.5
A00438,S1,2025-03-29 09:17:00,2025-03-29 12:08:00,2.5,2.86,2.28
A00438,S2,2025-03-29 13:27:00,2025-03-29 18:57:00,3.74,5.5,1.32
A00438,S3,2025-03-29 20:22:00,2025-03-30 05:08:00,6.24,8.77,1.42
A00438,S4,2025-03-30 07:10:00,2025-03-30 14:00:00,4.99,6.84,2.03
A00438,S5,2025-03-30 17:05:00,2025-03-30 19:15:00,1.87,2.17,3.08
A00439,S1,2025-03-29 10:11:00,2025-03-29 12:23:00,2.24,2.21,3.18
A00439,S2,2025-03-29 13:01:00,2025-03-29 16:13:00,3.36,3.2,0.62
A00439,S3,2025-03-29 22:21:00,2025-03-30 04:45:00,5.6,6.39,6.14
A00439,S4,2025-03-30 21:56:00,2025-03-31 00:20:00,4.48,2.4,17.18
A00439,S5,2025-03-31 01:54:00,2025-03-31 03:28:00,1.68,1.57,1.57
A00440,S1,2025-03-29 07:05:00,2025-03-29 12:40:00,4.77,5.58,0.09
A00440,S2,2025-03-29 12:42:00,2025-03-29 21:32:00,7.15,8.83,0.04
A00440,S3,2025-03-30 05:36:00,2025-03-30 18:40:00,11.92,13.07,8.07
A00440,S4,2025-03-30 21:12:00,2025-03-31 11:02:00,9.54,13.83,2.53
A00440,S5,2025-03-31 12:29:00,2025-03-31 16:45:00,3.58,4.27,1.45
A00441,S1,2025-03-29 07:26:00,2025-03-29 10:57:00,3.46,3.52,0.43
A00441,S2,2025-03-29 12:32:00,2025-03-29 19:26:00,5.18,6.9,1.59
A00441,S3,2025-03-30 01:57:00,2025-03-30 14:00:00,8.64,12.04,6.51
A00441,S4,2025-03-30 14:49:00,2025-03-30 19:42:00,6.91,4.87,0.83
A00441,S5,2025-03-30 22:41:00,2025-03-31 01:19:00,2.59,2.64,2.99
A00442,S1,2025-03-29 07:25:00,2025-03-29 09:32:00,1.81,2.11,0.42
A00442,S2,2025-03-29 12:43:00,2025-03-29 15:33:00,2.71,2.83,3.19
A00442,S3,2025-03-29 21:28:00,2025-03-30 04:08:00,4.52,6.66,5.92
A00442,S4,2025-03-30 10:34:00,2025-03-30 13:17:00,3.62,2.72,6.42
A00442,S5,2025-03-30 17:00:00,2025-03-30 18:17:00,1.36,1.28,3.73
A00443,S1,2025-03-30 07:25:00,2025-03-30 12:20:00,5.0,4.92,0.42
A00443,S2,2025-03-30 14:18:00,2025-03-30 22:58:00,7.5,8.66,1.97
A00443,S3,2025-03-30 23:30:00,2025-03-31 11:30:00,12.5,12.0,0.53
A00443,S4,2025-03-31 23:44:00,2025-04-01 10:13:00,10.0,10.49,12.24
A00443,S5,2025-04-01 11:47:00,2025-04-01 15:54:00,3.75,4.13,1.55
A00444,S1,2025-03-30 07:42:00,2025-03-30 12:05:00,3.71,4.39,0.69
A00444,S2,2025-03-30 13:01:00,2025-03-30 18:33:00,5.57,5.54,0.94
A00444,S3,2025-03-30 19:44:00,2025-03-31 04:13:00,9.28,8.47,1.18
A00444,S4,2025-03-31 08:19:00,2025-03-31 21:28:00,7.42,13.14,4.11
A00444,S5,2025-03-31 21:28:00,2025-04-01 00:16:00,2.78,2.8,0.01
A00445,S1,2025-03-31 07:30:00,2025-03-31 09:50:00,2.64,2.33,0.5
A00445,S2,2025-03-31 11:20:00,2025-03-31 15:49:00,3.96,4.48,1.51
A00445,S3,2025-03-31 15:55:00,2025-03-31 22:15:00,6.6,6.35,0.09
A00445,S4,2025-04-01 21:13:00,2025-04-02 03:38:00,5.28,6.42,22.96
A00445,S5,2025-04-02 04:00:00,2025-04-02 06:00:00,1.98,2.01,0.36
A00446,S1,2025-03-31 07:45:00,2025-03-31 11:56:00,3.97,4.19,0.74
A00446,S2,2025-03-31 12:07:00,2025-03-31 20:12:00,5.95,8.1,0.18
A00446,S3,2025-03-31 22:37:00,2025-04-01 11:55:00,9.92,13.3,2.42
A00446,S4,2025-04-01 13:26:00,2025-04-01 20:22:00,7.94,6.94,1.51
A00446,S5,2025-04-01 21:40:00,2025-04-02 00:45:00,2.98,3.08,1.29
A00447,S1,2025-03-31 07:21:00,2025-03-31 10:57:00,3.14,3.61,0.35
A00447,S2,2025-03-31 14:06:00,2025-03-31 19:33:00,4.72,5.46,3.14
A00447,S3,2025-03-31 21:54:00,2025-04-01 07:26:00,7.86,9.54,2.34
A00447,S4,2025-04-01 11:30:00,2025-04-01 17:47:00,6.29,6.28,4.06
A00447,S5,2025-04-01 20:24:00,2025-04-01 23:02:00,2.36,2.64,2.62
A00448,S1,2025-03-31 07:40:00,2025-03-31 09:52:00,2.11,2.21,0.66
A00448,S2,2025-03-31 10:00:00,2025-03-31 14:17:00,3.17,4.29,0.13
A00448,S3,2025-03-31 16:18:00,2025-03-31 21:56:00,5.28,5.64,2.01
A00448,S4,2025-04-01 19:26:00,2025-04-02 01:58:00,4.22,6.54,21.49
A00448,S5,2025-04-02 05:54:00,2025-04-02 07:32:00,1.58,1.64,3.93
A00449,S1,2025-03-31 08:12:00,2025-03-31 14:53:00,5.0,6.69,1.2
A00449,S2,2025-03-31 16:54:00,2025-03-31 23:59:00,7.5,7.09,2.0
A00449,S3,2025-04-01 01:43:00,2025-04-01 16:16:00,12.5,14.55,1.72
A00449,S4,2025-04-01 19:37:00,2025-04-02 04:20:00,10.0,8.72,3.36
A00449,S5,2025-04-02 07:49:00,2025-04-02 11:53:00,3.75,4.08,3.48
A00450,S1,2025-03-31 12:01:00,2025-03-31 15:05:00,2.9,3.08,5.01
A00450,S2,2025-03-31 18:02:00,2025-03-31 22:24:00,4.36,4.36,2.95
A00450,S3,2025-04-01 02:28:00,2025-04-01 11:20:00,7.26,8.86,4.07
A00450,S4,2025-04-01 12:10:00,2025-04-01 19:34:00,5.81,7.41,0.83
A00450,S5,2025-04-01 21:10:00,2025-04-01 23:20:00,2.18,2.16,1.59
A00451,S1,2025-04-01 07:27:00,2025-04-01 09:46:00,2.2,2.32,0.45
A00451,S2,2025-04-01 10:42:00,2025-04-01 14:14:00,3.3,3.52,0.94
A00451,S3,2025-04-01 21:03:00,2025-04-02 01:12:00,5.5,4.15,6.83
A00451,S4,2025-04-02 01:42:00,2025-04-02 04:51:00,4.4,3.15,0.5
A00451,S5,2025-04-02 09:05:00,2025-04-02 11:04:00,1.65,1.99,4.22
A00452,S1,2025-04-01 07:54:00,2025-04-01 10:21:00,2.8,2.46,0.9
A00452,S2,2025-04-01 11:30:00,2025-04-01 17:52:00,4.2,6.37,1.15
A00452,S3,2025-04-01 21:49:00,2025-04-02 05:02:00,7.0,7.22,3.95
A00452,S4,2025-04-02 10:35:00,2025-04-02 15:57:00,5.6,5.37,5.54
A00452,S5,2025-04-02 17:44:00,2025-04-02 20:08:00,2.1,2.39,1.79
A00453,S1,2025-04-01 07:42:00,2025-04-01 11:38:00,3.82,3.94,0.7
A00453,S2,2025-04-01 15:19:00,2025-04-01 20:21:00,5.72,5.04,3.68
A00453,S3,2025-04-02 03:06:00,2025-04-02 18:02:00,9.54,14.94,6.74
A00453,S4,2025-04-03 01:34:00,2025-04-03 09:13:00,7.63,7.65,7.54
A00453,S5,2025-04-03 13:11:00,2025-04-03 16:22:00,2.86,3.18,3.97
A00454,S1,2025-04-01 07:36:00,2025-04-01 10:54:00,3.6,3.3,0.6
A00454,S2,2025-04-01 15:02:00,2025-04-01 20:29:00,5.4,5.45,4.14
A00454,S3,2025-04-02 01:09:00,2025-04-02 12:18:00,9.0,11.15,4.66
A00454,S4,2025-04-02 13:23:00,2025-04-03 02:09:00,7.2,12.77,1.09
A00454,S5,2025-04-03 02:57:00,2025-04-03 05:43:00,2.7,2.77,0.8
A00455,S1,2025-04-01 10:00:00,2025-04-01 12:55:00,2.62,2.93,2.99
A00455,S2,2025-04-01 14:33:00,2025-04-01 18:03:00,3.92,3.5,1.63
A00455,S3,2025-04-01 19:38:00,2025-04-02 01:54:00,6.54,6.26,1.58
A00455,S4,2025-04-02 06:18:00,2025-04-02 13:58:00,5.23,7.67,4.41
A00455,S5,2025-04-02 14:47:00,2025-04-02 17:14:00,1.96,2.45,0.8
A00456,S1,2025-04-01 07:09:00,2025-04-01 11:52:00,4.48,4.71,0.15
A00456,S2,2025-04-01 14:31:00,2025-04-01 21:14:00,6.72,6.71,2.66
A00456,S3,2025-04-01 21:20:00,2025-04-02 13:14:00,11.2,15.89,0.1
A00456,S4,2025-04-02 16:27:00,2025-04-03 00:38:00,8.96,8.17,3.23
A00456,S5,2025-04-03 10:21:00,2025-04-03 13:37:00,3.36,3.27,9.71
A00457,S1,2025-04-01 07:19:00,2025-04-01 10:29:00,3.14,3.16,0.32
A00457,S2,2025-04-01 12:24:00,2025-04-01 16:07:00,4.71,3.72,1.92
A00457,S3,2025-04-01 18:01:00,2025-04-02 05:12:00,7.85,11.18,1.91
A00457,S4,2025-04-02 14:09:00,2025-04-02 19:31:00,6.28,5.38,8.94
A00457,S5,2025-04-02 19:55:00,2025-04-02 22:31:00,2.35,2.59,0.4
A00458,S1,2025-04-01 07:53:00,2025-04-01 10:39:00,2.19,2.77,0.89
A00458,S2,2025-04-01 11:17:00,2025-04-01 15:15:00,3.29,3.97,0.63
A00458,S3,2025-04-01 17:45:00,2025-04-01 23:09:00,5.48,5.39,2.5
A00458,S4,2025-04-02 01:02:00,2025-04-02 06:43:00,4.38,5.68,1.9
A00458,S5,2025-04-02 07:33:00,2025-04-02 09:36:00,1.64,2.07,0.82
A00459,S1,2025-04-02 08:05:00,2025-04-02 12:55:00,5.09,4.84,1.08
A00459,S2,2025-04-02 20:45:00,2025-04-03 06:46:00,7.63,10.01,7.84
A00459,S3,2025-04-03 10:05:00,2025-04-04 04:04:00,12.72,17.98,3.32
A00459,S4,2025-04-04 06:47:00,2025-04-04 17:01:00,10.18,10.24,2.71
A00459,S5,2025-04-04 18:18:00,2025-04-04 22:27:00,3.82,4.15,1.28
A00460,S1,2025-04-02 07:12:00,2025-04-02 12:47:00,5.52,5.59,0.2
A00460,S2,2025-04-02 13:43:00,2025-04-02 22:14:00,8.28,8.52,0.93
A00460,S3,2025-04-02 22:44:00,2025-04-03 15:05:00,13.8,16.36,0.49
A00460,S4,2025-04-03 18:26:00,2025-04-04 08:12:00,11.04,13.77,3.34
A00460,S5,2025-04-04 09:09:00,2025-04-04 13:00:00,4.14,3.86,0.94
A00461,S1,2025-04-02 07:55:00,2025-04-02 13:13:00,4.61,5.29,0.92
A00461,S2,2025-04-02 17:57:00,2025-04-03 00:54:00,6.91,6.95,4.74
A00461,S3,2025-04-03 03:16:00,2025-04-03 14:33:00,11.52,11.28,2.38
A00461,S4,2025-04-03 19:08:00,2025-04-04 13:47:00,9.22,18.66,4.58
A00461,S5,2025-04-04 15:14:00,2025-04-04 19:34:00,3.46,4.34,1.44
A00462,S1,2025-04-02 08:07:00,2025-04-02 13:13:00,4.84,5.1,1.12
A00462,S2,2025-04-02 15:53:00,2025-04-02 22:17:00,7.26,6.41,2.67
A00462,S3,2025-04-02 23:59:00,2025-04-03 10:53:00,12.1,10.9,1.68
A00462,S4,2025-04-04 12:49:00,2025-04-04 19:25:00,9.68,6.61,25.93
A00462,S5,2025-04-05 00:02:00,2025-04-05 04:19:00,3.63,4.28,4.61
A00463,S1,2025-04-02 07:12:00,2025-04-02 11:26:00,3.46,4.24,0.2
A00463,S2,2025-04-02 12:34:00,2025-04-02 17:11:00,5.18,4.62,1.13
A00463,S3,2025-04-02 22:15:00,2025-04-03 06:14:00,8.64,7.98,5.07
A00463,S4,2025-04-03 19:42:00,2025-04-04 01:33:00,6.91,5.84,13.47
A00463,S5,2025-04-04 01:44:00,2025-04-04 04:21:00,2.59,2.62,0.18
A00464,S1,2025-04-02 08:14:00,2025-04-02 11:58:00,3.74,3.74,1.23
A00464,S2,2025-04-02 15:03:00,2025-04-02 20:39:00,5.62,5.6,3.08
A00464,S3,2025-04-02 20:57:00,2025-04-03 04:08:00,9.36,7.19,0.29
A00464,S4,2025-04-03 09:37:00,2025-04-03 16:16:00,7.49,6.66,5.47
A00464,S5,2025-04-03 16:39:00,2025-04-03 19:34:00,2.81,2.92,0.38
A00465,S1,2025-04-03 09:14:00,2025-04-03 13:51:00,4.6,4.62,2.23
A00465,S2,2025-04-03 14:18:00,2025-04-03 20:47:00,6.9,6.47,0.45
A00465,S3,2025-04-03 21:23:00,2025-04-04 10:21:00,11.5,12.97,0.61
A00465,S4,2025-04-04 17:15:00,2025-04-05 03:06:00,9.2,9.84,6.9
A00465,S5,2025-04-05 03:06:00,2025-04-05 06:49:00,3.45,3.72,0.0
A00466,S1,2025-04-03 08:28:00,2025-04-03 13:47:00,4.99,5.32,1.47
A00466,S2,2025-04-03 17:58:00,2025-04-04 01:42:00,7.49,7.72,4.18
A00466,S3,2025-04-04 02:18:00,2025-04-04 23:16:00,12.48,20.97,0.6
A00466,S4,2025-04-05 06:39:00,2025-04-05 18:12:00,9.98,11.55,7.38
A00466,S5,2025-04-05 22:08:00,2025-04-06 01:21:00,3.74,3.23,3.93
A00467,S1,2025-04-03 07:44:00,2025-04-03 11:07:00,3.7,3.39,0.73
A00467,S2,2025-04-03 13:52:00,2025-04-03 19:52:00,5.54,6.01,2.75
A00467,S3,2025-04-03 20:09:00,2025-04-04 03:53:00,9.24,7.74,0.28
A00467,S4,2025-04-04 11:50:00,2025-04-04 19:38:00,7.39,7.81,7.94
A00467,S5,2025-04-04 20:29:00,2025-04-04 23:15:00,2.77,2.77,0.84
A00468,S1,2025-04-03 07:51:00,2025-04-03 14:28:00,5.84,6.61,0.85
A00468,S2,2025-04-03 14:30:00,2025-04-03 23:16:00,8.76,8.77,0.03
A00468,S3,2025-04-04 00:27:00,2025-04-04 14:55:00,14.6,14.46,1.19
A00468,S4,2025-04-04 16:15:00,2025-04-05 11:08:00,11.68,18.89,1.34
A00468,S5,2025-04-05 12:38:00,2025-04-05 17:06:00,4.38,4.47,1.49
A00469,S1,2025-04-04 07:47:00,2025-04-04 12:09:00,4.72,4.36,0.79
A00469,S2,2025-04-04 14:01:00,2025-04-04 21:28:00,7.08,7.46,1.87
A00469,S3,2025-04-04 22:44:00,2025-04-05 15:59:00,11.8,17.25,1.26
A00469,S4,2025-04-05 19:49:00,2025-04-06 07:33:00,9.44,11.73,3.84
A00469,S5,2025-04-06 10:23:00,2025-04-06 13:39:00,3.54,3.27,2.84
A00470,S1,2025-04-04 07:46:00,2025-04-04 11:54:00,3.74,4.13,0.76
A00470,S2,2025-04-04 13:33:00,2025-04-04 19:36:00,5.62,6.04,1.66
A00470,S3,2025-04-04 21:22:00,2025-04-05 09:36:00,9.36,12.23,1.77
A00470,S4,2025-04-05 13:18:00,2025-04-06 01:06:00,7.49,11.81,3.7
A00470,S5,2025-04-06 03:57:00,2025-04-06 06:52:00,2.81,2.91,2.85
A00471,S1,2025-04-04 07:58:00,2025-04-04 10:40:00,2.81,2.7,0.96
A00471,S2,2025-04-04 12:10:00,2025-04-04 16:36:00,4.21,4.43,1.5
A00471,S3,2025-04-04 17:15:00,2025-04-04 22:29:00,7.02,5.25,0.65
A00471,S4,2025-04-05 06:10:00,2025-04-05 13:58:00,5.62,7.8,7.67
A00471,S5,2025-04-05 14:02:00,2025-04-05 16:12:00,2.11,2.16,0.08
A00472,S1,2025-04-04 09:41:00,2025-04-04 12:02:00,2.24,2.35,2.69
A00472,S2,2025-04-04 13:12:00,2025-04-04 16:14:00,3.36,3.02,1.17
A00472,S3,2025-04-04 16:57:00,2025-04-04 21:25:00,5.6,4.47,0.72
A00472,S4,2025-04-04 23:50:00,2025-04-05 04:24:00,4.48,4.56,2.43
A00472,S5,2025-04-05 16:40:00,2025-04-05 18:27:00,1.68,1.78,12.26
A00473,S1,2025-04-04 10:57:00,2025-04-04 15:40:00,5.2,4.72,3.95
A00473,S2,2025-04-04 18:30:00,2025-04-05 01:51:00,7.8,7.35,2.83
A00473,S3,2025-04-05 04:45:00,2025-04-05 16:19:00,13.0,11.56,2.91
A00473,S4,2025-04-05 21:14:00,2025-04-06 04:52:00,10.4,7.63,4.92
A00473,S5,2025-04-06 06:44:00,2025-04-06 10:51:00,3.9,4.12,1.87
A00474,S1,2025-04-04 07:16:00,2025-04-04 09:46:00,2.22,2.5,0.27
A00474,S2,2025-04-04 10:57:00,2025-04-04 13:42:00,3.33,2.74,1.19
A00474,S3,2025-04-04 16:28:00,2025-04-04 22:02:00,5.55,5.56,2.76
A00474,S4,2025-04-05 15:11:00,2025-04-05 19:21:00,4.44,4.15,17.16
A00474,S5,2025-04-05 20:03:00,2025-04-05 22:04:00,1.66,2.01,0.7
A00475,S1,2025-04-04 07:09:00,2025-04-04 11:05:00,3.36,3.92,0.16
A00475,S2,2025-04-04 11:57:00,2025-04-04 16:31:00,5.04,4.57,0.86
A00475,S3,2025-04-04 16:44:00,2025-04-05 01:10:00,8.4,8.43,0.21
A00475,S4,2025-04-06 06:37:00,2025-04-06 14:12:00,6.72,7.59,29.45
A00475,S5,2025-04-06 15:00:00,2025-04-06 17:53:00,2.52,2.87,0.81
A00476,S1,2025-04-04 07:52:00,2025-04-04 11:08:00,3.24,3.26,0.87
A00476,S2,2025-04-04 15:09:00,2025-04-04 19:51:00,4.86,4.71,4.01
A00476,S3,2025-04-04 21:29:00,2025-04-05 05:51:00,8.1,8.36,1.63
A00476,S4,2025-04-05 19:32:00,2025-04-05 22:54:00,6.48,3.36,13.69
A00476,S5,2025-04-05 22:55:00,2025-04-06 01:34:00,2.43,2.65,0.03
A00477,S1,2025-04-04 07:09:00,2025-04-04 15:11:00,6.28,8.03,0.16
A00477,S2,2025-04-04 17:06:00,2025-04-05 05:17:00,9.42,12.19,1.92
A00477,S3,2025-04-05 06:39:00,2025-04-06 05:53:00,15.7,23.23,1.36
A00477,S4,2025-04-06 12:19:00,2025-04-07 06:45:00,12.56,18.42,6.44
A00477,S5,2025-04-07 07:44:00,2025-04-07 12:35:00,4.71,4.85,1.0
A00478,S1,2025-04-04 07:21:00,2025-04-04 09:00:00,1.7,1.66,0.35
A00478,S2,2025-04-04 10:47:00,2025-04-04 12:40:00,2.54,1.88,1.78
A00478,S3,2025-04-04 14:00:00,2025-04-04 18:16:00,4.24,4.27,1.34
A00478,S4,2025-04-05 01:56:00,2025-04-05 07:52:00,3.39,5.94,7.66
A00478,S5,2025-04-05 15:23:00,2025-04-05 16:55:00,1.27,1.55,7.51
A00479,S1,2025-04-05 08:30:00,2025-04-05 15:15:00,5.76,6.75,1.5
A00479,S2,2025-04-05 18:04:00,2025-04-06 05:19:00,8.64,11.25,2.81
A00479,S3,2025-04-06 06:14:00,2025-04-06 20:31:00,14.4,14.29,0.92
A00479,S4,2025-04-07 09:22:00,2025-04-07 15:40:00,11.52,6.3,12.86
A00479,S5,2025-04-07 18:38:00,2025-04-07 23:26:00,4.32,4.79,2.97
A00480,S1,2025-04-05 07:23:00,2025-04-05 12:13:00,4.86,4.84,0.38
A00480,S2,2025-04-05 13:36:00,2025-04-05 19:59:00,7.3,6.39,1.38
A00480,S3,2025-04-05 22:13:00,2025-04-06 12:04:00,12.16,13.86,2.22
A00480,S4,2025-04-06 17:17:00,2025-04-07 06:32:00,9.73,13.25,5.21
A00480,S5,2025-04-07 06:47:00,2025-04-07 10:11:00,3.65,3.4,0.26
A00481,S1,2025-04-05 07:08:00,2025-04-05 11:31:00,4.29,4.38,0.13
A00481,S2,2025-04-05 13:04:00,2025-04-05 20:34:00,6.43,7.51,1.55
A00481,S3,2025-04-06 00:54:00,2025-04-06 11:30:00,10.72,10.59,4.33
A00481,S4,2025-04-06 13:03:00,2025-04-06 22:19:00,8.58,9.26,1.55
A00481,S5,2025-04-07 09:10:00,2025-04-07 12:05:00,3.22,2.92,10.85
A00482,S1,2025-04-05 08:16:00,2025-04-05 13:17:00,5.16,5.03,1.26
A00482,S2,2025-04-05 14:13:00,2025-04-05 20:37:00,7.74,6.4,0.93
A00482,S3,2025-04-05 21:51:00,2025-04-06 10:32:00,12.9,12.69,1.23
A00482,S4,2025-04-06 12:34:00,2025-04-06 19:05:00,10.32,6.52,2.03
A00482,S5,2025-04-06 19:58:00,2025-04-06 23:52:00,3.87,3.91,0.88
A00483,S1,2025-04-05 08:31:00,2025-04-05 12:16:00,3.81,3.75,1.52
A00483,S2,2025-04-05 13:37:00,2025-04-05 20:05:00,5.71,6.46,1.36
A00483,S3,2025-04-06 01:11:00,2025-04-06 11:23:00,9.52,10.2,5.09
A00483,S4,2025-04-06 15:11:00,2025-04-07 03:26:00,7.62,12.25,3.81
A00483,S5,2025-04-07 03:26:00,2025-04-07 06:41:00,2.86,3.24,0.0
A00484,S1,2025-04-05 08:10:00,2025-04-05 12:07:00,3.67,3.94,1.17
A00484,S2,2025-04-05 13:22:00,2025-04-05 19:37:00,5.51,6.25,1.25
A00484,S3,2025-04-05 19:46:00,2025-04-06 09:17:00,9.18,13.51,0.16
A00484,S4,2025-04-07 10:14:00,2025-04-07 16:56:00,7.34,6.7,24.95
A00484,S5,2025-04-07 17:19:00,2025-04-07 19:53:00,2.75,2.56,0.38
A00485,S1,2025-04-05 10:28:00,2025-04-05 15:32:00,4.32,5.07,3.46
A00485,S2,2025-04-05 16:18:00,2025-04-05 23:15:00,6.48,6.94,0.78
A00485,S3,2025-04-06 00:30:00,2025-04-06 07:53:00,10.8,7.38,1.25
A00485,S4,2025-04-06 08:20:00,2025-04-06 16:09:00,8.64,7.83,0.45
A00485,S5,2025-04-06 16:22:00,2025-04-06 19:58:00,3.24,3.61,0.21
A00486,S1,2025-04-06 08:10:00,2025-04-06 12:21:00,3.78,4.18,1.17
A00486,S2,2025-04-06 13:16:00,2025-04-06 19:43:00,5.66,6.44,0.92
A00486,S3,2025-04-06 20:39:00,2025-04-07 08:32:00,9.44,11.88,0.93
A00486,S4,2025-04-07 14:04:00,2025-04-08 09:52:00,7.55,19.8,5.54
A00486,S5,2025-04-08 11:29:00,2025-04-08 14:56:00,2.83,3.46,1.61
A00487,S1,2025-04-06 08:01:00,2025-04-06 10:35:00,2.62,2.57,1.01
A00487,S2,2025-04-06 11:21:00,2025-04-06 15:20:00,3.93,3.98,0.77
A00487,S3,2025-04-06 19:26:00,2025-04-07 02:57:00,6.55,7.52,4.11
A00487,S4,2025-04-07 09:25:00,2025-04-07 12:00:00,5.24,2.58,6.45
A00487,S5,2025-04-07 16:20:00,2025-04-07 18:29:00,1.96,2.15,4.33
A00488,S1,2025-04-06 07:56:00,2025-04-06 10:16:00,2.21,2.33,0.94
A00488,S2,2025-04-06 11:33:00,2025-04-06 14:02:00,3.31,2.47,1.29
A00488,S3,2025-04-06 15:05:00,2025-04-06 20:30:00,5.52,5.43,1.05
A00488,S4,2025-04-07 03:08:00,2025-04-07 08:21:00,4.42,5.22,6.63
A00488,S5,2025-04-07 12:43:00,2025-04-07 14:39:00,1.66,1.93,4.36
A00489,S1,2025-04-06 07:03:00,2025-04-06 10:29:00,3.0,3.44,0.05
A00489,S2,2025-04-06 10:34:00,2025-04-06 14:50:00,4.5,4.26,0.08
A00489,S3,2025-04-06 16:13:00,2025-04-07 01:32:00,7.5,9.32,1.38
A00489,S4,2025-04-07 06:00:00,2025-04-07 10:23:00,6.0,4.37,4.47
A00489,S5,2025-04-07 11:48:00,2025-04-07 14:23:00,2.25,2.57,1.43
A00490,S1,2025-04-06 09:52:00,2025-04-06 14:24:00,4.93,4.55,2.86
A00490,S2,2025-04-06 18:25:00,2025-04-07 01:59:00,7.39,7.57,4.01
A00490,S3,2025-04-07 07:11:00,2025-04-07 23:47:00,12.32,16.59,5.2
A00490,S4,2025-04-08 01:52:00,2025-04-08 14:31:00,9.86,12.65,2.1
A00490,S5,2025-04-08 16:02:00,2025-04-08 19:50:00,3.7,3.81,1.5
A00491,S1,2025-04-08 09:27:00,2025-04-08 12:51:00,3.12,3.4,2.45
A00491,S2,2025-04-08 13:46:00,2025-04-08 19:07:00,4.68,5.35,0.92
A00491,S3,2025-04-08 21:06:00,2025-04-09 07:06:00,7.8,10.0,1.99
A00491,S4,2025-04-09 17:46:00,2025-04-10 00:46:00,6.24,7.0,10.67
A00491,S5,2025-04-10 04:29:00,2025-04-10 06:55:00,2.34,2.43,3.71
A00492,S1,2025-04-08 07:29:00,2025-04-08 11:35:00,4.48,4.09,0.49
A00492,S2,2025-04-08 13:58:00,2025-04-08 21:13:00,6.72,7.24,2.4
A00492,S3,2025-04-08 23:21:00,2025-04-09 11:59:00,11.2,12.63,2.14
A00492,S4,2025-04-09 18:16:00,2025-04-10 05:33:00,8.96,11.29,6.28
A00492,S5,2025-04-10 05:39:00,2025-04-10 08:55:00,3.36,3.26,0.11
A00493,S1,2025-04-08 07:24:00,2025-04-08 10:31:00,2.96,3.12,0.4
A00493,S2,2025-04-08 13:13:00,2025-04-08 17:45:00,4.44,4.54,2.71
A00493,S3,2025-04-08 21:35:00,2025-04-09 04:50:00,7.4,7.25,3.83
A00493,S4,2025-04-09 05:53:00,2025-04-09 10:38:00,5.92,4.75,1.04
A00493,S5,2025-04-09 13:54:00,2025-04-09 17:09:00,2.22,3.24,3.27
A00494,S1,2025-04-08 07:03:00,2025-04-08 10:18:00,3.38,3.25,0.05
A00494,S2,2025-04-08 17:30:00,2025-04-08 22:40:00,5.08,5.17,7.21
A00494,S3,2025-04-09 00:27:00,2025-04-09 12:43:00,8.46,12.27,1.78
A00494,S4,2025-04-09 13:27:00,2025-04-09 23:27:00,6.77,10.0,0.73
A00494,S5,2025-04-10 01:02:00,2025-04-10 03:36:00,2.54,2.55,1.59
A00495,S1,2025-04-08 07:43:00,2025-04-08 10:11:00,2.32,2.47,0.72
A00495,S2,2025-04-08 11:07:00,2025-04-08 15:16:00,3.48,4.16,0.92
A00495,S3,2025-04-08 15:41:00,2025-04-08 22:06:00,5.8,6.41,0.41
A00495,S4,2025-04-09 00:36:00,2025-04-09 03:45:00,4.64,3.15,2.51
A00495,S5,2025-04-09 04:30:00,2025-04-09 06:23:00,1.74,1.87,0.75
A00496,S1,2025-04-08 07:34:00,2025-04-08 10:06:00,2.22,2.53,0.57
A00496,S2,2025-04-08 11:09:00,2025-04-08 14:45:00,3.34,3.6,1.05
A00496,S3,2025-04-08 17:59:00,2025-04-09 02:21:00,5.56,8.36,3.24
A00496,S4,2025-04-09 02:33:00,2025-04-09 07:06:00,4.45,4.55,0.21
A00496,S5,2025-04-09 13:41:00,2025-04-09 15:21:00,1.67,1.67,6.59
A00497,S1,2025-04-08 08:40:00,2025-04-08 11:03:00,2.18,2.39,1.67
A00497,S2,2025-04-08 11:49:00,2025-04-08 15:35:00,3.26,3.77,0.77
A00497,S3,2025-04-08 19:11:00,2025-04-09 00:41:00,5.44,5.51,3.59
A00497,S4,2025-04-09 19:39:00,2025-04-09 23:34:00,4.35,3.92,18.97
A00497,S5,2025-04-10 01:14:00,2025-04-10 03:00:00,1.63,1.75,1.67
A00498,S1,2025-04-09 08:14:00,2025-04-09 10:51:00,2.71,2.6,1.24
A00498,S2,2025-04-09 12:33:00,2025-04-09 16:30:00,4.07,3.95,1.7
A00498,S3,2025-04-09 20:06:00,2025-04-10 04:50:00,6.78,8.73,3.61
A00498,S4,2025-04-10 08:11:00,2025-04-10 12:39:00,5.42,4.46,3.35
A00498,S5,2025-04-10 13:03:00,2025-04-10 15:05:00,2.03,2.02,0.4
A00499,S1,2025-04-09 07:13:00,2025-04-09 10:12:00,2.62,2.99,0.21
A00499,S2,2025-04-09 11:25:00,2025-04-09 16:01:00,3.92,4.61,1.21
A00499,S3,2025-04-10 02:52:00,2025-04-10 09:50:00,6.54,6.98,10.85
A00499,S4,2025-04-10 10:09:00,2025-04-10 14:17:00,5.23,4.14,0.31
A00499,S5,2025-04-10 15:10:00,2025-04-10 17:24:00,1.96,2.23,0.89
A00500,S1,2025-04-09 07:52:00,2025-04-09 10:49:00,3.14,2.95,0.87
A00500,S2,2025-04-09 11:48:00,2025-04-09 16:28:00,4.72,4.66,0.99
A00500,S3,2025-04-09 22:48:00,2025-04-10 04:57:00,7.86,6.15,6.33
A00500,S4,2025-04-10 16:28:00,2025-04-10 22:16:00,6.29,5.8,11.51
A00500,S5,2025-04-10 22:49:00,2025-04-11 01:05:00,2.36,2.27,0.55
A00501,S1,2025-04-09 08:13:00,2025-04-09 11:24:00,2.86,3.18,1.22
A00501,S2,2025-04-09 11:27:00,2025-04-09 15:27:00,4.28,4.0,0.05
A00501,S3,2025-04-09 20:15:00,2025-04-10 02:04:00,7.14,5.83,4.8
A00501,S4,2025-04-10 02:37:00,2025-04-10 06:57:00,5.71,4.33,0.55
A00501,S5,2025-04-10 08:29:00,2025-04-10 10:40:00,2.14,2.18,1.54
A00502,S1,2025-04-09 07:22:00,2025-04-09 11:18:00,3.62,3.95,0.36
A00502,S2,2025-04-09 12:09:00,2025-04-09 19:29:00,5.42,7.32,0.85
A00502,S3,2025-04-09 20:31:00,2025-04-10 10:15:00,9.04,13.72,1.04
A00502,S4,2025-04-10 14:02:00,2025-04-11 01:12:00,7.23,11.17,3.79
A00502,S5,2025-04-11 02:49:00,2025-04-11 05:47:00,2.71,2.97,1.61
A00503,S1,2025-04-09 09:18:00,2025-04-09 14:27:00,4.67,5.15,2.31
A00503,S2,2025-04-09 15:45:00,2025-04-10 00:12:00,7.01,8.44,1.3
A00503,S3,2025-04-10 05:18:00,2025-04-10 15:25:00,11.68,10.12,5.1
A00503,S4,2025-04-10 16:13:00,2025-04-10 23:13:00,9.34,7.01,0.8
A00503,S5,2025-04-11 02:25:00,2025-04-11 06:09:00,3.5,3.72,3.21
A00504,S1,2025-04-09 09:27:00,2025-04-09 11:59:00,2.1,2.53,2.44
A00504,S2,2025-04-09 13:58:00,2025-04-09 17:19:00,3.14,3.34,2.0
A00504,S3,2025-04-09 19:33:00,2025-04-10 02:27:00,5.24,6.91,2.23
A00504,S4,2025-04-10 04:51:00,2025-04-10 10:12:00,4.19,5.35,2.39
A00504,S5,2025-04-10 11:09:00,2025-04-10 12:43:00,1.57,1.57,0.96
A00505,S1,2025-04-10 07:17:00,2025-04-10 10:47:00,3.12,3.49,0.29
A00505,S2,2025-04-10 11:44:00,2025-04-10 17:00:00,4.68,5.28,0.95
A00505,S3,2025-04-10 19:33:00,2025-04-11 04:56:00,7.8,9.38,2.54
A00505,S4,2025-04-12 04:29:00,2025-04-12 12:12:00,6.24,7.71,23.56
A00505,S5,2025-04-12 12:39:00,2025-04-12 14:59:00,2.34,2.32,0.46
A00506,S1,2025-04-10 07:18:00,2025-04-10 10:27:00,2.68,3.16,0.3
A00506,S2,2025-04-10 11:23:00,2025-04-10 15:20:00,4.02,3.95,0.92
A00506,S3,2025-04-10 18:57:00,2025-04-11 02:03:00,6.7,7.1,3.62
A00506,S4,2025-04-11 16:54:00,2025-04-11 23:43:00,5.36,6.82,14.85
A00506,S5,2025-04-11 23:59:00,2025-04-12 02:27:00,2.01,2.46,0.27
A00507,S1,2025-04-10 07:20:00,2025-04-10 10:19:00,2.38,2.99,0.33
A00507,S2,2025-04-10 10:52:00,2025-04-10 14:31:00,3.58,3.65,0.54
A00507,S3,2025-04-10 16:59:00,2025-04-10 22:16:00,5.96,5.28,2.47
A00507,S4,2025-04-11 14:11:00,2025-04-11 18:49:00,4.77,4.63,15.92
A00507,S5,2025-04-11 21:53:00,2025-04-11 23:46:00,1.79,1.89,3.06
A00508,S1,2025-04-10 08:55:00,2025-04-10 11:38:00,2.74,2.71,1.92
A00508,S2,2025-04-10 11:46:00,2025-04-10 16:01:00,4.1,4.24,0.14
A00508,S3,2025-04-10 16:05:00,2025-04-10 22:40:00,6.84,6.59,0.08
A00508,S4,2025-04-10 23:14:00,2025-04-11 02:17:00,5.47,3.05,0.56
A00508,S5,2025-04-11 05:32:00,2025-04-11 07:38:00,2.05,2.1,3.26
A00509,S1,2025-04-10 08:07:00,2025-04-10 10:42:00,2.46,2.59,1.11
A00509,S2,2025-04-10 13:00:00,2025-04-10 16:37:00,3.69,3.61,2.3
A00509,S3,2025-04-10 17:48:00,2025-04-10 22:52:00,6.15,5.07,1.19
A00509,S4,2025-04-11 15:35:00,2025-04-11 19:19:00,4.92,3.73,16.71
A00509,S5,2025-04-11 22:10:00,2025-04-11 23:40:00,1.84,1.5,2.85
A00510,S1,2025-04-11 07:41:00,2025-04-11 14:42:00,5.84,7.01,0.69
A00510,S2,2025-04-11 14:57:00,2025-04-12 01:09:00,8.76,10.19,0.26
A00510,S3,2025-04-12 01:58:00,2025-04-12 14:27:00,14.6,12.47,0.83
A00510,S4,2025-04-13 14:46:00,2025-04-14 03:20:00,11.68,12.56,24.32
A00510,S5,2025-04-14 03:42:00,2025-04-14 08:09:00,4.38,4.44,0.38
A00511,S1,2025-04-11 07:10:00,2025-04-11 09:43:00,2.12,2.55,0.17
A00511,S2,2025-04-11 11:10:00,2025-04-11 14:02:00,3.18,2.87,1.45
A00511,S3,2025-04-11 15:39:00,2025-04-11 20:11:00,5.3,4.53,1.62
A00511,S4,2025-04-12 04:48:00,2025-04-12 10:26:00,4.24,5.63,8.62
A00511,S5,2025-04-12 11:04:00,2025-04-12 12:45:00,1.59,1.68,0.64
A00512,S1,2025-04-11 07:05:00,2025-04-11 11:52:00,4.7,4.78,0.08
A00512,S2,2025-04-11 15:40:00,2025-04-11 23:48:00,7.06,8.14,3.8
A00512,S3,2025-04-12 18:48:00,2025-04-13 06:54:00,11.76,12.11,19.0
A00512,S4,2025-04-13 10:51:00,2025-04-13 20:56:00,9.41,10.09,3.94
A00512,S5,2025-04-13 21:53:00,2025-04-14 01:13:00,3.53,3.34,0.93
A00513,S1,2025-04-11 08:44:00,2025-04-11 11:49:00,3.36,3.09,1.73
A00513,S2,2025-04-11 13:24:00,2025-04-11 18:16:00,5.04,4.87,1.58
A00513,S3,2025-04-11 18:38:00,2025-04-12 02:41:00,8.4,8.05,0.37
A00513,S4,2025-04-12 09:56:00,2025-04-12 16:54:00,6.72,6.96,7.25
A00513,S5,2025-04-12 18:38:00,2025-04-12 21:10:00,2.52,2.54,1.73
A00514,S1,2025-04-11 07:07:00,2025-04-11 09:37:00,2.22,2.5,0.12
A00514,S2,2025-04-11 11:58:00,2025-04-11 14:49:00,3.34,2.85,2.35
A00514,S3,2025-04-11 21:54:00,2025-04-12 03:31:00,5.56,5.61,7.09
A00514,S4,2025-04-12 04:20:00,2025-04-12 07:33:00,4.45,3.22,0.81
A00514,S5,2025-04-12 09:44:00,2025-04-12 11:16:00,1.67,1.53,2.18
A00515,S1,2025-04-11 07:10:00,2025-04-11 11:55:00,4.9,4.75,0.16
A00515,S2,2025-04-11 14:01:00,2025-04-11 21:15:00,7.34,7.23,2.11
A00515,S3,2025-04-12 02:21:00,2025-04-12 14:48:00,12.24,12.46,5.09
A00515,S4,2025-04-12 17:04:00,2025-04-13 04:07:00,9.79,11.05,2.27
A00515,S5,2025-04-13 12:38:00,2025-04-13 16:27:00,3.67,3.83,8.51
A00516,S1,2025-04-11 07:17:00,2025-04-11 10:58:00,3.38,3.7,0.28
A00516,S2,2025-04-11 11:08:00,2025-04-11 16:29:00,5.08,5.35,0.16
A00516,S3,2025-04-11 17:49:00,2025-04-12 04:29:00,8.46,10.66,1.35
A00516,S4,2025-04-12 06:33:00,2025-04-12 13:43:00,6.77,7.16,2.07
A00516,S5,2025-04-12 19:15:00,2025-04-12 22:22:00,2.54,3.11,5.54
A00517,S1,2025-04-11 07:37:00,2025-04-11 14:48:00,5.16,7.18,0.62
A00517,S2,2025-04-11 15:56:00,2025-04-11 22:04:00,7.74,6.13,1.13
A00517,S3,2025-04-12 01:22:00,2025-04-12 09:10:00,12.9,7.79,3.3
A00517,S4,2025-04-12 22:21:00,2025-04-13 12:45:00,10.32,14.4,13.18
A00517,S5,2025-04-13 14:00:00,2025-04-13 17:53:00,3.87,3.88,1.26
A00518,S1,2025-04-11 07:25:00,2025-04-11 09:13:00,1.76,1.81,0.41
A00518,S2,2025-04-11 12:05:00,2025-04-11 14:45:00,2.64,2.66,2.87
A00518,S3,2025-04-11 14:52:00,2025-04-11 19:41:00,4.4,4.83,0.12
A00518,S4,2025-04-11 21:39:00,2025-04-12 02:08:00,3.52,4.48,1.95
A00518,S5,2025-04-12 03:17:00,2025-04-12 04:42:00,1.32,1.42,1.15
A00519,S1,2025-04-11 07:15:00,2025-04-11 09:33:00,2.26,2.29,0.25
A00519,S2,2025-04-11 10:03:00,2025-04-11 14:13:00,3.38,4.16,0.51
A00519,S3,2025-04-11 15:11:00,2025-04-11 22:57:00,5.64,7.77,0.97
A00519,S4,2025-04-12 11:04:00,2025-04-12 17:15:00,4.51,6.17,12.12
A00519,S5,2025-04-12 17:28:00,2025-04-12 18:54:00,1.69,1.43,0.23
A00520,S1,2025-04-12 07:44:00,2025-04-12 13:44:00,5.09,6.01,0.73
A00520,S2,2025-04-12 13:51:00,2025-04-12 21:23:00,7.63,7.53,0.11
A00520,S3,2025-04-12 22:34:00,2025-04-13 09:16:00,12.72,10.7,1.19
A00520,S4,2025-04-13 12:58:00,2025-04-14 04:38:00,10.18,15.66,3.7
A00520,S5,2025-04-14 04:42:00,2025-04-14 09:14:00,3.82,4.54,0.07
A00521,S1,2025-04-12 09:21:00,2025-04-12 10:44:00,1.68,1.4,2.34
A00521,S2,2025-04-12 12:31:00,2025-04-12 15:29:00,2.52,2.97,1.77
A00521,S3,2025-04-12 20:19:00,2025-04-13 00:27:00,4.2,4.14,4.83
A00521,S4,2025-04-13 22:01:00,2025-04-14 03:56:00,3.36,5.91,21.57
A00521,S5,2025-04-14 05:09:00,2025-04-14 06:24:00,1.26,1.24,1.22
A00522,S1,2025-04-12 08:00:00,2025-04-12 11:27:00,2.95,3.45,1.0
A00522,S2,2025-04-12 14:55:00,2025-04-12 19:40:00,4.43,4.74,3.47
A00522,S3,2025-04-12 19:50:00,2025-04-13 03:00:00,7.38,7.16,0.18
A00522,S4,2025-04-14 00:29:00,2025-04-14 07:02:00,5.9,6.54,21.49
A00522,S5,2025-04-14 07:37:00,2025-04-14 10:00:00,2.21,2.37,0.59
A00523,S1,2025-04-12 08:48:00,2025-04-12 13:04:00,4.32,4.26,1.8
A00523,S2,2025-04-12 16:01:00,2025-04-12 23:31:00,6.48,7.49,2.96
A00523,S3,2025-04-13 00:19:00,2025-04-13 12:06:00,10.8,11.77,0.81
A00523,S4,2025-04-13 17:14:00,2025-04-14 00:40:00,8.64,7.43,5.14
A00523,S5,2025-04-14 00:58:00,2025-04-14 04:20:00,3.24,3.36,0.3
A00524,S1,2025-04-12 08:22:00,2025-04-12 10:56:00,2.36,2.57,1.36
A00524,S2,2025-04-12 12:21:00,2025-04-12 16:39:00,3.54,4.3,1.43
A00524,S3,2025-04-13 06:56:00,2025-04-13 12:56:00,5.9,6.0,14.28
A00524,S4,2025-04-14 07:34:00,2025-04-14 12:11:00,4.72,4.62,18.64
A00524,S5,2025-04-14 22:30:00,2025-04-15 00:03:00,1.77,1.55,10.31
A00525,S1,2025-04-13 07:03:00,2025-04-13 09:09:00,2.06,2.11,0.04
A00525,S2,2025-04-13 14:04:00,2025-04-13 17:05:00,3.1,3.01,4.91
A00525,S3,2025-04-13 23:26:00,2025-04-14 05:59:00,5.16,6.54,6.36
A00525,S4,2025-04-14 06:08:00,2025-04-14 09:42:00,4.13,3.57,0.15
A00525,S5,2025-04-14 11:07:00,2025-04-14 12:38:00,1.55,1.53,1.41
A00526,S1,2025-04-13 07:14:00,2025-04-13 12:08:00,5.04,4.89,0.24
A00526,S2,2025-04-13 12:31:00,2025-04-13 19:36:00,7.56,7.08,0.39
A00526,S3,2025-04-13 20:05:00,2025-04-14 06:29:00,12.6,10.39,0.49
A00526,S4,2025-04-14 21:36:00,2025-04-15 08:48:00,10.08,11.2,15.12
A00526,S5,2025-04-15 09:49:00,2025-04-15 13:44:00,3.78,3.92,1.01
A00527,S1,2025-04-14 07:24:00,2025-04-14 13:15:00,5.32,5.84,0.41
A00527,S2,2025-04-14 13:35:00,2025-04-14 19:14:00,7.98,5.65,0.34
A00527,S3,2025-04-14 22:03:00,2025-04-15 13:18:00,13.3,15.24,2.82
A00527,S4,2025-04-15 15:27:00,2025-04-16 00:46:00,10.64,9.31,2.16
A00527,S5,2025-04-16 00:47:00,2025-04-16 04:47:00,3.99,4.01,0.02
A00528,S1,2025-04-14 08:49:00,2025-04-14 13:35:00,4.68,4.77,1.81
A00528,S2,2025-04-14 15:34:00,2025-04-14 21:28:00,7.02,5.89,1.99
A00528,S3,2025-04-14 23:54:00,2025-04-15 13:17:00,11.7,13.38,2.44
A00528,S4,2025-04-15 17:09:00,2025-04-16 22:27:00,9.36,29.29,3.87
A00528,S5,2025-04-16 23:43:00,2025-04-17 02:57:00,3.51,3.24,1.26
A00529,S1,2025-04-14 07:59:00,2025-04-14 13:34:00,5.52,5.58,0.98
A00529,S2,2025-04-14 14:37:00,2025-04-14 22:35:00,8.28,7.97,1.05
A00529,S3,2025-04-15 05:17:00,2025-04-16 01:14:00,13.8,19.95,6.7
A00529,S4,2025-04-16 02:12:00,2025-04-16 12:56:00,11.04,10.73,0.98
A00529,S5,2025-04-16 13:25:00,2025-04-16 17:59:00,4.14,4.56,0.49
A00530,S1,2025-04-14 07:17:00,2025-04-14 09:41:00,2.14,2.41,0.28
A00530,S2,2025-04-14 11:47:00,2025-04-14 15:15:00,3.22,3.46,2.09
A00530,S3,2025-04-14 16:28:00,2025-04-15 00:07:00,5.36,7.65,1.23
A00530,S4,2025-04-15 06:58:00,2025-04-15 12:08:00,4.29,5.17,6.84
A00530,S5,2025-04-15 13:15:00,2025-04-15 14:51:00,1.61,1.59,1.12
A00531,S1,2025-04-14 07:42:00,2025-04-14 11:31:00,3.81,3.81,0.71
A00531,S2,2025-04-14 16:39:00,2025-04-14 22:06:00,5.71,5.45,5.13
A00531,S3,2025-04-14 22:09:00,2025-04-15 11:02:00,9.52,12.89,0.05
A00531,S4,2025-04-15 12:21:00,2025-04-15 15:34:00,7.62,3.22,1.31
A00531,S5,2025-04-15 20:48:00,2025-04-15 23:39:00,2.86,2.84,5.23
A00532,S1,2025-04-15 07:00:00,2025-04-15 09:22:00,2.27,2.36,0.0
A00532,S2,2025-04-15 10:24:00,2025-04-15 14:47:00,3.41,4.38,1.03
A00532,S3,2025-04-15 21:24:00,2025-04-16 04:49:00,5.68,7.42,6.62
A00532,S4,2025-04-16 09:23:00,2025-04-16 15:25:00,4.54,6.03,4.55
A00532,S5,2025-04-16 17:56:00,2025-04-16 19:57:00,1.7,2.0,2.53
A00533,S1,2025-04-15 07:10:00,2025-04-15 09:20:00,2.27,2.17,0.17
A00533,S2,2025-04-15 10:18:00,2025-04-15 15:07:00,3.41,4.82,0.96
A00533,S3,2025-04-15 17:29:00,2025-04-16 01:00:00,5.68,7.51,2.37
A00533,S4,2025-04-16 17:03:00,2025-04-16 21:10:00,4.54,4.12,16.05
A00533,S5,2025-04-16 23:55:00,2025-04-17 01:29:00,1.7,1.57,2.73
A00534,S1,2025-04-15 07:32:00,2025-04-15 09:55:00,2.06,2.38,0.53
A00534,S2,2025-04-15 14:04:00,2025-04-15 16:41:00,3.1,2.61,4.16
A00534,S3,2025-04-15 17:04:00,2025-04-15 22:29:00,5.16,5.42,0.38
A00534,S4,2025-04-16 06:32:00,2025-04-16 12:10:00,4.13,5.64,8.05
A00534,S5,2025-04-16 13:46:00,2025-04-16 15:13:00,1.55,1.45,1.6
A00535,S1,2025-04-15 08:40:00,2025-04-15 13:46:00,4.9,5.11,1.67
A00535,S2,2025-04-15 17:26:00,2025-04-16 02:39:00,7.34,9.22,3.66
A00535,S3,2025-04-16 03:33:00,2025-04-16 13:00:00,12.24,9.45,0.91
A00535,S4,2025-04-17 06:22:00,2025-04-17 22:45:00,9.79,16.38,17.37
A00535,S5,2025-04-18 00:05:00,2025-04-18 03:51:00,3.67,3.76,1.33
A00536,S1,2025-04-15 08:35:00,2025-04-15 11:12:00,2.53,2.61,1.58
A00536,S2,2025-04-15 11:17:00,2025-04-15 14:48:00,3.79,3.52,0.08
A00536,S3,2025-04-15 17:21:00,2025-04-16 00:25:00,6.32,7.07,2.55
A00536,S4,2025-04-16 04:03:00,2025-04-16 09:01:00,5.06,4.97,3.63
A00536,S5,2025-04-16 11:26:00,2025-04-16 13:38:00,1.9,2.21,2.41
A00537,S1,2025-04-16 07:37:00,2025-04-16 10:25:00,2.8,2.81,0.61
A00537,S2,2025-04-16 14:20:00,2025-04-16 18:43:00,4.2,4.39,3.91
A00537,S3,2025-04-16 22:05:00,2025-04-17 06:29:00,7.0,8.4,3.37
A00537,S4,2025-04-17 15:02:00,2025-04-17 21:26:00,5.6,6.4,8.55
A00537,S5,2025-04-18 06:47:00,2025-04-18 09:11:00,2.1,2.41,9.35
A00538,S1,2025-04-16 10:55:00,2025-04-16 14:27:00,2.98,3.54,3.91
A00538,S2,2025-04-16 16:49:00,2025-04-16 22:36:00,4.46,5.77,2.38
A00538,S3,2025-04-17 02:17:00,2025-04-17 07:39:00,7.44,5.37,3.69
A00538,S4,2025-04-17 18:35:00,2025-04-17 22:15:00,5.95,3.66,10.94
A00538,S5,2025-04-17 22:30:00,2025-04-18 00:49:00,2.23,2.33,0.25
A00539,S1,2025-04-16 07:14:00,2025-04-16 12:23:00,5.48,5.16,0.23
A00539,S2,2025-04-16 12:28:00,2025-04-16 21:09:00,8.22,8.69,0.08
A00539,S3,2025-04-16 21:54:00,2025-04-17 10:12:00,13.7,12.3,0.75
A00539,S4,2025-04-17 19:40:00,2025-04-18 04:56:00,10.96,9.27,9.46
A00539,S5,2025-04-18 06:40:00,2025-04-18 10:46:00,4.11,4.09,1.74
A00540,S1,2025-04-16 07:18:00,2025-04-16 10:43:00,2.96,3.41,0.3
A00540,S2,2025-04-16 13:25:00,2025-04-16 18:14:00,4.44,4.82,2.71
A00540,S3,2025-04-16 18:25:00,2025-04-17 03:59:00,7.4,9.57,0.18
A00540,S4,2025-04-18 10:46:00,2025-04-18 17:03:00,5.92,6.28,30.79
A00540,S5,2025-04-18 18:28:00,2025-04-18 21:42:00,2.22,3.22,1.41
A00541,S1,2025-04-17 07:21:00,2025-04-17 09:01:00,1.68,1.66,0.36
A00541,S2,2025-04-17 09:04:00,2025-04-17 11:26:00,2.52,2.37,0.05
A00541,S3,2025-04-17 14:43:00,2025-04-17 19:38:00,4.2,4.91,3.3
A00541,S4,2025-04-17 23:29:00,2025-04-18 01:19:00,3.36,1.84,3.84
A00541,S5,2025-04-18 01:43:00,2025-04-18 02:51:00,1.26,1.14,0.4
A00542,S1,2025-04-17 07:49:00,2025-04-17 09:29:00,1.71,1.66,0.81
A00542,S2,2025-04-17 10:29:00,2025-04-17 13:00:00,2.57,2.52,1.0
A00542,S3,2025-04-17 13:34:00,2025-04-17 18:47:00,4.28,5.22,0.57
A00542,S4,2025-04-18 05:28:00,2025-04-18 10:29:00,3.42,5.02,10.68
A00542,S5,2025-04-18 13:32:00,2025-04-18 15:03:00,1.28,1.52,3.05
A00543,S1,2025-04-17 08:58:00,2025-04-17 12:21:00,3.38,3.38,1.97
A00543,S2,2025-04-17 12:47:00,2025-04-17 16:30:00,5.08,3.71,0.44
A00543,S3,2025-04-18 01:38:00,2025-04-18 10:42:00,8.46,9.06,9.14
A00543,S4,2025-04-18 13:46:00,2025-04-19 02:55:00,6.77,13.16,3.07
A00543,S5,2025-04-19 03:27:00,2025-04-19 05:58:00,2.54,2.52,0.53
A00544,S1,2025-04-17 07:36:00,2025-04-17 13:10:00,4.58,5.58,0.59
A00544,S2,2025-04-17 14:08:00,2025-04-17 20:37:00,6.86,6.47,0.97
A00544,S3,2025-04-18 01:26:00,2025-04-18 17:03:00,11.44,15.62,4.81
A00544,S4,2025-04-19 06:02:00,2025-04-19 15:18:00,9.15,9.27,12.98
A00544,S5,2025-04-19 16:08:00,2025-04-19 19:18:00,3.43,3.17,0.84
A00545,S1,2025-04-17 09:08:00,2025-04-17 13:29:00,5.08,4.34,2.14
A00545,S2,2025-04-17 16:24:00,2025-04-18 02:36:00,7.62,10.21,2.91
A00545,S3,2025-04-18 05:42:00,2025-04-18 23:41:00,12.7,17.98,3.1
A00545,S4,2025-04-19 07:13:00,2025-04-19 14:31:00,10.16,7.31,7.52
A00545,S5,2025-04-19 18:32:00,2025-04-19 22:29:00,3.81,3.95,4.02
A00546,S1,2025-04-18 07:38:00,2025-04-18 10:57:00,3.49,3.33,0.63
A00546,S2,2025-04-18 10:57:00,2025-04-18 16:07:00,5.23,5.15,0.01
A00546,S3,2025-04-18 20:10:00,2025-04-19 06:25:00,8.72,10.26,4.05
A00546,S4,2025-04-19 10:44:00,2025-04-19 19:40:00,6.98,8.95,4.31
A00546,S5,2025-04-20 03:20:00,2025-04-20 06:12:00,2.62,2.87,7.65
A00547,S1,2025-04-18 07:38:00,2025-04-18 10:24:00,2.42,2.77,0.63
A00547,S2,2025-04-18 12:08:00,2025-04-18 15:17:00,3.63,3.14,1.74
A00547,S3,2025-04-18 16:42:00,2025-04-18 22:14:00,6.05,5.54,1.41
A00547,S4,2025-04-19 11:14:00,2025-04-19 19:16:00,4.84,8.03,13.0
A00547,S5,2025-04-19 20:30:00,2025-04-19 22:04:00,1.82,1.56,1.24
A00548,S1,2025-04-18 07:54:00,2025-04-18 09:46:00,1.68,1.86,0.91
A00548,S2,2025-04-18 16:30:00,2025-04-18 18:57:00,2.52,2.44,6.73
A00548,S3,2025-04-18 19:06:00,2025-04-18 23:38:00,4.2,4.53,0.15
A00548,S4,2025-04-19 15:12:00,2025-04-19 18:05:00,3.36,2.88,15.57
A00548,S5,2025-04-19 19:12:00,2025-04-19 20:43:00,1.26,1.53,1.11
A00549,S1,2025-04-18 07:10:00,2025-04-18 09:34:00,2.64,2.4,0.17
A00549,S2,2025-04-18 10:18:00,2025-04-18 14:26:00,3.96,4.13,0.74
A00549,S3,2025-04-18 16:15:00,2025-04-18 22:29:00,6.6,6.23,1.82
A00549,S4,2025-04-19 01:17:00,2025-04-19 09:20:00,5.28,8.04,2.81
A00549,S5,2025-04-19 09:26:00,2025-04-19 11:18:00,1.98,1.86,0.1
A00550,S1,2025-04-18 07:10:00,2025-04-18 10:28:00,3.02,3.29,0.17
A00550,S2,2025-04-18 11:27:00,2025-04-18 16:05:00,4.54,4.63,0.98
A00550,S3,2025-04-18 19:48:00,2025-04-19 03:23:00,7.56,7.58,3.72
A00550,S4,2025-04-19 13:14:00,2025-04-20 02:43:00,6.05,13.49,9.84
A00550,S5,2025-04-20 06:34:00,2025-04-20 09:06:00,2.27,2.53,3.85
A00551,S1,2025-04-18 12:02:00,2025-04-18 15:08:00,3.08,3.09,5.04
A00551,S2,2025-04-18 15:23:00,2025-04-18 20:08:00,4.62,4.74,0.25
A00551,S3,2025-04-18 22:35:00,2025-04-19 08:49:00,7.7,10.23,2.46
A00551,S4,2025-04-19 20:16:00,2025-04-20 01:34:00,6.16,5.29,11.46
A00551,S5,2025-04-20 03:03:00,2025-04-20 05:38:00,2.31,2.58,1.49
A00552,S1,2025-04-18 07:37:00,2025-04-18 10:21:00,2.46,2.74,0.62
A00552,S2,2025-04-18 11:48:00,2025-04-18 15:35:00,3.69,3.8,1.44
A00552,S3,2025-04-19 00:09:00,2025-04-19 05:04:00,6.15,4.92,8.56
A00552,S4,2025-04-19 13:49:00,2025-04-19 17:09:00,4.92,3.33,8.75
A00552,S5,2025-04-19 17:10:00,2025-04-19 19:08:00,1.84,1.96,0.02
A00553,S1,2025-04-18 07:53:00,2025-04-18 10:09:00,2.35,2.25,0.89
A00553,S2,2025-04-18 11:13:00,2025-04-18 15:21:00,3.53,4.13,1.08
A00553,S3,2025-04-18 18:14:00,2025-04-18 21:48:00,5.88,3.57,2.88
A00553,S4,2025-04-19 03:24:00,2025-04-19 06:50:00,4.7,3.44,5.61
A00553,S5,2025-04-19 06:51:00,2025-04-19 08:58:00,1.76,2.13,0.0
A00554,S1,2025-04-18 07:48:00,2025-04-18 10:25:00,2.13,2.62,0.79
A00554,S2,2025-04-18 11:33:00,2025-04-18 14:54:00,3.19,3.35,1.13
A00554,S3,2025-04-19 00:14:00,2025-04-19 05:37:00,5.32,5.38,9.34
A00554,S4,2025-04-19 09:33:00,2025-04-19 13:24:00,4.26,3.85,3.93
A00554,S5,2025-04-19 15:01:00,2025-04-19 17:05:00,1.6,2.07,1.61
A00555,S1,2025-04-18 09:42:00,2025-04-18 13:08:00,2.9,3.43,2.7
A00555,S2,2025-04-18 14:28:00,2025-04-18 18:13:00,4.35,3.76,1.33
A00555,S3,2025-04-18 20:15:00,2025-04-19 04:18:00,7.25,8.05,2.02
A00555,S4,2025-04-21 01:11:00,2025-04-21 07:18:00,5.8,6.12,44.89
A00555,S5,2025-04-21 08:37:00,2025-04-21 10:51:00,2.17,2.24,1.31
A00556,S1,2025-04-19 08:14:00,2025-04-19 10:49:00,2.32,2.58,1.23
A00556,S2,2025-04-19 10:58:00,2025-04-19 13:53:00,3.48,2.92,0.15
A00556,S3,2025-04-19 14:11:00,2025-04-19 21:05:00,5.8,6.92,0.29
A00556,S4,2025-04-21 14:44:00,2025-04-22 00:59:00,4.64,10.24,41.65
A00556,S5,2025-04-22 02:23:00,2025-04-22 04:05:00,1.74,1.7,1.4
A00557,S1,2025-04-19 07:18:00,2025-04-19 13:17:00,5.84,6.0,0.29
A00557,S2,2025-04-19 15:00:00,2025-04-19 22:48:00,8.76,7.81,1.71
A00557,S3,2025-04-20 00:02:00,2025-04-20 12:32:00,14.6,12.51,1.22
A00557,S4,2025-04-20 17:04:00,2025-04-21 01:03:00,11.68,7.99,4.53
A00557,S5,2025-04-21 01:41:00,2025-04-21 06:13:00,4.38,4.53,0.63
A00558,S1,2025-04-19 07:12:00,2025-04-19 11:07:00,3.34,3.9,0.21
A00558,S2,2025-04-19 13:09:00,2025-04-19 18:23:00,5.0,5.24,2.04
A00558,S3,2025-04-19 20:17:00,2025-04-20 05:03:00,8.34,8.76,1.9
A00558,S4,2025-04-20 06:09:00,2025-04-20 11:26:00,6.67,5.28,1.11
A00558,S5,2025-04-20 14:10:00,2025-04-20 16:39:00,2.5,2.48,2.74
A00559,S1,2025-04-19 07:44:00,2025-04-19 09:47:00,1.68,2.06,0.73
A00559,S2,2025-04-19 10:04:00,2025-04-19 12:11:00,2.52,2.12,0.28
A00559,S3,2025-04-19 13:29:00,2025-04-19 16:50:00,4.2,3.35,1.31
A00559,S4,2025-04-19 18:59:00,2025-04-19 23:22:00,3.36,4.39,2.14
A00559,S5,2025-04-20 01:52:00,2025-04-20 03:08:00,1.26,1.26,2.5
A00560,S1,2025-04-19 07:17:00,2025-04-19 10:28:00,3.26,3.19,0.28
A00560,S2,2025-04-19 13:05:00,2025-04-19 18:53:00,4.9,5.8,2.61
A00560,S3,2025-04-19 19:12:00,2025-04-20 08:06:00,8.16,12.9,0.31
A00560,S4,2025-04-20 08:48:00,2025-04-20 18:02:00,6.53,9.23,0.71
A00560,S5,2025-04-20 18:40:00,2025-04-20 21:07:00,2.45,2.44,0.63
A00561,S1,2025-04-20 07:29:00,2025-04-20 13:02:00,4.99,5.56,0.48
A00561,S2,2025-04-21 00:13:00,2025-04-21 06:51:00,7.49,6.65,11.17
A00561,S3,2025-04-21 06:55:00,2025-04-21 21:41:00,12.48,14.78,0.06
A00561,S4,2025-04-22 15:03:00,2025-04-23 00:58:00,9.98,9.92,17.37
A00561,S5,2025-04-23 03:32:00,2025-04-23 07:04:00,3.74,3.53,2.56
A00562,S1,2025-04-20 07:25:00,2025-04-20 13:39:00,5.6,6.24,0.42
A00562,S2,2025-04-20 20:00:00,2025-04-21 04:49:00,8.4,8.8,6.35
A00562,S3,2025-04-21 06:26:00,2025-04-21 18:54:00,14.0,12.47,1.62
A00562,S4,2025-04-22 03:57:00,2025-04-22 14:22:00,11.2,10.41,9.05
A00562,S5,2025-04-22 15:11:00,2025-04-22 19:36:00,4.2,4.42,0.82
A00563,S1,2025-04-20 09:05:00,2025-04-20 13:24:00,3.46,4.32,2.08
A00563,S2,2025-04-20 15:08:00,2025-04-20 19:24:00,5.18,4.26,1.73
A00563,S3,2025-04-20 19:56:00,2025-04-21 03:47:00,8.64,7.85,0.53
A00563,S4,2025-04-21 12:20:00,2025-04-21 17:57:00,6.91,5.62,8.55
A00563,S5,2025-04-21 19:43:00,2025-04-21 22:32:00,2.59,2.82,1.76
A00564,S1,2025-04-21 08:45:00,2025-04-21 12:43:00,3.58,3.96,1.75
A00564,S2,2025-04-21 16:05:00,2025-04-21 21:54:00,5.36,5.81,3.37
A00564,S3,2025-04-22 00:48:00,2025-04-22 07:50:00,8.94,7.04,2.9
A00564,S4,2025-04-22 11:11:00,2025-04-22 18:49:00,7.15,7.63,3.35
A00564,S5,2025-04-23 00:33:00,2025-04-23 03:45:00,2.68,3.2,5.73
A00565,S1,2025-04-21 07:12:00,2025-04-21 10:39:00,3.29,3.45,0.2
A00565,S2,2025-04-21 11:07:00,2025-04-21 16:01:00,4.93,4.89,0.48
A00565,S3,2025-04-21 19:07:00,2025-04-22 03:31:00,8.22,8.4,3.11
A00565,S4,2025-04-22 21:50:00,2025-04-23 06:36:00,6.58,8.76,18.31
A00565,S5,2025-04-23 16:41:00,2025-04-23 18:46:00,2.47,2.08,10.09
A00566,S1,2025-04-21 07:47:00,2025-04-21 10:29:00,2.22,2.7,0.78
A00566,S2,2025-04-21 10:52:00,2025-04-21 14:17:00,3.34,3.41,0.39
A00566,S3,2025-04-21 15:37:00,2025-04-21 20:35:00,5.56,4.96,1.33
A00566,S4,2025-04-22 06:15:00,2025-04-22 11:03:00,4.45,4.8,9.67
A00566,S5,2025-04-22 11:34:00,2025-04-22 13:16:00,1.67,1.71,0.51
A00567,S1,2025-04-21 07:36:00,2025-04-21 10:06:00,2.53,2.5,0.61
A00567,S2,2025-04-21 10:14:00,2025-04-21 14:31:00,3.79,4.29,0.12
A00567,S3,2025-04-21 15:23:00,2025-04-21 22:19:00,6.32,6.93,0.86
A00567,S4,2025-04-21 23:24:00,2025-04-22 03:21:00,5.06,3.94,1.09
A00567,S5,2025-04-22 05:55:00,2025-04-22 07:57:00,1.9,2.02,2.57
A00568,S1,2025-04-21 07:23:00,2025-04-21 12:21:00,4.9,4.96,0.39
A00568,S2,2025-04-21 13:54:00,2025-04-21 20:54:00,7.34,7.01,1.55
A00568,S3,2025-04-21 22:18:00,2025-04-22 12:00:00,12.24,13.71,1.39
A00568,S4,2025-04-23 11:11:00,2025-04-23 19:34:00,9.79,8.39,23.18
A00568,S5,2025-04-23 19:45:00,2025-04-24 00:29:00,3.67,4.73,0.17
A00569,S1,2025-04-21 08:03:00,2025-04-21 14:43:00,6.2,6.68,1.04
A00569,S2,2025-04-21 16:31:00,2025-04-22 04:17:00,9.3,11.77,1.78
A00569,S3,2025-04-22 04:28:00,2025-04-22 19:21:00,15.5,14.89,0.19
A00569,S4,2025-04-22 21:35:00,2025-04-23 04:23:00,12.4,6.79,2.24
A00569,S5,2025-04-23 04:44:00,2025-04-23 09:15:00,4.65,4.52,0.36
A00570,S1,2025-04-21 08:57:00,2025-04-21 14:03:00,5.76,5.11,1.94
A00570,S2,2025-04-21 15:24:00,2025-04-21 22:57:00,8.64,7.56,1.34
A00570,S3,2025-04-21 23:49:00,2025-04-22 18:53:00,14.4,19.07,0.86
A00570,S4,2025-04-22 19:42:00,2025-04-23 13:48:00,11.52,18.11,0.81
A00570,S5,2025-04-23 17:07:00,2025-04-23 21:20:00,4.32,4.2,3.32
A00571,S1,2025-04-22 07:32:00,2025-04-22 12:28:00,4.35,4.93,0.54
A00571,S2,2025-04-22 14:25:00,2025-04-22 20:23:00,6.53,5.97,1.94
A00571,S3,2025-04-22 21:54:00,2025-04-23 11:43:00,10.88,13.82,1.51
A00571,S4,2025-04-23 12:53:00,2025-04-23 22:45:00,8.7,9.86,1.17
A00571,S5,2025-04-23 23:05:00,2025-04-24 02:42:00,3.26,3.62,0.33
A00572,S1,2025-04-22 07:33:00,2025-04-22 12:14:00,4.1,4.68,0.54
A00572,S2,2025-04-22 13:11:00,2025-04-22 19:31:00,6.14,6.33,0.96
A00572,S3,2025-04-22 20:35:00,2025-04-23 07:58:00,10.24,11.38,1.07
A00572,S4,2025-04-23 15:04:00,2025-04-23 22:22:00,8.19,7.3,7.11
A00572,S5,2025-04-24 00:16:00,2025-04-24 03:45:00,3.07,3.48,1.9
A00573,S1,2025-04-22 08:39:00,2025-04-22 10:32:00,1.73,1.88,1.65
A00573,S2,2025-04-22 10:43:00,2025-04-22 13:56:00,2.59,3.21,0.19
A00573,S3,2025-04-22 14:01:00,2025-04-22 18:55:00,4.32,4.89,0.08
A00573,S4,2025-04-22 20:09:00,2025-04-23 00:05:00,3.46,3.92,1.24
A00573,S5,2025-04-23 00:08:00,2025-04-23 01:28:00,1.3,1.32,0.06
A00574,S1,2025-04-23 07:15:00,2025-04-23 11:18:00,3.31,4.05,0.25
A00574,S2,2025-04-23 12:10:00,2025-04-23 17:04:00,4.97,4.91,0.86
A00574,S3,2025-04-24 01:18:00,2025-04-24 10:21:00,8.28,9.05,8.23
A00574,S4,2025-04-24 11:29:00,2025-04-24 22:23:00,6.62,10.89,1.14
A00574,S5,2025-04-25 01:01:00,2025-04-25 03:43:00,2.48,2.7,2.65
A00575,S1,2025-04-23 07:18:00,2025-04-23 09:26:00,2.26,2.13,0.3
A00575,S2,2025-04-23 12:18:00,2025-04-23 16:41:00,3.38,4.37,2.87
A00575,S3,2025-04-23 17:49:00,2025-04-24 00:39:00,5.64,6.83,1.14
A00575,S4,2025-04-24 16:46:00,2025-04-24 21:50:00,4.51,5.08,16.11
A00575,S5,2025-04-24 22:10:00,2025-04-24 23:47:00,1.69,1.63,0.32
A00576,S1,2025-04-23 07:46:00,2025-04-23 11:50:00,3.02,4.07,0.76
A00576,S2,2025-04-23 14:44:00,2025-04-23 18:51:00,4.53,4.11,2.91
A00576,S3,2025-04-23 20:32:00,2025-04-24 02:47:00,7.55,6.25,1.69
A00576,S4,2025-04-24 05:15:00,2025-04-24 11:27:00,6.04,6.21,2.47
A00576,S5,2025-04-24 13:05:00,2025-04-24 15:37:00,2.26,2.53,1.62
A00577,S1,2025-04-23 07:32:00,2025-04-23 11:12:00,3.1,3.68,0.53
A00577,S2,2025-04-23 14:34:00,2025-04-23 20:17:00,4.65,5.71,3.36
A00577,S3,2025-04-23 20:20:00,2025-04-24 05:41:00,7.75,9.36,0.05
A00577,S4,2025-04-24 08:31:00,2025-04-24 12:39:00,6.2,4.14,2.83
A00577,S5,2025-04-24 13:10:00,2025-04-24 15:33:00,2.33,2.39,0.5
A00578,S1,2025-04-23 07:53:00,2025-04-23 10:30:00,2.2,2.62,0.88
A00578,S2,2025-04-23 13:30:00,2025-04-23 16:23:00,3.3,2.89,2.99
A00578,S3,2025-04-23 17:16:00,2025-04-23 22:59:00,5.5,5.73,0.88
A00578,S4,2025-04-24 18:03:00,2025-04-24 23:59:00,4.4,5.94,19.05
A00578,S5,2025-04-25 07:35:00,2025-04-25 08:57:00,1.65,1.36,7.61
A00579,S1,2025-04-23 07:05:00,2025-04-23 09:52:00,2.46,2.79,0.08
A00579,S2,2025-04-23 10:36:00,2025-04-23 14:01:00,3.7,3.43,0.73
A00579,S3,2025-04-23 19:12:00,2025-04-24 01:06:00,6.16,5.9,5.18
A00579,S4,2025-04-24 03:24:00,2025-04-24 06:54:00,4.93,3.51,2.3
A00579,S5,2025-04-24 06:59:00,2025-04-24 09:05:00,1.85,2.1,0.07
A00580,S1,2025-04-24 09:37:00,2025-04-24 12:39:00,3.12,3.03,2.62
A00580,S2,2025-04-24 15:27:00,2025-04-24 19:22:00,4.68,3.92,2.81
A00580,S3,2025-04-24 22:17:00,2025-04-25 08:57:00,7.8,10.68,2.9
A00580,S4,2025-04-25 15:43:00,2025-04-25 20:52:00,6.24,5.16,6.76
A00580,S5,2025-04-25 21:42:00,2025-04-26 00:07:00,2.34,2.41,0.83
A00581,S1,2025-04-24 08:15:00,2025-04-24 11:19:00,2.74,3.07,1.25
A00581,S2,2025-04-24 11:56:00,2025-04-24 15:37:00,4.11,3.69,0.6
A00581,S3,2025-04-24 19:51:00,2025-04-25 03:44:00,6.85,7.89,4.23
A00581,S4,2025-04-25 12:42:00,2025-04-25 19:44:00,5.48,7.03,8.96
A00581,S5,2025-04-25 21:00:00,2025-04-25 23:16:00,2.06,2.27,1.27
A00582,S1,2025-04-24 07:43:00,2025-04-24 12:34:00,4.64,4.86,0.71
A00582,S2,2025-04-24 12:46:00,2025-04-24 20:35:00,6.96,7.82,0.19
A00582,S3,2025-04-25 00:56:00,2025-04-25 14:08:00,11.6,13.19,4.36
A00582,S4,2025-04-25 14:52:00,2025-04-25 22:24:00,9.28,7.54,0.73
A00582,S5,2025-04-26 09:27:00,2025-04-26 13:14:00,3.48,3.79,11.05
A00583,S1,2025-04-24 08:30:00,2025-04-24 13:31:00,5.68,5.02,1.5
A00583,S2,2025-04-24 14:15:00,2025-04-24 23:54:00,8.52,9.66,0.73
A00583,S3,2025-04-25 04:33:00,2025-04-25 17:52:00,14.2,13.31,4.64
A00583,S4,2025-04-26 02:18:00,2025-04-26 10:16:00,11.36,7.97,8.45
A00583,S5,2025-04-26 10:58:00,2025-04-26 16:32:00,4.26,5.57,0.69
A00584,S1,2025-04-25 08:41:00,2025-04-25 13:38:00,5.4,4.95,1.68
A00584,S2,2025-04-25 15:16:00,2025-04-25 22:57:00,8.1,7.68,1.64
A00584,S3,2025-04-26 00:17:00,2025-04-26 13:35:00,13.5,13.3,1.33
A00584,S4,2025-04-27 15:30:00,2025-04-28 04:57:00,10.8,13.46,25.92
A00584,S5,2025-04-28 07:56:00,2025-04-28 11:55:00,4.05,3.98,2.99
A00585,S1,2025-04-25 11:56:00,2025-04-25 17:06:00,4.1,5.17,4.93
A00585,S2,2025-04-25 17:12:00,2025-04-25 22:16:00,6.14,5.07,0.1
A00585,S3,2025-04-26 00:59:00,2025-04-26 12:59:00,10.24,12.01,2.71
A00585,S4,2025-04-26 18:52:00,2025-04-27 00:30:00,8.19,5.63,5.89
A00585,S5,2025-04-27 01:42:00,2025-04-27 04:36:00,3.07,2.9,1.2
A00586,S1,2025-04-25 07:08:00,2025-04-25 12:40:00,4.44,5.54,0.13
A00586,S2,2025-04-25 14:03:00,2025-04-25 20:30:00,6.66,6.44,1.39
A00586,S3,2025-04-25 21:49:00,2025-04-26 08:06:00,11.1,10.29,1.32
A00586,S4,2025-04-28 04:18:00,2025-04-28 10:14:00,8.88,5.94,44.19
A00586,S5,2025-04-28 10:35:00,2025-04-28 14:06:00,3.33,3.52,0.35
A00587,S1,2025-04-25 08:25:00,2025-04-25 14:29:00,5.48,6.05,1.42
A00587,S2,2025-04-25 14:43:00,2025-04-26 01:11:00,8.22,10.47,0.23
A00587,S3,2025-04-26 04:17:00,2025-04-26 15:47:00,13.7,11.5,3.1
A00587,S4,2025-04-27 10:57:00,2025-04-27 19:19:00,10.96,8.36,19.16
A00587,S5,2025-04-28 01:01:00,2025-04-28 05:20:00,4.11,4.32,5.71
A00588,S1,2025-04-25 08:31:00,2025-04-25 10:19:00,1.94,1.79,1.52
A00588,S2,2025-04-25 10:36:00,2025-04-25 14:03:00,2.9,3.46,0.29
A00588,S3,2025-04-25 15:51:00,2025-04-25 19:48:00,4.84,3.96,1.78
A00588,S4,2025-04-25 23:14:00,2025-04-26 02:12:00,3.87,2.97,3.43
A00588,S5,2025-04-26 08:45:00,2025-04-26 10:25:00,1.45,1.67,6.55
A00589,S1,2025-04-26 07:23:00,2025-04-26 10:49:00,3.74,3.44,0.39
A00589,S2,2025-04-26 10:51:00,2025-04-26 16:51:00,5.62,6.0,0.03
A00589,S3,2025-04-26 20:28:00,2025-04-27 06:07:00,9.36,9.65,3.61
A00589,S4,2025-04-27 09:55:00,2025-04-27 18:01:00,7.49,8.09,3.81
A00589,S5,2025-04-27 19:06:00,2025-04-27 21:58:00,2.81,2.87,1.1
A00590,S1,2025-04-26 07:48:00,2025-04-26 10:16:00,2.3,2.47,0.81
A00590,S2,2025-04-26 10:33:00,2025-04-26 13:40:00,3.45,3.12,0.27
A00590,S3,2025-04-26 13:41:00,2025-04-26 21:47:00,5.75,8.11,0.01
A00590,S4,2025-04-27 06:57:00,2025-04-27 11:08:00,4.6,4.19,9.16
A00590,S5,2025-04-27 11:43:00,2025-04-27 13:20:00,1.72,1.62,0.58
A00591,S1,2025-04-26 07:07:00,2025-04-26 10:40:00,3.62,3.56,0.12
A00591,S2,2025-04-26 17:03:00,2025-04-26 22:20:00,5.42,5.27,6.38
A00591,S3,2025-04-27 00:14:00,2025-04-27 09:22:00,9.04,9.13,1.91
A00591,S4,2025-04-28 03:56:00,2025-04-28 13:14:00,7.23,9.29,18.57
A00591,S5,2025-04-28 14:34:00,2025-04-28 17:28:00,2.71,2.91,1.34
A00592,S1,2025-04-27 08:07:00,2025-04-27 13:01:00,4.68,4.9,1.12
A00592,S2,2025-04-27 14:57:00,2025-04-27 22:22:00,7.02,7.42,1.94
A00592,S3,2025-04-28 05:20:00,2025-04-28 21:25:00,11.7,16.07,6.97
A00592,S4,2025-04-28 23:01:00,2025-04-29 07:45:00,9.36,8.73,1.61
A00592,S5,2025-04-29 08:50:00,2025-04-29 12:43:00,3.51,3.87,1.09
A00593,S1,2025-04-27 07:13:00,2025-04-27 09:18:00,1.87,2.09,0.21
A00593,S2,2025-04-27 10:42:00,2025-04-27 13:31:00,2.81,2.82,1.4
A00593,S3,2025-04-27 14:08:00,2025-04-27 18:45:00,4.68,4.62,0.61
A00593,S4,2025-04-27 19:41:00,2025-04-28 00:14:00,3.74,4.54,0.94
A00593,S5,2025-04-28 02:25:00,2025-04-28 03:52:00,1.4,1.44,2.19
A00594,S1,2025-04-27 08:40:00,2025-04-27 14:03:00,4.7,5.38,1.67
A00594,S2,2025-04-27 22:08:00,2025-04-28 06:27:00,7.06,8.32,8.08
A00594,S3,2025-04-28 19:54:00,2025-04-29 09:29:00,11.76,13.58,13.46
A00594,S4,2025-04-30 07:19:00,2025-05-01 00:25:00,9.41,17.11,21.83
A00594,S5,2025-05-01 04:01:00,2025-05-01 07:47:00,3.53,3.78,3.59
A00595,S1,2025-04-27 07:01:00,2025-04-27 09:50:00,2.7,2.82,0.02
A00595,S2,2025-04-27 10:18:00,2025-04-27 14:15:00,4.05,3.94,0.47
A00595,S3,2025-04-27 22:50:00,2025-04-28 07:42:00,6.75,8.86,8.59
A00595,S4,2025-04-28 12:05:00,2025-04-28 19:00:00,5.4,6.92,4.38
A00595,S5,2025-04-28 22:17:00,2025-04-29 00:08:00,2.03,1.85,3.28
A00596,S1,2025-04-27 07:12:00,2025-04-27 09:10:00,1.97,1.97,0.21
A00596,S2,2025-04-27 09:17:00,2025-04-27 11:50:00,2.95,2.56,0.11
A00596,S3,2025-04-27 14:09:00,2025-04-27 20:23:00,4.92,6.23,2.32
A00596,S4,2025-04-28 09:02:00,2025-04-28 12:22:00,3.94,3.35,12.65
A00596,S5,2025-04-28 14:23:00,2025-04-28 16:01:00,1.48,1.63,2.02
A00597,S1,2025-04-27 07:30:00,2025-04-27 09:43:00,2.0,2.22,0.51
A00597,S2,2025-04-27 14:08:00,2025-04-27 17:13:00,3.0,3.09,4.41
A00597,S3,2025-04-27 18:37:00,2025-04-28 00:38:00,5.0,6.02,1.39
A00597,S4,2025-04-29 00:03:00,2025-04-29 05:08:00,4.0,5.09,23.42
A00597,S5,2025-04-29 06:47:00,2025-04-29 08:24:00,1.5,1.61,1.66
A00598,S1,2025-04-28 07:04:00,2025-04-28 09:18:00,1.7,2.23,0.06
A00598,S2,2025-04-28 09:42:00,2025-04-28 13:07:00,2.54,3.42,0.41
A00598,S3,2025-04-28 13:49:00,2025-04-28 18:12:00,4.24,4.38,0.69
A00598,S4,2025-04-28 20:33:00,2025-04-29 00:00:00,3.39,3.45,2.36
A00598,S5,2025-04-29 00:16:00,2025-04-29 01:49:00,1.27,1.55,0.26
A00599,S1,2025-04-28 08:17:00,2025-04-28 10:15:00,2.11,1.96,1.29
A00599,S2,2025-04-28 11:57:00,2025-04-28 14:29:00,3.17,2.53,1.7
A00599,S3,2025-04-28 15:11:00,2025-04-28 19:13:00,5.28,4.03,0.69
A00599,S4,2025-04-29 00:07:00,2025-04-29 03:26:00,4.22,3.31,4.91
A00599,S5,2025-04-29 03:41:00,2025-04-29 05:23:00,1.58,1.71,0.25
A00600,S1,2025-04-28 12:22:00,2025-04-28 14:46:00,2.45,2.39,5.37
A00600,S2,2025-04-28 16:01:00,2025-04-28 21:01:00,3.67,4.99,1.26
A00600,S3,2025-04-28 22:30:00,2025-04-29 07:43:00,6.12,9.22,1.49
A00600,S4,2025-04-29 09:36:00,2025-04-29 14:55:00,4.9,5.32,1.89
A00600,S5,2025-04-29 17:38:00,2025-04-29 19:30:00,1.84,1.87,2.71
A00601,S1,2025-04-28 07:23:00,2025-04-28 10:28:00,2.86,3.08,0.38
A00601,S2,2025-04-28 11:36:00,2025-04-28 15:45:00,4.29,4.14,1.14
A00601,S3,2025-04-28 19:59:00,2025-04-29 03:58:00,7.15,7.97,4.25
A00601,S4,2025-04-29 04:08:00,2025-04-29 11:10:00,5.72,7.04,0.17
A00601,S5,2025-04-29 12:31:00,2025-04-29 14:48:00,2.14,2.28,1.35
A00602,S1,2025-04-28 08:18:00,2025-04-28 11:57:00,4.16,3.66,1.3
A00602,S2,2025-04-28 17:49:00,2025-04-29 00:24:00,6.24,6.59,5.86
A00602,S3,2025-04-29 01:59:00,2025-04-29 09:22:00,10.4,7.39,1.57
A00602,S4,2025-04-29 11:52:00,2025-04-30 02:26:00,8.32,14.56,2.5
A00602,S5,2025-04-30 03:37:00,2025-04-30 06:50:00,3.12,3.21,1.2
A00603,S1,2025-04-29 07:27:00,2025-04-29 11:39:00,3.42,4.21,0.44
A00603,S2,2025-04-29 14:04:00,2025-04-29 20:39:00,5.14,6.59,2.41
A00603,S3,2025-04-29 23:22:00,2025-04-30 07:08:00,8.56,7.76,2.72
A00603,S4,2025-04-30 13:27:00,2025-04-30 18:15:00,6.85,4.8,6.31
A00603,S5,2025-04-30 18:43:00,2025-04-30 21:19:00,2.57,2.6,0.47
A00604,S1,2025-04-29 07:36:00,2025-04-29 13:14:00,4.96,5.63,0.6
A00604,S2,2025-04-29 14:07:00,2025-04-29 23:26:00,7.44,9.31,0.89
A00604,S3,2025-04-30 01:03:00,2025-04-30 14:29:00,12.4,13.42,1.63
A00604,S4,2025-04-30 20:16:00,2025-05-01 07:23:00,9.92,11.11,5.79
A00604,S5,2025-05-01 07:37:00,2025-05-01 11:34:00,3.72,3.95,0.23
A00605,S1,2025-04-29 08:03:00,2025-04-29 10:50:00,2.66,2.78,1.05
A00605,S2,2025-04-29 11:42:00,2025-04-29 16:22:00,4.0,4.66,0.88
A00605,S3,2025-04-30 00:43:00,2025-04-30 06:32:00,6.66,5.83,8.34
A00605,S4,2025-04-30 08:20:00,2025-04-30 13:22:00,5.33,5.04,1.79
A00605,S5,2025-04-30 15:26:00,2025-04-30 17:29:00,2.0,2.06,2.06
A00606,S1,2025-04-29 07:03:00,2025-04-29 09:30:00,2.42,2.45,0.06
A00606,S2,2025-04-29 13:18:00,2025-04-29 17:52:00,3.62,4.56,3.8
A00606,S3,2025-04-29 17:54:00,2025-04-30 00:58:00,6.04,7.06,0.04
A00606,S4,2025-04-30 02:00:00,2025-04-30 07:18:00,4.83,5.31,1.03
A00606,S5,2025-04-30 08:46:00,2025-04-30 10:55:00,1.81,2.15,1.46
A00607,S1,2025-04-29 07:04:00,2025-04-29 09:02:00,2.02,1.98,0.06
A00607,S2,2025-04-29 14:35:00,2025-04-29 17:55:00,3.02,3.33,5.54
A00607,S3,2025-04-29 22:53:00,2025-04-30 05:02:00,5.04,6.15,4.96
A00607,S4,2025-04-30 09:59:00,2025-04-30 15:57:00,4.03,5.97,4.96
A00607,S5,2025-04-30 16:29:00,2025-04-30 17:56:00,1.51,1.44,0.53
A00608,S1,2025-04-30 08:43:00,2025-04-30 11:34:00,2.52,2.84,1.72
A00608,S2,2025-04-30 11:36:00,2025-04-30 16:30:00,3.78,4.9,0.03
A00608,S3,2025-04-30 17:48:00,2025-04-30 22:53:00,6.3,5.08,1.31
A00608,S4,2025-05-01 13:13:00,2025-05-01 20:55:00,5.04,7.69,14.33
A00608,S5,2025-05-01 21:09:00,2025-05-01 22:57:00,1.89,1.79,0.25
A00609,S1,2025-04-30 07:11:00,2025-04-30 10:17:00,2.86,3.1,0.19
A00609,S2,2025-04-30 10:52:00,2025-04-30 15:38:00,4.28,4.77,0.58
A00609,S3,2025-04-30 17:05:00,2025-05-01 00:49:00,7.14,7.73,1.45
A00609,S4,2025-05-01 01:48:00,2025-05-01 07:18:00,5.71,5.5,0.98
A00609,S5,2025-05-01 08:34:00,2025-05-01 10:57:00,2.14,2.39,1.27
A00610,S1,2025-04-30 07:58:00,2025-04-30 12:31:00,4.16,4.55,0.96
A00610,S2,2025-04-30 15:24:00,2025-04-30 22:16:00,6.24,6.86,2.89
A00610,S3,2025-05-01 07:29:00,2025-05-01 18:53:00,10.4,11.39,9.22
A00610,S4,2025-05-02 03:23:00,2025-05-02 12:47:00,8.32,9.39,8.51
A00610,S5,2025-05-02 12:53:00,2025-05-02 15:46:00,3.12,2.88,0.09
A00611,S1,2025-05-01 07:02:00,2025-05-01 10:09:00,2.94,3.12,0.03
A00611,S2,2025-05-01 13:23:00,2025-05-01 18:53:00,4.41,5.5,3.23
A00611,S3,2025-05-01 19:02:00,2025-05-02 05:00:00,7.35,9.98,0.14
A00611,S4,2025-05-03 13:51:00,2025-05-03 19:20:00,5.88,5.47,32.86
A00611,S5,2025-05-03 19:39:00,2025-05-03 21:35:00,2.2,1.93,0.33
A00612,S1,2025-05-01 07:42:00,2025-05-01 10:06:00,2.14,2.41,0.69
A00612,S2,2025-05-01 10:34:00,2025-05-01 13:50:00,3.22,3.26,0.46
A00612,S3,2025-05-01 14:28:00,2025-05-01 22:53:00,5.36,8.42,0.64
A00612,S4,2025-05-02 00:44:00,2025-05-02 06:43:00,4.29,5.98,1.85
A00612,S5,2025-05-02 06:47:00,2025-05-02 08:30:00,1.61,1.73,0.07
A00613,S1,2025-05-01 07:02:00,2025-05-01 09:49:00,2.98,2.8,0.03
A00613,S2,2025-05-01 11:04:00,2025-05-01 15:33:00,4.46,4.49,1.24
A00613,S3,2025-05-01 15:54:00,2025-05-01 23:40:00,7.44,7.76,0.35
A00613,S4,2025-05-02 01:22:00,2025-05-02 05:31:00,5.95,4.15,1.7
A00613,S5,2025-05-02 05:55:00,2025-05-02 08:11:00,2.23,2.27,0.4
A00614,S1,2025-05-01 07:43:00,2025-05-01 11:02:00,3.84,3.31,0.72
A00614,S2,2025-05-01 11:31:00,2025-05-01 17:40:00,5.76,6.14,0.49
A00614,S3,2025-05-01 19:05:00,2025-05-02 05:10:00,9.6,10.08,1.42
A00614,S4,2025-05-02 22:46:00,2025-05-03 12:39:00,7.68,13.89,17.6
A00614,S5,2025-05-03 13:53:00,2025-05-03 16:53:00,2.88,3.01,1.22
A00615,S1,2025-05-01 08:48:00,2025-05-01 11:24:00,2.34,2.6,1.8
A00615,S2,2025-05-01 15:52:00,2025-05-01 19:59:00,3.5,4.11,4.47
A00615,S3,2025-05-01 20:00:00,2025-05-02 02:23:00,5.84,6.38,0.03
A00615,S4,2025-05-02 04:45:00,2025-05-02 08:46:00,4.67,4.01,2.36
A00615,S5,2025-05-02 10:10:00,2025-05-02 12:25:00,1.75,2.26,1.4
A00616,S1,2025-05-01 10:06:00,2025-05-01 12:18:00,2.29,2.21,3.1
A00616,S2,2025-05-01 12:59:00,2025-05-01 17:08:00,3.43,4.16,0.68
A00616,S3,2025-05-01 22:46:00,2025-05-02 03:55:00,5.72,5.15,5.63
A00616,S4,2025-05-02 05:50:00,2025-05-02 16:10:00,4.58,10.32,1.92
A00616,S5,2025-05-02 16:20:00,2025-05-02 18:29:00,1.72,2.16,0.17
A00617,S1,2025-05-02 07:05:00,2025-05-02 09:52:00,2.74,2.79,0.08
A00617,S2,2025-05-02 10:43:00,2025-05-02 16:00:00,4.1,5.29,0.84
A00617,S3,2025-05-02 18:33:00,2025-05-03 01:15:00,6.84,6.7,2.54
A00617,S4,2025-05-03 03:43:00,2025-05-03 09:13:00,5.47,5.5,2.47
A00617,S5,2025-05-03 14:58:00,2025-05-03 17:21:00,2.05,2.39,5.75
A00618,S1,2025-05-02 08:21:00,2025-05-02 12:30:00,4.45,4.14,1.35
A00618,S2,2025-05-02 13:06:00,2025-05-02 20:15:00,6.67,7.15,0.6
A00618,S3,2025-05-02 22:42:00,2025-05-03 08:20:00,11.12,9.63,2.46
A00618,S4,2025-05-03 15:01:00,2025-05-03 21:28:00,8.9,6.44,6.68
A00618,S5,2025-05-03 21:47:00,2025-05-04 00:40:00,3.34,2.88,0.33
A00619,S1,2025-05-02 08:35:00,2025-05-02 13:23:00,4.38,4.81,1.58
A00619,S2,2025-05-02 18:10:00,2025-05-03 01:06:00,6.58,6.95,4.78
A00619,S3,2025-05-03 03:58:00,2025-05-03 20:04:00,10.96,16.1,2.86
A00619,S4,2025-05-03 22:07:00,2025-05-04 08:21:00,8.77,10.23,2.04
A00619,S5,2025-05-04 09:38:00,2025-05-04 12:43:00,3.29,3.07,1.3
A00620,S1,2025-05-02 08:03:00,2025-05-02 10:17:00,2.28,2.23,1.04
A00620,S2,2025-05-02 12:22:00,2025-05-02 14:56:00,3.42,2.57,2.09
A00620,S3,2025-05-02 15:38:00,2025-05-02 20:43:00,5.7,5.08,0.71
A00620,S4,2025-05-02 22:34:00,2025-05-03 03:02:00,4.56,4.47,1.84
A00620,S5,2025-05-03 03:29:00,2025-05-03 05:15:00,1.71,1.77,0.45
A00621,S1,2025-05-02 07:20:00,2025-05-02 11:18:00,3.71,3.96,0.34
A00621,S2,2025-05-02 14:34:00,2025-05-02 20:47:00,5.57,6.22,3.26
A00621,S3,2025-05-03 00:33:00,2025-05-03 09:17:00,9.28,8.73,3.78
A00621,S4,2025-05-03 20:22:00,2025-05-04 08:06:00,7.42,11.72,11.09
A00621,S5,2025-05-04 09:15:00,2025-05-04 11:48:00,2.78,2.56,1.15
A00622,S1,2025-05-03 07:42:00,2025-05-03 10:22:00,2.66,2.66,0.7
A00622,S2,2025-05-03 10:36:00,2025-05-03 14:34:00,3.99,3.97,0.24
A00622,S3,2025-05-03 17:14:00,2025-05-03 23:46:00,6.65,6.55,2.66
A00622,S4,2025-05-04 02:23:00,2025-05-04 04:01:00,5.32,1.63,2.62
A00622,S5,2025-05-04 04:29:00,2025-05-04 06:35:00,2.0,2.1,0.47
A00623,S1,2025-05-03 08:01:00,2025-05-03 10:37:00,2.51,2.59,1.02
A00623,S2,2025-05-03 14:08:00,2025-05-03 17:29:00,3.77,3.36,3.52
A00623,S3,2025-05-03 18:59:00,2025-05-04 00:52:00,6.28,5.89,1.49
A00623,S4,2025-05-04 03:03:00,2025-05-04 08:00:00,5.02,4.95,2.19
A00623,S5,2025-05-04 08:39:00,2025-05-04 10:40:00,1.88,2.02,0.65
A00624,S1,2025-05-03 07:28:00,2025-05-03 11:45:00,4.35,4.29,0.47
A00624,S2,2025-05-03 13:49:00,2025-05-03 20:54:00,6.53,7.09,2.06
A00624,S3,2025-05-03 23:19:00,2025-05-04 11:21:00,10.88,12.03,2.42
A00624,S4,2025-05-04 20:59:00,2025-05-05 09:26:00,8.7,12.45,9.64
A00624,S5,2025-05-05 12:33:00,2025-05-05 15:47:00,3.26,3.24,3.12
A00625,S1,2025-05-03 07:36:00,2025-05-03 10:10:00,2.52,2.56,0.61
A00625,S2,2025-05-03 12:39:00,2025-05-03 16:59:00,3.78,4.32,2.49
A00625,S3,2025-05-03 19:09:00,2025-05-04 01:25:00,6.3,6.28,2.17
A00625,S4,2025-05-04 05:02:00,2025-05-04 13:54:00,5.04,8.86,3.62
A00625,S5,2025-05-04 14:56:00,2025-05-04 16:42:00,1.89,1.76,1.03
A00626,S1,2025-05-03 07:01:00,2025-05-03 12:42:00,6.32,5.68,0.02
A00626,S2,2025-05-03 13:22:00,2025-05-04 00:24:00,9.48,11.04,0.66
A00626,S3,2025-05-04 00:36:00,2025-05-04 18:13:00,15.8,17.61,0.2
A00626,S4,2025-05-04 19:51:00,2025-05-05 12:16:00,12.64,16.41,1.63
A00626,S5,2025-05-05 13:22:00,2025-05-05 17:12:00,4.74,3.84,1.1
A00627,S1,2025-05-03 09:29:00,2025-05-03 12:54:00,3.39,3.42,2.48
A00627,S2,2025-05-03 13:29:00,2025-05-03 19:28:00,5.09,5.99,0.57
A00627,S3,2025-05-04 02:31:00,2025-05-04 09:24:00,8.48,6.88,7.05
A00627,S4,2025-05-04 21:33:00,2025-05-05 08:07:00,6.78,10.58,12.15
A00627,S5,2025-05-05 09:03:00,2025-05-05 11:40:00,2.54,2.62,0.93
A00628,S1,2025-05-03 08:21:00,2025-05-03 10:59:00,2.86,2.63,1.36
A00628,S2,2025-05-03 16:27:00,2025-05-03 21:04:00,4.29,4.61,5.47
A00628,S3,2025-05-04 00:27:00,2025-05-04 10:24:00,7.15,9.94,3.39
A00628,S4,2025-05-04 20:05:00,2025-05-05 09:27:00,5.72,13.36,9.69
A00628,S5,2025-05-05 11:11:00,2025-05-05 13:10:00,2.14,1.98,1.74
A00629,S1,2025-05-03 07:09:00,2025-05-03 09:51:00,2.42,2.7,0.16
A00629,S2,2025-05-03 11:00:00,2025-05-03 14:39:00,3.63,3.65,1.14
A00629,S3,2025-05-03 15:42:00,2025-05-03 21:31:00,6.05,5.81,1.06
A00629,S4,2025-05-03 22:06:00,2025-05-04 04:28:00,4.84,6.37,0.59
A00629,S5,2025-05-04 06:29:00,2025-05-04 08:20:00,1.82,1.85,2.02
A00630,S1,2025-05-03 07:12:00,2025-05-03 11:28:00,4.58,4.26,0.2
A00630,S2,2025-05-03 12:47:00,2025-05-03 21:25:00,6.86,8.64,1.31
A00630,S3,2025-05-03 22:05:00,2025-05-04 09:01:00,11.44,10.93,0.67
A00630,S4,2025-05-04 11:20:00,2025-05-04 23:05:00,9.15,11.76,2.31
A00630,S5,2025-05-05 00:12:00,2025-05-05 03:37:00,3.43,3.42,1.11
A00631,S1,2025-05-03 07:00:00,2025-05-03 10:36:00,3.05,3.6,0.0
A00631,S2,2025-05-03 11:42:00,2025-05-03 16:00:00,4.57,4.3,1.09
A00631,S3,2025-05-03 16:48:00,2025-05-03 23:56:00,7.62,7.13,0.8
A00631,S4,2025-05-04 05:31:00,2025-05-04 16:00:00,6.1,10.47,5.59
A00631,S5,2025-05-04 20:15:00,2025-05-04 22:20:00,2.29,2.07,4.26
A00632,S1,2025-05-04 07:17:00,2025-05-04 11:11:00,3.36,3.89,0.29
A00632,S2,2025-05-04 11:46:00,2025-05-04 18:13:00,5.04,6.45,0.58
A00632,S3,2025-05-04 20:19:00,2025-05-05 05:44:00,8.4,9.41,2.11
A00632,S4,2025-05-05 09:43:00,2025-05-05 18:39:00,6.72,8.92,3.99
A00632,S5,2025-05-05 19:01:00,2025-05-05 21:56:00,2.52,2.91,0.37
A00633,S1,2025-05-04 07:32:00,2025-05-04 10:33:00,2.94,3.01,0.54
A00633,S2,2025-05-04 12:16:00,2025-05-04 17:29:00,4.41,5.22,1.72
A00633,S3,2025-05-04 17:44:00,2025-05-05 00:39:00,7.35,6.91,0.24
A00633,S4,2025-05-05 07:33:00,2025-05-05 14:44:00,5.88,7.19,6.9
A00633,S5,2025-05-05 23:55:00,2025-05-06 01:54:00,2.2,1.99,9.18
A00634,S1,2025-05-04 07:17:00,2025-05-04 11:28:00,3.46,4.18,0.29
A00634,S2,2025-05-04 12:35:00,2025-05-04 18:00:00,5.18,5.43,1.11
A00634,S3,2025-05-04 19:35:00,2025-05-05 01:54:00,8.64,6.31,1.59
A00634,S4,2025-05-05 21:32:00,2025-05-06 12:01:00,6.91,14.48,19.64
A00634,S5,2025-05-06 13:27:00,2025-05-06 16:25:00,2.59,2.97,1.43
A00635,S1,2025-05-05 09:03:00,2025-05-05 11:33:00,2.11,2.51,2.04
A00635,S2,2025-05-05 12:12:00,2025-05-05 15:12:00,3.17,3.0,0.64
A00635,S3,2025-05-05 20:00:00,2025-05-06 01:36:00,5.28,5.6,4.8
A00635,S4,2025-05-06 03:00:00,2025-05-06 06:29:00,4.22,3.49,1.39
A00635,S5,2025-05-06 06:31:00,2025-05-06 08:14:00,1.58,1.71,0.03
A00636,S1,2025-05-05 07:48:00,2025-05-05 13:52:00,5.76,6.05,0.81
A00636,S2,2025-05-05 14:55:00,2025-05-06 01:25:00,8.64,10.49,1.06
A00636,S3,2025-05-06 02:59:00,2025-05-06 14:12:00,14.4,11.22,1.57
A00636,S4,2025-05-06 21:58:00,2025-05-07 04:35:00,11.52,6.62,7.77
A00636,S5,2025-05-07 04:46:00,2025-05-07 08:49:00,4.32,4.05,0.18
A00637,S1,2025-05-05 07:02:00,2025-05-05 09:40:00,2.52,2.63,0.04
A00637,S2,2025-05-05 11:36:00,2025-05-05 15:40:00,3.78,4.07,1.93
A00637,S3,2025-05-05 23:31:00,2025-05-06 05:43:00,6.3,6.21,7.84
A00637,S4,2025-05-06 18:25:00,2025-05-07 03:50:00,5.04,9.41,12.7
A00637,S5,2025-05-07 07:12:00,2025-05-07 08:56:00,1.89,1.73,3.37
A00638,S1,2025-05-05 07:01:00,2025-05-05 12:13:00,4.48,5.21,0.01
A00638,S2,2025-05-05 15:03:00,2025-05-05 22:18:00,6.72,7.24,2.83
A00638,S3,2025-05-05 23:15:00,2025-05-06 14:15:00,11.2,15.0,0.96
A00638,S4,2025-05-06 14:38:00,2025-05-07 01:41:00,8.96,11.05,0.37
A00638,S5,2025-05-07 03:15:00,2025-05-07 07:04:00,3.36,3.81,1.58
A00639,S1,2025-05-06 09:57:00,2025-05-06 12:26:00,2.45,2.48,2.95
A00639,S2,2025-05-06 22:27:00,2025-05-07 03:24:00,3.67,4.95,10.02
A00639,S3,2025-05-07 06:59:00,2025-05-07 13:06:00,6.12,6.1,3.59
A00639,S4,2025-05-07 23:00:00,2025-05-08 05:06:00,4.9,6.1,9.91
A00639,S5,2025-05-08 08:31:00,2025-05-08 10:51:00,1.84,2.33,3.42
A00640,S1,2025-05-06 08:41:00,2025-05-06 14:43:00,6.0,6.03,1.68
A00640,S2,2025-05-06 14:44:00,2025-05-06 22:35:00,9.0,7.84,0.03
A00640,S3,2025-05-07 01:27:00,2025-05-07 13:10:00,15.0,11.71,2.87
A00640,S4,2025-05-07 20:41:00,2025-05-08 11:17:00,12.0,14.61,7.52
A00640,S5,2025-05-08 13:55:00,2025-05-08 18:36:00,4.5,4.68,2.63
A00641,S1,2025-05-06 08:02:00,2025-05-06 10:06:00,1.92,2.06,1.04
A00641,S2,2025-05-06 10:23:00,2025-05-06 12:42:00,2.88,2.32,0.29
A00641,S3,2025-05-06 13:16:00,2025-05-06 16:53:00,4.8,3.61,0.57
A00641,S4,2025-05-07 02:09:00,2025-05-07 04:50:00,3.84,2.69,9.27
A00641,S5,2025-05-07 05:11:00,2025-05-07 06:32:00,1.44,1.35,0.35
A00642,S1,2025-05-07 07:14:00,2025-05-07 09:36:00,2.62,2.37,0.23
A00642,S2,2025-05-07 12:23:00,2025-05-07 15:26:00,3.92,3.06,2.78
A00642,S3,2025-05-07 20:21:00,2025-05-08 02:29:00,6.54,6.13,4.91
A00642,S4,2025-05-08 06:38:00,2025-05-08 15:17:00,5.23,8.66,4.15
A00642,S5,2025-05-09 04:11:00,2025-05-09 06:12:00,1.96,2.03,12.89
A00643,S1,2025-05-07 09:45:00,2025-05-07 13:19:00,3.0,3.57,2.75
A00643,S2,2025-05-07 14:36:00,2025-05-07 18:33:00,4.5,3.96,1.28
A00643,S3,2025-05-07 21:17:00,2025-05-08 08:54:00,7.5,11.61,2.74
A00643,S4,2025-05-08 13:56:00,2025-05-08 18:09:00,6.0,4.22,5.04
A00643,S5,2025-05-08 21:13:00,2025-05-08 23:29:00,2.25,2.27,3.06
A00644,S1,2025-05-07 07:38:00,2025-05-07 10:15:00,2.59,2.62,0.63
A00644,S2,2025-05-07 10:28:00,2025-05-07 16:01:00,3.89,5.56,0.22
A00644,S3,2025-05-07 22:37:00,2025-05-08 07:38:00,6.48,9.01,6.59
A00644,S4,2025-05-08 11:12:00,2025-05-08 15:44:00,5.18,4.54,3.57
A00644,S5,2025-05-08 16:02:00,2025-05-08 18:24:00,1.94,2.36,0.3
A00645,S1,2025-05-07 07:01:00,2025-05-07 09:58:00,2.66,2.96,0.01
A00645,S2,2025-05-07 10:37:00,2025-05-07 14:13:00,4.0,3.6,0.64
A00645,S3,2025-05-07 18:16:00,2025-05-07 23:36:00,6.66,5.35,4.05
A00645,S4,2025-05-08 12:23:00,2025-05-08 16:37:00,5.33,4.24,12.78
A00645,S5,2025-05-08 17:38:00,2025-05-08 19:44:00,2.0,2.09,1.02
A00646,S1,2025-05-08 07:18:00,2025-05-08 11:50:00,3.6,4.53,0.31
A00646,S2,2025-05-08 14:14:00,2025-05-08 19:28:00,5.4,5.23,2.41
A00646,S3,2025-05-09 01:40:00,2025-05-09 10:06:00,9.0,8.43,6.2
A00646,S4,2025-05-09 23:56:00,2025-05-10 09:40:00,7.2,9.74,13.83
A00646,S5,2025-05-10 09:49:00,2025-05-10 12:52:00,2.7,3.05,0.15
A00647,S1,2025-05-08 07:36:00,2025-05-08 10:05:00,2.06,2.47,0.6
A00647,S2,2025-05-08 11:34:00,2025-05-08 14:25:00,3.1,2.86,1.49
A00647,S3,2025-05-08 21:18:00,2025-05-09 01:18:00,5.16,4.0,6.88
A00647,S4,2025-05-09 09:33:00,2025-05-09 14:50:00,4.13,5.29,8.24
A00647,S5,2025-05-09 15:21:00,2025-05-09 17:00:00,1.55,1.66,0.52
A00648,S1,2025-05-08 09:45:00,2025-05-08 12:52:00,3.58,3.12,2.76
A00648,S2,2025-05-08 16:03:00,2025-05-08 20:31:00,5.36,4.47,3.18
A00648,S3,2025-05-08 21:41:00,2025-05-09 08:06:00,8.94,10.42,1.15
A00648,S4,2025-05-09 08:36:00,2025-05-09 15:43:00,7.15,7.11,0.51
A00648,S5,2025-05-09 16:09:00,2025-05-09 18:55:00,2.68,2.76,0.44
A00649,S1,2025-05-08 08:04:00,2025-05-08 14:33:00,5.8,6.48,1.06
A00649,S2,2025-05-08 16:44:00,2025-05-09 02:19:00,8.7,9.58,2.19
A00649,S3,2025-05-09 03:29:00,2025-05-09 20:59:00,14.5,17.5,1.16
A00649,S4,2025-05-09 22:45:00,2025-05-10 09:03:00,11.6,10.3,1.78
A00649,S5,2025-05-10 14:55:00,2025-05-10 19:11:00,4.35,4.27,5.86
A00650,S1,2025-05-09 09:24:00,2025-05-09 11:35:00,2.14,2.18,2.41
A00650,S2,2025-05-09 17:26:00,2025-05-09 21:23:00,3.21,3.95,5.85
A00650,S3,2025-05-09 22:01:00,2025-05-10 05:23:00,5.35,7.37,0.63
A00650,S4,2025-05-11 02:57:00,2025-05-11 05:56:00,4.28,2.98,21.56
A00650,S5,2025-05-11 09:32:00,2025-05-11 11:13:00,1.6,1.68,3.6
A00651,S1,2025-05-09 07:15:00,2025-05-09 11:16:00,4.16,4.01,0.26
A00651,S2,2025-05-09 12:56:00,2025-05-09 17:37:00,6.24,4.7,1.66
A00651,S3,2025-05-09 19:32:00,2025-05-10 05:36:00,10.4,10.06,1.92
A00651,S4,2025-05-10 23:59:00,2025-05-11 13:46:00,8.32,13.78,18.38
A00651,S5,2025-05-11 13:57:00,2025-05-11 16:49:00,3.12,2.87,0.19
A00652,S1,2025-05-09 07:37:00,2025-05-09 10:49:00,3.74,3.2,0.62
A00652,S2,2025-05-09 12:06:00,2025-05-09 17:50:00,5.62,5.75,1.27
A00652,S3,2025-05-09 18:21:00,2025-05-10 03:48:00,9.36,9.44,0.51
A00652,S4,2025-05-10 07:51:00,2025-05-10 15:30:00,7.49,7.65,4.06
A00652,S5,2025-05-10 15:47:00,2025-05-10 18:38:00,2.81,2.85,0.28
A00653,S1,2025-05-10 07:27:00,2025-05-10 11:18:00,4.1,3.85,0.45
A00653,S2,2025-05-10 20:33:00,2025-05-11 01:51:00,6.14,5.29,9.26
A00653,S3,2025-05-11 10:52:00,2025-05-11 19:23:00,10.24,8.52,9.02
A00653,S4,2025-05-12 14:29:00,2025-05-13 05:48:00,8.19,15.32,19.09
A00653,S5,2025-05-13 07:19:00,2025-05-13 10:37:00,3.07,3.3,1.53
A00654,S1,2025-05-11 07:47:00,2025-05-11 11:08:00,3.12,3.34,0.79
A00654,S2,2025-05-11 13:03:00,2025-05-11 18:08:00,4.68,5.08,1.92
A00654,S3,2025-05-11 18:51:00,2025-05-12 05:28:00,7.8,10.6,0.73
A00654,S4,2025-05-12 07:37:00,2025-05-12 10:36:00,6.24,2.99,2.16
A00654,S5,2025-05-12 12:14:00,2025-05-12 14:26:00,2.34,2.2,1.62
A00655,S1,2025-05-11 09:45:00,2025-05-11 13:44:00,3.97,3.99,2.74
A00655,S2,2025-05-11 14:13:00,2025-05-11 20:28:00,5.95,6.26,0.48
A00655,S3,2025-05-12 01:52:00,2025-05-12 09:23:00,9.92,7.51,5.39
A00655,S4,2025-05-12 15:29:00,2025-05-13 05:17:00,7.94,13.8,6.11
A00655,S5,2025-05-13 05:36:00,2025-05-13 08:45:00,2.98,3.16,0.31
A00656,S1,2025-05-11 08:16:00,2025-05-11 12:28:00,3.55,4.2,1.26
A00656,S2,2025-05-11 14:18:00,2025-05-11 19:24:00,5.33,5.09,1.84
A00656,S3,2025-05-11 21:26:00,2025-05-12 04:06:00,8.88,6.67,2.04
A00656,S4,2025-05-12 05:36:00,2025-05-12 10:49:00,7.1,5.21,1.5
A00656,S5,2025-05-12 17:56:00,2025-05-12 20:56:00,2.66,2.99,7.13
A00657,S1,2025-05-11 08:11:00,2025-05-11 12:10:00,4.03,3.98,1.19
A00657,S2,2025-05-11 12:22:00,2025-05-11 19:07:00,6.05,6.76,0.19
A00657,S3,2025-05-11 20:17:00,2025-05-12 07:51:00,10.08,11.57,1.15
A00657,S4,2025-05-12 19:57:00,2025-05-13 01:47:00,8.06,5.83,12.11
A00657,S5,2025-05-13 03:28:00,2025-05-13 06:25:00,3.02,2.96,1.68
A00658,S1,2025-05-11 07:28:00,2025-05-11 10:53:00,3.24,3.42,0.47
A00658,S2,2025-05-11 11:57:00,2025-05-11 18:16:00,4.86,6.33,1.06
A00658,S3,2025-05-12 00:15:00,2025-05-12 10:10:00,8.1,9.92,5.98
A00658,S4,2025-05-12 10:52:00,2025-05-12 14:59:00,6.48,4.12,0.69
A00658,S5,2025-05-12 15:53:00,2025-05-12 18:12:00,2.43,2.31,0.91
A00659,S1,2025-05-11 07:19:00,2025-05-11 14:19:00,5.88,6.99,0.32
A00659,S2,2025-05-11 16:02:00,2025-05-12 00:37:00,8.82,8.59,1.73
A00659,S3,2025-05-12 03:09:00,2025-05-12 18:03:00,14.7,14.89,2.53
A00659,S4,2025-05-12 20:29:00,2025-05-14 13:38:00,11.76,41.15,2.43
A00659,S5,2025-05-14 17:42:00,2025-05-14 22:00:00,4.41,4.31,4.07
A00660,S1,2025-05-11 07:49:00,2025-05-11 10:50:00,2.74,3.01,0.82
A00660,S2,2025-05-11 16:37:00,2025-05-11 20:39:00,4.1,4.02,5.79
A00660,S3,2025-05-12 02:26:00,2025-05-12 08:38:00,6.84,6.21,5.78
A00660,S4,2025-05-12 13:37:00,2025-05-12 20:49:00,5.47,7.19,4.99
A00660,S5,2025-05-12 21:05:00,2025-05-12 23:32:00,2.05,2.45,0.26
A00661,S1,2025-05-12 07:22:00,2025-05-12 13:21:00,6.08,5.98,0.37
A00661,S2,2025-05-12 15:45:00,2025-05-13 02:43:00,9.12,10.98,2.4
A00661,S3,2025-05-13 08:24:00,2025-05-13 19:51:00,15.2,11.45,5.68
A00661,S4,2025-05-14 22:57:00,2025-05-15 16:00:00,12.16,17.05,27.09
A00661,S5,2025-05-15 20:58:00,2025-05-16 02:00:00,4.56,5.04,4.97
A00662,S1,2025-05-12 09:13:00,2025-05-12 15:09:00,6.28,5.93,2.22
A00662,S2,2025-05-12 20:40:00,2025-05-13 05:52:00,9.42,9.2,5.52
A00662,S3,2025-05-13 06:31:00,2025-05-13 20:46:00,15.7,14.24,0.65
A00662,S4,2025-05-13 21:46:00,2025-05-14 09:44:00,12.56,11.96,1.01
A00662,S5,2025-05-14 12:11:00,2025-05-14 16:56:00,4.71,4.76,2.45
A00663,S1,2025-05-13 07:18:00,2025-05-13 10:47:00,3.52,3.49,0.3
A00663,S2,2025-05-13 17:02:00,2025-05-13 21:26:00,5.28,4.39,6.25
A00663,S3,2025-05-14 01:41:00,2025-05-14 11:17:00,8.8,9.6,4.26
A00663,S4,2025-05-14 16:39:00,2025-05-14 20:36:00,7.04,3.96,5.36
A00663,S5,2025-05-14 22:36:00,2025-05-15 01:01:00,2.64,2.42,1.99
A00664,S1,2025-05-13 07:19:00,2025-05-13 10:52:00,3.38,3.54,0.32
A00664,S2,2025-05-13 19:01:00,2025-05-14 00:44:00,5.08,5.72,8.16
A00664,S3,2025-05-14 03:01:00,2025-05-14 12:12:00,8.46,9.18,2.28
A00664,S4,2025-05-14 12:56:00,2025-05-14 21:11:00,6.77,8.24,0.74
A00664,S5,2025-05-14 22:08:00,2025-05-15 00:28:00,2.54,2.33,0.96
A00665,S1,2025-05-13 07:29:00,2025-05-13 10:28:00,2.69,2.98,0.49
A00665,S2,2025-05-13 11:20:00,2025-05-13 15:53:00,4.03,4.55,0.87
A00665,S3,2025-05-13 16:01:00,2025-05-14 00:32:00,6.72,8.51,0.13
A00665,S4,2025-05-14 13:51:00,2025-05-14 17:25:00,5.38,3.56,13.31
A00665,S5,2025-05-14 19:24:00,2025-05-14 21:37:00,2.02,2.21,1.99
A00666,S1,2025-05-14 07:38:00,2025-05-14 11:06:00,4.0,3.45,0.64
A00666,S2,2025-05-14 13:52:00,2025-05-14 20:38:00,6.0,6.77,2.77
A00666,S3,2025-05-14 21:18:00,2025-05-15 08:43:00,10.0,11.41,0.67
A00666,S4,2025-05-16 03:17:00,2025-05-16 11:36:00,8.0,8.31,18.58
A00666,S5,2025-05-16 12:16:00,2025-05-16 15:44:00,3.0,3.47,0.66
A00667,S1,2025-05-14 07:09:00,2025-05-14 12:37:00,5.44,5.46,0.16
A00667,S2,2025-05-14 12:48:00,2025-05-14 20:09:00,8.16,7.36,0.18
A00667,S3,2025-05-14 22:30:00,2025-05-15 11:44:00,13.6,13.24,2.34
A00667,S4,2025-05-15 21:01:00,2025-05-16 05:03:00,10.88,8.03,9.28
A00667,S5,2025-05-16 06:16:00,2025-05-16 10:48:00,4.08,4.52,1.23
A00668,S1,2025-05-14 07:12:00,2025-05-14 09:44:00,2.16,2.53,0.2
A00668,S2,2025-05-14 11:52:00,2025-05-14 15:04:00,3.24,3.2,2.14
A00668,S3,2025-05-14 20:23:00,2025-05-15 02:09:00,5.4,5.77,5.32
A00668,S4,2025-05-15 05:21:00,2025-05-15 10:03:00,4.32,4.7,3.2
A00668,S5,2025-05-15 12:51:00,2025-05-15 14:22:00,1.62,1.53,2.79
A00669,S1,2025-05-15 09:31:00,2025-05-15 14:33:00,4.7,5.05,2.51
A00669,S2,2025-05-15 15:30:00,2025-05-16 01:02:00,7.06,9.54,0.94
A00669,S3,2025-05-16 02:16:00,2025-05-16 18:14:00,11.76,15.97,1.22
A00669,S4,2025-05-16 21:36:00,2025-05-17 12:11:00,9.41,14.58,3.36
A00669,S5,2025-05-17 15:58:00,2025-05-17 19:52:00,3.53,3.89,3.79
A00670,S1,2025-05-15 07:21:00,2025-05-15 10:59:00,3.16,3.64,0.35
A00670,S2,2025-05-15 14:33:00,2025-05-15 19:26:00,4.74,4.88,3.56
A00670,S3,2025-05-15 21:56:00,2025-05-16 05:27:00,7.9,7.5,2.51
A00670,S4,2025-05-16 13:04:00,2025-05-16 20:16:00,6.32,7.21,7.62
A00670,S5,2025-05-17 00:27:00,2025-05-17 03:15:00,2.37,2.81,4.18
A00671,S1,2025-05-15 08:32:00,2025-05-15 11:50:00,3.71,3.3,1.53
A00671,S2,2025-05-15 17:18:00,2025-05-16 00:09:00,5.57,6.85,5.46
A00671,S3,2025-05-16 05:25:00,2025-05-16 13:46:00,9.28,8.36,5.26
A00671,S4,2025-05-17 03:09:00,2025-05-17 12:40:00,7.42,9.52,13.38
A00671,S5,2025-05-17 13:39:00,2025-05-17 16:30:00,2.78,2.85,0.98
A00672,S1,2025-05-15 07:13:00,2025-05-15 09:27:00,2.42,2.23,0.22
A00672,S2,2025-05-15 11:25:00,2025-05-15 14:18:00,3.63,2.89,1.97
A00672,S3,2025-05-15 16:24:00,2025-05-15 21:13:00,6.05,4.81,2.1
A00672,S4,2025-05-16 04:32:00,2025-05-16 15:23:00,4.84,10.86,7.31
A00672,S5,2025-05-16 17:10:00,2025-05-16 18:52:00,1.82,1.71,1.78
A00673,S1,2025-05-15 08:14:00,2025-05-15 11:08:00,3.05,2.91,1.23
A00673,S2,2025-05-15 11:17:00,2025-05-15 17:35:00,4.57,6.3,0.15
A00673,S3,2025-05-15 21:44:00,2025-05-16 05:18:00,7.62,7.57,4.15
A00673,S4,2025-05-16 08:11:00,2025-05-16 17:45:00,6.1,9.57,2.88
A00673,S5,2025-05-16 18:06:00,2025-05-16 20:24:00,2.29,2.3,0.36
A00674,S1,2025-05-16 09:09:00,2025-05-16 14:45:00,4.72,5.6,2.15
A00674,S2,2025-05-16 15:46:00,2025-05-17 01:57:00,7.08,10.19,1.01
A00674,S3,2025-05-17 04:15:00,2025-05-17 20:18:00,11.8,16.05,2.3
A00674,S4,2025-05-17 23:41:00,2025-05-18 08:00:00,9.44,8.32,3.38
A00674,S5,2025-05-18 09:55:00,2025-05-18 13:38:00,3.54,3.71,1.92
A00675,S1,2025-05-16 09:10:00,2025-05-16 11:59:00,2.74,2.81,2.17
A00675,S2,2025-05-16 13:29:00,2025-05-16 17:05:00,4.1,3.6,1.51
A00675,S3,2025-05-16 17:45:00,2025-05-16 23:28:00,6.84,5.71,0.67
A00675,S4,2025-05-17 06:33:00,2025-05-17 13:15:00,5.47,6.69,7.09
A00675,S5,2025-05-17 15:05:00,2025-05-17 17:43:00,2.05,2.63,1.84
A00676,S1,2025-05-17 07:49:00,2025-05-17 10:37:00,2.46,2.81,0.81
A00676,S2,2025-05-17 11:09:00,2025-05-17 14:56:00,3.69,3.78,0.53
A00676,S3,2025-05-17 15:31:00,2025-05-17 21:05:00,6.15,5.57,0.58
A00676,S4,2025-05-18 04:59:00,2025-05-18 07:40:00,4.92,2.68,7.9
A00676,S5,2025-05-18 07:43:00,2025-05-18 09:39:00,1.84,1.94,0.05
A00677,S1,2025-05-17 10:02:00,2025-05-17 13:01:00,2.88,2.98,3.03
A00677,S2,2025-05-17 13:48:00,2025-05-17 21:11:00,4.32,7.38,0.8
A00677,S3,2025-05-17 21:45:00,2025-05-18 04:31:00,7.2,6.76,0.57
A00677,S4,2025-05-19 15:15:00,2025-05-19 22:55:00,5.76,7.66,34.74
A00677,S5,2025-05-19 23:00:00,2025-05-20 01:00:00,2.16,2.0,0.08
A00678,S1,2025-05-18 07:36:00,2025-05-18 10:38:00,3.1,3.03,0.61
A00678,S2,2025-05-18 11:27:00,2025-05-18 16:22:00,4.65,4.92,0.8
A00678,S3,2025-05-18 22:26:00,2025-05-19 04:35:00,7.75,6.14,6.08
A00678,S4,2025-05-20 04:23:00,2025-05-20 08:12:00,6.2,3.8,23.8
A00678,S5,2025-05-20 10:56:00,2025-05-20 13:22:00,2.33,2.43,2.74
A00679,S1,2025-05-18 08:46:00,2025-05-18 11:51:00,3.19,3.08,1.76
A00679,S2,2025-05-18 12:44:00,2025-05-18 17:32:00,4.79,4.8,0.89
A00679,S3,2025-05-19 00:59:00,2025-05-19 09:04:00,7.98,8.09,7.44
A00679,S4,2025-05-19 11:49:00,2025-05-19 15:32:00,6.38,3.72,2.74
A00679,S5,2025-05-19 15:42:00,2025-05-19 17:55:00,2.39,2.22,0.17
A00680,S1,2025-05-18 07:16:00,2025-05-18 12:12:00,4.06,4.92,0.27
A00680,S2,2025-05-18 12:31:00,2025-05-18 18:53:00,6.1,6.37,0.32
A00680,S3,2025-05-18 22:54:00,2025-05-19 11:21:00,10.16,12.45,4.02
A00680,S4,2025-05-19 15:21:00,2025-05-19 22:04:00,8.13,6.72,4.0
A00680,S5,2025-05-19 22:19:00,2025-05-20 01:01:00,3.05,2.71,0.24
A00681,S1,2025-05-18 07:11:00,2025-05-18 10:10:00,2.74,2.98,0.19
A00681,S2,2025-05-18 12:10:00,2025-05-18 17:13:00,4.11,5.06,1.99
A00681,S3,2025-05-18 19:15:00,2025-05-19 03:20:00,6.85,8.08,2.03
A00681,S4,2025-05-19 07:32:00,2025-05-19 11:40:00,5.48,4.14,4.2
A00681,S5,2025-05-19 13:13:00,2025-05-19 15:22:00,2.06,2.15,1.54
A00682,S1,2025-05-19 07:03:00,2025-05-19 10:50:00,3.65,3.78,0.05
A00682,S2,2025-05-19 11:04:00,2025-05-19 15:48:00,5.47,4.73,0.24
A00682,S3,2025-05-19 17:52:00,2025-05-20 02:01:00,9.12,8.17,2.06
A00682,S4,2025-05-20 16:42:00,2025-05-20 23:45:00,7.3,7.05,14.67
A00682,S5,2025-05-21 03:54:00,2025-05-21 06:50:00,2.74,2.93,4.15
A00683,S1,2025-05-19 07:56:00,2025-05-19 12:40:00,4.22,4.73,0.94
A00683,S2,2025-05-19 13:05:00,2025-05-19 20:35:00,6.34,7.51,0.41
A00683,S3,2025-05-19 21:34:00,2025-05-20 05:56:00,10.56,8.36,0.98
A00683,S4,2025-05-20 15:34:00,2025-05-21 10:33:00,8.45,18.98,9.63
A00683,S5,2025-05-21 12:36:00,2025-05-21 16:10:00,3.17,3.57,2.04
A00684,S1,2025-05-19 09:59:00,2025-05-19 11:41:00,1.71,1.7,2.98
A00684,S2,2025-05-19 11:57:00,2025-05-19 14:43:00,2.57,2.76,0.27
A00684,S3,2025-05-19 15:36:00,2025-05-19 20:57:00,4.28,5.35,0.88
A00684,S4,2025-05-19 21:31:00,2025-05-20 01:12:00,3.42,3.7,0.56
A00684,S5,2025-05-20 01:15:00,2025-05-20 02:33:00,1.28,1.3,0.05
A00685,S1,2025-05-19 07:44:00,2025-05-19 13:02:00,4.96,5.3,0.73
A00685,S2,2025-05-19 13:59:00,2025-05-19 21:04:00,7.44,7.08,0.94
A00685,S3,2025-05-19 21:12:00,2025-05-20 09:50:00,12.4,12.64,0.14
A00685,S4,2025-05-20 21:43:00,2025-05-21 08:10:00,9.92,10.45,11.88
A00685,S5,2025-05-21 08:22:00,2025-05-21 12:03:00,3.72,3.68,0.2
A00686,S1,2025-05-20 07:28:00,2025-05-20 10:05:00,2.44,2.6,0.47
A00686,S2,2025-05-20 10:37:00,2025-05-20 14:14:00,3.66,3.6,0.55
A00686,S3,2025-05-20 14:15:00,2025-05-20 19:15:00,6.1,5.0,0.03
A00686,S4,2025-05-20 20:17:00,2025-05-21 00:35:00,4.88,4.3,1.03
A00686,S5,2025-05-21 01:05:00,2025-05-21 02:54:00,1.83,1.82,0.5
A00687,S1,2025-05-20 07:06:00,2025-05-20 08:36:00,1.74,1.49,0.11
A00687,S2,2025-05-20 14:11:00,2025-05-20 17:16:00,2.62,3.08,5.59
A00687,S3,2025-05-20 22:05:00,2025-05-21 02:05:00,4.36,4.0,4.82
A00687,S4,2025-05-21 04:48:00,2025-05-21 09:33:00,3.49,4.75,2.71
A00687,S5,2025-05-21 09:52:00,2025-05-21 11:13:00,1.31,1.34,0.32
A00688,S1,2025-05-20 07:58:00,2025-05-20 10:32:00,2.6,2.55,0.97
A00688,S2,2025-05-20 13:08:00,2025-05-20 18:39:00,3.9,5.52,2.61
A00688,S3,2025-05-20 18:55:00,2025-05-21 00:18:00,6.5,5.38,0.26
A00688,S4,2025-05-21 12:19:00,2025-05-21 18:55:00,5.2,6.6,12.02
A00688,S5,2025-05-21 19:21:00,2025-05-21 21:26:00,1.95,2.07,0.44
A00689,S1,2025-05-20 07:48:00,2025-05-20 10:52:00,2.84,3.07,0.81
A00689,S2,2025-05-20 15:01:00,2025-05-20 19:45:00,4.26,4.75,4.14
A00689,S3,2025-05-20 21:28:00,2025-05-21 04:29:00,7.1,7.02,1.72
A00689,S4,2025-05-21 17:42:00,2025-05-22 02:03:00,5.68,8.35,13.21
A00689,S5,2025-05-22 03:02:00,2025-05-22 05:18:00,2.13,2.27,0.98
A00690,S1,2025-05-21 08:20:00,2025-05-21 10:42:00,2.26,2.37,1.33
A00690,S2,2025-05-21 12:13:00,2025-05-21 16:17:00,3.39,4.07,1.5
A00690,S3,2025-05-21 18:48:00,2025-05-22 01:34:00,5.65,6.77,2.52
A00690,S4,2025-05-22 15:13:00,2025-05-22 17:45:00,4.52,2.52,13.65
A00690,S5,2025-05-22 18:38:00,2025-05-22 20:09:00,1.69,1.52,0.88
A00691,S1,2025-05-21 07:14:00,2025-05-21 09:35:00,2.48,2.35,0.24
A00691,S2,2025-05-21 14:29:00,2025-05-21 18:04:00,3.72,3.58,4.89
A00691,S3,2025-05-21 22:38:00,2025-05-22 08:26:00,6.2,9.8,4.57
A00691,S4,2025-05-22 08:52:00,2025-05-22 13:44:00,4.96,4.87,0.43
A00691,S5,2025-05-22 13:55:00,2025-05-22 16:01:00,1.86,2.1,0.18
A00692,S1,2025-05-22 07:06:00,2025-05-22 09:28:00,2.3,2.36,0.1
A00692,S2,2025-05-22 10:40:00,2025-05-22 13:43:00,3.45,3.04,1.2
A00692,S3,2025-05-22 14:55:00,2025-05-22 20:06:00,5.75,5.19,1.2
A00692,S4,2025-05-22 23:14:00,2025-05-23 02:27:00,4.6,3.22,3.12
A00692,S5,2025-05-23 11:52:00,2025-05-23 13:32:00,1.72,1.66,9.42
A00693,S1,2025-05-22 08:21:00,2025-05-22 12:39:00,4.52,4.31,1.35
A00693,S2,2025-05-22 14:15:00,2025-05-22 20:35:00,6.78,6.34,1.59
A00693,S3,2025-05-22 21:42:00,2025-05-23 08:41:00,11.3,10.98,1.12
A00693,S4,2025-05-23 16:40:00,2025-05-24 02:55:00,9.04,10.25,7.98
A00693,S5,2025-05-24 03:09:00,2025-05-24 06:14:00,3.39,3.09,0.23
A00694,S1,2025-05-22 08:54:00,2025-05-22 13:07:00,3.81,4.22,1.89
A00694,S2,2025-05-22 17:27:00,2025-05-22 22:58:00,5.71,5.52,4.33
A00694,S3,2025-05-23 03:59:00,2025-05-23 12:22:00,9.52,8.38,5.03
A00694,S4,2025-05-23 15:22:00,2025-05-23 22:36:00,7.62,7.24,2.99
A00694,S5,2025-05-23 23:19:00,2025-05-24 02:43:00,2.86,3.4,0.71
A00695,S1,2025-05-22 07:35:00,2025-05-22 12:42:00,5.08,5.12,0.58
A00695,S2,2025-05-22 19:19:00,2025-05-23 02:55:00,7.62,7.6,6.62
A00695,S3,2025-05-23 03:08:00,2025-05-23 17:37:00,12.7,14.48,0.21
A00695,S4,2025-05-24 01:53:00,2025-05-24 13:03:00,10.16,11.17,8.28
A00695,S5,2025-05-24 13:18:00,2025-05-24 16:46:00,3.81,3.47,0.24
A00696,S1,2025-05-22 10:38:00,2025-05-22 14:51:00,4.32,4.21,3.63
A00696,S2,2025-05-22 17:44:00,2025-05-23 01:15:00,6.48,7.51,2.89
A00696,S3,2025-05-23 02:49:00,2025-05-23 14:33:00,10.8,11.74,1.56
A00696,S4,2025-05-23 17:19:00,2025-05-24 00:30:00,8.64,7.18,2.76
A00696,S5,2025-05-24 00:35:00,2025-05-24 03:34:00,3.24,2.99,0.08
A00697,S1,2025-05-22 07:12:00,2025-05-22 09:13:00,1.78,2.02,0.19
A00697,S2,2025-05-22 09:53:00,2025-05-22 12:26:00,2.66,2.56,0.67
A00697,S3,2025-05-22 16:15:00,2025-05-22 21:02:00,4.44,4.79,3.81
A00697,S4,2025-05-23 07:56:00,2025-05-23 12:25:00,3.55,4.5,10.89
A00697,S5,2025-05-23 13:20:00,2025-05-23 14:36:00,1.33,1.27,0.91
A00698,S1,2025-05-23 08:14:00,2025-05-23 12:32:00,4.1,4.3,1.23
A00698,S2,2025-05-23 12:41:00,2025-05-23 19:15:00,6.14,6.57,0.16
A00698,S3,2025-05-23 19:18:00,2025-05-24 07:40:00,10.24,12.37,0.05
A00698,S4,2025-05-24 10:14:00,2025-05-25 02:42:00,8.19,16.46,2.57
A00698,S5,2025-05-25 05:21:00,2025-05-25 08:20:00,3.07,2.99,2.65
A00699,S1,2025-05-23 07:37:00,2025-05-23 10:06:00,2.36,2.48,0.62
A00699,S2,2025-05-23 11:22:00,2025-05-23 14:56:00,3.54,3.57,1.26
A00699,S3,2025-05-23 23:33:00,2025-05-24 05:43:00,5.9,6.16,8.63
A00699,S4,2025-05-24 08:11:00,2025-05-24 11:36:00,4.72,3.43,2.46
A00699,S5,2025-05-24 13:00:00,2025-05-24 14:49:00,1.77,1.81,1.4
A00700,S1,2025-05-23 07:43:00,2025-05-23 09:45:00,1.92,2.04,0.71
A00700,S2,2025-05-23 11:25:00,2025-05-23 14:16:00,2.88,2.85,1.67
A00700,S3,2025-05-23 21:20:00,2025-05-24 02:01:00,4.8,4.69,7.07
A00700,S4,2025-05-24 12:30:00,2025-05-24 17:33:00,3.84,5.05,10.48
A00700,S5,2025-05-24 18:09:00,2025-05-24 19:49:00,1.44,1.66,0.6
A00701,S1,2025-05-23 07:50:00,2025-05-23 11:12:00,3.14,3.37,0.84
A00701,S2,2025-05-23 12:12:00,2025-05-23 17:20:00,4.71,5.13,1.0
A00701,S3,2025-05-23 23:01:00,2025-05-24 05:44:00,7.85,6.72,5.68
A00701,S4,2025-05-24 06:32:00,2025-05-24 12:38:00,6.28,6.11,0.79
A00701,S5,2025-05-24 14:08:00,2025-05-24 17:02:00,2.35,2.91,1.49
A00702,S1,2025-05-23 08:02:00,2025-05-23 11:44:00,3.39,3.71,1.03
A00702,S2,2025-05-23 12:15:00,2025-05-23 17:07:00,5.09,4.87,0.51
A00702,S3,2025-05-23 18:30:00,2025-05-24 02:21:00,8.48,7.85,1.38
A00702,S4,2025-05-24 07:37:00,2025-05-24 17:41:00,6.78,10.07,5.26
A00702,S5,2025-05-24 18:40:00,2025-05-24 20:56:00,2.54,2.27,0.98
A00703,S1,2025-05-23 07:19:00,2025-05-23 10:55:00,3.22,3.59,0.32
A00703,S2,2025-05-23 12:55:00,2025-05-23 20:31:00,4.82,7.61,2.0
A00703,S3,2025-05-23 21:08:00,2025-05-24 04:55:00,8.04,7.78,0.62
A00703,S4,2025-05-24 07:43:00,2025-05-24 13:02:00,6.43,5.33,2.8
A00703,S5,2025-05-24 13:28:00,2025-05-24 15:54:00,2.41,2.43,0.42
A00704,S1,2025-05-23 07:07:00,2025-05-23 11:12:00,3.42,4.09,0.11
A00704,S2,2025-05-23 18:28:00,2025-05-23 22:57:00,5.14,4.47,7.27
A00704,S3,2025-05-23 23:27:00,2025-05-24 05:23:00,8.56,5.92,0.51
A00704,S4,2025-05-24 05:51:00,2025-05-24 14:51:00,6.85,8.99,0.47
A00704,S5,2025-05-24 21:44:00,2025-05-25 00:42:00,2.57,2.96,6.89
A00705,S1,2025-05-24 07:07:00,2025-05-24 08:48:00,1.68,1.68,0.12
A00705,S2,2025-05-24 09:06:00,2025-05-24 12:02:00,2.52,2.93,0.3
A00705,S3,2025-05-24 19:40:00,2025-05-25 01:40:00,4.2,6.01,7.62
A00705,S4,2025-05-25 09:06:00,2025-05-25 14:44:00,3.36,5.64,7.43
A00705,S5,2025-05-25 16:15:00,2025-05-25 17:27:00,1.26,1.19,1.52
A00706,S1,2025-05-24 08:03:00,2025-05-24 10:47:00,2.57,2.73,1.05
A00706,S2,2025-05-24 12:11:00,2025-05-24 16:11:00,3.85,4.01,1.4
A00706,S3,2025-05-24 18:05:00,2025-05-25 01:34:00,6.42,7.47,1.9
A00706,S4,2025-05-25 02:00:00,2025-05-25 06:13:00,5.14,4.22,0.43
A00706,S5,2025-05-25 06:54:00,2025-05-25 08:55:00,1.93,2.02,0.69
A00707,S1,2025-05-24 11:01:00,2025-05-24 15:33:00,3.67,4.53,4.02
A00707,S2,2025-05-24 17:55:00,2025-05-24 23:19:00,5.51,5.39,2.38
A00707,S3,2025-05-24 23:29:00,2025-05-25 09:03:00,9.18,9.57,0.16
A00707,S4,2025-05-26 19:34:00,2025-05-27 05:55:00,7.34,10.35,34.52
A00707,S5,2025-05-27 06:56:00,2025-05-27 10:19:00,2.75,3.38,1.02
A00708,S1,2025-05-24 09:09:00,2025-05-24 13:28:00,3.68,4.32,2.15
A00708,S2,2025-05-24 13:31:00,2025-05-24 20:52:00,5.52,7.34,0.05
A00708,S3,2025-05-25 00:47:00,2025-05-25 08:12:00,9.2,7.42,3.93
A00708,S4,2025-05-26 10:05:00,2025-05-26 20:15:00,7.36,10.17,25.88
A00708,S5,2025-05-26 21:08:00,2025-05-27 00:26:00,2.76,3.3,0.88
A00709,S1,2025-05-24 07:11:00,2025-05-24 10:09:00,2.76,2.97,0.18
A00709,S2,2025-05-24 13:45:00,2025-05-24 18:19:00,4.14,4.56,3.6
A00709,S3,2025-05-24 18:52:00,2025-05-25 02:26:00,6.9,7.57,0.55
A00709,S4,2025-05-25 04:20:00,2025-05-25 11:11:00,5.52,6.84,1.91
A00709,S5,2025-05-25 12:23:00,2025-05-25 14:46:00,2.07,2.39,1.19
A00710,S1,2025-05-24 09:18:00,2025-05-24 12:36:00,2.6,3.3,2.3
A00710,S2,2025-05-24 12:52:00,2025-05-24 18:08:00,3.9,5.28,0.26
A00710,S3,2025-05-24 19:43:00,2025-05-25 02:33:00,6.5,6.84,1.57
A00710,S4,2025-05-25 03:42:00,2025-05-25 09:09:00,5.2,5.46,1.15
A00710,S5,2025-05-25 09:21:00,2025-05-25 11:18:00,1.95,1.95,0.19
A00711,S1,2025-05-25 08:06:00,2025-05-25 12:25:00,4.1,4.31,1.11
A00711,S2,2025-05-25 14:03:00,2025-05-25 19:59:00,6.14,5.93,1.63
A00711,S3,2025-05-25 20:30:00,2025-05-26 09:05:00,10.24,12.58,0.52
A00711,S4,2025-05-26 21:41:00,2025-05-27 02:46:00,8.19,5.09,12.61
A00711,S5,2025-05-27 04:07:00,2025-05-27 07:40:00,3.07,3.55,1.34
A00712,S1,2025-05-25 07:12:00,2025-05-25 10:46:00,2.88,3.56,0.2
A00712,S2,2025-05-25 10:54:00,2025-05-25 15:37:00,4.32,4.71,0.13
A00712,S3,2025-05-25 18:52:00,2025-05-26 03:35:00,7.2,8.72,3.25
A00712,S4,2025-05-26 09:12:00,2025-05-26 11:52:00,5.76,2.67,5.62
A00712,S5,2025-05-26 15:56:00,2025-05-26 18:25:00,2.16,2.47,4.07
A00713,S1,2025-05-25 07:01:00,2025-05-25 10:26:00,3.26,3.42,0.02
A00713,S2,2025-05-25 12:02:00,2025-05-25 16:58:00,4.9,4.94,1.59
A00713,S3,2025-05-25 22:37:00,2025-05-26 06:18:00,8.16,7.69,5.65
A00713,S4,2025-05-26 08:41:00,2025-05-26 13:55:00,6.53,5.23,2.38
A00713,S5,2025-05-26 14:45:00,2025-05-26 17:30:00,2.45,2.75,0.82
A00714,S1,2025-05-25 09:08:00,2025-05-25 13:45:00,4.38,4.61,2.14
A00714,S2,2025-05-25 15:20:00,2025-05-25 23:42:00,6.58,8.36,1.59
A00714,S3,2025-05-26 00:44:00,2025-05-26 13:16:00,10.96,12.54,1.03
A00714,S4,2025-05-26 14:54:00,2025-05-26 20:37:00,8.77,5.71,1.63
A00714,S5,2025-05-27 03:16:00,2025-05-27 06:40:00,3.29,3.4,6.65
A00715,S1,2025-05-26 07:45:00,2025-05-26 10:31:00,2.36,2.78,0.74
A00715,S2,2025-05-26 10:43:00,2025-05-26 13:36:00,3.54,2.88,0.19
A00715,S3,2025-05-26 16:00:00,2025-05-26 20:07:00,5.9,4.12,2.4
A00715,S4,2025-05-27 10:26:00,2025-05-27 17:57:00,4.72,7.52,14.32
A00715,S5,2025-05-27 18:03:00,2025-05-27 20:07:00,1.77,2.07,0.1
A00716,S1,2025-05-26 07:05:00,2025-05-26 10:03:00,2.71,2.97,0.08
A00716,S2,2025-05-26 13:56:00,2025-05-26 18:52:00,4.07,4.94,3.89
A00716,S3,2025-05-26 23:29:00,2025-05-27 09:32:00,6.78,10.05,4.61
A00716,S4,2025-05-27 12:23:00,2025-05-27 21:42:00,5.42,9.33,2.84
A00716,S5,2025-05-27 22:22:00,2025-05-28 00:30:00,2.03,2.13,0.66
A00717,S1,2025-05-26 10:23:00,2025-05-26 14:34:00,3.84,4.18,3.38
A00717,S2,2025-05-26 22:31:00,2025-05-27 03:58:00,5.76,5.45,7.96
A00717,S3,2025-05-27 06:59:00,2025-05-27 14:11:00,9.6,7.21,3.0
A00717,S4,2025-05-27 15:39:00,2025-05-27 20:54:00,7.68,5.24,1.47
A00717,S5,2025-05-28 01:53:00,2025-05-28 05:07:00,2.88,3.23,5.0
A00718,S1,2025-05-26 07:00:00,2025-05-26 11:40:00,4.24,4.67,0.0
A00718,S2,2025-05-26 15:34:00,2025-05-26 23:45:00,6.36,8.18,3.9
A00718,S3,2025-05-27 06:20:00,2025-05-27 13:44:00,10.6,7.4,6.58
A00718,S4,2025-05-28 04:26:00,2025-05-28 11:49:00,8.48,7.39,14.7
A00718,S5,2025-05-28 12:16:00,2025-05-28 15:34:00,3.18,3.29,0.45
A00719,S1,2025-05-26 08:55:00,2025-05-26 12:11:00,2.46,3.27,1.92
A00719,S2,2025-05-26 16:48:00,2025-05-26 20:44:00,3.69,3.93,4.61
A00719,S3,2025-05-26 20:45:00,2025-05-27 03:16:00,6.15,6.52,0.02
A00719,S4,2025-05-27 13:36:00,2025-05-27 16:40:00,4.92,3.07,10.33
A00719,S5,2025-05-27 21:56:00,2025-05-27 23:47:00,1.84,1.85,5.27
A00720,S1,2025-05-27 07:16:00,2025-05-27 09:56:00,2.26,2.65,0.27
A00720,S2,2025-05-27 10:17:00,2025-05-27 13:57:00,3.38,3.67,0.35
A00720,S3,2025-05-27 17:59:00,2025-05-28 01:05:00,5.64,7.1,4.02
A00720,S4,2025-05-28 03:12:00,2025-05-28 06:47:00,4.51,3.58,2.13
A00720,S5,2025-05-28 06:51:00,2025-05-28 08:42:00,1.69,1.86,0.06
A00721,S1,2025-05-27 07:36:00,2025-05-27 14:47:00,6.36,7.19,0.6
A00721,S2,2025-05-27 15:43:00,2025-05-28 00:03:00,9.54,8.34,0.93
A00721,S3,2025-05-28 01:20:00,2025-05-28 15:34:00,15.9,14.24,1.27
A00721,S4,2025-05-28 22:45:00,2025-05-30 01:53:00,12.72,27.14,7.18
A00721,S5,2025-05-30 03:52:00,2025-05-30 09:25:00,4.77,5.56,1.97
A00722,S1,2025-05-27 07:30:00,2025-05-27 09:50:00,2.02,2.32,0.51
A00722,S2,2025-05-27 11:03:00,2025-05-27 14:05:00,3.02,3.04,1.22
A00722,S3,2025-05-28 03:23:00,2025-05-28 09:08:00,5.04,5.75,13.28
A00722,S4,2025-05-28 11:03:00,2025-05-28 17:21:00,4.03,6.3,1.92
A00722,S5,2025-05-28 17:32:00,2025-05-28 19:03:00,1.51,1.52,0.18
A00723,S1,2025-05-27 07:44:00,2025-05-27 10:10:00,2.26,2.43,0.73
A00723,S2,2025-05-27 15:04:00,2025-05-27 18:59:00,3.39,3.91,4.91
A00723,S3,2025-05-28 02:05:00,2025-05-28 06:12:00,5.65,4.12,7.09
A00723,S4,2025-05-28 07:30:00,2025-05-28 11:55:00,4.52,4.41,1.3
A00723,S5,2025-05-28 12:10:00,2025-05-28 13:50:00,1.69,1.67,0.26
A00724,S1,2025-05-27 07:46:00,2025-05-27 12:24:00,4.32,4.63,0.77
A00724,S2,2025-05-27 13:03:00,2025-05-27 20:28:00,6.48,7.43,0.64
A00724,S3,2025-05-28 01:04:00,2025-05-28 14:13:00,10.8,13.15,4.59
A00724,S4,2025-05-28 23:54:00,2025-05-29 08:44:00,8.64,8.84,9.68
A00724,S5,2025-05-29 10:26:00,2025-05-29 14:02:00,3.24,3.61,1.69
A00725,S1,2025-05-27 08:39:00,2025-05-27 13:51:00,5.6,5.2,1.66
A00725,S2,2025-05-27 14:04:00,2025-05-27 21:17:00,8.4,7.22,0.21
A00725,S3,2025-05-28 06:08:00,2025-05-28 16:14:00,14.0,10.11,8.84
A00725,S4,2025-05-28 22:52:00,2025-05-29 05:54:00,11.2,7.04,6.63
A00725,S5,2025-05-29 05:56:00,2025-05-29 10:46:00,4.2,4.83,0.04
A00726,S1,2025-05-27 07:18:00,2025-05-27 09:14:00,1.97,1.93,0.3
A00726,S2,2025-05-27 09:37:00,2025-05-27 12:02:00,2.95,2.41,0.39
A00726,S3,2025-05-27 16:55:00,2025-05-27 22:43:00,4.92,5.79,4.89
A00726,S4,2025-05-27 22:44:00,2025-05-28 03:51:00,3.94,5.11,0.02
A00726,S5,2025-05-28 06:01:00,2025-05-28 07:31:00,1.48,1.51,2.17
A00727,S1,2025-05-28 07:17:00,2025-05-28 11:57:00,5.08,4.68,0.28
A00727,S2,2025-05-28 15:02:00,2025-05-28 23:10:00,7.62,8.12,3.08
A00727,S3,2025-05-29 03:34:00,2025-05-30 04:13:00,12.7,24.64,4.41
A00727,S4,2025-05-30 09:59:00,2025-05-30 20:12:00,10.16,10.22,5.77
A00727,S5,2025-05-30 20:23:00,2025-05-31 00:14:00,3.81,3.85,0.18
A00728,S1,2025-05-28 09:03:00,2025-05-28 14:50:00,5.6,5.78,2.06
A00728,S2,2025-05-28 15:07:00,2025-05-28 22:16:00,8.4,7.16,0.28
A00728,S3,2025-05-29 00:51:00,2025-05-29 14:29:00,14.0,13.64,2.59
A00728,S4,2025-05-30 13:51:00,2025-05-31 04:10:00,11.2,14.32,23.36
A00728,S5,2025-05-31 07:49:00,2025-05-31 12:08:00,4.2,4.31,3.65
A00729,S1,2025-05-28 08:15:00,2025-05-28 11:26:00,3.24,3.18,1.25
A00729,S2,2025-05-28 12:13:00,2025-05-28 18:27:00,4.86,6.22,0.79
A00729,S3,2025-05-28 19:53:00,2025-05-29 02:49:00,8.1,6.94,1.43
A00729,S4,2025-05-29 14:50:00,2025-05-29 22:32:00,6.48,7.7,12.01
A00729,S5,2025-05-29 23:56:00,2025-05-30 02:21:00,2.43,2.41,1.41
A00730,S1,2025-05-28 07:13:00,2025-05-28 10:18:00,3.46,3.08,0.22
A00730,S2,2025-05-28 11:09:00,2025-05-28 16:00:00,5.18,4.86,0.85
A00730,S3,2025-05-28 20:04:00,2025-05-29 05:26:00,8.64,9.36,4.07
A00730,S4,2025-05-29 06:00:00,2025-05-29 13:28:00,6.91,7.48,0.56
A00730,S5,2025-05-29 13:57:00,2025-05-29 16:52:00,2.59,2.9,0.49
A00731,S1,2025-05-28 09:40:00,2025-05-28 14:08:00,3.74,4.47,2.66
A00731,S2,2025-05-28 16:35:00,2025-05-28 21:30:00,5.62,4.93,2.44
A00731,S3,2025-05-28 22:34:00,2025-05-29 08:53:00,9.36,10.31,1.07
A00731,S4,2025-05-29 11:35:00,2025-05-29 18:13:00,7.49,6.64,2.7
A00731,S5,2025-05-29 19:13:00,2025-05-29 21:41:00,2.81,2.47,1.0
A00732,S1,2025-05-29 08:04:00,2025-05-29 14:23:00,5.16,6.31,1.07
A00732,S2,2025-05-29 15:37:00,2025-05-30 00:02:00,7.74,8.43,1.24
A00732,S3,2025-05-30 04:55:00,2025-05-30 17:54:00,12.9,12.97,4.88
A00732,S4,2025-05-30 21:21:00,2025-05-31 03:38:00,10.32,6.28,3.46
A00732,S5,2025-05-31 03:57:00,2025-05-31 08:39:00,3.87,4.7,0.32
A00733,S1,2025-05-29 07:10:00,2025-05-29 09:55:00,2.62,2.75,0.16
A00733,S2,2025-05-29 09:55:00,2025-05-29 13:41:00,3.92,3.76,0.0
A00733,S3,2025-05-29 14:25:00,2025-05-29 22:11:00,6.54,7.76,0.73
A00733,S4,2025-05-30 07:55:00,2025-05-30 13:11:00,5.23,5.26,9.75
A00733,S5,2025-05-30 15:16:00,2025-05-30 17:40:00,1.96,2.4,2.07
A00734,S1,2025-05-29 08:14:00,2025-05-29 11:39:00,2.93,3.43,1.23
A00734,S2,2025-05-29 11:47:00,2025-05-29 16:20:00,4.39,4.55,0.12
A00734,S3,2025-05-30 00:33:00,2025-05-30 08:09:00,7.32,7.61,8.22
A00734,S4,2025-05-30 11:01:00,2025-05-30 15:01:00,5.86,4.0,2.87
A00734,S5,2025-05-30 16:34:00,2025-05-30 18:48:00,2.2,2.22,1.55
A00735,S1,2025-05-29 07:27:00,2025-05-29 09:45:00,2.1,2.31,0.45
A00735,S2,2025-05-29 10:35:00,2025-05-29 13:26:00,3.15,2.86,0.82
A00735,S3,2025-05-29 13:38:00,2025-05-29 19:27:00,5.25,5.82,0.19
A00735,S4,2025-05-29 22:56:00,2025-05-30 07:20:00,4.2,8.4,3.49
A00735,S5,2025-05-30 08:00:00,2025-05-30 10:01:00,1.58,2.02,0.66
A00736,S1,2025-05-29 07:08:00,2025-05-29 10:35:00,3.05,3.46,0.13
A00736,S2,2025-05-29 11:51:00,2025-05-29 17:41:00,4.57,5.82,1.27
A00736,S3,2025-05-29 17:57:00,2025-05-30 02:10:00,7.62,8.22,0.27
A00736,S4,2025-05-31 06:36:00,2025-05-31 14:38:00,6.1,8.03,28.44
A00736,S5,2025-05-31 20:14:00,2025-05-31 22:45:00,2.29,2.52,5.6
A00737,S1,2025-05-29 07:21:00,2025-05-29 11:08:00,3.62,3.78,0.35
A00737,S2,2025-05-29 12:08:00,2025-05-29 17:40:00,5.42,5.53,1.0
A00737,S3,2025-05-29 20:44:00,2025-05-30 07:23:00,9.04,10.65,3.07
A00737,S4,2025-05-31 06:59:00,2025-05-31 11:46:00,7.23,4.78,23.6
A00737,S5,2025-05-31 14:34:00,2025-05-31 17:30:00,2.71,2.93,2.79
A00738,S1,2025-05-29 07:07:00,2025-05-29 11:43:00,3.9,4.61,0.11
A00738,S2,2025-05-29 11:55:00,2025-05-29 17:55:00,5.86,6.01,0.2
A00738,S3,2025-05-29 19:02:00,2025-05-30 07:04:00,9.76,12.03,1.12
A00738,S4,2025-05-30 13:04:00,2025-05-30 16:11:00,7.81,3.11,6.0
A00738,S5,2025-05-30 17:01:00,2025-05-30 20:17:00,2.93,3.28,0.83
A00739,S1,2025-05-29 07:00:00,2025-05-29 11:16:00,4.84,4.27,0.0
A00739,S2,2025-05-29 11:18:00,2025-05-29 18:37:00,7.26,7.32,0.03
A00739,S3,2025-05-29 21:44:00,2025-05-30 13:30:00,12.1,15.77,3.1
A00739,S4,2025-05-30 16:21:00,2025-05-31 01:42:00,9.68,9.35,2.85
A00739,S5,2025-05-31 02:15:00,2025-05-31 05:58:00,3.63,3.72,0.55
A00740,S1,2025-05-29 09:32:00,2025-05-29 13:28:00,3.36,3.94,2.53
A00740,S2,2025-05-29 13:56:00,2025-05-29 17:46:00,5.04,3.84,0.46
A00740,S3,2025-05-29 17:50:00,2025-05-30 01:26:00,8.4,7.59,0.07
A00740,S4,2025-05-30 01:26:00,2025-05-30 07:02:00,6.72,5.59,0.01
A00740,S5,2025-05-30 08:15:00,2025-05-30 10:38:00,2.52,2.39,1.22
A00741,S1,2025-05-29 07:00:00,2025-05-29 09:35:00,2.7,2.58,0.0
A00741,S2,2025-05-29 12:12:00,2025-05-29 17:07:00,4.05,4.91,2.63
A00741,S3,2025-05-29 22:54:00,2025-05-30 07:13:00,6.75,8.32,5.79
A00741,S4,2025-05-30 10:02:00,2025-05-30 17:21:00,5.4,7.31,2.81
A00741,S5,2025-05-30 21:05:00,2025-05-30 23:19:00,2.03,2.22,3.74
A00742,S1,2025-05-30 07:10:00,2025-05-30 09:21:00,2.21,2.18,0.16
A00742,S2,2025-05-30 10:52:00,2025-05-30 14:18:00,3.31,3.45,1.51
A00742,S3,2025-05-30 14:51:00,2025-05-30 22:07:00,5.52,7.27,0.54
A00742,S4,2025-05-31 05:09:00,2025-05-31 10:06:00,4.42,4.94,7.04
A00742,S5,2025-05-31 10:16:00,2025-05-31 11:51:00,1.66,1.57,0.18
A00743,S1,2025-05-30 07:09:00,2025-05-30 09:11:00,1.98,2.03,0.15
A00743,S2,2025-05-30 10:04:00,2025-05-30 13:14:00,2.98,3.16,0.9
A00743,S3,2025-05-30 20:29:00,2025-05-31 00:17:00,4.96,3.8,7.24
A00743,S4,2025-05-31 01:35:00,2025-05-31 07:02:00,3.97,5.46,1.3
A00743,S5,2025-05-31 07:07:00,2025-05-31 08:39:00,1.49,1.53,0.08
A00744,S1,2025-05-30 09:29:00,2025-05-30 13:41:00,4.28,4.19,2.49
A00744,S2,2025-05-30 17:14:00,2025-05-31 00:57:00,6.42,7.73,3.55
A00744,S3,2025-05-31 16:38:00,2025-06-01 03:27:00,10.7,10.81,15.67
A00744,S4,2025-06-01 10:17:00,2025-06-01 20:42:00,8.56,10.42,6.83
A00744,S5,2025-06-01 22:38:00,2025-06-02 01:50:00,3.21,3.2,1.95
A00745,S1,2025-05-30 07:12:00,2025-05-30 10:25:00,3.16,3.23,0.19
A00745,S2,2025-05-30 11:58:00,2025-05-30 16:26:00,4.74,4.48,1.54
A00745,S3,2025-05-30 16:49:00,2025-05-31 01:41:00,7.9,8.86,0.39
A00745,S4,2025-05-31 03:56:00,2025-05-31 11:59:00,6.32,8.06,2.25
A00745,S5,2025-05-31 20:49:00,2025-05-31 23:08:00,2.37,2.31,8.83
A00746,S1,2025-05-30 07:24:00,2025-05-30 11:05:00,3.87,3.69,0.39
A00746,S2,2025-05-30 14:12:00,2025-05-30 21:34:00,5.81,7.37,3.11
A00746,S3,2025-05-30 23:11:00,2025-05-31 10:26:00,9.68,11.26,1.61
A00746,S4,2025-05-31 17:25:00,2025-05-31 22:01:00,7.74,4.6,6.98
A00746,S5,2025-05-31 22:35:00,2025-06-01 01:08:00,2.9,2.54,0.57
A00747,S1,2025-05-30 08:18:00,2025-05-30 10:13:00,1.84,1.91,1.3
A00747,S2,2025-05-30 10:25:00,2025-05-30 12:51:00,2.76,2.43,0.2
A00747,S3,2025-05-30 15:21:00,2025-05-30 21:15:00,4.6,5.91,2.5
A00747,S4,2025-05-31 02:49:00,2025-05-31 05:44:00,3.68,2.91,5.57
A00747,S5,2025-05-31 06:33:00,2025-05-31 08:03:00,1.38,1.5,0.82
A00748,S1,2025-05-30 07:24:00,2025-05-30 09:35:00,2.38,2.18,0.41
A00748,S2,2025-05-30 16:05:00,2025-05-30 20:15:00,3.58,4.17,6.49
A00748,S3,2025-05-31 01:31:00,2025-05-31 06:39:00,5.96,5.14,5.27
A00748,S4,2025-05-31 08:11:00,2025-05-31 19:38:00,4.77,11.44,1.53
A00748,S5,2025-05-31 19:42:00,2025-05-31 21:36:00,1.79,1.91,0.06
A00749,S1,2025-05-31 09:46:00,2025-05-31 14:41:00,5.24,4.92,2.76
A00749,S2,2025-05-31 15:10:00,2025-05-31 23:56:00,7.86,8.76,0.48
A00749,S3,2025-06-01 00:42:00,2025-06-01 10:48:00,13.1,10.1,0.78
A00749,S4,2025-06-01 11:15:00,2025-06-02 07:52:00,10.48,20.63,0.44
A00749,S5,2025-06-02 15:56:00,2025-06-02 19:50:00,3.93,3.9,8.06
A00750,S1,2025-05-31 07:28:00,2025-05-31 09:49:00,2.66,2.35,0.47
A00750,S2,2025-05-31 12:19:00,2025-05-31 15:47:00,3.99,3.46,2.5
A00750,S3,2025-05-31 19:07:00,2025-06-01 02:24:00,6.65,7.29,3.34
A00750,S4,2025-06-01 02:31:00,2025-06-01 09:51:00,5.32,7.34,0.11
A00750,S5,2025-06-01 13:53:00,2025-06-01 16:13:00,2.0,2.33,4.02
A00751,S1,2025-05-31 07:29:00,2025-05-31 09:40:00,2.21,2.19,0.48
A00751,S2,2025-05-31 10:45:00,2025-05-31 13:44:00,3.31,2.99,1.08
A00751,S3,2025-05-31 13:48:00,2025-05-31 17:55:00,5.52,4.11,0.07
A00751,S4,2025-05-31 21:14:00,2025-05-31 23:37:00,4.42,2.38,3.31
A00751,S5,2025-06-01 02:02:00,2025-06-01 03:33:00,1.66,1.52,2.42
A00752,S1,2025-05-31 07:23:00,2025-05-31 10:02:00,2.82,2.66,0.38
A00752,S2,2025-05-31 15:27:00,2025-05-31 19:27:00,4.23,3.99,5.41
A00752,S3,2025-05-31 19:46:00,2025-06-01 02:12:00,7.05,6.42,0.33
A00752,S4,2025-06-01 10:13:00,2025-06-01 15:13:00,5.64,5.0,8.02
A00752,S5,2025-06-01 16:27:00,2025-06-01 18:46:00,2.11,2.32,1.24
A00753,S1,2025-06-01 07:22:00,2025-06-01 10:03:00,2.3,2.68,0.37
A00753,S2,2025-06-01 14:26:00,2025-06-01 17:40:00,3.46,3.22,4.38
A00753,S3,2025-06-01 20:50:00,2025-06-02 01:12:00,5.76,4.36,3.17
A00753,S4,2025-06-02 07:36:00,2025-06-02 11:32:00,4.61,3.94,6.4
A00753,S5,2025-06-02 17:37:00,2025-06-02 19:40:00,1.73,2.05,6.08
A00754,S1,2025-06-01 07:20:00,2025-06-01 14:08:00,5.96,6.78,0.34
A00754,S2,2025-06-01 14:55:00,2025-06-01 22:03:00,8.94,7.13,0.79
A00754,S3,2025-06-01 23:11:00,2025-06-02 11:59:00,14.9,12.81,1.14
A00754,S4,2025-06-02 12:14:00,2025-06-03 01:18:00,11.92,13.07,0.24
A00754,S5,2025-06-03 02:32:00,2025-06-03 07:41:00,4.47,5.16,1.23
A00755,S1,2025-06-01 07:46:00,2025-06-01 11:11:00,3.39,3.41,0.77
A00755,S2,2025-06-01 13:14:00,2025-06-01 18:07:00,5.09,4.89,2.04
A00755,S3,2025-06-01 18:54:00,2025-06-02 09:57:00,8.48,15.05,0.77
A00755,S4,2025-06-02 17:57:00,2025-06-03 02:18:00,6.78,8.35,8.01
A00755,S5,2025-06-03 05:40:00,2025-06-03 08:38:00,2.54,2.96,3.37
A00756,S1,2025-06-02 07:02:00,2025-06-02 10:21:00,2.84,3.31,0.03
A00756,S2,2025-06-02 12:42:00,2025-06-02 17:22:00,4.26,4.67,2.35
A00756,S3,2025-06-03 08:37:00,2025-06-03 17:33:00,7.1,8.93,15.25
A00756,S4,2025-06-03 20:20:00,2025-06-04 00:59:00,5.68,4.64,2.79
A00756,S5,2025-06-04 01:25:00,2025-06-04 03:18:00,2.13,1.88,0.44
A00757,S1,2025-06-02 08:46:00,2025-06-02 13:24:00,4.64,4.64,1.76
A00757,S2,2025-06-02 14:12:00,2025-06-02 21:01:00,6.96,6.82,0.79
A00757,S3,2025-06-02 21:21:00,2025-06-03 09:39:00,11.6,12.29,0.34
A00757,S4,2025-06-03 18:24:00,2025-06-04 03:56:00,9.28,9.53,8.76
A00757,S5,2025-06-04 08:13:00,2025-06-04 11:43:00,3.48,3.5,4.29
A00758,S1,2025-06-02 07:57:00,2025-06-02 11:26:00,3.38,3.49,0.95
A00758,S2,2025-06-02 12:26:00,2025-06-02 18:07:00,5.08,5.68,0.99
A00758,S3,2025-06-02 19:51:00,2025-06-03 03:54:00,8.46,8.05,1.74
A00758,S4,2025-06-03 14:20:00,2025-06-04 00:41:00,6.77,10.35,10.45
A00758,S5,2025-06-04 08:07:00,2025-06-04 10:29:00,2.54,2.37,7.43
A00759,S1,2025-06-03 07:00:00,2025-06-03 09:52:00,3.07,2.86,0.01
A00759,S2,2025-06-03 12:19:00,2025-06-03 17:10:00,4.61,4.84,2.45
A00759,S3,2025-06-03 17:46:00,2025-06-04 07:36:00,7.68,13.84,0.6
A00759,S4,2025-06-04 19:32:00,2025-06-05 03:06:00,6.14,7.56,11.93
A00759,S5,2025-06-05 03:33:00,2025-06-05 06:06:00,2.3,2.55,0.45
A00760,S1,2025-06-03 09:30:00,2025-06-03 12:35:00,3.22,3.09,2.49
A00760,S2,2025-06-03 12:42:00,2025-06-03 18:37:00,4.82,5.92,0.11
A00760,S3,2025-06-03 18:56:00,2025-06-04 00:09:00,8.04,5.22,0.32
A00760,S4,2025-06-04 01:43:00,2025-06-04 06:49:00,6.43,5.11,1.56
A00760,S5,2025-06-04 07:58:00,2025-06-04 10:58:00,2.41,2.99,1.15
A00761,S1,2025-06-03 07:18:00,2025-06-03 12:48:00,5.92,5.5,0.3
A00761,S2,2025-06-03 13:14:00,2025-06-03 22:21:00,8.88,9.11,0.44
A00761,S3,2025-06-03 23:27:00,2025-06-04 15:59:00,14.8,16.54,1.1
A00761,S4,2025-06-06 13:47:00,2025-06-07 02:19:00,11.84,12.54,45.8
A00761,S5,2025-06-07 04:08:00,2025-06-07 08:52:00,4.44,4.74,1.81
A00762,S1,2025-06-03 07:07:00,2025-06-03 12:39:00,5.28,5.52,0.12
A00762,S2,2025-06-03 12:42:00,2025-06-03 21:35:00,7.92,8.89,0.05
A00762,S3,2025-06-04 00:25:00,2025-06-04 11:12:00,13.2,10.79,2.83
A00762,S4,2025-06-05 09:22:00,2025-06-05 21:32:00,10.56,12.17,22.17
A00762,S5,2025-06-05 21:47:00,2025-06-06 01:59:00,3.96,4.2,0.25
A00763,S1,2025-06-03 07:17:00,2025-06-03 11:49:00,4.19,4.53,0.28
A00763,S2,2025-06-03 13:58:00,2025-06-03 20:47:00,6.29,6.81,2.16
A00763,S3,2025-06-04 04:42:00,2025-06-04 16:57:00,10.48,12.25,7.92
A00763,S4,2025-06-04 20:17:00,2025-06-05 03:47:00,8.38,7.5,3.34
A00763,S5,2025-06-05 04:25:00,2025-06-05 07:41:00,3.14,3.27,0.63
A00764,S1,2025-06-04 07:14:00,2025-06-04 11:17:00,3.84,4.05,0.24
A00764,S2,2025-06-04 11:46:00,2025-06-04 16:42:00,5.76,4.93,0.48
A00764,S3,2025-06-04 17:55:00,2025-06-05 03:19:00,9.6,9.4,1.23
A00764,S4,2025-06-05 08:58:00,2025-06-05 20:28:00,7.68,11.5,5.65
A00764,S5,2025-06-06 02:26:00,2025-06-06 05:35:00,2.88,3.15,5.97
A00765,S1,2025-06-04 07:09:00,2025-06-04 10:00:00,2.5,2.85,0.15
A00765,S2,2025-06-04 15:28:00,2025-06-04 18:40:00,3.75,3.2,5.47
A00765,S3,2025-06-04 21:26:00,2025-06-05 03:56:00,6.25,6.5,2.77
A00765,S4,2025-06-05 04:03:00,2025-06-05 10:10:00,5.0,6.11,0.12
A00765,S5,2025-06-05 13:19:00,2025-06-05 15:24:00,1.88,2.08,3.15
A00766,S1,2025-06-04 09:05:00,2025-06-04 13:46:00,4.68,4.68,2.09
A00766,S2,2025-06-04 14:01:00,2025-06-04 20:50:00,7.02,6.81,0.25
A00766,S3,2025-06-04 21:37:00,2025-06-05 09:15:00,11.7,11.63,0.79
A00766,S4,2025-06-05 15:59:00,2025-06-06 10:21:00,9.36,18.37,6.73
A00766,S5,2025-06-06 13:10:00,2025-06-06 15:55:00,3.51,2.76,2.81
A00767,S1,2025-06-04 08:17:00,2025-06-04 13:02:00,4.93,4.75,1.29
A00767,S2,2025-06-04 13:07:00,2025-06-04 20:25:00,7.39,7.3,0.08
A00767,S3,2025-06-04 21:31:00,2025-06-05 10:53:00,12.32,13.37,1.09
A00767,S4,2025-06-05 14:27:00,2025-06-06 02:47:00,9.86,12.32,3.57
A00767,S5,2025-06-06 02:56:00,2025-06-06 06:41:00,3.7,3.74,0.16
A00768,S1,2025-06-05 08:30:00,2025-06-05 11:18:00,2.74,2.8,1.5
A00768,S2,2025-06-05 18:23:00,2025-06-05 23:06:00,4.1,4.71,7.08
A00768,S3,2025-06-06 00:22:00,2025-06-06 06:06:00,6.84,5.73,1.27
A00768,S4,2025-06-06 11:25:00,2025-06-06 16:42:00,5.47,5.29,5.32
A00768,S5,2025-06-06 19:37:00,2025-06-06 22:04:00,2.05,2.45,2.92
A00769,S1,2025-06-05 08:07:00,2025-06-05 12:12:00,4.03,4.09,1.12
A00769,S2,2025-06-05 13:46:00,2025-06-05 19:39:00,6.05,5.87,1.56
A00769,S3,2025-06-05 19:41:00,2025-06-06 03:41:00,10.08,7.99,0.04
A00769,S4,2025-06-06 14:59:00,2025-06-06 23:00:00,8.06,8.01,11.3
A00769,S5,2025-06-06 23:10:00,2025-06-07 02:16:00,3.02,3.1,0.17
A00770,S1,2025-06-06 07:02:00,2025-06-06 09:10:00,1.79,2.14,0.03
A00770,S2,2025-06-06 12:23:00,2025-06-06 15:11:00,2.69,2.81,3.22
A00770,S3,2025-06-06 16:18:00,2025-06-06 21:51:00,4.48,5.56,1.11
A00770,S4,2025-06-08 19:47:00,2025-06-09 01:18:00,3.58,5.51,45.93
A00770,S5,2025-06-09 09:13:00,2025-06-09 10:49:00,1.34,1.61,7.92
A00771,S1,2025-06-06 07:54:00,2025-06-06 10:02:00,2.05,2.12,0.91
A00771,S2,2025-06-06 13:36:00,2025-06-06 17:06:00,3.07,3.5,3.57
A00771,S3,2025-06-06 19:29:00,2025-06-07 01:51:00,5.12,6.36,2.39
A00771,S4,2025-06-07 07:41:00,2025-06-07 11:13:00,4.1,3.52,5.84
A00771,S5,2025-06-07 15:16:00,2025-06-07 16:57:00,1.54,1.68,4.05
A00772,S1,2025-06-06 07:17:00,2025-06-06 09:34:00,2.28,2.28,0.28
A00772,S2,2025-06-06 09:47:00,2025-06-06 12:42:00,3.42,2.91,0.22
A00772,S3,2025-06-06 12:51:00,2025-06-06 18:04:00,5.7,5.21,0.16
A00772,S4,2025-06-07 10:07:00,2025-06-07 14:09:00,4.56,4.04,16.05
A00772,S5,2025-06-07 15:30:00,2025-06-07 17:20:00,1.71,1.82,1.35
A00773,S1,2025-06-06 07:37:00,2025-06-06 11:18:00,4.16,3.68,0.62
A00773,S2,2025-06-06 12:35:00,2025-06-06 18:33:00,6.24,5.97,1.28
A00773,S3,2025-06-06 21:42:00,2025-06-07 04:39:00,10.4,6.94,3.16
A00773,S4,2025-06-07 06:28:00,2025-06-07 19:00:00,8.32,12.53,1.82
A00773,S5,2025-06-08 03:41:00,2025-06-08 06:24:00,3.12,2.71,8.68
A00774,S1,2025-06-06 07:24:00,2025-06-06 10:56:00,3.79,3.53,0.41
A00774,S2,2025-06-06 11:07:00,2025-06-06 17:08:00,5.69,6.02,0.19
A00774,S3,2025-06-06 21:17:00,2025-06-07 10:59:00,9.48,13.7,4.14
A00774,S4,2025-06-08 13:11:00,2025-06-08 22:21:00,7.58,9.17,26.19
A00774,S5,2025-06-09 02:28:00,2025-06-09 05:04:00,2.84,2.61,4.12
A00775,S1,2025-06-06 07:13:00,2025-06-06 11:54:00,4.19,4.69,0.21
A00775,S2,2025-06-06 14:41:00,2025-06-06 20:24:00,6.29,5.71,2.78
A00775,S3,2025-06-06 22:08:00,2025-06-07 06:32:00,10.48,8.4,1.73
A00775,S4,2025-06-07 10:11:00,2025-06-07 17:26:00,8.38,7.25,3.66
A00775,S5,2025-06-07 18:50:00,2025-06-07 22:50:00,3.14,4.0,1.41
A00776,S1,2025-06-07 07:45:00,2025-06-07 11:31:00,3.55,3.76,0.75
A00776,S2,2025-06-07 13:34:00,2025-06-07 19:52:00,5.33,6.31,2.05
A00776,S3,2025-06-07 21:40:00,2025-06-08 06:39:00,8.88,8.97,1.81
A00776,S4,2025-06-08 22:17:00,2025-06-09 04:08:00,7.1,5.84,15.64
A00776,S5,2025-06-09 07:06:00,2025-06-09 09:46:00,2.66,2.66,2.98
A00777,S1,2025-06-07 07:07:00,2025-06-07 10:27:00,3.16,3.34,0.11
A00777,S2,2025-06-07 11:51:00,2025-06-07 15:47:00,4.74,3.94,1.39
A00777,S3,2025-06-07 16:50:00,2025-06-08 00:42:00,7.9,7.87,1.04
A00777,S4,2025-06-08 05:23:00,2025-06-08 11:09:00,6.32,5.76,4.69
A00777,S5,2025-06-08 11:57:00,2025-06-08 14:47:00,2.37,2.84,0.8
A00778,S1,2025-06-07 09:26:00,2025-06-07 13:04:00,3.65,3.64,2.43
A00778,S2,2025-06-07 14:50:00,2025-06-07 21:15:00,5.47,6.42,1.77
A00778,S3,2025-06-07 23:11:00,2025-06-08 08:31:00,9.12,9.34,1.93
A00778,S4,2025-06-08 23:05:00,2025-06-09 03:18:00,7.3,4.2,14.57
A00778,S5,2025-06-09 04:45:00,2025-06-09 07:02:00,2.74,2.28,1.46
A00779,S1,2025-06-08 08:10:00,2025-06-08 11:02:00,2.9,2.86,1.16
A00779,S2,2025-06-08 12:01:00,2025-06-08 17:21:00,4.36,5.34,0.98
A00779,S3,2025-06-08 18:45:00,2025-06-09 00:59:00,7.26,6.23,1.4
A00779,S4,2025-06-09 08:46:00,2025-06-09 15:07:00,5.81,6.35,7.78
A00779,S5,2025-06-09 16:08:00,2025-06-09 18:43:00,2.18,2.58,1.02
A00780,S1,2025-06-08 07:46:00,2025-06-08 11:01:00,3.31,3.26,0.77
A00780,S2,2025-06-08 18:19:00,2025-06-08 23:02:00,4.97,4.72,7.3
A00780,S3,2025-06-09 02:11:00,2025-06-09 09:51:00,8.28,7.67,3.14
A00780,S4,2025-06-09 11:16:00,2025-06-09 17:11:00,6.62,5.93,1.41
A00780,S5,2025-06-09 22:18:00,2025-06-10 01:24:00,2.48,3.1,5.12
A00781,S1,2025-06-08 07:38:00,2025-06-08 12:34:00,5.09,4.94,0.63
A00781,S2,2025-06-08 12:43:00,2025-06-08 20:29:00,7.63,7.78,0.14
A00781,S3,2025-06-08 22:22:00,2025-06-09 13:48:00,12.72,15.43,1.88
A00781,S4,2025-06-10 16:23:00,2025-06-11 03:01:00,10.18,10.63,26.59
A00781,S5,2025-06-11 04:07:00,2025-06-11 08:14:00,3.82,4.12,1.09
A00782,S1,2025-06-09 07:32:00,2025-06-09 13:13:00,4.92,5.67,0.54
A00782,S2,2025-06-09 13:51:00,2025-06-09 22:55:00,7.38,9.06,0.64
A00782,S3,2025-06-10 01:45:00,2025-06-10 15:56:00,12.3,14.17,2.84
A00782,S4,2025-06-10 22:00:00,2025-06-11 12:54:00,9.84,14.89,6.08
A00782,S5,2025-06-11 13:15:00,2025-06-11 18:16:00,3.69,5.03,0.35
A00783,S1,2025-06-09 09:19:00,2025-06-09 14:06:00,4.42,4.78,2.31
A00783,S2,2025-06-09 14:07:00,2025-06-09 20:49:00,6.62,6.7,0.02
A00783,S3,2025-06-09 21:07:00,2025-06-10 10:00:00,11.04,12.88,0.3
A00783,S4,2025-06-10 10:25:00,2025-06-10 20:45:00,8.83,10.34,0.42
A00783,S5,2025-06-11 02:04:00,2025-06-11 05:26:00,3.31,3.37,5.31
A00784,S1,2025-06-09 07:41:00,2025-06-09 12:59:00,4.88,5.29,0.69
A00784,S2,2025-06-09 15:02:00,2025-06-09 21:53:00,7.32,6.84,2.06
A00784,S3,2025-06-09 23:23:00,2025-06-10 17:30:00,12.2,18.12,1.5
A00784,S4,2025-06-10 20:44:00,2025-06-11 11:57:00,9.76,15.21,3.24
A00784,S5,2025-06-11 15:52:00,2025-06-11 19:33:00,3.66,3.69,3.91
A00785,S1,2025-06-10 07:29:00,2025-06-10 10:17:00,3.0,2.81,0.48
A00785,S2,2025-06-10 16:33:00,2025-06-10 21:43:00,4.5,5.17,6.26
A00785,S3,2025-06-11 04:08:00,2025-06-11 11:31:00,7.5,7.39,6.42
A00785,S4,2025-06-12 05:05:00,2025-06-12 18:17:00,6.0,13.21,17.55
A00785,S5,2025-06-12 18:43:00,2025-06-12 21:12:00,2.25,2.49,0.43
A00786,S1,2025-06-10 07:04:00,2025-06-10 12:23:00,4.72,5.3,0.07
A00786,S2,2025-06-10 14:07:00,2025-06-10 21:46:00,7.08,7.65,1.74
A00786,S3,2025-06-10 23:14:00,2025-06-11 15:13:00,11.8,15.99,1.46
A00786,S4,2025-06-12 16:07:00,2025-06-13 00:19:00,9.44,8.2,24.9
A00786,S5,2025-06-13 02:22:00,2025-06-13 06:17:00,3.54,3.91,2.06
A00787,S1,2025-06-10 07:37:00,2025-06-10 10:49:00,3.71,3.19,0.62
A00787,S2,2025-06-10 12:49:00,2025-06-10 18:56:00,5.57,6.12,2.01
A00787,S3,2025-06-11 01:24:00,2025-06-11 13:26:00,9.28,12.03,6.46
A00787,S4,2025-06-11 13:43:00,2025-06-12 02:14:00,7.42,12.52,0.29
A00787,S5,2025-06-12 03:45:00,2025-06-12 06:22:00,2.78,2.63,1.51
A00788,S1,2025-06-10 07:56:00,2025-06-10 10:34:00,2.9,2.64,0.93
A00788,S2,2025-06-10 10:58:00,2025-06-10 14:54:00,4.35,3.94,0.41
A00788,S3,2025-06-10 16:39:00,2025-06-10 23:41:00,7.25,7.03,1.75
A00788,S4,2025-06-11 06:18:00,2025-06-11 09:12:00,5.8,2.9,6.63
A00788,S5,2025-06-11 12:28:00,2025-06-11 15:06:00,2.17,2.64,3.26
A00789,S1,2025-06-11 07:08:00,2025-06-11 11:40:00,4.48,4.52,0.14
A00789,S2,2025-06-11 14:19:00,2025-06-11 21:38:00,6.72,7.33,2.65
A00789,S3,2025-06-12 00:28:00,2025-06-12 11:59:00,11.2,11.52,2.82
A00789,S4,2025-06-12 23:22:00,2025-06-13 08:06:00,8.96,8.74,11.38
A00789,S5,2025-06-13 08:21:00,2025-06-13 12:16:00,3.36,3.92,0.25
A00790,S1,2025-06-11 07:09:00,2025-06-11 09:34:00,2.52,2.41,0.15
A00790,S2,2025-06-11 09:47:00,2025-06-11 13:02:00,3.78,3.26,0.22
A00790,S3,2025-06-11 14:52:00,2025-06-11 21:52:00,6.3,7.0,1.83
A00790,S4,2025-06-12 00:01:00,2025-06-12 04:45:00,5.04,4.73,2.15
A00790,S5,2025-06-12 12:11:00,2025-06-12 14:22:00,1.89,2.18,7.44
A00791,S1,2025-06-11 08:17:00,2025-06-11 10:06:00,2.02,1.82,1.29
A00791,S2,2025-06-11 10:33:00,2025-06-11 14:15:00,3.02,3.7,0.44
A00791,S3,2025-06-11 16:16:00,2025-06-11 22:30:00,5.04,6.24,2.03
A00791,S4,2025-06-12 00:06:00,2025-06-12 03:35:00,4.03,3.49,1.6
A00791,S5,2025-06-12 06:30:00,2025-06-12 08:24:00,1.51,1.89,2.92
A00792,S1,2025-06-11 07:13:00,2025-06-11 10:47:00,3.65,3.57,0.21
A00792,S2,2025-06-11 13:03:00,2025-06-11 18:56:00,5.47,5.88,2.27
A00792,S3,2025-06-11 22:20:00,2025-06-12 07:05:00,9.12,8.75,3.4
A00792,S4,2025-06-13 13:50:00,2025-06-13 23:02:00,7.3,9.21,30.75
A00792,S5,2025-06-14 00:09:00,2025-06-14 03:04:00,2.74,2.91,1.12
A00793,S1,2025-06-12 07:16:00,2025-06-12 12:55:00,5.68,5.65,0.27
A00793,S2,2025-06-12 13:13:00,2025-06-13 00:08:00,8.52,10.91,0.3
A00793,S3,2025-06-13 01:42:00,2025-06-13 14:19:00,14.2,12.61,1.57
A00793,S4,2025-06-13 23:00:00,2025-06-14 09:39:00,11.36,10.65,8.68
A00793,S5,2025-06-14 14:16:00,2025-06-14 18:02:00,4.26,3.75,4.62
A00794,S1,2025-06-12 07:05:00,2025-06-12 09:48:00,2.76,2.71,0.08
A00794,S2,2025-06-12 11:28:00,2025-06-12 16:02:00,4.14,4.55,1.68
A00794,S3,2025-06-12 18:26:00,2025-06-13 02:22:00,6.9,7.93,2.41
A00794,S4,2025-06-13 06:40:00,2025-06-13 15:11:00,5.52,8.5,4.31
A00794,S5,2025-06-13 16:02:00,2025-06-13 18:15:00,2.07,2.22,0.85
A00795,S1,2025-06-12 09:20:00,2025-06-12 13:09:00,3.34,3.82,2.33
A00795,S2,2025-06-12 14:48:00,2025-06-12 21:17:00,5.0,6.49,1.64
A00795,S3,2025-06-12 21:50:00,2025-06-13 06:25:00,8.34,8.58,0.56
A00795,S4,2025-06-13 15:34:00,2025-06-13 19:24:00,6.67,3.82,9.15
A00795,S5,2025-06-13 19:31:00,2025-06-13 22:04:00,2.5,2.55,0.13
A00796,S1,2025-06-12 07:56:00,2025-06-12 12:23:00,4.64,4.45,0.93
A00796,S2,2025-06-12 16:01:00,2025-06-12 23:40:00,6.96,7.64,3.64
A00796,S3,2025-06-13 01:21:00,2025-06-13 13:15:00,11.6,11.89,1.7
A00796,S4,2025-06-13 21:17:00,2025-06-14 14:34:00,9.28,17.29,8.04
A00796,S5,2025-06-14 14:44:00,2025-06-14 18:20:00,3.48,3.6,0.16
A00797,S1,2025-06-12 09:30:00,2025-06-12 16:01:00,6.08,6.52,2.49
A00797,S2,2025-06-12 18:11:00,2025-06-13 04:29:00,9.12,10.3,2.18
A00797,S3,2025-06-13 11:20:00,2025-06-14 02:36:00,15.2,15.25,6.86
A00797,S4,2025-06-14 03:19:00,2025-06-14 16:10:00,12.16,12.86,0.71
A00797,S5,2025-06-14 17:45:00,2025-06-14 22:05:00,4.56,4.33,1.57
A00798,S1,2025-06-13 08:52:00,2025-06-13 10:44:00,1.74,1.88,1.86
A00798,S2,2025-06-13 13:41:00,2025-06-13 16:07:00,2.62,2.42,2.95
A00798,S3,2025-06-13 16:42:00,2025-06-13 21:34:00,4.36,4.85,0.6
A00798,S4,2025-06-14 01:05:00,2025-06-14 05:11:00,3.49,4.1,3.52
A00798,S5,2025-06-14 10:15:00,2025-06-14 11:38:00,1.31,1.38,5.08
A00799,S1,2025-06-13 09:34:00,2025-06-13 12:48:00,2.83,3.24,2.56
A00799,S2,2025-06-13 13:29:00,2025-06-13 17:47:00,4.25,4.29,0.7
A00799,S3,2025-06-13 18:05:00,2025-06-14 03:55:00,7.08,9.84,0.29
A00799,S4,2025-06-14 14:19:00,2025-06-15 02:01:00,5.66,11.69,10.4
A00799,S5,2025-06-15 03:45:00,2025-06-15 06:03:00,2.12,2.3,1.74
A00800,S1,2025-06-13 08:24:00,2025-06-13 13:24:00,4.74,4.99,1.41
A00800,S2,2025-06-13 18:21:00,2025-06-14 01:20:00,7.1,6.98,4.96
A00800,S3,2025-06-14 02:04:00,2025-06-14 17:36:00,11.84,15.52,0.74
A00800,S4,2025-06-16 00:34:00,2025-06-16 09:01:00,9.47,8.45,30.97
A00800,S5,2025-06-16 13:15:00,2025-06-16 17:15:00,3.55,4.01,4.23
A00801,S1,2025-06-14 07:52:00,2025-06-14 11:01:00,2.98,3.16,0.86
A00801,S2,2025-06-14 11:50:00,2025-06-14 17:16:00,4.46,5.42,0.82
A00801,S3,2025-06-14 17:17:00,2025-06-15 00:33:00,7.44,7.26,0.02
A00801,S4,2025-06-16 02:46:00,2025-06-16 15:18:00,5.95,12.54,26.22
A00801,S5,2025-06-16 21:58:00,2025-06-17 00:30:00,2.23,2.52,6.67
A00802,S1,2025-06-14 12:46:00,2025-06-14 17:50:00,5.06,5.08,5.76
A00802,S2,2025-06-14 20:06:00,2025-06-15 03:22:00,7.58,7.28,2.26
A00802,S3,2025-06-15 07:17:00,2025-06-15 19:03:00,12.64,11.76,3.92
A00802,S4,2025-06-16 01:31:00,2025-06-16 19:36:00,10.11,18.08,6.48
A00802,S5,2025-06-17 01:40:00,2025-06-17 06:04:00,3.79,4.4,6.07
A00803,S1,2025-06-14 07:53:00,2025-06-14 12:52:00,5.06,4.99,0.88
A00803,S2,2025-06-14 13:23:00,2025-06-14 20:14:00,7.58,6.84,0.52
A00803,S3,2025-06-14 23:10:00,2025-06-15 07:50:00,12.64,8.67,2.93
A00803,S4,2025-06-15 10:13:00,2025-06-15 23:05:00,10.11,12.88,2.38
A00803,S5,2025-06-16 06:19:00,2025-06-16 10:22:00,3.79,4.06,7.22
A00804,S1,2025-06-14 09:50:00,2025-06-14 13:14:00,3.05,3.4,2.83
A00804,S2,2025-06-14 13:39:00,2025-06-14 18:51:00,4.57,5.2,0.43
A00804,S3,2025-06-14 19:48:00,2025-06-15 02:27:00,7.62,6.65,0.95
A00804,S4,2025-06-15 04:25:00,2025-06-15 12:52:00,6.1,8.45,1.95
A00804,S5,2025-06-15 13:46:00,2025-06-15 16:16:00,2.29,2.51,0.9
A00805,S1,2025-06-14 07:16:00,2025-06-14 10:14:00,2.95,2.97,0.26
A00805,S2,2025-06-14 12:21:00,2025-06-14 16:55:00,4.43,4.57,2.12
A00805,S3,2025-06-14 17:14:00,2025-06-14 23:25:00,7.38,6.19,0.31
A00805,S4,2025-06-15 14:54:00,2025-06-15 16:59:00,5.9,2.08,15.47
A00805,S5,2025-06-15 18:46:00,2025-06-15 21:42:00,2.21,2.94,1.79
A00806,S1,2025-06-14 11:32:00,2025-06-14 16:24:00,5.36,4.87,4.54
A00806,S2,2025-06-14 18:49:00,2025-06-15 01:52:00,8.04,7.06,2.4
A00806,S3,2025-06-15 09:30:00,2025-06-15 23:05:00,13.4,13.58,7.64
A00806,S4,2025-06-16 00:22:00,2025-06-16 14:35:00,10.72,14.21,1.27
A00806,S5,2025-06-16 22:58:00,2025-06-17 03:13:00,4.02,4.24,8.4
A00807,S1,2025-06-14 09:25:00,2025-06-14 11:31:00,2.32,2.1,2.42
A00807,S2,2025-06-14 12:08:00,2025-06-14 15:37:00,3.48,3.48,0.62
A00807,S3,2025-06-15 01:36:00,2025-06-15 07:37:00,5.8,6.02,9.98
A00807,S4,2025-06-15 20:27:00,2025-06-16 05:11:00,4.64,8.72,12.84
A00807,S5,2025-06-16 08:44:00,2025-06-16 10:42:00,1.74,1.96,3.56
A00808,S1,2025-06-15 07:03:00,2025-06-15 12:05:00,4.54,5.05,0.04
A00808,S2,2025-06-15 14:23:00,2025-06-15 21:57:00,6.82,7.56,2.3
A00808,S3,2025-06-16 01:46:00,2025-06-16 15:07:00,11.36,13.34,3.82
A00808,S4,2025-06-16 17:05:00,2025-06-17 03:52:00,9.09,10.8,1.97
A00808,S5,2025-06-17 03:54:00,2025-06-17 07:44:00,3.41,3.83,0.02
A00809,S1,2025-06-15 07:33:00,2025-06-15 12:57:00,4.8,5.41,0.55
A00809,S2,2025-06-15 13:56:00,2025-06-15 21:28:00,7.2,7.53,0.99
A00809,S3,2025-06-16 05:43:00,2025-06-16 20:55:00,12.0,15.2,8.25
A00809,S4,2025-06-17 19:59:00,2025-06-18 02:18:00,9.6,6.32,23.06
A00809,S5,2025-06-18 03:04:00,2025-06-18 06:46:00,3.6,3.71,0.76
A00810,S1,2025-06-16 07:22:00,2025-06-16 11:00:00,4.06,3.63,0.37
A00810,S2,2025-06-16 12:20:00,2025-06-16 16:42:00,6.1,4.38,1.33
A00810,S3,2025-06-16 21:55:00,2025-06-17 13:21:00,10.16,15.43,5.21
A00810,S4,2025-06-17 17:11:00,2025-06-18 02:00:00,8.13,8.82,3.83
A00810,S5,2025-06-18 02:17:00,2025-06-18 04:59:00,3.05,2.7,0.28
A00811,S1,2025-06-16 09:00:00,2025-06-16 14:40:00,4.48,5.67,2.0
A00811,S2,2025-06-16 15:38:00,2025-06-16 22:18:00,6.72,6.67,0.96
A00811,S3,2025-06-16 23:02:00,2025-06-17 08:36:00,11.2,9.57,0.73
A00811,S4,2025-06-18 01:22:00,2025-06-18 10:52:00,8.96,9.51,16.77
A00811,S5,2025-06-18 14:53:00,2025-06-18 18:14:00,3.36,3.35,4.01
A00812,S1,2025-06-16 07:17:00,2025-06-16 09:34:00,2.22,2.27,0.29
A00812,S2,2025-06-16 11:21:00,2025-06-16 14:28:00,3.33,3.12,1.78
A00812,S3,2025-06-16 20:11:00,2025-06-17 02:18:00,5.55,6.12,5.72
A00812,S4,2025-06-17 06:48:00,2025-06-17 11:15:00,4.44,4.44,4.5
A00812,S5,2025-06-17 13:38:00,2025-06-17 15:48:00,1.66,2.16,2.4
A00813,S1,2025-06-17 07:09:00,2025-06-17 09:56:00,2.93,2.77,0.16
A00813,S2,2025-06-17 13:06:00,2025-06-17 17:27:00,4.39,4.35,3.17
A00813,S3,2025-06-18 01:36:00,2025-06-18 13:04:00,7.32,11.47,8.15
A00813,S4,2025-06-18 14:21:00,2025-06-18 22:14:00,5.86,7.88,1.28
A00813,S5,2025-06-19 00:54:00,2025-06-19 03:05:00,2.2,2.18,2.66
A00814,S1,2025-06-17 08:16:00,2025-06-17 13:07:00,4.9,4.85,1.27
A00814,S2,2025-06-17 18:00:00,2025-06-18 00:33:00,7.34,6.56,4.88
A00814,S3,2025-06-18 02:27:00,2025-06-18 14:15:00,12.24,11.81,1.88
A00814,S4,2025-06-18 20:38:00,2025-06-19 06:07:00,9.79,9.49,6.38
A00814,S5,2025-06-19 11:06:00,2025-06-19 15:13:00,3.67,4.12,4.98
A00815,S1,2025-06-17 07:08:00,2025-06-17 10:29:00,3.42,3.35,0.13
A00815,S2,2025-06-17 13:47:00,2025-06-17 19:00:00,5.14,5.21,3.3
A00815,S3,2025-06-17 20:45:00,2025-06-18 04:23:00,8.56,7.63,1.75
A00815,S4,2025-06-19 11:28:00,2025-06-19 16:19:00,6.85,4.85,31.09
A00815,S5,2025-06-19 16:48:00,2025-06-19 19:35:00,2.57,2.78,0.47
A00816,S1,2025-06-17 07:05:00,2025-06-17 10:41:00,3.52,3.61,0.08
A00816,S2,2025-06-17 12:53:00,2025-06-17 19:03:00,5.28,6.16,2.19
A00816,S3,2025-06-17 20:35:00,2025-06-18 07:07:00,8.8,10.54,1.53
A00816,S4,2025-06-18 21:37:00,2025-06-19 05:59:00,7.04,8.37,14.5
A00816,S5,2025-06-19 11:06:00,2025-06-19 13:55:00,2.64,2.81,5.11
A00817,S1,2025-06-18 09:19:00,2025-06-18 13:43:00,3.41,4.4,2.32
A00817,S2,2025-06-18 19:10:00,2025-06-19 01:10:00,5.11,5.99,5.45
A00817,S3,2025-06-19 01:35:00,2025-06-19 11:49:00,8.52,10.24,0.42
A00817,S4,2025-06-19 20:02:00,2025-06-20 01:59:00,6.82,5.96,8.21
A00817,S5,2025-06-20 03:10:00,2025-06-20 05:47:00,2.56,2.63,1.17
A00818,S1,2025-06-18 09:45:00,2025-06-18 14:42:00,4.96,4.95,2.75
A00818,S2,2025-06-18 16:56:00,2025-06-19 01:17:00,7.44,8.34,2.23
A00818,S3,2025-06-19 03:18:00,2025-06-19 15:10:00,12.4,11.86,2.03
A00818,S4,2025-06-19 19:15:00,2025-06-20 08:38:00,9.92,13.39,4.08
A00818,S5,2025-06-20 09:59:00,2025-06-20 13:47:00,3.72,3.81,1.35
A00819,S1,2025-06-18 07:14:00,2025-06-18 12:16:00,5.68,5.03,0.23
A00819,S2,2025-06-18 14:05:00,2025-06-19 01:07:00,8.52,11.03,1.82
A00819,S3,2025-06-19 01:33:00,2025-06-19 16:10:00,14.2,14.62,0.44
A00819,S4,2025-06-19 22:31:00,2025-06-21 00:29:00,11.36,25.96,6.35
A00819,S5,2025-06-21 00:39:00,2025-06-21 05:39:00,4.26,5.0,0.18
A00820,S1,2025-06-18 07:38:00,2025-06-18 09:27:00,1.86,1.81,0.64
A00820,S2,2025-06-18 11:25:00,2025-06-18 14:46:00,2.78,3.34,1.98
A00820,S3,2025-06-18 20:01:00,2025-06-19 00:54:00,4.64,4.88,5.25
A00820,S4,2025-06-19 15:23:00,2025-06-19 18:19:00,3.71,2.92,14.49
A00820,S5,2025-06-19 19:54:00,2025-06-19 21:22:00,1.39,1.47,1.58
A00821,S1,2025-06-18 07:00:00,2025-06-18 12:53:00,5.8,5.87,0.01
A00821,S2,2025-06-18 17:37:00,2025-06-19 05:30:00,8.7,11.88,4.74
A00821,S3,2025-06-19 14:06:00,2025-06-20 09:12:00,14.5,19.09,8.6
A00821,S4,2025-06-20 21:21:00,2025-06-21 09:01:00,11.6,11.67,12.15
A00821,S5,2025-06-21 15:27:00,2025-06-21 19:38:00,4.35,4.18,6.43
A00822,S1,2025-06-18 09:26:00,2025-06-18 14:06:00,4.6,4.68,2.43
A00822,S2,2025-06-18 14:21:00,2025-06-18 23:49:00,6.9,9.47,0.24
A00822,S3,2025-06-19 01:35:00,2025-06-19 14:32:00,11.5,12.94,1.78
A00822,S4,2025-06-19 16:12:00,2025-06-20 02:01:00,9.2,9.8,1.68
A00822,S5,2025-06-20 03:32:00,2025-06-20 07:42:00,3.45,4.16,1.52
A00823,S1,2025-06-19 08:29:00,2025-06-19 11:04:00,2.66,2.59,1.48
A00823,S2,2025-06-19 12:07:00,2025-06-19 16:22:00,4.0,4.25,1.04
A00823,S3,2025-06-19 17:07:00,2025-06-19 23:41:00,6.66,6.56,0.74
A00823,S4,2025-06-20 02:25:00,2025-06-20 09:04:00,5.33,6.65,2.74
A00823,S5,2025-06-20 09:22:00,2025-06-20 11:06:00,2.0,1.73,0.3
A00824,S1,2025-06-19 07:06:00,2025-06-19 10:27:00,3.67,3.35,0.09
A00824,S2,2025-06-19 12:07:00,2025-06-19 17:57:00,5.51,5.83,1.67
A00824,S3,2025-06-19 18:10:00,2025-06-20 00:43:00,9.18,6.55,0.22
A00824,S4,2025-06-20 05:07:00,2025-06-20 15:29:00,7.34,10.38,4.4
A00824,S5,2025-06-20 15:48:00,2025-06-20 19:03:00,2.75,3.26,0.31
A00825,S1,2025-06-20 08:29:00,2025-06-20 11:50:00,2.71,3.34,1.48
A00825,S2,2025-06-20 14:40:00,2025-06-20 18:58:00,4.07,4.31,2.84
A00825,S3,2025-06-21 02:42:00,2025-06-21 09:56:00,6.78,7.23,7.74
A00825,S4,2025-06-21 13:25:00,2025-06-21 18:45:00,5.42,5.34,3.48
A00825,S5,2025-06-21 19:24:00,2025-06-21 21:55:00,2.03,2.52,0.64
A00826,S1,2025-06-20 08:38:00,2025-06-20 11:08:00,2.64,2.51,1.63
A00826,S2,2025-06-20 11:14:00,2025-06-20 16:48:00,3.96,5.57,0.09
A00826,S3,2025-06-20 17:08:00,2025-06-20 21:28:00,6.6,4.33,0.33
A00826,S4,2025-06-21 04:21:00,2025-06-21 13:45:00,5.28,9.38,6.89
A00826,S5,2025-06-21 14:13:00,2025-06-21 16:31:00,1.98,2.31,0.47
A00827,S1,2025-06-20 08:12:00,2025-06-20 10:41:00,2.92,2.49,1.19
A00827,S2,2025-06-20 11:15:00,2025-06-20 16:19:00,4.38,5.05,0.57
A00827,S3,2025-06-20 17:38:00,2025-06-21 01:18:00,7.3,7.65,1.33
A00827,S4,2025-06-21 09:54:00,2025-06-21 14:17:00,5.84,4.38,8.61
A00827,S5,2025-06-21 16:14:00,2025-06-21 19:00:00,2.19,2.77,1.96
A00828,S1,2025-06-20 07:59:00,2025-06-20 12:43:00,4.96,4.73,0.99
A00828,S2,2025-06-20 13:05:00,2025-06-20 23:16:00,7.44,10.18,0.37
A00828,S3,2025-06-20 23:26:00,2025-06-21 13:44:00,12.4,14.3,0.16
A00828,S4,2025-06-21 17:07:00,2025-06-22 05:40:00,9.92,12.54,3.39
A00828,S5,2025-06-22 06:27:00,2025-06-22 11:15:00,3.72,4.79,0.79
A00829,S1,2025-06-20 09:38:00,2025-06-20 12:29:00,2.7,2.86,2.63
A00829,S2,2025-06-20 12:43:00,2025-06-20 17:09:00,4.05,4.43,0.23
A00829,S3,2025-06-20 19:43:00,2025-06-21 03:08:00,6.75,7.41,2.57
A00829,S4,2025-06-21 04:42:00,2025-06-21 09:32:00,5.4,4.83,1.58
A00829,S5,2025-06-21 10:09:00,2025-06-21 12:06:00,2.03,1.96,0.61
A00830,S1,2025-06-20 07:15:00,2025-06-20 09:26:00,2.26,2.18,0.25
A00830,S2,2025-06-20 10:07:00,2025-06-20 14:37:00,3.39,4.5,0.68
A00830,S3,2025-06-20 19:08:00,2025-06-21 01:06:00,5.65,5.98,4.51
A00830,S4,2025-06-21 01:24:00,2025-06-21 08:28:00,4.52,7.06,0.29
A00830,S5,2025-06-21 08:57:00,2025-06-21 10:56:00,1.69,1.99,0.49
A00831,S1,2025-06-20 07:22:00,2025-06-20 12:55:00,4.36,5.56,0.37
A00831,S2,2025-06-20 16:50:00,2025-06-20 23:15:00,6.54,6.42,3.91
A00831,S3,2025-06-21 01:25:00,2025-06-21 11:43:00,10.9,10.29,2.17
A00831,S4,2025-06-21 23:03:00,2025-06-22 14:26:00,8.72,15.38,11.34
A00831,S5,2025-06-22 18:01:00,2025-06-22 21:40:00,3.27,3.64,3.59
A00832,S1,2025-06-20 08:43:00,2025-06-20 13:53:00,4.26,5.16,1.72
A00832,S2,2025-06-20 18:44:00,2025-06-21 00:19:00,6.38,5.57,4.85
A00832,S3,2025-06-21 04:27:00,2025-06-21 15:38:00,10.64,11.19,4.14
A00832,S4,2025-06-21 22:49:00,2025-06-22 08:48:00,8.51,9.98,7.18
A00832,S5,2025-06-22 10:21:00,2025-06-22 13:47:00,3.19,3.44,1.55
A00833,S1,2025-06-20 07:02:00,2025-06-20 09:02:00,1.9,2.0,0.04
A00833,S2,2025-06-20 11:23:00,2025-06-20 14:55:00,2.86,3.55,2.34
A00833,S3,2025-06-20 17:16:00,2025-06-20 21:03:00,4.76,3.78,2.35
A00833,S4,2025-06-20 23:33:00,2025-06-21 03:47:00,3.81,4.24,2.49
A00833,S5,2025-06-21 06:09:00,2025-06-21 07:51:00,1.43,1.71,2.36
A00834,S1,2025-06-20 07:35:00,2025-06-20 09:41:00,2.3,2.09,0.59
A00834,S2,2025-06-20 13:28:00,2025-06-20 16:33:00,3.45,3.09,3.78
A00834,S3,2025-06-20 17:56:00,2025-06-21 05:00:00,5.75,11.08,1.38
A00834,S4,2025-06-21 10:27:00,2025-06-21 14:01:00,4.6,3.57,5.44
A00834,S5,2025-06-21 17:56:00,2025-06-21 19:39:00,1.72,1.72,3.92
A00835,S1,2025-06-21 08:37:00,2025-06-21 14:29:00,5.02,5.88,1.61
A00835,S2,2025-06-21 16:19:00,2025-06-21 23:47:00,7.54,7.47,1.83
A00835,S3,2025-06-21 23:58:00,2025-06-22 17:57:00,12.56,17.98,0.19
A00835,S4,2025-06-23 01:55:00,2025-06-23 05:30:00,10.05,3.59,7.96
A00835,S5,2025-06-23 09:17:00,2025-06-23 13:19:00,3.77,4.03,3.78
A00836,S1,2025-06-21 07:16:00,2025-06-21 09:26:00,1.92,2.17,0.26
A00836,S2,2025-06-21 12:54:00,2025-06-21 15:25:00,2.88,2.52,3.46
A00836,S3,2025-06-21 15:33:00,2025-06-21 22:16:00,4.8,6.72,0.13
A00836,S4,2025-06-22 13:01:00,2025-06-22 16:09:00,3.84,3.13,14.75
A00836,S5,2025-06-22 17:19:00,2025-06-22 18:46:00,1.44,1.45,1.17
A00837,S1,2025-06-21 09:37:00,2025-06-21 11:51:00,2.14,2.24,2.62
A00837,S2,2025-06-21 13:01:00,2025-06-21 16:08:00,3.21,3.11,1.16
A00837,S3,2025-06-21 17:19:00,2025-06-21 23:12:00,5.35,5.88,1.18
A00837,S4,2025-06-22 07:27:00,2025-06-22 16:01:00,4.28,8.57,8.26
A00837,S5,2025-06-22 17:37:00,2025-06-22 19:28:00,1.6,1.85,1.6
A00838,S1,2025-06-21 07:35:00,2025-06-21 10:29:00,2.6,2.9,0.58
A00838,S2,2025-06-21 11:37:00,2025-06-21 16:07:00,3.9,4.5,1.13
A00838,S3,2025-06-21 17:56:00,2025-06-22 01:56:00,6.5,8.0,1.83
A00838,S4,2025-06-22 02:38:00,2025-06-22 10:04:00,5.2,7.44,0.7
A00838,S5,2025-06-22 10:16:00,2025-06-22 12:09:00,1.95,1.89,0.19
A00839,S1,2025-06-21 07:33:00,2025-06-21 10:20:00,2.59,2.8,0.55
A00839,S2,2025-06-21 10:48:00,2025-06-21 14:06:00,3.89,3.31,0.46
A00839,S3,2025-06-21 15:30:00,2025-06-21 22:39:00,6.48,7.15,1.39
A00839,S4,2025-06-22 15:37:00,2025-06-22 21:57:00,5.18,6.34,16.96
A00839,S5,2025-06-22 22:48:00,2025-06-23 00:42:00,1.94,1.9,0.84
A00840,S1,2025-06-21 07:06:00,2025-06-21 12:58:00,5.72,5.87,0.1
A00840,S2,2025-06-21 15:21:00,2025-06-21 23:24:00,8.58,8.05,2.39
A00840,S3,2025-06-22 02:14:00,2025-06-22 13:17:00,14.3,11.06,2.83
A00840,S4,2025-06-23 01:02:00,2025-06-23 08:37:00,11.44,7.58,11.74
A00840,S5,2025-06-23 09:49:00,2025-06-23 15:09:00,4.29,5.33,1.21
A00841,S1,2025-06-22 08:27:00,2025-06-22 11:59:00,2.71,3.53,1.45
A00841,S2,2025-06-22 13:11:00,2025-06-22 17:14:00,4.07,4.05,1.21
A00841,S3,2025-06-22 19:24:00,2025-06-23 03:10:00,6.78,7.77,2.17
A00841,S4,2025-06-23 16:30:00,2025-06-23 21:14:00,5.42,4.74,13.34
A00841,S5,2025-06-24 00:08:00,2025-06-24 02:00:00,2.03,1.86,2.9
A00842,S1,2025-06-22 09:40:00,2025-06-22 12:57:00,3.42,3.29,2.67
A00842,S2,2025-06-22 14:48:00,2025-06-22 19:48:00,5.14,5.0,1.84
A00842,S3,2025-06-23 00:41:00,2025-06-23 07:12:00,8.56,6.53,4.88
A00842,S4,2025-06-23 11:57:00,2025-06-23 16:41:00,6.85,4.72,4.75
A00842,S5,2025-06-23 17:03:00,2025-06-23 20:25:00,2.57,3.37,0.37
A00843,S1,2025-06-22 07:11:00,2025-06-22 12:03:00,3.36,4.86,0.18
A00843,S2,2025-06-22 13:31:00,2025-06-22 19:50:00,5.04,6.31,1.48
A00843,S3,2025-06-22 20:11:00,2025-06-23 04:36:00,8.4,8.41,0.36
A00843,S4,2025-06-23 05:40:00,2025-06-23 13:24:00,6.72,7.73,1.07
A00843,S5,2025-06-23 13:54:00,2025-06-23 16:28:00,2.52,2.57,0.49
A00844,S1,2025-06-22 07:18:00,2025-06-22 11:36:00,3.78,4.31,0.29
A00844,S2,2025-06-22 14:20:00,2025-06-22 19:40:00,5.66,5.32,2.74
A00844,S3,2025-06-22 23:00:00,2025-06-23 10:15:00,9.44,11.26,3.33
A00844,S4,2025-06-23 15:45:00,2025-06-23 23:06:00,7.55,7.36,5.49
A00844,S5,2025-06-24 00:47:00,2025-06-24 03:30:00,2.83,2.73,1.67
A00845,S1,2025-06-22 07:38:00,2025-06-22 11:07:00,3.39,3.47,0.64
A00845,S2,2025-06-22 16:04:00,2025-06-22 21:52:00,5.09,5.81,4.95
A00845,S3,2025-06-23 00:40:00,2025-06-23 08:19:00,8.48,7.64,2.8
A00845,S4,2025-06-23 10:59:00,2025-06-23 13:27:00,6.78,2.47,2.67
A00845,S5,2025-06-23 14:18:00,2025-06-23 16:41:00,2.54,2.38,0.84
A00846,S1,2025-06-22 08:03:00,2025-06-22 12:35:00,4.32,4.52,1.06
A00846,S2,2025-06-22 16:05:00,2025-06-22 22:30:00,6.48,6.41,3.51
A00846,S3,2025-06-23 02:51:00,2025-06-23 13:17:00,10.8,10.43,4.35
A00846,S4,2025-06-23 15:32:00,2025-06-24 04:54:00,8.64,13.36,2.26
A00846,S5,2025-06-24 09:05:00,2025-06-24 12:10:00,3.24,3.08,4.19
A00847,S1,2025-06-22 08:46:00,2025-06-22 13:50:00,4.67,5.06,1.77
A00847,S2,2025-06-22 14:18:00,2025-06-22 22:34:00,7.01,8.26,0.47
A00847,S3,2025-06-22 22:39:00,2025-06-23 13:34:00,11.68,14.92,0.08
A00847,S4,2025-06-23 17:24:00,2025-06-24 05:41:00,9.34,12.28,3.83
A00847,S5,2025-06-24 12:47:00,2025-06-24 16:22:00,3.5,3.57,7.11
A00848,S1,2025-06-23 10:08:00,2025-06-23 13:24:00,2.6,3.26,3.13
A00848,S2,2025-06-23 15:02:00,2025-06-23 18:43:00,3.9,3.68,1.65
A00848,S3,2025-06-24 00:44:00,2025-06-24 09:28:00,6.5,8.73,6.02
A00848,S4,2025-06-25 05:50:00,2025-06-25 08:35:00,5.2,2.75,20.37
A00848,S5,2025-06-25 08:46:00,2025-06-25 10:53:00,1.95,2.12,0.18
A00849,S1,2025-06-23 08:09:00,2025-06-23 12:49:00,4.24,4.67,1.14
A00849,S2,2025-06-23 12:51:00,2025-06-23 18:44:00,6.36,5.89,0.03
A00849,S3,2025-06-23 19:50:00,2025-06-24 02:55:00,10.6,7.08,1.1
A00849,S4,2025-06-24 09:23:00,2025-06-24 17:14:00,8.48,7.85,6.48
A00849,S5,2025-06-24 17:55:00,2025-06-24 21:05:00,3.18,3.16,0.68
A00850,S1,2025-06-23 08:09:00,2025-06-23 10:35:00,2.38,2.43,1.16
A00850,S2,2025-06-23 14:13:00,2025-06-23 18:01:00,3.58,3.79,3.63
A00850,S3,2025-06-23 18:46:00,2025-06-24 01:44:00,5.96,6.96,0.76
A00850,S4,2025-06-24 14:56:00,2025-06-24 17:17:00,4.77,2.36,13.2
A00850,S5,2025-06-24 18:44:00,2025-06-24 20:23:00,1.79,1.66,1.44
A00851,S1,2025-06-23 07:53:00,2025-06-23 09:54:00,1.98,2.01,0.89
A00851,S2,2025-06-23 13:41:00,2025-06-23 17:04:00,2.98,3.39,3.78
A00851,S3,2025-06-23 17:06:00,2025-06-23 22:40:00,4.96,5.57,0.03
A00851,S4,2025-06-23 22:52:00,2025-06-24 01:07:00,3.97,2.24,0.2
A00851,S5,2025-06-24 03:09:00,2025-06-24 04:40:00,1.49,1.53,2.03
A00852,S1,2025-06-24 07:39:00,2025-06-24 10:10:00,2.34,2.52,0.66
A00852,S2,2025-06-24 10:13:00,2025-06-24 13:50:00,3.51,3.62,0.05
A00852,S3,2025-06-24 14:38:00,2025-06-24 19:00:00,5.85,4.37,0.79
A00852,S4,2025-06-25 06:00:00,2025-06-25 08:12:00,4.68,2.21,10.99
A00852,S5,2025-06-25 10:08:00,2025-06-25 11:54:00,1.76,1.77,1.92
A00853,S1,2025-06-24 07:13:00,2025-06-24 13:04:00,5.96,5.86,0.21
A00853,S2,2025-06-24 15:03:00,2025-06-25 00:17:00,8.94,9.23,1.99
A00853,S3,2025-06-25 04:08:00,2025-06-26 02:06:00,14.9,21.98,3.84
A00853,S4,2025-06-26 05:19:00,2025-06-26 19:23:00,11.92,14.07,3.2
A00853,S5,2025-06-26 22:35:00,2025-06-27 03:09:00,4.47,4.58,3.2
A00854,S1,2025-06-24 07:15:00,2025-06-24 09:53:00,2.54,2.63,0.25
A00854,S2,2025-06-24 11:26:00,2025-06-24 16:07:00,3.82,4.68,1.55
A00854,S3,2025-06-25 09:04:00,2025-06-25 17:58:00,6.36,8.9,16.96
A00854,S4,2025-06-26 06:03:00,2025-06-26 16:27:00,5.09,10.41,12.07
A00854,S5,2025-06-26 19:07:00,2025-06-26 20:54:00,1.91,1.78,2.66
A00855,S1,2025-06-24 07:20:00,2025-06-24 11:47:00,4.13,4.44,0.34
A00855,S2,2025-06-24 13:13:00,2025-06-24 19:00:00,6.19,5.78,1.44
A00855,S3,2025-06-24 19:30:00,2025-06-25 09:06:00,10.32,13.61,0.49
A00855,S4,2025-06-25 15:30:00,2025-06-26 05:26:00,8.26,13.93,6.4
A00855,S5,2025-06-26 08:58:00,2025-06-26 11:28:00,3.1,2.5,3.54
A00856,S1,2025-06-24 07:48:00,2025-06-24 10:58:00,3.19,3.17,0.8
A00856,S2,2025-06-24 14:59:00,2025-06-24 20:48:00,4.79,5.8,4.02
A00856,S3,2025-06-25 02:16:00,2025-06-25 11:33:00,7.98,9.27,5.48
A00856,S4,2025-06-25 18:14:00,2025-06-26 01:22:00,6.38,7.14,6.68
A00856,S5,2025-06-26 05:57:00,2025-06-26 08:26:00,2.39,2.48,4.58
A00857,S1,2025-06-25 07:46:00,2025-06-25 10:21:00,2.53,2.57,0.77
A00857,S2,2025-06-25 10:42:00,2025-06-25 13:44:00,3.79,3.04,0.35
A00857,S3,2025-06-25 15:09:00,2025-06-25 22:05:00,6.32,6.94,1.4
A00857,S4,2025-06-26 04:27:00,2025-06-26 10:09:00,5.06,5.7,6.36
A00857,S5,2025-06-26 10:39:00,2025-06-26 12:35:00,1.9,1.93,0.5
A00858,S1,2025-06-25 07:30:00,2025-06-25 10:17:00,2.46,2.78,0.51
A00858,S2,2025-06-25 10:35:00,2025-06-25 15:01:00,3.69,4.43,0.3
A00858,S3,2025-06-25 19:32:00,2025-06-26 01:43:00,6.15,6.19,4.51
A00858,S4,2025-06-26 06:02:00,2025-06-26 13:54:00,4.92,7.87,4.3
A00858,S5,2025-06-26 14:01:00,2025-06-26 16:01:00,1.84,1.99,0.13
A00859,S1,2025-06-25 07:02:00,2025-06-25 08:34:00,1.68,1.54,0.03
A00859,S2,2025-06-25 15:18:00,2025-06-25 18:05:00,2.52,2.78,6.73
A00859,S3,2025-06-25 20:52:00,2025-06-26 00:59:00,4.2,4.12,2.79
A00859,S4,2025-06-26 09:52:00,2025-06-26 13:09:00,3.36,3.28,8.88
A00859,S5,2025-06-27 01:16:00,2025-06-27 02:52:00,1.26,1.6,12.11
A00860,S1,2025-06-25 08:29:00,2025-06-25 11:39:00,2.82,3.17,1.48
A00860,S2,2025-06-25 11:59:00,2025-06-25 16:06:00,4.23,4.12,0.34
A00860,S3,2025-06-25 16:46:00,2025-06-25 21:46:00,7.05,5.0,0.66
A00860,S4,2025-06-27 08:54:00,2025-06-27 16:01:00,5.64,7.13,35.13
A00860,S5,2025-06-27 18:14:00,2025-06-27 20:29:00,2.11,2.25,2.21
A00861,S1,2025-06-25 07:20:00,2025-06-25 09:51:00,2.69,2.52,0.33
A00861,S2,2025-06-25 16:34:00,2025-06-25 20:30:00,4.03,3.93,6.72
A00861,S3,2025-06-26 00:36:00,2025-06-26 06:48:00,6.72,6.19,4.1
A00861,S4,2025-06-26 07:59:00,2025-06-26 11:33:00,5.38,3.57,1.18
A00861,S5,2025-06-26 12:40:00,2025-06-26 14:43:00,2.02,2.04,1.12
A00862,S1,2025-06-25 07:25:00,2025-06-25 09:40:00,2.32,2.26,0.41
A00862,S2,2025-06-25 14:16:00,2025-06-25 17:29:00,3.48,3.22,4.6
A00862,S3,2025-06-25 20:38:00,2025-06-26 04:08:00,5.8,7.5,3.15
A00862,S4,2025-06-26 11:03:00,2025-06-26 14:04:00,4.64,3.02,6.92
A00862,S5,2025-06-26 16:43:00,2025-06-26 18:46:00,1.74,2.06,2.65
A00863,S1,2025-06-25 07:15:00,2025-06-25 09:14:00,1.97,1.98,0.25
A00863,S2,2025-06-25 21:07:00,2025-06-25 23:38:00,2.95,2.52,11.89
A00863,S3,2025-06-26 01:10:00,2025-06-26 05:30:00,4.92,4.34,1.52
A00863,S4,2025-06-27 06:15:00,2025-06-27 10:31:00,3.94,4.28,24.74
A00863,S5,2025-06-27 14:36:00,2025-06-27 16:11:00,1.48,1.58,4.09
A00864,S1,2025-06-25 08:00:00,2025-06-25 11:22:00,3.14,3.36,1.0
A00864,S2,2025-06-25 11:22:00,2025-06-25 16:41:00,4.72,5.31,0.01
A00864,S3,2025-06-25 18:09:00,2025-06-26 00:05:00,7.86,5.93,1.46
A00864,S4,2025-06-26 04:35:00,2025-06-26 14:10:00,6.29,9.57,4.5
A00864,S5,2025-06-26 16:38:00,2025-06-26 18:43:00,2.36,2.1,2.47
A00865,S1,2025-06-25 08:26:00,2025-06-25 13:24:00,5.16,4.97,1.43
A00865,S2,2025-06-26 00:19:00,2025-06-26 09:46:00,7.74,9.45,10.91
A00865,S3,2025-06-26 11:59:00,2025-06-26 23:27:00,12.9,11.47,2.22
A00865,S4,2025-06-27 05:54:00,2025-06-28 00:45:00,10.32,18.85,6.45
A00865,S5,2025-06-28 03:34:00,2025-06-28 07:18:00,3.87,3.74,2.81
A00866,S1,2025-06-25 08:54:00,2025-06-25 11:20:00,2.21,2.44,1.89
A00866,S2,2025-06-25 13:00:00,2025-06-25 16:52:00,3.31,3.87,1.67
A00866,S3,2025-06-25 19:09:00,2025-06-26 01:50:00,5.52,6.67,2.29
A00866,S4,2025-06-26 06:45:00,2025-06-26 11:58:00,4.42,5.22,4.93
A00866,S5,2025-06-26 12:47:00,2025-06-26 14:44:00,1.66,1.95,0.82
A00867,S1,2025-06-26 08:07:00,2025-06-26 13:02:00,4.44,4.91,1.12
A00867,S2,2025-06-26 13:16:00,2025-06-26 21:09:00,6.66,7.88,0.23
A00867,S3,2025-06-27 01:57:00,2025-06-27 14:46:00,11.1,12.82,4.8
A00867,S4,2025-06-27 16:15:00,2025-06-27 22:52:00,8.88,6.62,1.48
A00867,S5,2025-06-28 03:45:00,2025-06-28 06:50:00,3.33,3.09,4.88
A00868,S1,2025-06-26 09:13:00,2025-06-26 12:17:00,3.58,3.08,2.21
A00868,S2,2025-06-26 12:43:00,2025-06-26 20:25:00,5.36,7.7,0.42
A00868,S3,2025-06-27 00:31:00,2025-06-27 08:32:00,8.94,8.02,4.1
A00868,S4,2025-06-27 09:55:00,2025-06-27 21:25:00,7.15,11.5,1.39
A00868,S5,2025-06-27 22:32:00,2025-06-28 01:11:00,2.68,2.65,1.12
A00869,S1,2025-06-26 07:18:00,2025-06-26 09:30:00,2.29,2.19,0.3
A00869,S2,2025-06-26 11:37:00,2025-06-26 15:55:00,3.43,4.29,2.13
A00869,S3,2025-06-26 16:13:00,2025-06-26 20:37:00,5.72,4.41,0.3
A00869,S4,2025-06-27 13:37:00,2025-06-27 16:52:00,4.58,3.26,16.99
A00869,S5,2025-06-27 23:16:00,2025-06-28 00:44:00,1.72,1.47,6.39
A00870,S1,2025-06-26 07:11:00,2025-06-26 10:15:00,2.46,3.06,0.19
A00870,S2,2025-06-26 13:56:00,2025-06-26 17:43:00,3.69,3.78,3.68
A00870,S3,2025-06-26 17:55:00,2025-06-27 00:05:00,6.15,6.17,0.2
A00870,S4,2025-06-27 07:01:00,2025-06-27 12:44:00,4.92,5.71,6.94
A00870,S5,2025-06-27 13:08:00,2025-06-27 15:41:00,1.84,2.56,0.4
A00871,S1,2025-06-26 08:43:00,2025-06-26 13:34:00,4.45,4.85,1.72
A00871,S2,2025-06-26 18:25:00,2025-06-27 01:55:00,6.67,7.5,4.85
A00871,S3,2025-06-27 03:28:00,2025-06-27 12:50:00,11.12,9.37,1.55
A00871,S4,2025-06-27 13:46:00,2025-06-28 03:01:00,8.9,13.26,0.94
A00871,S5,2025-06-28 03:24:00,2025-06-28 07:13:00,3.34,3.82,0.38
A00872,S1,2025-06-27 07:12:00,2025-06-27 12:24:00,4.56,5.2,0.2
A00872,S2,2025-06-27 12:27:00,2025-06-27 19:35:00,6.84,7.12,0.05
A00872,S3,2025-06-28 00:12:00,2025-06-28 16:40:00,11.4,16.48,4.62
A00872,S4,2025-06-28 19:20:00,2025-06-29 05:10:00,9.12,9.84,2.65
A00872,S5,2025-06-29 06:56:00,2025-06-29 10:29:00,3.42,3.56,1.75
A00873,S1,2025-06-28 08:12:00,2025-06-28 10:51:00,2.54,2.66,1.19
A00873,S2,2025-06-28 12:07:00,2025-06-28 16:38:00,3.82,4.52,1.26
A00873,S3,2025-06-28 19:31:00,2025-06-29 03:15:00,6.36,7.74,2.88
A00873,S4,2025-06-29 10:45:00,2025-06-29 19:13:00,5.09,8.46,7.5
A00873,S5,2025-06-29 19:17:00,2025-06-29 21:19:00,1.91,2.04,0.07
A00874,S1,2025-06-28 07:11:00,2025-06-28 09:40:00,2.22,2.48,0.19
A00874,S2,2025-06-28 11:42:00,2025-06-28 15:58:00,3.34,4.25,2.04
A00874,S3,2025-06-28 16:12:00,2025-06-28 21:35:00,5.56,5.38,0.25
A00874,S4,2025-06-29 08:12:00,2025-06-29 11:44:00,4.45,3.54,10.61
A00874,S5,2025-06-29 12:02:00,2025-06-29 13:59:00,1.67,1.95,0.29
A00875,S1,2025-06-28 08:20:00,2025-06-28 11:59:00,3.65,3.65,1.33
A00875,S2,2025-06-28 15:04:00,2025-06-28 21:09:00,5.47,6.09,3.08
A00875,S3,2025-06-28 21:53:00,2025-06-29 10:24:00,9.12,12.52,0.72
A00875,S4,2025-06-29 12:53:00,2025-06-29 18:30:00,7.3,5.61,2.49
A00875,S5,2025-06-29 20:27:00,2025-06-29 23:21:00,2.74,2.9,1.95
A00876,S1,2025-06-28 08:08:00,2025-06-28 13:33:00,4.29,5.41,1.14
A00876,S2,2025-06-28 15:19:00,2025-06-28 23:34:00,6.43,8.24,1.78
A00876,S3,2025-06-29 01:56:00,2025-06-29 14:32:00,10.72,12.6,2.37
A00876,S4,2025-06-29 15:17:00,2025-06-30 02:10:00,8.58,10.89,0.75
A00876,S5,2025-06-30 05:24:00,2025-06-30 08:32:00,3.22,3.14,3.23
A00877,S1,2025-06-28 07:28:00,2025-06-28 10:29:00,2.93,3.02,0.47
A00877,S2,2025-06-28 13:44:00,2025-06-28 18:41:00,4.39,4.96,3.24
A00877,S3,2025-06-28 19:22:00,2025-06-29 01:17:00,7.32,5.91,0.69
A00877,S4,2025-06-29 02:22:00,2025-06-29 07:38:00,5.86,5.26,1.08
A00877,S5,2025-06-29 11:26:00,2025-06-29 13:37:00,2.2,2.17,3.81
A00878,S1,2025-06-29 08:17:00,2025-06-29 13:10:00,5.24,4.9,1.28
A00878,S2,2025-06-29 13:51:00,2025-06-29 22:51:00,7.86,9.0,0.68
A00878,S3,2025-06-30 01:21:00,2025-06-30 15:25:00,13.1,14.08,2.49
A00878,S4,2025-06-30 18:14:00,2025-07-01 07:08:00,10.48,12.9,2.82
A00878,S5,2025-07-01 08:25:00,2025-07-01 13:45:00,3.93,5.33,1.28
A00879,S1,2025-06-29 07:08:00,2025-06-29 09:30:00,2.13,2.37,0.13
A00879,S2,2025-06-29 10:09:00,2025-06-29 13:30:00,3.19,3.36,0.65
A00879,S3,2025-06-29 19:07:00,2025-06-29 23:47:00,5.32,4.66,5.61
A00879,S4,2025-06-30 05:08:00,2025-06-30 07:39:00,4.26,2.51,5.36
A00879,S5,2025-06-30 11:06:00,2025-06-30 12:55:00,1.6,1.82,3.45
A00880,S1,2025-06-29 09:45:00,2025-06-29 15:29:00,4.74,5.72,2.75
A00880,S2,2025-06-29 19:05:00,2025-06-30 04:01:00,7.1,8.93,3.6
A00880,S3,2025-06-30 22:07:00,2025-07-01 11:57:00,11.84,13.82,18.11
A00880,S4,2025-07-01 13:17:00,2025-07-02 03:23:00,9.47,14.11,1.33
A00880,S5,2025-07-02 08:40:00,2025-07-02 11:58:00,3.55,3.31,5.28
A00881,S1,2025-06-29 08:29:00,2025-06-29 12:02:00,3.41,3.56,1.48
A00881,S2,2025-06-29 13:32:00,2025-06-29 18:53:00,5.11,5.36,1.49
A00881,S3,2025-06-29 19:33:00,2025-06-30 03:23:00,8.52,7.83,0.66
A00881,S4,2025-06-30 09:38:00,2025-06-30 14:00:00,6.82,4.38,6.24
A00881,S5,2025-06-30 16:02:00,2025-06-30 18:27:00,2.56,2.41,2.02
A00882,S1,2025-06-29 10:19:00,2025-06-29 16:16:00,5.84,5.96,3.31
A00882,S2,2025-06-29 16:42:00,2025-06-30 00:39:00,8.76,7.95,0.43
A00882,S3,2025-06-30 03:17:00,2025-06-30 18:57:00,14.6,15.68,2.63
A00882,S4,2025-07-02 12:37:00,2025-07-03 02:14:00,11.68,13.62,41.67
A00882,S5,2025-07-03 02:32:00,2025-07-03 07:20:00,4.38,4.8,0.3
A00883,S1,2025-06-29 07:07:00,2025-06-29 09:10:00,2.28,2.05,0.11
A00883,S2,2025-06-29 12:11:00,2025-06-29 15:43:00,3.42,3.55,3.02
A00883,S3,2025-06-29 20:12:00,2025-06-30 03:53:00,5.7,7.68,4.48
A00883,S4,2025-06-30 07:03:00,2025-06-30 10:22:00,4.56,3.33,3.16
A00883,S5,2025-06-30 16:54:00,2025-06-30 18:39:00,1.71,1.76,6.52
A00884,S1,2025-06-29 07:55:00,2025-06-29 12:55:00,4.93,5.0,0.91
A00884,S2,2025-06-29 13:31:00,2025-06-29 21:30:00,7.39,7.98,0.61
A00884,S3,2025-06-29 22:01:00,2025-06-30 13:21:00,12.32,15.33,0.52
A00884,S4,2025-07-01 01:16:00,2025-07-01 06:42:00,9.86,5.44,11.92
A00884,S5,2025-07-01 08:07:00,2025-07-01 12:04:00,3.7,3.94,1.41
A00885,S1,2025-06-30 08:14:00,2025-06-30 11:18:00,3.18,3.08,1.23
A00885,S2,2025-06-30 15:17:00,2025-06-30 19:33:00,4.77,4.28,3.97
A00885,S3,2025-06-30 21:02:00,2025-07-01 05:26:00,7.95,8.4,1.48
A00885,S4,2025-07-01 13:41:00,2025-07-01 17:45:00,6.36,4.07,8.24
A00885,S5,2025-07-01 19:08:00,2025-07-01 21:21:00,2.38,2.21,1.39
A00886,S1,2025-06-30 07:10:00,2025-06-30 10:09:00,3.05,2.97,0.17
A00886,S2,2025-06-30 16:02:00,2025-06-30 20:52:00,4.57,4.84,5.89
A00886,S3,2025-07-01 00:21:00,2025-07-01 08:39:00,7.62,8.3,3.48
A00886,S4,2025-07-01 15:36:00,2025-07-01 20:04:00,6.1,4.46,6.95
A00886,S5,2025-07-01 20:19:00,2025-07-01 22:38:00,2.29,2.31,0.25
A00887,S1,2025-06-30 08:14:00,2025-06-30 10:37:00,2.36,2.38,1.24
A00887,S2,2025-06-30 11:05:00,2025-06-30 14:38:00,3.54,3.56,0.46
A00887,S3,2025-06-30 19:23:00,2025-07-01 01:13:00,5.9,5.83,4.74
A00887,S4,2025-07-01 03:17:00,2025-07-01 09:53:00,4.72,6.6,2.07
A00887,S5,2025-07-02 05:00:00,2025-07-02 07:09:00,1.77,2.14,19.12
A00888,S1,2025-07-01 08:22:00,2025-07-01 14:07:00,5.44,5.75,1.37
A00888,S2,2025-07-01 15:49:00,2025-07-01 23:23:00,8.16,7.55,1.71
A00888,S3,2025-07-02 02:41:00,2025-07-02 17:35:00,13.6,14.9,3.31
A00888,S4,2025-07-02 18:42:00,2025-07-03 02:02:00,10.88,7.33,1.11
A00888,S5,2025-07-03 03:57:00,2025-07-03 07:30:00,4.08,3.55,1.92
A00889,S1,2025-07-01 07:41:00,2025-07-01 12:56:00,4.84,5.24,0.69
A00889,S2,2025-07-01 14:22:00,2025-07-01 22:41:00,7.26,8.32,1.45
A00889,S3,2025-07-02 01:52:00,2025-07-02 16:20:00,12.1,14.47,3.17
A00889,S4,2025-07-02 20:29:00,2025-07-03 15:58:00,9.68,19.49,4.15
A00889,S5,2025-07-03 16:54:00,2025-07-03 20:26:00,3.63,3.52,0.93
A00890,S1,2025-07-01 07:52:00,2025-07-01 11:18:00,3.36,3.45,0.86
A00890,S2,2025-07-01 11:55:00,2025-07-01 18:40:00,5.04,6.76,0.61
A00890,S3,2025-07-01 18:57:00,2025-07-02 05:05:00,8.4,10.13,0.28
A00890,S4,2025-07-02 11:58:00,2025-07-02 16:01:00,6.72,4.07,6.88
A00890,S5,2025-07-02 20:12:00,2025-07-02 22:41:00,2.52,2.48,4.18
A00891,S1,2025-07-01 11:03:00,2025-07-01 13:39:00,2.48,2.58,4.06
A00891,S2,2025-07-01 13:55:00,2025-07-01 19:28:00,3.72,5.54,0.27
A00891,S3,2025-07-01 19:35:00,2025-07-02 02:47:00,6.2,7.2,0.12
A00891,S4,2025-07-02 16:32:00,2025-07-02 20:41:00,4.96,4.15,13.74
A00891,S5,2025-07-03 00:03:00,2025-07-03 01:40:00,1.86,1.61,3.37
A00892,S1,2025-07-01 08:04:00,2025-07-01 11:42:00,3.67,3.62,1.07
A00892,S2,2025-07-01 12:08:00,2025-07-01 17:57:00,5.51,5.82,0.44
A00892,S3,2025-07-01 22:56:00,2025-07-02 08:00:00,9.18,9.06,4.98
A00892,S4,2025-07-02 17:29:00,2025-07-02 22:17:00,7.34,4.8,9.48
A00892,S5,2025-07-03 06:26:00,2025-07-03 09:09:00,2.75,2.73,8.15
A00893,S1,2025-07-02 07:04:00,2025-07-02 09:19:00,2.16,2.25,0.07
A00893,S2,2025-07-02 15:35:00,2025-07-02 20:31:00,3.24,4.94,6.26
A00893,S3,2025-07-02 20:52:00,2025-07-03 03:55:00,5.4,7.06,0.35
A00893,S4,2025-07-03 16:29:00,2025-07-03 21:26:00,4.32,4.95,12.56
A00893,S5,2025-07-03 21:29:00,2025-07-03 23:19:00,1.62,1.84,0.04
A00894,S1,2025-07-02 07:44:00,2025-07-02 11:13:00,3.22,3.48,0.74
A00894,S2,2025-07-02 14:37:00,2025-07-02 18:35:00,4.82,3.97,3.4
A00894,S3,2025-07-02 20:05:00,2025-07-03 02:51:00,8.04,6.76,1.5
A00894,S4,2025-07-03 04:57:00,2025-07-03 12:03:00,6.43,7.1,2.1
A00894,S5,2025-07-03 15:03:00,2025-07-03 17:22:00,2.41,2.32,3.01
A00895,S1,2025-07-02 08:43:00,2025-07-02 14:31:00,5.28,5.8,1.72
A00895,S2,2025-07-02 14:41:00,2025-07-02 22:47:00,7.92,8.11,0.17
A00895,S3,2025-07-03 03:09:00,2025-07-03 19:59:00,13.2,16.85,4.35
A00895,S4,2025-07-03 22:08:00,2025-07-04 07:18:00,10.56,9.17,2.14
A00895,S5,2025-07-04 10:13:00,2025-07-04 14:07:00,3.96,3.9,2.92
A00896,S1,2025-07-02 08:19:00,2025-07-02 12:37:00,4.42,4.29,1.32
A00896,S2,2025-07-02 12:49:00,2025-07-02 19:33:00,6.62,6.74,0.2
A00896,S3,2025-07-02 23:36:00,2025-07-03 09:53:00,11.04,10.27,4.06
A00896,S4,2025-07-03 13:57:00,2025-07-03 20:51:00,8.83,6.91,4.07
A00896,S5,2025-07-03 22:37:00,2025-07-04 02:17:00,3.31,3.67,1.77
A00897,S1,2025-07-02 08:23:00,2025-07-02 10:55:00,2.13,2.54,1.38
A00897,S2,2025-07-02 16:02:00,2025-07-02 18:40:00,3.19,2.62,5.12
A00897,S3,2025-07-02 23:40:00,2025-07-03 05:31:00,5.32,5.85,5.0
A00897,S4,2025-07-03 18:01:00,2025-07-03 23:02:00,4.26,5.02,12.51
A00897,S5,2025-07-04 03:34:00,2025-07-04 05:31:00,1.6,1.94,4.53
A00898,S1,2025-07-03 07:03:00,2025-07-03 09:06:00,2.3,2.04,0.06
A00898,S2,2025-07-03 13:43:00,2025-07-03 17:06:00,3.46,3.38,4.62
A00898,S3,2025-07-03 18:06:00,2025-07-04 01:55:00,5.76,7.82,1.0
A00898,S4,2025-07-05 01:38:00,2025-07-05 06:00:00,4.61,4.35,23.72
A00898,S5,2025-07-05 09:11:00,2025-07-05 11:00:00,1.73,1.81,3.2
A00899,S1,2025-07-03 07:21:00,2025-07-03 10:50:00,3.41,3.48,0.35
A00899,S2,2025-07-03 11:08:00,2025-07-03 16:31:00,5.11,5.38,0.31
A00899,S3,2025-07-03 18:18:00,2025-07-04 00:55:00,8.52,6.6,1.79
A00899,S4,2025-07-04 07:38:00,2025-07-04 14:48:00,6.82,7.17,6.72
A00899,S5,2025-07-04 17:29:00,2025-07-04 20:04:00,2.56,2.58,2.68
A00900,S1,2025-07-03 07:15:00,2025-07-03 09:41:00,2.32,2.42,0.26
A00900,S2,2025-07-03 10:34:00,2025-07-03 15:10:00,3.48,4.6,0.89
A00900,S3,2025-07-03 16:58:00,2025-07-03 23:36:00,5.8,6.64,1.79
A00900,S4,2025-07-04 22:50:00,2025-07-05 03:24:00,4.64,4.57,23.22
A00900,S5,2025-07-05 05:21:00,2025-07-05 07:26:00,1.74,2.09,1.95
A00901,S1,2025-07-03 07:41:00,2025-07-03 13:08:00,4.58,5.45,0.68
A00901,S2,2025-07-03 15:50:00,2025-07-03 23:25:00,6.86,7.59,2.7
A00901,S3,2025-07-04 01:25:00,2025-07-04 14:39:00,11.44,13.22,2.0
A00901,S4,2025-07-05 16:11:00,2025-07-06 04:27:00,9.15,12.27,25.53
A00901,S5,2025-07-06 05:06:00,2025-07-06 08:36:00,3.43,3.49,0.65
A00902,S1,2025-07-03 07:21:00,2025-07-03 09:28:00,2.3,2.11,0.35
A00902,S2,2025-07-03 15:34:00,2025-07-03 19:17:00,3.46,3.72,6.11
A00902,S3,2025-07-03 22:23:00,2025-07-04 03:32:00,5.76,5.14,3.1
A00902,S4,2025-07-04 07:29:00,2025-07-04 14:14:00,4.61,6.75,3.95
A00902,S5,2025-07-04 16:47:00,2025-07-04 18:25:00,1.73,1.63,2.55
A00903,S1,2025-07-03 08:04:00,2025-07-03 10:40:00,2.66,2.6,1.07
A00903,S2,2025-07-03 11:48:00,2025-07-03 15:35:00,3.99,3.79,1.14
A00903,S3,2025-07-03 17:30:00,2025-07-04 00:50:00,6.65,7.33,1.91
A00903,S4,2025-07-04 03:29:00,2025-07-04 09:05:00,5.32,5.61,2.65
A00903,S5,2025-07-04 11:29:00,2025-07-04 13:36:00,2.0,2.12,2.39
A00904,S1,2025-07-03 07:43:00,2025-07-03 11:07:00,3.1,3.39,0.72
A00904,S2,2025-07-03 12:07:00,2025-07-03 17:42:00,4.65,5.59,1.01
A00904,S3,2025-07-03 19:36:00,2025-07-04 03:25:00,7.75,7.82,1.89
A00904,S4,2025-07-04 03:28:00,2025-07-04 09:21:00,6.2,5.88,0.05
A00904,S5,2025-07-04 10:59:00,2025-07-04 13:21:00,2.33,2.37,1.63
A00905,S1,2025-07-03 07:13:00,2025-07-03 11:10:00,3.19,3.96,0.21
A00905,S2,2025-07-03 14:02:00,2025-07-03 19:47:00,4.79,5.74,2.87
A00905,S3,2025-07-04 00:12:00,2025-07-04 06:22:00,7.98,6.17,4.42
A00905,S4,2025-07-04 15:40:00,2025-07-04 21:40:00,6.38,6.0,9.31
A00905,S5,2025-07-04 23:57:00,2025-07-05 02:25:00,2.39,2.47,2.28
A00906,S1,2025-07-03 08:46:00,2025-07-03 15:01:00,5.24,6.26,1.76
A00906,S2,2025-07-03 16:19:00,2025-07-03 23:36:00,7.86,7.28,1.29
A00906,S3,2025-07-04 02:57:00,2025-07-04 15:31:00,13.1,12.57,3.35
A00906,S4,2025-07-04 18:20:00,2025-07-05 10:57:00,10.48,16.61,2.81
A00906,S5,2025-07-05 13:26:00,2025-07-05 17:27:00,3.93,4.02,2.48
A00907,S1,2025-07-03 08:13:00,2025-07-03 11:09:00,2.5,2.93,1.21
A00907,S2,2025-07-03 13:40:00,2025-07-03 18:18:00,3.75,4.64,2.51
A00907,S3,2025-07-03 20:43:00,2025-07-04 07:11:00,6.25,10.46,2.42
A00907,S4,2025-07-04 07:41:00,2025-07-04 12:46:00,5.0,5.08,0.5
A00907,S5,2025-07-04 13:20:00,2025-07-04 15:15:00,1.88,1.91,0.58
A00908,S1,2025-07-03 07:16:00,2025-07-03 09:25:00,2.4,2.15,0.27
A00908,S2,2025-07-03 10:58:00,2025-07-03 13:45:00,3.6,2.78,1.55
A00908,S3,2025-07-03 15:16:00,2025-07-03 21:53:00,6.0,6.62,1.52
A00908,S4,2025-07-04 06:34:00,2025-07-04 10:56:00,4.8,4.37,8.68
A00908,S5,2025-07-04 13:33:00,2025-07-04 15:18:00,1.8,1.75,2.61
A00909,S1,2025-07-04 08:38:00,2025-07-04 10:46:00,2.22,2.14,1.63
A00909,S2,2025-07-04 13:46:00,2025-07-04 17:25:00,3.34,3.65,3.0
A00909,S3,2025-07-04 19:31:00,2025-07-05 05:00:00,5.56,9.49,2.1
A00909,S4,2025-07-05 09:01:00,2025-07-05 13:16:00,4.45,4.25,4.02
A00909,S5,2025-07-05 21:34:00,2025-07-05 23:15:00,1.67,1.68,8.29
A00910,S1,2025-07-04 07:58:00,2025-07-04 12:01:00,4.06,4.04,0.97
A00910,S2,2025-07-04 15:05:00,2025-07-04 20:37:00,6.1,5.53,3.08
A00910,S3,2025-07-04 21:10:00,2025-07-05 06:54:00,10.16,9.74,0.55
A00910,S4,2025-07-06 02:19:00,2025-07-06 11:28:00,8.13,9.15,19.41
A00910,S5,2025-07-06 11:30:00,2025-07-06 14:57:00,3.05,3.45,0.03
A00911,S1,2025-07-04 07:52:00,2025-07-04 12:45:00,4.68,4.87,0.87
A00911,S2,2025-07-04 14:10:00,2025-07-04 21:32:00,7.02,7.37,1.42
A00911,S3,2025-07-05 01:40:00,2025-07-05 13:58:00,11.7,12.31,4.14
A00911,S4,2025-07-05 14:50:00,2025-07-06 02:55:00,9.36,12.09,0.85
A00911,S5,2025-07-06 03:44:00,2025-07-06 07:38:00,3.51,3.89,0.82
A00912,S1,2025-07-04 07:50:00,2025-07-04 10:25:00,2.86,2.59,0.83
A00912,S2,2025-07-04 10:41:00,2025-07-04 14:53:00,4.29,4.21,0.26
A00912,S3,2025-07-04 18:15:00,2025-07-05 02:00:00,7.15,7.75,3.36
A00912,S4,2025-07-05 04:31:00,2025-07-05 08:13:00,5.72,3.71,2.51
A00912,S5,2025-07-05 14:05:00,2025-07-05 16:16:00,2.14,2.18,5.87
A00913,S1,2025-07-05 07:01:00,2025-07-05 10:01:00,2.68,3.01,0.02
A00913,S2,2025-07-05 13:01:00,2025-07-05 17:15:00,4.02,4.24,2.99
A00913,S3,2025-07-05 17:24:00,2025-07-06 00:47:00,6.7,7.38,0.15
A00913,S4,2025-07-06 11:36:00,2025-07-06 18:08:00,5.36,6.54,10.82
A00913,S5,2025-07-06 21:02:00,2025-07-06 23:10:00,2.01,2.13,2.9
A00914,S1,2025-07-05 09:58:00,2025-07-05 11:58:00,2.27,2.0,2.97
A00914,S2,2025-07-05 14:49:00,2025-07-05 18:56:00,3.41,4.11,2.85
A00914,S3,2025-07-05 21:52:00,2025-07-06 02:30:00,5.68,4.64,2.92
A00914,S4,2025-07-06 03:52:00,2025-07-06 08:01:00,4.54,4.15,1.37
A00914,S5,2025-07-06 12:02:00,2025-07-06 13:53:00,1.7,1.85,4.01
A00915,S1,2025-07-05 07:06:00,2025-07-05 10:49:00,3.65,3.72,0.1
A00915,S2,2025-07-05 11:48:00,2025-07-05 16:39:00,5.47,4.86,0.97
A00915,S3,2025-07-05 18:07:00,2025-07-06 02:56:00,9.12,8.82,1.46
A00915,S4,2025-07-06 22:06:00,2025-07-07 06:34:00,7.3,8.47,19.17
A00915,S5,2025-07-07 11:05:00,2025-07-07 14:13:00,2.74,3.13,4.52
A00916,S1,2025-07-05 08:03:00,2025-07-05 13:48:00,5.44,5.75,1.05
A00916,S2,2025-07-05 18:14:00,2025-07-06 01:12:00,8.16,6.97,4.43
A00916,S3,2025-07-06 03:46:00,2025-07-06 16:03:00,13.6,12.29,2.57
A00916,S4,2025-07-06 19:44:00,2025-07-07 11:46:00,10.88,16.04,3.68
A00916,S5,2025-07-07 11:58:00,2025-07-07 16:47:00,4.08,4.81,0.21
A00917,S1,2025-07-05 08:00:00,2025-07-05 11:29:00,3.38,3.48,1.0
A00917,S2,2025-07-05 12:26:00,2025-07-05 17:40:00,5.08,5.24,0.95
A00917,S3,2025-07-05 19:53:00,2025-07-06 02:06:00,8.46,6.22,2.22
A00917,S4,2025-07-06 02:40:00,2025-07-06 07:28:00,6.77,4.8,0.56
A00917,S5,2025-07-06 09:21:00,2025-07-06 12:13:00,2.54,2.87,1.87
A00918,S1,2025-07-05 07:38:00,2025-07-05 09:54:00,2.22,2.26,0.63
A00918,S2,2025-07-05 10:37:00,2025-07-05 14:25:00,3.34,3.8,0.72
A00918,S3,2025-07-05 14:37:00,2025-07-05 19:53:00,5.56,5.26,0.21
A00918,S4,2025-07-06 00:54:00,2025-07-06 06:59:00,4.45,6.09,5.01
A00918,S5,2025-07-06 17:32:00,2025-07-06 19:25:00,1.67,1.88,10.55
A00919,S1,2025-07-05 07:02:00,2025-07-05 09:11:00,2.08,2.14,0.04
A00919,S2,2025-07-05 10:39:00,2025-07-05 13:04:00,3.12,2.42,1.47
A00919,S3,2025-07-05 16:05:00,2025-07-05 20:58:00,5.2,4.88,3.01
A00919,S4,2025-07-06 12:32:00,2025-07-06 17:25:00,4.16,4.89,15.56
A00919,S5,2025-07-06 18:33:00,2025-07-06 20:02:00,1.56,1.48,1.14
A00920,S1,2025-07-06 07:05:00,2025-07-06 11:41:00,3.97,4.61,0.08
A00920,S2,2025-07-06 11:50:00,2025-07-06 16:35:00,5.95,4.75,0.15
A00920,S3,2025-07-06 17:52:00,2025-07-07 04:31:00,9.92,10.66,1.27
A00920,S4,2025-07-07 14:09:00,2025-07-08 05:00:00,7.94,14.84,9.64
A00920,S5,2025-07-08 05:11:00,2025-07-08 08:24:00,2.98,3.22,0.19
A00921,S1,2025-07-06 07:54:00,2025-07-06 12:08:00,3.67,4.24,0.89
A00921,S2,2025-07-06 12:34:00,2025-07-06 17:58:00,5.51,5.4,0.43
A00921,S3,2025-07-06 18:29:00,2025-07-07 05:15:00,9.18,10.78,0.51
A00921,S4,2025-07-08 03:20:00,2025-07-08 15:02:00,7.34,11.7,22.08
A00921,S5,2025-07-08 15:22:00,2025-07-08 18:01:00,2.75,2.64,0.34
A00922,S1,2025-07-06 07:29:00,2025-07-06 11:56:00,4.48,4.45,0.49
A00922,S2,2025-07-06 17:02:00,2025-07-06 23:24:00,6.72,6.37,5.1
A00922,S3,2025-07-07 01:07:00,2025-07-07 14:01:00,11.2,12.9,1.71
A00922,S4,2025-07-08 14:23:00,2025-07-09 11:17:00,8.96,20.9,24.37
A00922,S5,2025-07-09 12:55:00,2025-07-09 16:31:00,3.36,3.6,1.64
A00923,S1,2025-07-06 07:09:00,2025-07-06 09:30:00,2.32,2.35,0.15
A00923,S2,2025-07-06 10:07:00,2025-07-06 13:33:00,3.48,3.44,0.61
A00923,S3,2025-07-06 13:35:00,2025-07-06 19:08:00,5.8,5.56,0.03
A00923,S4,2025-07-07 00:49:00,2025-07-07 07:06:00,4.64,6.3,5.67
A00923,S5,2025-07-07 08:31:00,2025-07-07 10:08:00,1.74,1.61,1.41
A00924,S1,2025-07-07 07:18:00,2025-07-07 09:26:00,2.14,2.13,0.3
A00924,S2,2025-07-07 10:14:00,2025-07-07 13:49:00,3.22,3.58,0.8
A00924,S3,2025-07-07 16:00:00,2025-07-07 20:49:00,5.36,4.82,2.18
A00924,S4,2025-07-08 03:19:00,2025-07-08 09:37:00,4.29,6.3,6.49
A00924,S5,2025-07-08 13:10:00,2025-07-08 14:51:00,1.61,1.69,3.55
A00925,S1,2025-07-07 09:03:00,2025-07-07 14:21:00,4.96,5.3,2.05
A00925,S2,2025-07-07 14:43:00,2025-07-07 23:13:00,7.44,8.5,0.36
A00925,S3,2025-07-08 00:31:00,2025-07-08 13:34:00,12.4,13.06,1.29
A00925,S4,2025-07-08 15:36:00,2025-07-09 13:11:00,9.92,21.58,2.03
A00925,S5,2025-07-09 17:53:00,2025-07-09 21:22:00,3.72,3.48,4.71
A00926,S1,2025-07-08 08:51:00,2025-07-08 11:12:00,2.42,2.36,1.85
A00926,S2,2025-07-08 11:19:00,2025-07-08 14:56:00,3.63,3.62,0.1
A00926,S3,2025-07-08 16:38:00,2025-07-08 23:22:00,6.05,6.74,1.71
A00926,S4,2025-07-09 18:47:00,2025-07-10 00:17:00,4.84,5.49,19.41
A00926,S5,2025-07-10 04:17:00,2025-07-10 06:18:00,1.82,2.01,4.01
A00927,S1,2025-07-08 07:53:00,2025-07-08 14:50:00,5.56,6.96,0.88
A00927,S2,2025-07-08 16:08:00,2025-07-09 00:57:00,8.34,8.82,1.29
A00927,S3,2025-07-09 02:11:00,2025-07-09 16:11:00,13.9,13.99,1.24
A00927,S4,2025-07-10 06:17:00,2025-07-10 18:51:00,11.12,12.58,14.1
A00927,S5,2025-07-10 20:38:00,2025-07-11 00:58:00,4.17,4.32,1.78
A00928,S1,2025-07-08 07:29:00,2025-07-08 13:50:00,6.16,6.34,0.49
A00928,S2,2025-07-08 13:52:00,2025-07-08 22:14:00,9.24,8.37,0.04
A00928,S3,2025-07-09 02:12:00,2025-07-09 14:27:00,15.4,12.24,3.97
A00928,S4,2025-07-09 15:10:00,2025-07-10 03:51:00,12.32,12.69,0.72
A00928,S5,2025-07-10 08:11:00,2025-07-10 13:08:00,4.62,4.94,4.33
A00929,S1,2025-07-08 09:27:00,2025-07-08 11:26:00,2.03,1.98,2.46
A00929,S2,2025-07-08 14:06:00,2025-07-08 17:05:00,3.05,2.98,2.66
A00929,S3,2025-07-08 17:44:00,2025-07-09 00:37:00,5.08,6.89,0.65
A00929,S4,2025-07-09 11:48:00,2025-07-09 15:06:00,4.06,3.31,11.18
A00929,S5,2025-07-09 15:53:00,2025-07-09 17:37:00,1.52,1.73,0.79
A00930,S1,2025-07-08 08:42:00,2025-07-08 12:49:00,4.13,4.12,1.7
A00930,S2,2025-07-08 17:51:00,2025-07-08 23:47:00,6.19,5.93,5.03
A00930,S3,2025-07-09 05:52:00,2025-07-09 17:14:00,10.32,11.37,6.08
A00930,S4,2025-07-10 00:54:00,2025-07-10 09:19:00,8.26,8.41,7.67
A00930,S5,2025-07-10 09:54:00,2025-07-10 12:40:00,3.1,2.76,0.6
A00931,S1,2025-07-08 07:48:00,2025-07-08 11:56:00,4.36,4.13,0.81
A00931,S2,2025-07-08 12:06:00,2025-07-08 18:26:00,6.54,6.34,0.17
A00931,S3,2025-07-08 19:07:00,2025-07-09 10:03:00,10.9,14.93,0.68
A00931,S4,2025-07-09 12:46:00,2025-07-09 17:25:00,8.72,4.66,2.71
A00931,S5,2025-07-09 17:31:00,2025-07-09 21:10:00,3.27,3.65,0.09
A00932,S1,2025-07-09 07:52:00,2025-07-09 10:35:00,2.5,2.71,0.87
A00932,S2,2025-07-09 14:54:00,2025-07-09 19:08:00,3.75,4.24,4.31
A00932,S3,2025-07-09 20:12:00,2025-07-10 04:44:00,6.25,8.53,1.06
A00932,S4,2025-07-10 17:05:00,2025-07-10 21:02:00,5.0,3.94,12.36
A00932,S5,2025-07-10 23:53:00,2025-07-11 02:21:00,1.88,2.47,2.86
A00933,S1,2025-07-09 09:52:00,2025-07-09 11:42:00,1.82,1.84,2.87
A00933,S2,2025-07-09 11:42:00,2025-07-09 14:00:00,2.74,2.29,0.0
A00933,S3,2025-07-09 16:53:00,2025-07-09 21:44:00,4.56,4.84,2.89
A00933,S4,2025-07-10 10:31:00,2025-07-10 12:34:00,3.65,2.05,12.8
A00933,S5,2025-07-10 15:52:00,2025-07-10 17:30:00,1.37,1.64,3.29
A00934,S1,2025-07-09 08:52:00,2025-07-09 13:42:00,5.06,4.84,1.86
A00934,S2,2025-07-09 14:02:00,2025-07-09 21:17:00,7.58,7.25,0.33
A00934,S3,2025-07-09 22:32:00,2025-07-10 12:08:00,12.64,13.61,1.25
A00934,S4,2025-07-10 19:34:00,2025-07-11 04:33:00,10.11,8.99,7.42
A00934,S5,2025-07-11 05:37:00,2025-07-11 09:35:00,3.79,3.97,1.06
A00935,S1,2025-07-10 07:05:00,2025-07-10 10:06:00,2.84,3.01,0.09
A00935,S2,2025-07-10 11:02:00,2025-07-10 15:36:00,4.26,4.57,0.93
A00935,S3,2025-07-10 21:16:00,2025-07-11 04:33:00,7.1,7.28,5.66
A00935,S4,2025-07-11 08:00:00,2025-07-11 13:41:00,5.68,5.69,3.45
A00935,S5,2025-07-11 14:15:00,2025-07-11 16:17:00,2.13,2.04,0.57
A00936,S1,2025-07-10 07:56:00,2025-07-10 11:31:00,3.06,3.59,0.93
A00936,S2,2025-07-10 12:18:00,2025-07-10 16:46:00,4.59,4.46,0.78
A00936,S3,2025-07-10 16:50:00,2025-07-11 02:17:00,7.65,9.46,0.06
A00936,S4,2025-07-11 02:51:00,2025-07-11 09:29:00,6.12,6.65,0.56
A00936,S5,2025-07-11 13:26:00,2025-07-11 15:43:00,2.3,2.27,3.95
A00937,S1,2025-07-10 07:24:00,2025-07-10 12:14:00,5.0,4.83,0.4
A00937,S2,2025-07-10 12:39:00,2025-07-10 22:08:00,7.5,9.48,0.42
A00937,S3,2025-07-11 03:40:00,2025-07-11 19:33:00,12.5,15.89,5.53
A00937,S4,2025-07-12 02:58:00,2025-07-12 11:01:00,10.0,8.04,7.41
A00937,S5,2025-07-12 11:30:00,2025-07-12 15:06:00,3.75,3.61,0.48
A00938,S1,2025-07-10 08:49:00,2025-07-10 10:52:00,1.97,2.05,1.82
A00938,S2,2025-07-10 11:27:00,2025-07-10 14:43:00,2.95,3.27,0.58
A00938,S3,2025-07-10 16:38:00,2025-07-10 21:26:00,4.92,4.8,1.92
A00938,S4,2025-07-11 02:26:00,2025-07-11 06:36:00,3.94,4.17,4.99
A00938,S5,2025-07-11 11:09:00,2025-07-11 12:41:00,1.48,1.53,4.55
A00939,S1,2025-07-10 08:39:00,2025-07-10 12:48:00,4.06,4.15,1.66
A00939,S2,2025-07-10 13:04:00,2025-07-10 20:31:00,6.1,7.46,0.25
A00939,S3,2025-07-10 23:48:00,2025-07-11 10:01:00,10.16,10.2,3.28
A00939,S4,2025-07-12 12:00:00,2025-07-12 16:30:00,8.13,4.49,26.0
A00939,S5,2025-07-12 17:09:00,2025-07-12 20:05:00,3.05,2.93,0.65
A00940,S1,2025-07-11 07:16:00,2025-07-11 10:06:00,2.37,2.84,0.26
A00940,S2,2025-07-11 15:18:00,2025-07-11 18:55:00,3.55,3.61,5.2
A00940,S3,2025-07-11 21:17:00,2025-07-12 03:35:00,5.92,6.29,2.37
A00940,S4,2025-07-12 13:45:00,2025-07-12 16:08:00,4.74,2.38,10.17
A00940,S5,2025-07-12 17:57:00,2025-07-12 19:41:00,1.78,1.74,1.82
A00941,S1,2025-07-11 07:09:00,2025-07-11 09:34:00,1.92,2.43,0.14
A00941,S2,2025-07-11 10:00:00,2025-07-11 13:25:00,2.88,3.41,0.43
A00941,S3,2025-07-11 14:00:00,2025-07-11 19:02:00,4.8,5.03,0.59
A00941,S4,2025-07-11 20:09:00,2025-07-11 22:22:00,3.84,2.21,1.12
A00941,S5,2025-07-11 22:49:00,2025-07-12 00:29:00,1.44,1.66,0.45
A00942,S1,2025-07-11 08:10:00,2025-07-11 10:22:00,1.68,2.2,1.17
A00942,S2,2025-07-11 11:56:00,2025-07-11 15:18:00,2.52,3.37,1.57
A00942,S3,2025-07-11 17:41:00,2025-07-11 23:53:00,4.2,6.2,2.39
A00942,S4,2025-07-12 08:06:00,2025-07-12 11:52:00,3.36,3.77,8.22
A00942,S5,2025-07-12 14:34:00,2025-07-12 15:55:00,1.26,1.34,2.69
A00943,S1,2025-07-11 08:01:00,2025-07-11 12:26:00,3.72,4.42,1.02
A00943,S2,2025-07-12 01:34:00,2025-07-12 06:45:00,5.58,5.18,13.13
A00943,S3,2025-07-12 16:54:00,2025-07-13 02:36:00,9.3,9.7,10.14
A00943,S4,2025-07-13 23:18:00,2025-07-14 04:53:00,7.44,5.59,20.7
A00943,S5,2025-07-14 05:42:00,2025-07-14 08:31:00,2.79,2.83,0.81
A00944,S1,2025-07-11 09:03:00,2025-07-11 15:33:00,5.84,6.49,2.05
A00944,S2,2025-07-11 18:48:00,2025-07-12 04:32:00,8.76,9.73,3.26
A00944,S3,2025-07-12 08:48:00,2025-07-13 00:56:00,14.6,16.14,4.26
A00944,S4,2025-07-13 13:49:00,2025-07-14 02:55:00,11.68,13.11,12.87
A00944,S5,2025-07-14 05:51:00,2025-07-14 10:49:00,4.38,4.97,2.93
A00945,S1,2025-07-11 07:25:00,2025-07-11 10:10:00,2.66,2.75,0.42
A00945,S2,2025-07-11 12:47:00,2025-07-11 17:53:00,3.99,5.09,2.63
A00945,S3,2025-07-11 20:56:00,2025-07-12 02:13:00,6.65,5.29,3.05
A00945,S4,2025-07-12 04:15:00,2025-07-12 07:39:00,5.32,3.4,2.03
A00945,S5,2025-07-12 07:41:00,2025-07-12 09:59:00,2.0,2.3,0.04
A00946,S1,2025-07-11 07:54:00,2025-07-11 13:10:00,5.76,5.27,0.9
A00946,S2,2025-07-11 16:44:00,2025-07-12 01:27:00,8.64,8.72,3.55
A00946,S3,2025-07-12 04:22:00,2025-07-12 20:28:00,14.4,16.1,2.92
A00946,S4,2025-07-12 23:57:00,2025-07-13 12:52:00,11.52,12.92,3.49
A00946,S5,2025-07-13 13:32:00,2025-07-13 18:16:00,4.32,4.72,0.67
A00947,S1,2025-07-12 07:26:00,2025-07-12 10:43:00,3.07,3.29,0.43
A00947,S2,2025-07-12 11:22:00,2025-07-12 14:44:00,4.61,3.37,0.64
A00947,S3,2025-07-12 16:06:00,2025-07-13 00:26:00,7.68,8.32,1.38
A00947,S4,2025-07-13 08:00:00,2025-07-13 12:07:00,6.14,4.12,7.57
A00947,S5,2025-07-13 12:12:00,2025-07-13 14:22:00,2.3,2.17,0.08
A00948,S1,2025-07-12 08:33:00,2025-07-12 12:12:00,3.29,3.65,1.55
A00948,S2,2025-07-12 12:33:00,2025-07-12 17:04:00,4.93,4.51,0.36
A00948,S3,2025-07-12 23:10:00,2025-07-13 09:37:00,8.22,10.44,6.11
A00948,S4,2025-07-14 19:23:00,2025-07-15 04:42:00,6.58,9.3,33.78
A00948,S5,2025-07-15 07:28:00,2025-07-15 10:00:00,2.47,2.54,2.77
A00949,S1,2025-07-12 07:12:00,2025-07-12 10:47:00,3.58,3.57,0.2
A00949,S2,2025-07-12 10:59:00,2025-07-12 17:10:00,5.38,6.18,0.21
A00949,S3,2025-07-12 17:31:00,2025-07-13 03:43:00,8.96,10.2,0.35
A00949,S4,2025-07-13 16:14:00,2025-07-13 22:07:00,7.17,5.89,12.51
A00949,S5,2025-07-13 22:11:00,2025-07-14 01:13:00,2.69,3.04,0.06
A00950,S1,2025-07-12 10:20:00,2025-07-12 14:36:00,4.44,4.27,3.34
A00950,S2,2025-07-12 16:19:00,2025-07-12 22:53:00,6.66,6.56,1.72
A00950,S3,2025-07-12 23:24:00,2025-07-13 11:17:00,11.1,11.88,0.53
A00950,S4,2025-07-15 20:47:00,2025-07-16 08:37:00,8.88,11.83,57.5
A00950,S5,2025-07-16 12:01:00,2025-07-16 15:34:00,3.33,3.54,3.41
A00951,S1,2025-07-12 07:12:00,2025-07-12 10:48:00,3.43,3.6,0.2
A00951,S2,2025-07-12 12:13:00,2025-07-12 17:05:00,5.15,4.88,1.41
A00951,S3,2025-07-12 18:34:00,2025-07-13 06:00:00,8.58,11.43,1.49
A00951,S4,2025-07-13 18:00:00,2025-07-13 23:02:00,6.86,5.03,11.99
A00951,S5,2025-07-13 23:26:00,2025-07-14 01:51:00,2.57,2.42,0.4
A00952,S1,2025-07-13 08:48:00,2025-07-13 11:24:00,2.48,2.6,1.8
A00952,S2,2025-07-13 15:33:00,2025-07-13 18:23:00,3.72,2.84,4.15
A00952,S3,2025-07-13 19:37:00,2025-07-14 02:15:00,6.2,6.64,1.22
A00952,S4,2025-07-14 06:29:00,2025-07-14 12:02:00,4.96,5.55,4.23
A00952,S5,2025-07-14 13:35:00,2025-07-14 15:20:00,1.86,1.76,1.54
A00953,S1,2025-07-13 07:08:00,2025-07-13 10:59:00,3.74,3.85,0.13
A00953,S2,2025-07-13 12:58:00,2025-07-13 18:43:00,5.62,5.75,1.99
A00953,S3,2025-07-13 19:16:00,2025-07-14 02:58:00,9.36,7.7,0.54
A00953,S4,2025-07-14 20:05:00,2025-07-15 10:54:00,7.49,14.83,17.11
A00953,S5,2025-07-15 12:17:00,2025-07-15 15:02:00,2.81,2.76,1.37
A00954,S1,2025-07-13 08:17:00,2025-07-13 14:56:00,5.44,6.66,1.28
A00954,S2,2025-07-13 17:15:00,2025-07-14 02:29:00,8.16,9.23,2.32
A00954,S3,2025-07-14 03:19:00,2025-07-14 14:16:00,13.6,10.96,0.84
A00954,S4,2025-07-15 04:52:00,2025-07-15 13:39:00,10.88,8.79,14.59
A00954,S5,2025-07-15 14:41:00,2025-07-15 19:04:00,4.08,4.39,1.03
A00955,S1,2025-07-13 07:17:00,2025-07-13 09:55:00,2.72,2.64,0.28
A00955,S2,2025-07-13 10:53:00,2025-07-13 16:40:00,4.08,5.78,0.97
A00955,S3,2025-07-13 18:10:00,2025-07-14 00:03:00,6.8,5.88,1.51
A00955,S4,2025-07-14 02:20:00,2025-07-14 09:28:00,5.44,7.14,2.28
A00955,S5,2025-07-14 09:56:00,2025-07-14 11:54:00,2.04,1.96,0.46
A00956,S1,2025-07-13 07:33:00,2025-07-13 12:21:00,3.49,4.8,0.55
A00956,S2,2025-07-13 13:41:00,2025-07-13 19:06:00,5.23,5.42,1.33
A00956,S3,2025-07-13 22:13:00,2025-07-14 05:14:00,8.72,7.01,3.11
A00956,S4,2025-07-15 02:14:00,2025-07-15 11:32:00,6.98,9.3,21.0
A00956,S5,2025-07-15 11:34:00,2025-07-15 14:40:00,2.62,3.1,0.04
A00957,S1,2025-07-13 09:11:00,2025-07-13 12:02:00,2.64,2.86,2.18
A00957,S2,2025-07-13 13:48:00,2025-07-13 17:52:00,3.96,4.07,1.77
A00957,S3,2025-07-13 21:46:00,2025-07-14 04:30:00,6.6,6.74,3.89
A00957,S4,2025-07-14 04:45:00,2025-07-14 09:23:00,5.28,4.65,0.24
A00957,S5,2025-07-14 09:30:00,2025-07-14 11:45:00,1.98,2.25,0.11
A00958,S1,2025-07-13 08:43:00,2025-07-13 12:34:00,3.34,3.85,1.72
A00958,S2,2025-07-13 17:40:00,2025-07-13 22:09:00,5.0,4.48,5.1
A00958,S3,2025-07-13 23:31:00,2025-07-14 12:57:00,8.34,13.43,1.37
A00958,S4,2025-07-15 06:52:00,2025-07-15 15:13:00,6.67,8.34,17.91
A00958,S5,2025-07-15 15:20:00,2025-07-15 17:49:00,2.5,2.48,0.13
A00959,S1,2025-07-13 09:21:00,2025-07-13 12:11:00,2.8,2.84,2.35
A00959,S2,2025-07-13 12:37:00,2025-07-13 17:01:00,4.2,4.4,0.44
A00959,S3,2025-07-13 19:44:00,2025-07-14 03:11:00,7.0,7.44,2.72
A00959,S4,2025-07-14 11:13:00,2025-07-14 19:18:00,5.6,8.08,8.04
A00959,S5,2025-07-14 23:36:00,2025-07-15 01:48:00,2.1,2.19,4.3
A00960,S1,2025-07-13 08:13:00,2025-07-13 10:24:00,2.14,2.19,1.21
A00960,S2,2025-07-13 13:45:00,2025-07-13 18:07:00,3.22,4.37,3.34
A00960,S3,2025-07-14 11:36:00,2025-07-14 16:21:00,5.36,4.74,17.49
A00960,S4,2025-07-15 02:31:00,2025-07-15 06:42:00,4.29,4.19,10.17
A00960,S5,2025-07-15 06:44:00,2025-07-15 08:24:00,1.61,1.65,0.03
A00961,S1,2025-07-14 08:43:00,2025-07-14 10:52:00,1.9,2.15,1.72
A00961,S2,2025-07-14 12:09:00,2025-07-14 15:58:00,2.86,3.82,1.28
A00961,S3,2025-07-14 19:32:00,2025-07-15 01:24:00,4.76,5.86,3.56
A00961,S4,2025-07-15 02:30:00,2025-07-15 06:20:00,3.81,3.84,1.1
A00961,S5,2025-07-15 07:52:00,2025-07-15 09:24:00,1.43,1.54,1.53
A00962,S1,2025-07-14 09:22:00,2025-07-14 12:11:00,2.58,2.8,2.37
A00962,S2,2025-07-14 12:21:00,2025-07-14 16:29:00,3.87,4.13,0.17
A00962,S3,2025-07-14 16:41:00,2025-07-15 00:05:00,6.45,7.39,0.21
A00962,S4,2025-07-15 01:21:00,2025-07-15 07:07:00,5.16,5.78,1.27
A00962,S5,2025-07-15 10:20:00,2025-07-15 12:22:00,1.94,2.03,3.22
A00963,S1,2025-07-14 07:54:00,2025-07-14 10:56:00,2.88,3.02,0.91
A00963,S2,2025-07-14 12:51:00,2025-07-14 16:52:00,4.32,4.01,1.93
A00963,S3,2025-07-14 19:23:00,2025-07-15 02:27:00,7.2,7.08,2.51
A00963,S4,2025-07-15 07:41:00,2025-07-15 12:22:00,5.76,4.68,5.23
A00963,S5,2025-07-15 13:52:00,2025-07-15 16:16:00,2.16,2.39,1.51
A00964,S1,2025-07-14 07:09:00,2025-07-14 11:46:00,4.56,4.62,0.15
A00964,S2,2025-07-14 16:05:00,2025-07-14 23:08:00,6.84,7.05,4.31
A00964,S3,2025-07-15 00:02:00,2025-07-15 13:06:00,11.4,13.05,0.91
A00964,S4,2025-07-16 03:04:00,2025-07-16 11:20:00,9.12,8.26,13.98
A00964,S5,2025-07-16 13:21:00,2025-07-16 17:22:00,3.42,4.01,2.03
A00965,S1,2025-07-14 08:28:00,2025-07-14 11:21:00,2.83,2.89,1.46
A00965,S2,2025-07-14 11:59:00,2025-07-14 16:30:00,4.25,4.52,0.64
A00965,S3,2025-07-14 16:37:00,2025-07-14 23:40:00,7.08,7.05,0.12
A00965,S4,2025-07-15 01:46:00,2025-07-15 08:39:00,5.66,6.89,2.1
A00965,S5,2025-07-15 08:46:00,2025-07-15 10:45:00,2.12,1.98,0.11
A00966,S1,2025-07-14 07:52:00,2025-07-14 12:02:00,4.06,4.16,0.87
A00966,S2,2025-07-14 14:54:00,2025-07-14 22:13:00,6.1,7.31,2.87
A00966,S3,2025-07-14 22:19:00,2025-07-15 11:46:00,10.16,13.44,0.11
A00966,S4,2025-07-15 16:09:00,2025-07-16 06:00:00,8.13,13.85,4.39
A00966,S5,2025-07-16 14:42:00,2025-07-16 18:46:00,3.05,4.06,8.7
A00967,S1,2025-07-14 07:05:00,2025-07-14 10:31:00,3.02,3.43,0.09
A00967,S2,2025-07-14 12:10:00,2025-07-14 16:43:00,4.53,4.54,1.65
A00967,S3,2025-07-14 20:29:00,2025-07-15 07:03:00,7.55,10.56,3.78
A00967,S4,2025-07-15 09:30:00,2025-07-15 15:29:00,6.04,6.0,2.44
A00967,S5,2025-07-15 17:07:00,2025-07-15 19:28:00,2.26,2.34,1.63
A00968,S1,2025-07-14 08:47:00,2025-07-14 13:51:00,4.06,5.07,1.78
A00968,S2,2025-07-14 14:24:00,2025-07-14 21:22:00,6.1,6.97,0.55
A00968,S3,2025-07-15 05:13:00,2025-07-15 16:17:00,10.16,11.07,7.85
A00968,S4,2025-07-15 22:37:00,2025-07-16 03:57:00,8.13,5.33,6.32
A00968,S5,2025-07-16 07:08:00,2025-07-16 10:23:00,3.05,3.26,3.18
A00969,S1,2025-07-14 07:33:00,2025-07-14 12:13:00,4.8,4.66,0.55
A00969,S2,2025-07-14 13:04:00,2025-07-14 20:15:00,7.2,7.18,0.85
A00969,S3,2025-07-15 01:22:00,2025-07-15 13:48:00,12.0,12.42,5.12
A00969,S4,2025-07-16 07:42:00,2025-07-16 15:36:00,9.6,7.91,17.9
A00969,S5,2025-07-16 19:03:00,2025-07-16 22:43:00,3.6,3.65,3.45
A00970,S1,2025-07-14 07:12:00,2025-07-14 10:28:00,3.68,3.27,0.2
A00970,S2,2025-07-14 10:30:00,2025-07-14 16:23:00,5.52,5.88,0.03
A00970,S3,2025-07-14 21:31:00,2025-07-15 10:09:00,9.2,12.63,5.14
A00970,S4,2025-07-15 23:06:00,2025-07-16 05:05:00,7.36,5.99,12.94
A00970,S5,2025-07-16 08:20:00,2025-07-16 11:50:00,2.76,3.5,3.25
A00971,S1,2025-07-15 07:12:00,2025-07-15 14:09:00,6.36,6.95,0.2
A00971,S2,2025-07-15 16:34:00,2025-07-16 01:21:00,9.54,8.77,2.42
A00971,S3,2025-07-16 05:49:00,2025-07-16 17:08:00,15.9,11.31,4.48
A00971,S4,2025-07-17 04:11:00,2025-07-17 16:22:00,12.72,12.2,11.05
A00971,S5,2025-07-17 17:14:00,2025-07-17 22:39:00,4.77,5.4,0.87
A00972,S1,2025-07-15 07:15:00,2025-07-15 11:45:00,4.13,4.5,0.26
A00972,S2,2025-07-15 12:34:00,2025-07-15 18:25:00,6.19,5.86,0.81
A00972,S3,2025-07-15 19:26:00,2025-07-16 06:10:00,10.32,10.74,1.01
A00972,S4,2025-07-16 14:38:00,2025-07-16 22:28:00,8.26,7.85,8.46
A00972,S5,2025-07-17 01:13:00,2025-07-17 04:40:00,3.1,3.45,2.74
A00973,S1,2025-07-15 10:27:00,2025-07-15 15:18:00,5.08,4.84,3.45
A00973,S2,2025-07-15 17:38:00,2025-07-16 01:21:00,7.62,7.71,2.34
A00973,S3,2025-07-16 03:17:00,2025-07-16 17:05:00,12.7,13.79,1.94
A00973,S4,2025-07-16 20:34:00,2025-07-17 14:54:00,10.16,18.34,3.49
A00973,S5,2025-07-17 15:09:00,2025-07-17 19:44:00,3.81,4.58,0.24
A00974,S1,2025-07-15 07:18:00,2025-07-15 10:51:00,3.43,3.55,0.31
A00974,S2,2025-07-15 14:24:00,2025-07-15 19:11:00,5.15,4.79,3.54
A00974,S3,2025-07-15 19:13:00,2025-07-16 04:50:00,8.58,9.61,0.03
A00974,S4,2025-07-16 12:38:00,2025-07-16 18:46:00,6.86,6.14,7.8
A00974,S5,2025-07-16 19:56:00,2025-07-16 22:35:00,2.57,2.65,1.16
A00975,S1,2025-07-15 08:41:00,2025-07-15 10:20:00,1.86,1.65,1.68
A00975,S2,2025-07-15 12:13:00,2025-07-15 14:38:00,2.78,2.41,1.89
A00975,S3,2025-07-15 16:36:00,2025-07-15 23:00:00,4.64,6.39,1.97
A00975,S4,2025-07-16 13:47:00,2025-07-16 18:18:00,3.71,4.51,14.79
A00975,S5,2025-07-16 20:41:00,2025-07-16 22:21:00,1.39,1.67,2.38
A00976,S1,2025-07-16 11:03:00,2025-07-16 15:49:00,4.13,4.76,4.06
A00976,S2,2025-07-16 19:46:00,2025-07-17 02:18:00,6.19,6.53,3.94
A00976,S3,2025-07-17 06:08:00,2025-07-17 15:01:00,10.32,8.88,3.84
A00976,S4,2025-07-17 16:10:00,2025-07-17 23:15:00,8.26,7.08,1.15
A00976,S5,2025-07-18 05:30:00,2025-07-18 08:31:00,3.1,3.02,6.25
A00977,S1,2025-07-16 07:14:00,2025-07-16 11:29:00,4.19,4.25,0.24
A00977,S2,2025-07-16 13:17:00,2025-07-16 20:38:00,6.29,7.35,1.8
A00977,S3,2025-07-16 21:54:00,2025-07-17 09:03:00,10.48,11.15,1.27
A00977,S4,2025-07-18 00:48:00,2025-07-18 07:24:00,8.38,6.6,15.76
A00977,S5,2025-07-18 08:26:00,2025-07-18 12:29:00,3.14,4.06,1.02
A00978,S1,2025-07-16 07:38:00,2025-07-16 11:58:00,4.67,4.33,0.63
A00978,S2,2025-07-16 13:25:00,2025-07-16 20:33:00,7.01,7.13,1.46
A00978,S3,2025-07-16 21:35:00,2025-07-17 09:11:00,11.68,11.61,1.03
A00978,S4,2025-07-17 10:49:00,2025-07-17 17:59:00,9.34,7.17,1.63
A00978,S5,2025-07-17 18:05:00,2025-07-17 22:09:00,3.5,4.07,0.09
A00979,S1,2025-07-17 07:17:00,2025-07-17 11:02:00,4.0,3.76,0.28
A00979,S2,2025-07-17 11:03:00,2025-07-17 18:03:00,6.0,6.99,0.01
A00979,S3,2025-07-17 18:29:00,2025-07-18 09:45:00,10.0,15.28,0.43
A00979,S4,2025-07-18 09:47:00,2025-07-18 18:05:00,8.0,8.31,0.02
A00979,S5,2025-07-18 20:32:00,2025-07-18 23:31:00,3.0,2.98,2.45
A00980,S1,2025-07-17 08:03:00,2025-07-17 10:11:00,2.42,2.14,1.05
A00980,S2,2025-07-17 10:18:00,2025-07-17 13:19:00,3.62,3.01,0.11
A00980,S3,2025-07-17 14:54:00,2025-07-17 20:23:00,6.04,5.49,1.58
A00980,S4,2025-07-18 18:45:00,2025-07-18 23:13:00,4.83,4.47,22.37
A00980,S5,2025-07-19 00:04:00,2025-07-19 02:14:00,1.81,2.17,0.84
A00981,S1,2025-07-17 07:05:00,2025-07-17 09:42:00,2.71,2.6,0.09
A00981,S2,2025-07-17 10:07:00,2025-07-17 14:28:00,4.07,4.35,0.42
A00981,S3,2025-07-17 15:00:00,2025-07-17 19:57:00,6.78,4.95,0.54
A00981,S4,2025-07-18 08:23:00,2025-07-18 15:41:00,5.42,7.29,12.43
A00981,S5,2025-07-18 17:14:00,2025-07-18 19:18:00,2.03,2.07,1.55
A00982,S1,2025-07-17 07:59:00,2025-07-17 10:13:00,2.38,2.23,0.98
A00982,S2,2025-07-17 12:57:00,2025-07-17 16:43:00,3.57,3.78,2.73
A00982,S3,2025-07-17 16:57:00,2025-07-17 22:22:00,5.95,5.4,0.23
A00982,S4,2025-07-18 11:19:00,2025-07-18 16:18:00,4.76,4.99,12.95
A00982,S5,2025-07-18 16:34:00,2025-07-18 18:30:00,1.78,1.94,0.26
A00983,S1,2025-07-17 09:11:00,2025-07-17 14:17:00,4.72,5.1,2.19
A00983,S2,2025-07-17 20:08:00,2025-07-18 04:59:00,7.08,8.86,5.84
A00983,S3,2025-07-18 08:20:00,2025-07-19 02:53:00,11.8,18.55,3.34
A00983,S4,2025-07-19 06:31:00,2025-07-19 19:17:00,9.44,12.78,3.63
A00983,S5,2025-07-19 21:58:00,2025-07-20 01:41:00,3.54,3.72,2.68
A00984,S1,2025-07-17 08:48:00,2025-07-17 14:16:00,5.16,5.47,1.79
A00984,S2,2025-07-17 15:21:00,2025-07-17 23:04:00,7.74,7.7,1.1
A00984,S3,2025-07-18 01:50:00,2025-07-18 12:03:00,12.9,10.22,2.78
A00984,S4,2025-07-18 13:01:00,2025-07-18 23:35:00,10.32,10.56,0.96
A00984,S5,2025-07-18 23:44:00,2025-07-19 03:35:00,3.87,3.85,0.16
A00985,S1,2025-07-17 07:19:00,2025-07-17 09:20:00,1.82,2.01,0.32
A00985,S2,2025-07-17 10:16:00,2025-07-17 13:21:00,2.74,3.07,0.95
A00985,S3,2025-07-17 18:44:00,2025-07-17 23:09:00,4.56,4.4,5.4
A00985,S4,2025-07-18 20:25:00,2025-07-18 22:39:00,3.65,2.23,21.28
A00985,S5,2025-07-19 00:51:00,2025-07-19 02:31:00,1.37,1.67,2.2
A00986,S1,2025-07-18 07:09:00,2025-07-18 09:20:00,2.26,2.19,0.15
A00986,S2,2025-07-18 09:30:00,2025-07-18 12:45:00,3.38,3.26,0.16
A00986,S3,2025-07-18 23:27:00,2025-07-19 06:28:00,5.64,7.01,10.7
A00986,S4,2025-07-19 08:48:00,2025-07-19 13:03:00,4.51,4.25,2.33
A00986,S5,2025-07-19 13:25:00,2025-07-19 15:12:00,1.69,1.79,0.37
A00987,S1,2025-07-18 09:11:00,2025-07-18 14:58:00,5.36,5.78,2.18
A00987,S2,2025-07-18 15:35:00,2025-07-18 23:21:00,8.04,7.78,0.61
A00987,S3,2025-07-19 01:59:00,2025-07-19 12:18:00,13.4,10.31,2.63
A00987,S4,2025-07-19 16:32:00,2025-07-20 07:32:00,10.72,15.0,4.24
A00987,S5,2025-07-20 10:42:00,2025-07-20 15:02:00,4.02,4.34,3.16
A00988,S1,2025-07-18 07:16:00,2025-07-18 11:56:00,3.77,4.67,0.27
A00988,S2,2025-07-18 12:02:00,2025-07-18 16:31:00,5.65,4.49,0.09
A00988,S3,2025-07-18 19:05:00,2025-07-19 03:37:00,9.42,8.53,2.57
A00988,S4,2025-07-19 03:44:00,2025-07-19 09:57:00,7.54,6.22,0.12
A00988,S5,2025-07-19 15:12:00,2025-07-19 18:01:00,2.83,2.82,5.24
A00989,S1,2025-07-19 08:27:00,2025-07-19 13:40:00,5.08,5.22,1.45
A00989,S2,2025-07-19 15:42:00,2025-07-20 00:20:00,7.62,8.62,2.03
A00989,S3,2025-07-20 02:37:00,2025-07-20 12:17:00,12.7,9.66,2.29
A00989,S4,2025-07-20 15:28:00,2025-07-21 01:31:00,10.16,10.04,3.19
A00989,S5,2025-07-21 03:25:00,2025-07-21 07:44:00,3.81,4.32,1.9
A00990,S1,2025-07-19 09:37:00,2025-07-19 12:02:00,2.08,2.42,2.61
A00990,S2,2025-07-19 12:12:00,2025-07-19 15:44:00,3.12,3.54,0.15
A00990,S3,2025-07-19 18:20:00,2025-07-20 01:20:00,5.2,7.01,2.6
A00990,S4,2025-07-20 07:11:00,2025-07-20 10:56:00,4.16,3.75,5.85
A00990,S5,2025-07-20 12:37:00,2025-07-20 14:15:00,1.56,1.63,1.68
A00991,S1,2025-07-19 08:08:00,2025-07-19 10:36:00,2.9,2.47,1.13
A00991,S2,2025-07-19 10:53:00,2025-07-19 17:03:00,4.36,6.17,0.29
A00991,S3,2025-07-19 19:25:00,2025-07-20 06:35:00,7.26,11.17,2.37
A00991,S4,2025-07-20 10:50:00,2025-07-20 16:50:00,5.81,6.0,4.25
A00991,S5,2025-07-20 18:17:00,2025-07-20 20:34:00,2.18,2.29,1.44
A00992,S1,2025-07-19 07:49:00,2025-07-19 12:34:00,5.06,4.74,0.82
A00992,S2,2025-07-19 13:51:00,2025-07-19 20:52:00,7.58,7.02,1.3
A00992,S3,2025-07-19 23:14:00,2025-07-20 17:39:00,12.64,18.42,2.36
A00992,S4,2025-07-20 19:10:00,2025-07-21 04:43:00,10.11,9.56,1.51
A00992,S5,2025-07-21 05:28:00,2025-07-21 09:05:00,3.79,3.61,0.75
A00993,S1,2025-07-19 07:25:00,2025-07-19 10:12:00,2.88,2.78,0.42
A00993,S2,2025-07-19 11:00:00,2025-07-19 15:05:00,4.32,4.08,0.8
A00993,S3,2025-07-19 19:55:00,2025-07-20 03:29:00,7.2,7.57,4.84
A00993,S4,2025-07-20 03:31:00,2025-07-20 15:21:00,5.76,11.83,0.03
A00993,S5,2025-07-20 17:35:00,2025-07-20 19:48:00,2.16,2.21,2.24
A00994,S1,2025-07-20 07:08:00,2025-07-20 12:43:00,5.36,5.58,0.13
A00994,S2,2025-07-20 14:32:00,2025-07-20 22:29:00,8.04,7.95,1.82
A00994,S3,2025-07-20 23:35:00,2025-07-21 13:09:00,13.4,13.57,1.09
A00994,S4,2025-07-22 05:26:00,2025-07-22 15:05:00,10.72,9.66,16.28
A00994,S5,2025-07-22 16:13:00,2025-07-22 19:45:00,4.02,3.54,1.13
A00995,S1,2025-07-20 07:04:00,2025-07-20 10:27:00,3.02,3.38,0.07
A00995,S2,2025-07-20 13:09:00,2025-07-20 17:26:00,4.54,4.29,2.7
A00995,S3,2025-07-20 18:43:00,2025-07-21 01:11:00,7.56,6.47,1.29
A00995,S4,2025-07-22 02:29:00,2025-07-22 10:36:00,6.05,8.12,25.29
A00995,S5,2025-07-22 11:19:00,2025-07-22 13:51:00,2.27,2.53,0.71
A00996,S1,2025-07-20 07:29:00,2025-07-20 09:41:00,2.14,2.21,0.48
A00996,S2,2025-07-20 11:04:00,2025-07-20 14:08:00,3.21,3.06,1.38
A00996,S3,2025-07-20 16:13:00,2025-07-20 20:49:00,5.35,4.59,2.09
A00996,S4,2025-07-21 01:19:00,2025-07-21 05:00:00,4.28,3.67,4.51
A00996,S5,2025-07-21 07:32:00,2025-07-21 08:52:00,1.6,1.34,2.54
A00997,S1,2025-07-20 07:11:00,2025-07-20 10:09:00,2.66,2.98,0.18
A00997,S2,2025-07-20 10:19:00,2025-07-20 14:08:00,4.0,3.82,0.16
A00997,S3,2025-07-20 21:43:00,2025-07-21 03:13:00,6.66,5.51,7.57
A00997,S4,2025-07-21 10:27:00,2025-07-21 15:44:00,5.33,5.3,7.22
A00997,S5,2025-07-21 19:12:00,2025-07-21 21:26:00,2.0,2.23,3.47
A00998,S1,2025-07-20 09:55:00,2025-07-20 12:04:00,2.11,2.16,2.91
A00998,S2,2025-07-20 13:24:00,2025-07-20 16:38:00,3.17,3.23,1.33
A00998,S3,2025-07-20 19:07:00,2025-07-20 22:09:00,5.28,3.04,2.48
A00998,S4,2025-07-21 01:22:00,2025-07-21 06:21:00,4.22,4.98,3.21
A00998,S5,2025-07-21 06:28:00,2025-07-21 08:13:00,1.58,1.75,0.13
A00999,S1,2025-07-20 07:04:00,2025-07-20 10:04:00,3.08,3.0,0.07
A00999,S2,2025-07-20 13:06:00,2025-07-20 17:25:00,4.62,4.31,3.04
A00999,S3,2025-07-20 21:19:00,2025-07-21 07:28:00,7.7,10.15,3.9
A00999,S4,2025-07-21 08:45:00,2025-07-21 14:54:00,6.16,6.15,1.29
A00999,S5,2025-07-21 18:45:00,2025-07-21 21:02:00,2.31,2.27,3.86
A01000,S1,2025-07-21 07:29:00,2025-07-21 13:23:00,5.48,5.89,0.49
A01000,S2,2025-07-21 15:03:00,2025-07-22 00:52:00,8.22,9.82,1.67
A01000,S3,2025-07-22 01:43:00,2025-07-22 15:49:00,13.7,14.11,0.85
A01000,S4,2025-07-23 04:39:00,2025-07-23 16:02:00,10.96,11.37,12.83
A01000,S5,2025-07-23 18:31:00,2025-07-23 23:23:00,4.11,4.87,2.49
A01001,S1,2025-07-21 07:29:00,2025-07-21 10:26:00,3.08,2.96,0.48
A01001,S2,2025-07-21 16:07:00,2025-07-21 21:07:00,4.62,5.0,5.68
A01001,S3,2025-07-21 21:18:00,2025-07-22 08:20:00,7.7,11.03,0.18
A01001,S4,2025-07-22 11:34:00,2025-07-22 18:10:00,6.16,6.61,3.23
A01001,S5,2025-07-22 19:19:00,2025-07-22 21:40:00,2.31,2.34,1.15
A01002,S1,2025-07-22 10:12:00,2025-07-22 12:48:00,2.38,2.59,3.21
A01002,S2,2025-07-22 15:01:00,2025-07-22 18:51:00,3.58,3.84,2.21
A01002,S3,2025-07-22 22:14:00,2025-07-23 05:20:00,5.96,7.1,3.39
A01002,S4,2025-07-23 06:59:00,2025-07-23 11:02:00,4.77,4.05,1.65
A01002,S5,2025-07-23 12:11:00,2025-07-23 14:02:00,1.79,1.84,1.15
A01003,S1,2025-07-22 09:06:00,2025-07-22 15:08:00,5.68,6.05,2.09
A01003,S2,2025-07-22 17:10:00,2025-07-23 01:24:00,8.52,8.23,2.03
A01003,S3,2025-07-23 01:37:00,2025-07-23 19:54:00,14.2,18.29,0.21
A01003,S4,2025-07-23 21:00:00,2025-07-24 09:31:00,11.36,12.52,1.1
A01003,S5,2025-07-24 09:32:00,2025-07-24 13:37:00,4.26,4.1,0.01
A01004,S1,2025-07-22 08:26:00,2025-07-22 12:07:00,3.34,3.68,1.43
A01004,S2,2025-07-22 12:13:00,2025-07-22 17:09:00,5.0,4.93,0.11
A01004,S3,2025-07-22 17:31:00,2025-07-23 01:05:00,8.34,7.58,0.36
A01004,S4,2025-07-23 09:25:00,2025-07-23 16:35:00,6.67,7.18,8.32
A01004,S5,2025-07-23 18:04:00,2025-07-23 20:51:00,2.5,2.78,1.48
A01005,S1,2025-07-22 07:18:00,2025-07-22 11:40:00,4.19,4.36,0.3
A01005,S2,2025-07-22 12:51:00,2025-07-22 22:00:00,6.29,9.15,1.18
A01005,S3,2025-07-22 22:22:00,2025-07-23 07:25:00,10.48,9.05,0.37
A01005,S4,2025-07-23 10:51:00,2025-07-23 18:29:00,8.38,7.64,3.43
A01005,S5,2025-07-23 19:55:00,2025-07-23 23:31:00,3.14,3.6,1.43
A01006,S1,2025-07-22 08:16:00,2025-07-22 13:05:00,4.45,4.81,1.27
A01006,S2,2025-07-22 15:04:00,2025-07-22 20:29:00,6.67,5.42,2.0
A01006,S3,2025-07-22 23:16:00,2025-07-23 10:22:00,11.12,11.11,2.77
A01006,S4,2025-07-24 09:19:00,2025-07-25 02:52:00,8.9,17.55,22.96
A01006,S5,2025-07-25 03:09:00,2025-07-25 06:23:00,3.34,3.24,0.28
A01007,S1,2025-07-22 07:18:00,2025-07-22 09:25:00,2.18,2.12,0.3
A01007,S2,2025-07-22 09:29:00,2025-07-22 12:48:00,3.27,3.31,0.06
A01007,S3,2025-07-22 17:27:00,2025-07-23 00:08:00,5.45,6.69,4.65
A01007,S4,2025-07-23 02:50:00,2025-07-23 07:30:00,4.36,4.67,2.69
A01007,S5,2025-07-23 08:22:00,2025-07-23 10:02:00,1.64,1.67,0.88
A01008,S1,2025-07-22 08:20:00,2025-07-22 14:11:00,5.44,5.85,1.33
A01008,S2,2025-07-22 16:19:00,2025-07-23 01:23:00,8.16,9.07,2.13
A01008,S3,2025-07-23 07:15:00,2025-07-23 23:38:00,13.6,16.39,5.88
A01008,S4,2025-07-24 03:27:00,2025-07-24 13:07:00,10.88,9.66,3.82
A01008,S5,2025-07-24 13:58:00,2025-07-24 18:09:00,4.08,4.19,0.86
A01009,S1,2025-07-22 07:24:00,2025-07-22 10:58:00,3.81,3.57,0.4
A01009,S2,2025-07-22 12:19:00,2025-07-22 17:55:00,5.71,5.59,1.35
A01009,S3,2025-07-22 18:42:00,2025-07-23 03:34:00,9.52,8.87,0.79
A01009,S4,2025-07-23 10:55:00,2025-07-23 17:26:00,7.62,6.51,7.35
A01009,S5,2025-07-23 20:53:00,2025-07-23 23:35:00,2.86,2.7,3.45
A01010,S1,2025-07-22 07:10:00,2025-07-22 10:43:00,2.68,3.54,0.17
A01010,S2,2025-07-22 12:30:00,2025-07-22 16:57:00,4.02,4.45,1.79
A01010,S3,2025-07-22 23:05:00,2025-07-23 06:30:00,6.7,7.42,6.13
A01010,S4,2025-07-23 11:21:00,2025-07-23 14:40:00,5.36,3.32,4.85
A01010,S5,2025-07-23 15:46:00,2025-07-23 18:12:00,2.01,2.42,1.11
A01011,S1,2025-07-23 07:45:00,2025-07-23 12:56:00,4.54,5.18,0.75
A01011,S2,2025-07-23 16:13:00,2025-07-24 00:03:00,6.82,7.84,3.29
A01011,S3,2025-07-24 01:57:00,2025-07-24 19:49:00,11.36,17.87,1.89
A01011,S4,2025-07-24 20:32:00,2025-07-25 07:24:00,9.09,10.85,0.73
A01011,S5,2025-07-25 10:45:00,2025-07-25 14:32:00,3.41,3.78,3.36
A01012,S1,2025-07-23 07:24:00,2025-07-23 12:36:00,4.96,5.19,0.4
A01012,S2,2025-07-23 14:55:00,2025-07-23 20:35:00,7.44,5.68,2.32
A01012,S3,2025-07-23 21:37:00,2025-07-24 10:43:00,12.4,13.11,1.02
A01012,S4,2025-07-24 11:25:00,2025-07-25 05:51:00,9.92,18.43,0.7
A01012,S5,2025-07-25 07:38:00,2025-07-25 11:12:00,3.72,3.57,1.79
A01013,S1,2025-07-24 07:13:00,2025-07-24 13:18:00,6.32,6.09,0.21
A01013,S2,2025-07-24 16:22:00,2025-07-25 04:40:00,9.48,12.29,3.07
A01013,S3,2025-07-25 07:56:00,2025-07-26 02:30:00,15.8,18.56,3.27
A01013,S4,2025-07-26 08:43:00,2025-07-27 03:42:00,12.64,18.98,6.23
A01013,S5,2025-07-27 07:08:00,2025-07-27 11:43:00,4.74,4.58,3.43
A01014,S1,2025-07-24 10:14:00,2025-07-24 13:20:00,3.87,3.11,3.23
A01014,S2,2025-07-24 15:32:00,2025-07-24 22:25:00,5.81,6.88,2.19
A01014,S3,2025-07-25 01:50:00,2025-07-25 12:19:00,9.68,10.48,3.43
A01014,S4,2025-07-25 14:40:00,2025-07-25 20:17:00,7.74,5.62,2.35
A01014,S5,2025-07-25 20:31:00,2025-07-25 23:35:00,2.9,3.07,0.22
A01015,S1,2025-07-25 07:39:00,2025-07-25 09:49:00,2.03,2.15,0.66
A01015,S2,2025-07-25 10:28:00,2025-07-25 13:30:00,3.05,3.03,0.66
A01015,S3,2025-07-25 13:57:00,2025-07-25 19:50:00,5.08,5.88,0.46
A01015,S4,2025-07-25 23:46:00,2025-07-26 04:51:00,4.06,5.08,3.93
A01015,S5,2025-07-26 05:11:00,2025-07-26 07:06:00,1.52,1.92,0.34
A01016,S1,2025-07-25 07:36:00,2025-07-25 10:13:00,2.56,2.61,0.6
A01016,S2,2025-07-25 10:33:00,2025-07-25 15:18:00,3.84,4.74,0.33
A01016,S3,2025-07-25 16:02:00,2025-07-26 02:36:00,6.4,10.58,0.73
A01016,S4,2025-07-26 22:17:00,2025-07-27 08:06:00,5.12,9.83,19.68
A01016,S5,2025-07-27 08:22:00,2025-07-27 10:43:00,1.92,2.36,0.25
A01017,S1,2025-07-25 07:35:00,2025-07-25 09:37:00,1.78,2.02,0.59
A01017,S2,2025-07-25 13:02:00,2025-07-25 16:20:00,2.66,3.3,3.42
A01017,S3,2025-07-25 17:45:00,2025-07-25 22:30:00,4.44,4.75,1.41
A01017,S4,2025-07-26 00:02:00,2025-07-26 02:57:00,3.55,2.92,1.53
A01017,S5,2025-07-26 03:48:00,2025-07-26 05:10:00,1.33,1.37,0.85
A01018,S1,2025-07-25 07:01:00,2025-07-25 12:40:00,5.52,5.65,0.02
A01018,S2,2025-07-25 16:27:00,2025-07-26 01:02:00,8.28,8.57,3.78
A01018,S3,2025-07-26 03:31:00,2025-07-26 21:17:00,13.8,17.75,2.49
A01018,S4,2025-07-26 23:11:00,2025-07-27 08:04:00,11.04,8.89,1.91
A01018,S5,2025-07-27 12:58:00,2025-07-27 18:16:00,4.14,5.3,4.9
A01019,S1,2025-07-25 07:03:00,2025-07-25 10:10:00,2.86,3.11,0.06
A01019,S2,2025-07-25 12:30:00,2025-07-25 16:23:00,4.28,3.88,2.34
A01019,S3,2025-07-25 18:49:00,2025-07-26 01:32:00,7.14,6.73,2.43
A01019,S4,2025-07-26 03:42:00,2025-07-26 13:15:00,5.71,9.56,2.15
A01019,S5,2025-07-26 13:45:00,2025-07-26 15:53:00,2.14,2.14,0.5
A01020,S1,2025-07-25 07:16:00,2025-07-25 13:10:00,5.12,5.89,0.27
A01020,S2,2025-07-25 14:26:00,2025-07-26 00:04:00,7.68,9.62,1.28
A01020,S3,2025-07-26 01:25:00,2025-07-26 14:45:00,12.8,13.33,1.35
A01020,S4,2025-07-26 19:07:00,2025-07-27 02:08:00,10.24,7.0,4.38
A01020,S5,2025-07-27 03:44:00,2025-07-27 07:29:00,3.84,3.74,1.61
A01021,S1,2025-07-25 08:56:00,2025-07-25 13:50:00,5.44,4.9,1.93
A01021,S2,2025-07-25 14:24:00,2025-07-25 22:30:00,8.16,8.1,0.58
A01021,S3,2025-07-25 22:50:00,2025-07-26 12:46:00,13.6,13.93,0.32
A01021,S4,2025-07-26 13:13:00,2025-07-27 06:55:00,10.88,17.71,0.45
A01021,S5,2025-07-27 07:45:00,2025-07-27 11:23:00,4.08,3.65,0.82
A01022,S1,2025-07-26 09:30:00,2025-07-26 12:29:00,2.6,2.98,2.51
A01022,S2,2025-07-26 12:50:00,2025-07-26 18:02:00,3.9,5.2,0.35
A01022,S3,2025-07-26 22:12:00,2025-07-27 06:39:00,6.5,8.45,4.16
A01022,S4,2025-07-28 13:54:00,2025-07-28 19:11:00,5.2,5.28,31.26
A01022,S5,2025-07-29 01:26:00,2025-07-29 03:12:00,1.95,1.76,6.24
A01023,S1,2025-07-26 07:11:00,2025-07-26 11:49:00,4.56,4.63,0.18
A01023,S2,2025-07-26 16:49:00,2025-07-26 23:22:00,6.84,6.54,5.01
A01023,S3,2025-07-27 00:13:00,2025-07-27 14:53:00,11.4,14.66,0.85
A01023,S4,2025-07-27 17:01:00,2025-07-28 01:58:00,9.12,8.95,2.13
A01023,S5,2025-07-28 02:06:00,2025-07-28 05:51:00,3.42,3.74,0.14
A01024,S1,2025-07-26 07:09:00,2025-07-26 09:30:00,2.42,2.35,0.15
A01024,S2,2025-07-26 10:18:00,2025-07-26 13:21:00,3.62,3.04,0.8
A01024,S3,2025-07-26 13:41:00,2025-07-26 18:29:00,6.04,4.8,0.34
A01024,S4,2025-07-27 04:28:00,2025-07-27 07:40:00,4.83,3.2,9.99
A01024,S5,2025-07-27 09:38:00,2025-07-27 11:32:00,1.81,1.91,1.96
A01025,S1,2025-07-27 08:06:00,2025-07-27 10:36:00,2.32,2.49,1.1
A01025,S2,2025-07-27 12:26:00,2025-07-27 16:02:00,3.48,3.59,1.84
A01025,S3,2025-07-27 16:20:00,2025-07-27 23:38:00,5.8,7.31,0.3
A01025,S4,2025-07-28 09:13:00,2025-07-28 13:04:00,4.64,3.84,9.58
A01025,S5,2025-07-28 20:46:00,2025-07-28 22:40:00,1.74,1.9,7.7
A01026,S1,2025-07-27 07:21:00,2025-07-27 10:25:00,2.57,3.08,0.34
A01026,S2,2025-07-27 11:19:00,2025-07-27 14:44:00,3.85,3.42,0.9
A01026,S3,2025-07-27 15:23:00,2025-07-27 21:26:00,6.42,6.05,0.65
A01026,S4,2025-07-28 03:27:00,2025-07-28 08:28:00,5.14,5.03,6.0
A01026,S5,2025-07-28 11:36:00,2025-07-28 13:21:00,1.93,1.76,3.12
A01027,S1,2025-07-27 07:00:00,2025-07-27 10:36:00,3.38,3.6,0.01
A01027,S2,2025-07-27 11:00:00,2025-07-27 15:52:00,5.08,4.86,0.4
A01027,S3,2025-07-27 16:20:00,2025-07-28 07:06:00,8.46,14.78,0.47
A01027,S4,2025-07-28 17:15:00,2025-07-28 23:41:00,6.77,6.43,10.14
A01027,S5,2025-07-28 23:59:00,2025-07-29 02:00:00,2.54,2.0,0.31
A01028,S1,2025-07-27 07:19:00,2025-07-27 10:46:00,3.79,3.45,0.31
A01028,S2,2025-07-27 10:49:00,2025-07-27 17:12:00,5.69,6.39,0.05
A01028,S3,2025-07-27 18:21:00,2025-07-28 05:47:00,9.48,11.44,1.14
A01028,S4,2025-07-28 18:39:00,2025-07-29 05:50:00,7.58,11.18,12.85
A01028,S5,2025-07-29 13:03:00,2025-07-29 16:18:00,2.84,3.25,7.23
A01029,S1,2025-07-27 07:15:00,2025-07-27 09:35:00,2.29,2.32,0.26
A01029,S2,2025-07-27 09:36:00,2025-07-27 14:23:00,3.43,4.78,0.03
A01029,S3,2025-07-27 16:01:00,2025-07-27 21:20:00,5.72,5.32,1.62
A01029,S4,2025-07-28 07:04:00,2025-07-28 13:34:00,4.58,6.51,9.73
A01029,S5,2025-07-28 13:43:00,2025-07-28 16:09:00,1.72,2.42,0.15
A01030,S1,2025-07-27 07:21:00,2025-07-27 12:00:00,4.9,4.64,0.36
A01030,S2,2025-07-27 12:12:00,2025-07-27 20:52:00,7.34,8.67,0.2
A01030,S3,2025-07-27 21:55:00,2025-07-28 13:08:00,12.24,15.22,1.05
A01030,S4,2025-07-29 13:42:00,2025-07-30 02:23:00,9.79,12.68,24.56
A01030,S5,2025-07-30 02:24:00,2025-07-30 05:50:00,3.67,3.43,0.01
A01031,S1,2025-07-27 07:03:00,2025-07-27 09:07:00,2.38,2.07,0.04
A01031,S2,2025-07-27 10:13:00,2025-07-27 13:55:00,3.57,3.7,1.1
A01031,S3,2025-07-27 14:59:00,2025-07-27 20:51:00,5.95,5.85,1.07
A01031,S4,2025-07-28 05:33:00,2025-07-28 15:23:00,4.76,9.83,8.71
A01031,S5,2025-07-28 16:59:00,2025-07-28 18:33:00,1.78,1.56,1.6
A01032,S1,2025-07-27 07:42:00,2025-07-27 11:42:00,4.22,4.0,0.7
A01032,S2,2025-07-27 12:54:00,2025-07-27 20:43:00,6.34,7.81,1.21
A01032,S3,2025-07-27 21:25:00,2025-07-28 12:40:00,10.56,15.25,0.7
A01032,S4,2025-07-28 14:52:00,2025-07-28 19:12:00,8.45,4.34,2.2
A01032,S5,2025-07-28 20:26:00,2025-07-28 23:12:00,3.17,2.78,1.22
A01033,S1,2025-07-28 09:57:00,2025-07-28 14:57:00,4.99,5.0,2.96
A01033,S2,2025-07-28 17:57:00,2025-07-29 02:17:00,7.49,8.34,2.99
A01033,S3,2025-07-29 03:16:00,2025-07-29 13:28:00,12.48,10.2,0.98
A01033,S4,2025-07-31 19:24:00,2025-08-01 11:22:00,9.98,15.97,53.94
A01033,S5,2025-08-01 14:35:00,2025-08-01 18:13:00,3.74,3.64,3.21
A01034,S1,2025-07-28 07:24:00,2025-07-28 09:41:00,2.42,2.27,0.41
A01034,S2,2025-07-28 17:57:00,2025-07-28 21:01:00,3.63,3.08,8.27
A01034,S3,2025-07-29 00:43:00,2025-07-29 06:47:00,6.05,6.06,3.69
A01034,S4,2025-07-29 06:56:00,2025-07-29 12:22:00,4.84,5.43,0.15
A01034,S5,2025-07-29 16:53:00,2025-07-29 19:16:00,1.82,2.38,4.52
A01035,S1,2025-07-28 07:47:00,2025-07-28 10:14:00,2.28,2.44,0.79
A01035,S2,2025-07-28 10:55:00,2025-07-28 14:34:00,3.42,3.65,0.69
A01035,S3,2025-07-28 15:45:00,2025-07-28 21:51:00,5.7,6.11,1.18
A01035,S4,2025-07-29 01:47:00,2025-07-29 04:01:00,4.56,2.24,3.93
A01035,S5,2025-07-29 04:15:00,2025-07-29 06:20:00,1.71,2.08,0.23
A01036,S1,2025-07-28 07:07:00,2025-07-28 12:01:00,5.64,4.9,0.12
A01036,S2,2025-07-28 12:29:00,2025-07-28 22:55:00,8.46,10.43,0.47
A01036,S3,2025-07-29 03:24:00,2025-07-30 04:29:00,14.1,25.08,4.49
A01036,S4,2025-07-30 07:33:00,2025-07-30 13:03:00,11.28,5.5,3.07
A01036,S5,2025-07-30 14:07:00,2025-07-30 18:15:00,4.23,4.14,1.05
A01037,S1,2025-07-28 07:07:00,2025-07-28 12:03:00,4.99,4.94,0.11
A01037,S2,2025-07-28 19:39:00,2025-07-29 04:42:00,7.49,9.06,7.59
A01037,S3,2025-07-29 11:35:00,2025-07-30 00:18:00,12.48,12.73,6.87
A01037,S4,2025-07-31 09:33:00,2025-07-31 18:47:00,9.98,9.24,33.24
A01037,S5,2025-07-31 20:30:00,2025-08-01 00:27:00,3.74,3.95,1.71
A01038,S1,2025-07-28 10:52:00,2025-07-28 15:41:00,5.6,4.83,3.86
A01038,S2,2025-07-28 18:05:00,2025-07-29 00:51:00,8.4,6.77,2.39
A01038,S3,2025-07-29 00:59:00,2025-07-29 17:01:00,14.0,16.03,0.13
A01038,S4,2025-07-30 00:07:00,2025-07-30 10:52:00,11.2,10.76,7.11
A01038,S5,2025-07-30 12:21:00,2025-07-30 16:29:00,4.2,4.14,1.48
A01039,S1,2025-07-28 09:41:00,2025-07-28 13:01:00,2.92,3.33,2.68
A01039,S2,2025-07-28 14:52:00,2025-07-28 19:18:00,4.38,4.43,1.85
A01039,S3,2025-07-28 23:41:00,2025-07-29 06:17:00,7.3,6.6,4.39
A01039,S4,2025-07-30 02:24:00,2025-07-30 07:05:00,5.84,4.68,20.12
A01039,S5,2025-07-30 12:10:00,2025-07-30 14:29:00,2.19,2.32,5.09
A01040,S1,2025-07-28 07:14:00,2025-07-28 09:24:00,2.35,2.17,0.24
A01040,S2,2025-07-28 10:38:00,2025-07-28 14:52:00,3.53,4.23,1.23
A01040,S3,2025-07-28 16:16:00,2025-07-29 00:23:00,5.88,8.11,1.41
A01040,S4,2025-07-29 01:54:00,2025-07-29 06:21:00,4.7,4.45,1.52
A01040,S5,2025-07-29 07:55:00,2025-07-29 09:54:00,1.76,1.98,1.57
A01041,S1,2025-07-29 07:05:00,2025-07-29 12:02:00,4.99,4.95,0.08
A01041,S2,2025-07-29 14:26:00,2025-07-29 22:48:00,7.49,8.37,2.4
A01041,S3,2025-07-30 01:08:00,2025-07-30 14:59:00,12.48,13.84,2.34
A01041,S4,2025-07-31 08:55:00,2025-07-31 20:51:00,9.98,11.92,17.94
A01041,S5,2025-07-31 21:18:00,2025-08-01 01:52:00,3.74,4.57,0.45
A01042,S1,2025-07-30 08:03:00,2025-07-30 11:15:00,2.43,3.2,1.06
A01042,S2,2025-07-30 13:20:00,2025-07-30 17:17:00,3.65,3.96,2.08
A01042,S3,2025-07-30 18:18:00,2025-07-31 04:09:00,6.08,9.86,1.01
A01042,S4,2025-07-31 04:55:00,2025-07-31 12:35:00,4.86,7.66,0.77
A01042,S5,2025-07-31 14:20:00,2025-07-31 15:59:00,1.82,1.65,1.75
A01043,S1,2025-07-30 07:01:00,2025-07-30 14:06:00,6.36,7.08,0.02
A01043,S2,2025-07-30 16:58:00,2025-07-31 01:34:00,9.54,8.6,2.86
A01043,S3,2025-07-31 03:50:00,2025-08-01 00:37:00,15.9,20.79,2.26
A01043,S4,2025-08-01 21:27:00,2025-08-02 11:58:00,12.72,14.53,20.82
A01043,S5,2025-08-02 14:15:00,2025-08-02 19:37:00,4.77,5.38,2.27
A01044,S1,2025-07-30 08:54:00,2025-07-30 11:05:00,2.4,2.18,1.91
A01044,S2,2025-07-30 14:52:00,2025-07-30 18:25:00,3.6,3.54,3.79
A01044,S3,2025-07-30 23:58:00,2025-07-31 06:45:00,6.0,6.78,5.55
A01044,S4,2025-07-31 16:22:00,2025-07-31 20:07:00,4.8,3.75,9.63
A01044,S5,2025-08-01 01:37:00,2025-08-01 03:22:00,1.8,1.75,5.49
A01045,S1,2025-07-30 07:04:00,2025-07-30 09:54:00,2.74,2.82,0.07
A01045,S2,2025-07-30 11:37:00,2025-07-30 16:09:00,4.11,4.53,1.72
A01045,S3,2025-07-30 16:38:00,2025-07-31 01:58:00,6.85,9.33,0.49
A01045,S4,2025-07-31 08:47:00,2025-07-31 12:59:00,5.48,4.2,6.81
A01045,S5,2025-07-31 13:43:00,2025-07-31 15:57:00,2.06,2.23,0.73
A01046,S1,2025-07-30 07:07:00,2025-07-30 11:01:00,3.5,3.89,0.12
A01046,S2,2025-07-30 11:24:00,2025-07-30 16:39:00,5.26,5.25,0.39
A01046,S3,2025-07-30 16:41:00,2025-07-31 03:27:00,8.76,10.76,0.03
A01046,S4,2025-07-31 06:25:00,2025-07-31 12:57:00,7.01,6.52,2.98
A01046,S5,2025-07-31 15:11:00,2025-07-31 18:00:00,2.63,2.82,2.23
A01047,S1,2025-07-30 07:14:00,2025-07-30 12:27:00,4.2,5.22,0.23
A01047,S2,2025-07-30 13:49:00,2025-07-30 20:08:00,6.3,6.31,1.36
A01047,S3,2025-07-31 01:58:00,2025-07-31 14:44:00,10.5,12.77,5.84
A01047,S4,2025-07-31 16:32:00,2025-08-01 00:02:00,8.4,7.49,1.81
A01047,S5,2025-08-01 01:03:00,2025-08-01 04:23:00,3.15,3.33,1.02
A01048,S1,2025-07-31 10:36:00,2025-07-31 13:18:00,2.46,2.71,3.59
A01048,S2,2025-07-31 14:03:00,2025-07-31 18:28:00,3.7,4.42,0.74
A01048,S3,2025-07-31 19:42:00,2025-08-01 01:58:00,6.16,6.27,1.24
A01048,S4,2025-08-01 04:12:00,2025-08-01 09:20:00,4.93,5.14,2.24
A01048,S5,2025-08-01 11:54:00,2025-08-01 13:45:00,1.85,1.86,2.56
A01049,S1,2025-07-31 07:12:00,2025-07-31 09:34:00,1.9,2.37,0.19
A01049,S2,2025-07-31 10:00:00,2025-07-31 12:46:00,2.86,2.78,0.43
A01049,S3,2025-07-31 18:09:00,2025-07-31 23:04:00,4.76,4.92,5.38
A01049,S4,2025-08-01 01:39:00,2025-08-01 04:59:00,3.81,3.34,2.57
A01049,S5,2025-08-01 08:41:00,2025-08-01 10:18:00,1.43,1.62,3.7
A01050,S1,2025-07-31 09:36:00,2025-07-31 14:45:00,5.52,5.16,2.59
A01050,S2,2025-07-31 15:15:00,2025-08-01 00:08:00,8.28,8.9,0.5
A01050,S3,2025-08-01 01:35:00,2025-08-01 12:03:00,13.8,10.46,1.44
A01050,S4,2025-08-02 13:55:00,2025-08-03 02:45:00,11.04,12.83,25.87
A01050,S5,2025-08-03 05:33:00,2025-08-03 10:04:00,4.14,4.51,2.8
A01051,S1,2025-07-31 08:56:00,2025-07-31 13:37:00,4.56,4.68,1.94
A01051,S2,2025-07-31 14:11:00,2025-08-01 00:09:00,6.84,9.97,0.56
A01051,S3,2025-08-01 01:57:00,2025-08-01 11:49:00,11.4,9.87,1.8
A01051,S4,2025-08-01 18:51:00,2025-08-02 03:06:00,9.12,8.24,7.04
A01051,S5,2025-08-02 06:14:00,2025-08-02 10:10:00,3.42,3.93,3.14
A01052,S1,2025-07-31 09:37:00,2025-07-31 12:49:00,2.98,3.19,2.62
A01052,S2,2025-07-31 16:54:00,2025-07-31 21:32:00,4.46,4.64,4.09
A01052,S3,2025-07-31 21:37:00,2025-08-01 07:18:00,7.44,9.68,0.08
A01052,S4,2025-08-01 10:39:00,2025-08-01 17:00:00,5.95,6.35,3.35
A01052,S5,2025-08-01 17:15:00,2025-08-01 20:04:00,2.23,2.82,0.25
A01053,S1,2025-08-01 11:47:00,2025-08-01 13:40:00,2.16,1.88,4.79
A01053,S2,2025-08-01 18:09:00,2025-08-01 21:19:00,3.24,3.18,4.48
A01053,S3,2025-08-01 22:22:00,2025-08-02 03:27:00,5.4,5.08,1.05
A01053,S4,2025-08-02 08:54:00,2025-08-02 14:32:00,4.32,5.63,5.45
A01053,S5,2025-08-02 14:37:00,2025-08-02 16:09:00,1.62,1.52,0.09
A01054,S1,2025-08-01 08:08:00,2025-08-01 11:07:00,3.0,2.97,1.14
A01054,S2,2025-08-01 15:28:00,2025-08-01 19:41:00,4.5,4.21,4.36
A01054,S3,2025-08-01 19:51:00,2025-08-02 03:47:00,7.5,7.94,0.16
A01054,S4,2025-08-02 15:24:00,2025-08-02 20:11:00,6.0,4.79,11.61
A01054,S5,2025-08-02 20:17:00,2025-08-02 22:33:00,2.25,2.27,0.09
A01055,S1,2025-08-01 08:09:00,2025-08-01 11:00:00,2.29,2.84,1.16
A01055,S2,2025-08-01 14:14:00,2025-08-01 18:29:00,3.43,4.26,3.23
A01055,S3,2025-08-01 21:35:00,2025-08-02 04:53:00,5.72,7.31,3.09
A01055,S4,2025-08-02 16:58:00,2025-08-02 21:28:00,4.58,4.51,12.08
A01055,S5,2025-08-03 00:21:00,2025-08-03 02:20:00,1.72,1.98,2.88
A01056,S1,2025-08-03 07:38:00,2025-08-03 12:30:00,5.92,4.87,0.64
A01056,S2,2025-08-03 12:48:00,2025-08-03 21:36:00,8.88,8.8,0.3
A01056,S3,2025-08-04 01:36:00,2025-08-04 19:54:00,14.8,18.31,3.99
A01056,S4,2025-08-05 00:41:00,2025-08-05 11:08:00,11.84,10.44,4.78
A01056,S5,2025-08-05 12:46:00,2025-08-05 18:02:00,4.44,5.27,1.64
A01057,S1,2025-08-04 09:29:00,2025-08-04 12:01:00,2.37,2.54,2.48
A01057,S2,2025-08-04 13:44:00,2025-08-04 17:58:00,3.55,4.24,1.71
A01057,S3,2025-08-04 18:58:00,2025-08-04 23:24:00,5.92,4.43,1.0
A01057,S4,2025-08-05 01:38:00,2025-08-05 06:34:00,4.74,4.94,2.23
A01057,S5,2025-08-05 07:53:00,2025-08-05 09:37:00,1.78,1.73,1.31
A01058,S1,2025-08-04 07:33:00,2025-08-04 10:03:00,2.5,2.51,0.55
A01058,S2,2025-08-04 11:42:00,2025-08-04 16:03:00,3.75,4.36,1.64
A01058,S3,2025-08-04 17:58:00,2025-08-04 23:18:00,6.25,5.33,1.92
A01058,S4,2025-08-05 03:17:00,2025-08-05 07:25:00,5.0,4.14,3.97
A01058,S5,2025-08-05 10:48:00,2025-08-05 12:44:00,1.88,1.94,3.38
A01059,S1,2025-08-04 07:14:00,2025-08-04 10:46:00,3.65,3.54,0.23
A01059,S2,2025-08-04 20:50:00,2025-08-05 03:38:00,5.47,6.8,10.07
A01059,S3,2025-08-05 07:06:00,2025-08-05 17:22:00,9.12,10.28,3.46
A01059,S4,2025-08-06 19:23:00,2025-08-07 02:35:00,7.3,7.19,26.01
A01059,S5,2025-08-07 05:18:00,2025-08-07 08:28:00,2.74,3.15,2.73
A01060,S1,2025-08-05 08:46:00,2025-08-05 11:03:00,2.62,2.28,1.77
A01060,S2,2025-08-05 12:11:00,2025-08-05 16:05:00,3.93,3.9,1.13
A01060,S3,2025-08-05 18:11:00,2025-08-06 01:03:00,6.55,6.87,2.09
A01060,S4,2025-08-06 07:00:00,2025-08-06 17:32:00,5.24,10.54,5.95
A01060,S5,2025-08-06 19:21:00,2025-08-06 21:38:00,1.96,2.29,1.81
A01061,S1,2025-08-06 08:35:00,2025-08-06 13:05:00,5.2,4.51,1.58
A01061,S2,2025-08-06 13:47:00,2025-08-06 20:47:00,7.8,7.01,0.69
A01061,S3,2025-08-06 22:24:00,2025-08-07 13:37:00,13.0,15.22,1.61
A01061,S4,2025-08-07 17:30:00,2025-08-08 05:42:00,10.4,12.19,3.89
A01061,S5,2025-08-08 09:51:00,2025-08-08 14:38:00,3.9,4.78,4.16
A01062,S1,2025-08-06 07:32:00,2025-08-06 10:40:00,3.02,3.13,0.54
A01062,S2,2025-08-06 15:41:00,2025-08-06 21:01:00,4.54,5.33,5.02
A01062,S3,2025-08-06 22:39:00,2025-08-07 07:21:00,7.56,8.71,1.63
A01062,S4,2025-08-07 09:39:00,2025-08-07 16:05:00,6.05,6.44,2.29
A01062,S5,2025-08-07 16:47:00,2025-08-07 19:29:00,2.27,2.69,0.7
A01063,S1,2025-08-06 07:22:00,2025-08-06 10:22:00,2.86,2.99,0.37
A01063,S2,2025-08-06 12:36:00,2025-08-06 16:06:00,4.29,3.5,2.24
A01063,S3,2025-08-07 03:28:00,2025-08-07 14:20:00,7.15,10.87,11.37
A01063,S4,2025-08-07 20:57:00,2025-08-08 02:54:00,5.72,5.96,6.61
A01063,S5,2025-08-08 03:58:00,2025-08-08 06:17:00,2.14,2.32,1.06
A01064,S1,2025-08-07 14:01:00,2025-08-07 17:30:00,2.9,3.48,7.02
A01064,S2,2025-08-07 20:15:00,2025-08-08 02:31:00,4.35,6.27,2.74
A01064,S3,2025-08-08 05:23:00,2025-08-08 13:32:00,7.25,8.16,2.87
A01064,S4,2025-08-09 05:42:00,2025-08-09 14:24:00,5.8,8.7,16.16
A01064,S5,2025-08-09 15:01:00,2025-08-09 17:08:00,2.17,2.13,0.61
A01065,S1,2025-08-07 07:36:00,2025-08-07 11:19:00,3.82,3.72,0.6
A01065,S2,2025-08-07 11:59:00,2025-08-07 18:23:00,5.72,6.41,0.67
A01065,S3,2025-08-07 22:30:00,2025-08-08 10:00:00,9.54,11.49,4.11
A01065,S4,2025-08-08 10:55:00,2025-08-08 17:35:00,7.63,6.66,0.92
A01065,S5,2025-08-08 22:23:00,2025-08-09 01:48:00,2.86,3.41,4.81
A01066,S1,2025-08-07 07:25:00,2025-08-07 12:12:00,3.78,4.78,0.42
A01066,S2,2025-08-07 14:50:00,2025-08-07 21:50:00,5.66,7.0,2.63
A01066,S3,2025-08-08 01:20:00,2025-08-08 11:25:00,9.44,10.09,3.5
A01066,S4,2025-08-08 20:27:00,2025-08-09 00:11:00,7.55,3.74,9.03
A01066,S5,2025-08-09 03:58:00,2025-08-09 06:58:00,2.83,3.0,3.77
A01067,S1,2025-08-07 09:17:00,2025-08-07 14:52:00,5.8,5.57,2.29
A01067,S2,2025-08-07 15:39:00,2025-08-08 03:32:00,8.7,11.87,0.79
A01067,S3,2025-08-08 03:51:00,2025-08-08 21:17:00,14.5,17.43,0.32
A01067,S4,2025-08-08 22:46:00,2025-08-09 10:28:00,11.6,11.69,1.48
A01067,S5,2025-08-09 12:45:00,2025-08-09 17:07:00,4.35,4.37,2.29
A01068,S1,2025-08-07 08:49:00,2025-08-07 14:01:00,4.76,5.2,1.82
A01068,S2,2025-08-07 19:48:00,2025-08-08 05:02:00,7.14,9.22,5.79
A01068,S3,2025-08-08 05:20:00,2025-08-08 17:36:00,11.9,12.27,0.31
A01068,S4,2025-08-08 19:29:00,2025-08-09 10:58:00,9.52,15.5,1.87
A01068,S5,2025-08-09 13:31:00,2025-08-09 16:03:00,3.57,2.54,2.54
A01069,S1,2025-08-07 07:55:00,2025-08-07 09:42:00,1.7,1.78,0.92
A01069,S2,2025-08-07 15:29:00,2025-08-07 18:16:00,2.54,2.78,5.8
A01069,S3,2025-08-07 18:50:00,2025-08-07 23:03:00,4.24,4.22,0.55
A01069,S4,2025-08-08 02:45:00,2025-08-08 07:26:00,3.39,4.68,3.69
A01069,S5,2025-08-08 09:16:00,2025-08-08 10:40:00,1.27,1.4,1.84
A01070,S1,2025-08-08 07:47:00,2025-08-08 11:08:00,2.88,3.34,0.78
A01070,S2,2025-08-08 16:59:00,2025-08-08 23:02:00,4.32,6.05,5.86
A01070,S3,2025-08-09 02:05:00,2025-08-09 08:46:00,7.2,6.68,3.05
A01070,S4,2025-08-09 15:29:00,2025-08-09 18:23:00,5.76,2.9,6.71
A01070,S5,2025-08-09 20:29:00,2025-08-09 22:36:00,2.16,2.12,2.09
A01071,S1,2025-08-08 07:12:00,2025-08-08 08:51:00,1.7,1.65,0.21
A01071,S2,2025-08-08 09:15:00,2025-08-08 11:39:00,2.54,2.4,0.4
A01071,S3,2025-08-08 14:13:00,2025-08-08 18:23:00,4.24,4.17,2.56
A01071,S4,2025-08-09 01:47:00,2025-08-09 05:42:00,3.39,3.92,7.39
A01071,S5,2025-08-09 08:45:00,2025-08-09 09:57:00,1.27,1.21,3.05
A01072,S1,2025-08-08 09:40:00,2025-08-08 14:15:00,4.06,4.6,2.66
A01072,S2,2025-08-08 15:35:00,2025-08-08 23:42:00,6.1,8.11,1.33
A01072,S3,2025-08-09 02:43:00,2025-08-09 20:59:00,10.16,18.25,3.03
A01072,S4,2025-08-10 17:36:00,2025-08-10 22:14:00,8.13,4.62,20.63
A01072,S5,2025-08-10 22:49:00,2025-08-11 02:01:00,3.05,3.2,0.59
A01073,S1,2025-08-08 10:11:00,2025-08-08 13:45:00,3.17,3.57,3.18
A01073,S2,2025-08-08 18:09:00,2025-08-08 22:40:00,4.75,4.5,4.41
A01073,S3,2025-08-09 01:44:00,2025-08-09 09:44:00,7.92,8.0,3.07
A01073,S4,2025-08-09 13:46:00,2025-08-09 19:23:00,6.34,5.62,4.03
A01073,S5,2025-08-09 21:31:00,2025-08-10 00:10:00,2.38,2.64,2.14
A01074,S1,2025-08-08 07:07:00,2025-08-08 08:56:00,1.94,1.82,0.12
A01074,S2,2025-08-08 09:55:00,2025-08-08 13:09:00,2.9,3.24,0.97
A01074,S3,2025-08-08 15:52:00,2025-08-08 22:31:00,4.84,6.66,2.7
A01074,S4,2025-08-09 02:57:00,2025-08-09 06:13:00,3.87,3.27,4.43
A01074,S5,2025-08-09 08:54:00,2025-08-09 10:07:00,1.45,1.2,2.7
A01075,S1,2025-08-08 07:30:00,2025-08-08 12:36:00,4.4,5.1,0.5
A01075,S2,2025-08-08 18:59:00,2025-08-09 01:51:00,6.6,6.87,6.39
A01075,S3,2025-08-09 10:38:00,2025-08-09 21:43:00,11.0,11.08,8.78
A01075,S4,2025-08-10 07:41:00,2025-08-10 16:35:00,8.8,8.91,9.96
A01075,S5,2025-08-10 18:03:00,2025-08-10 21:23:00,3.3,3.34,1.47
A01076,S1,2025-08-08 07:34:00,2025-08-08 13:35:00,6.04,6.02,0.57
A01076,S2,2025-08-08 14:28:00,2025-08-09 00:15:00,9.06,9.79,0.87
A01076,S3,2025-08-09 04:27:00,2025-08-09 16:40:00,15.1,12.22,4.2
A01076,S4,2025-08-10 01:43:00,2025-08-10 19:20:00,12.08,17.61,9.06
A01076,S5,2025-08-10 21:48:00,2025-08-11 02:25:00,4.53,4.62,2.47
A01077,S1,2025-08-09 08:27:00,2025-08-09 12:19:00,4.13,3.88,1.45
A01077,S2,2025-08-09 20:48:00,2025-08-10 03:41:00,6.19,6.88,8.47
A01077,S3,2025-08-10 05:54:00,2025-08-10 17:38:00,10.32,11.75,2.22
A01077,S4,2025-08-11 00:14:00,2025-08-11 10:34:00,8.26,10.33,6.59
A01077,S5,2025-08-11 12:44:00,2025-08-11 16:12:00,3.1,3.46,2.17
A01078,S1,2025-08-09 07:07:00,2025-08-09 12:54:00,5.56,5.78,0.12
A01078,S2,2025-08-09 17:29:00,2025-08-10 02:20:00,8.34,8.85,4.59
A01078,S3,2025-08-10 02:55:00,2025-08-10 20:08:00,13.9,17.22,0.58
A01078,S4,2025-08-11 02:53:00,2025-08-11 15:47:00,11.12,12.91,6.74
A01078,S5,2025-08-11 15:56:00,2025-08-11 20:07:00,4.17,4.19,0.15
A01079,S1,2025-08-09 08:49:00,2025-08-09 13:08:00,3.9,4.32,1.81
A01079,S2,2025-08-09 14:46:00,2025-08-09 20:23:00,5.86,5.61,1.63
A01079,S3,2025-08-09 21:48:00,2025-08-10 08:29:00,9.76,10.69,1.42
A01079,S4,2025-08-10 21:35:00,2025-08-11 11:04:00,7.81,13.48,13.09
A01079,S5,2025-08-11 12:11:00,2025-08-11 15:27:00,2.93,3.26,1.13
A01080,S1,2025-08-09 07:54:00,2025-08-09 11:21:00,2.94,3.45,0.9
A01080,S2,2025-08-09 12:20:00,2025-08-09 15:06:00,4.41,2.77,0.98
A01080,S3,2025-08-09 16:38:00,2025-08-10 01:57:00,7.35,9.31,1.53
A01080,S4,2025-08-10 06:26:00,2025-08-10 15:10:00,5.88,8.74,4.49
A01080,S5,2025-08-10 16:09:00,2025-08-10 18:19:00,2.2,2.16,0.99
A01081,S1,2025-08-09 07:01:00,2025-08-09 10:28:00,3.29,3.44,0.02
A01081,S2,2025-08-09 10:41:00,2025-08-09 15:16:00,4.93,4.58,0.23
A01081,S3,2025-08-09 15:31:00,2025-08-10 02:44:00,8.22,11.23,0.24
A01081,S4,2025-08-10 10:18:00,2025-08-10 19:12:00,6.58,8.91,7.55
A01081,S5,2025-08-10 19:15:00,2025-08-10 21:31:00,2.47,2.27,0.05
A01082,S1,2025-08-10 09:30:00,2025-08-10 12:43:00,2.64,3.21,2.5
A01082,S2,2025-08-10 13:37:00,2025-08-10 17:51:00,3.96,4.23,0.9
A01082,S3,2025-08-10 17:51:00,2025-08-11 02:18:00,6.6,8.45,0.01
A01082,S4,2025-08-11 11:08:00,2025-08-12 00:53:00,5.28,13.75,8.83
A01082,S5,2025-08-12 03:45:00,2025-08-12 05:42:00,1.98,1.96,2.86
A01083,S1,2025-08-10 07:06:00,2025-08-10 13:23:00,5.52,6.29,0.1
A01083,S2,2025-08-10 17:09:00,2025-08-11 00:47:00,8.28,7.65,3.75
A01083,S3,2025-08-11 08:58:00,2025-08-12 00:33:00,13.8,15.6,8.17
A01083,S4,2025-08-12 14:04:00,2025-08-13 01:25:00,11.04,11.36,13.5
A01083,S5,2025-08-13 03:46:00,2025-08-13 08:15:00,4.14,4.48,2.35
A01084,S1,2025-08-10 07:44:00,2025-08-10 10:10:00,2.2,2.43,0.73
A01084,S2,2025-08-10 10:50:00,2025-08-10 14:51:00,3.3,4.02,0.66
A01084,S3,2025-08-10 19:26:00,2025-08-11 01:04:00,5.5,5.64,4.58
A01084,S4,2025-08-11 02:55:00,2025-08-11 09:15:00,4.4,6.32,1.85
A01084,S5,2025-08-11 14:17:00,2025-08-11 16:17:00,1.65,2.01,5.04
A01085,S1,2025-08-10 07:39:00,2025-08-10 10:34:00,2.68,2.93,0.64
A01085,S2,2025-08-10 13:37:00,2025-08-10 17:10:00,4.02,3.56,3.04
A01085,S3,2025-08-10 21:07:00,2025-08-11 02:33:00,6.7,5.43,3.95
A01085,S4,2025-08-11 14:22:00,2025-08-11 19:23:00,5.36,5.01,11.82
A01085,S5,2025-08-11 19:34:00,2025-08-11 21:42:00,2.01,2.14,0.18
A01086,S1,2025-08-10 08:19:00,2025-08-10 11:33:00,2.94,3.24,1.32
A01086,S2,2025-08-10 12:50:00,2025-08-10 17:57:00,4.41,5.11,1.28
A01086,S3,2025-08-10 20:18:00,2025-08-11 03:40:00,7.35,7.36,2.35
A01086,S4,2025-08-11 05:12:00,2025-08-11 10:27:00,5.88,5.25,1.54
A01086,S5,2025-08-11 12:58:00,2025-08-11 15:29:00,2.2,2.51,2.51
A01087,S1,2025-08-11 07:19:00,2025-08-11 09:34:00,2.0,2.25,0.31
A01087,S2,2025-08-11 10:55:00,2025-08-11 13:55:00,3.0,3.01,1.35
A01087,S3,2025-08-11 14:55:00,2025-08-11 19:36:00,5.0,4.69,0.99
A01087,S4,2025-08-11 23:49:00,2025-08-12 01:32:00,4.0,1.72,4.22
A01087,S5,2025-08-12 04:48:00,2025-08-12 06:39:00,1.5,1.85,3.26
A01088,S1,2025-08-11 07:54:00,2025-08-11 10:04:00,2.5,2.16,0.9
A01088,S2,2025-08-11 15:29:00,2025-08-11 20:15:00,3.74,4.77,5.43
A01088,S3,2025-08-11 21:26:00,2025-08-12 02:02:00,6.24,4.6,1.17
A01088,S4,2025-08-12 04:38:00,2025-08-12 12:51:00,4.99,8.21,2.6
A01088,S5,2025-08-12 13:32:00,2025-08-12 15:14:00,1.87,1.71,0.68
A01089,S1,2025-08-11 07:10:00,2025-08-11 09:24:00,2.18,2.24,0.16
A01089,S2,2025-08-11 10:35:00,2025-08-11 13:31:00,3.27,2.94,1.18
A01089,S3,2025-08-11 13:58:00,2025-08-11 20:28:00,5.45,6.51,0.44
A01089,S4,2025-08-12 16:05:00,2025-08-12 20:05:00,4.36,4.0,19.61
A01089,S5,2025-08-12 20:18:00,2025-08-12 22:06:00,1.64,1.8,0.22
A01090,S1,2025-08-11 07:00:00,2025-08-11 10:12:00,3.07,3.19,0.0
A01090,S2,2025-08-11 15:57:00,2025-08-11 20:40:00,4.61,4.71,5.76
A01090,S3,2025-08-11 20:41:00,2025-08-12 09:18:00,7.68,12.61,0.02
A01090,S4,2025-08-14 01:10:00,2025-08-14 07:37:00,6.14,6.44,39.87
A01090,S5,2025-08-14 13:28:00,2025-08-14 15:44:00,2.3,2.27,5.85
A01091,S1,2025-08-11 08:45:00,2025-08-11 12:18:00,3.53,3.56,1.75
A01091,S2,2025-08-11 13:00:00,2025-08-11 18:35:00,5.29,5.58,0.7
A01091,S3,2025-08-11 19:53:00,2025-08-12 05:50:00,8.82,9.95,1.3
A01091,S4,2025-08-12 14:19:00,2025-08-13 00:41:00,7.06,10.38,8.48
A01091,S5,2025-08-13 04:40:00,2025-08-13 07:26:00,2.65,2.75,3.98
A01092,S1,2025-08-11 09:39:00,2025-08-11 13:42:00,3.68,4.06,2.64
A01092,S2,2025-08-11 14:27:00,2025-08-11 20:10:00,5.52,5.72,0.74
A01092,S3,2025-08-11 20:38:00,2025-08-12 05:05:00,9.2,8.45,0.46
A01092,S4,2025-08-12 10:43:00,2025-08-12 20:49:00,7.36,10.11,5.63
A01092,S5,2025-08-12 22:02:00,2025-08-13 01:00:00,2.76,2.96,1.22
A01093,S1,2025-08-11 08:27:00,2025-08-11 12:54:00,4.93,4.46,1.44
A01093,S2,2025-08-11 22:04:00,2025-08-12 06:30:00,7.39,8.43,9.17
A01093,S3,2025-08-12 06:56:00,2025-08-12 16:38:00,12.32,9.69,0.44
A01093,S4,2025-08-12 20:31:00,2025-08-13 06:06:00,9.86,9.58,3.88
A01093,S5,2025-08-13 07:10:00,2025-08-13 10:52:00,3.7,3.7,1.07
A01094,S1,2025-08-12 07:26:00,2025-08-12 09:41:00,2.26,2.25,0.43
A01094,S2,2025-08-12 10:36:00,2025-08-12 14:02:00,3.38,3.42,0.93
A01094,S3,2025-08-12 14:44:00,2025-08-12 18:43:00,5.64,3.98,0.7
A01094,S4,2025-08-13 00:39:00,2025-08-13 05:32:00,4.51,4.88,5.94
A01094,S5,2025-08-13 06:01:00,2025-08-13 07:37:00,1.69,1.6,0.49
A01095,S1,2025-08-12 09:21:00,2025-08-12 11:54:00,2.4,2.55,2.36
A01095,S2,2025-08-12 16:20:00,2025-08-12 20:32:00,3.6,4.21,4.42
A01095,S3,2025-08-12 23:48:00,2025-08-13 07:06:00,6.0,7.31,3.26
A01095,S4,2025-08-14 01:59:00,2025-08-14 07:07:00,4.8,5.13,18.88
A01095,S5,2025-08-14 07:07:00,2025-08-14 08:51:00,1.8,1.73,0.0
A01096,S1,2025-08-12 07:31:00,2025-08-12 13:51:00,6.24,6.32,0.52
A01096,S2,2025-08-12 16:51:00,2025-08-12 23:51:00,9.36,7.0,3.0
A01096,S3,2025-08-13 01:12:00,2025-08-13 18:39:00,15.6,17.44,1.36
A01096,S4,2025-08-14 01:33:00,2025-08-14 16:23:00,12.48,14.83,6.91
A01096,S5,2025-08-14 19:14:00,2025-08-14 23:59:00,4.68,4.76,2.85
A01097,S1,2025-08-12 07:10:00,2025-08-12 08:45:00,1.86,1.58,0.17
A01097,S2,2025-08-12 10:19:00,2025-08-12 13:44:00,2.78,3.41,1.57
A01097,S3,2025-08-12 18:35:00,2025-08-13 00:01:00,4.64,5.43,4.85
A01097,S4,2025-08-13 00:47:00,2025-08-13 04:43:00,3.71,3.93,0.78
A01097,S5,2025-08-13 06:27:00,2025-08-13 07:56:00,1.39,1.48,1.73
A01098,S1,2025-08-13 08:39:00,2025-08-13 11:38:00,2.46,2.99,1.65
A01098,S2,2025-08-13 11:54:00,2025-08-13 15:32:00,3.7,3.64,0.25
A01098,S3,2025-08-13 18:23:00,2025-08-14 01:30:00,6.16,7.1,2.85
A01098,S4,2025-08-14 04:17:00,2025-08-14 07:06:00,4.93,2.81,2.79
A01098,S5,2025-08-14 10:02:00,2025-08-14 11:52:00,1.85,1.84,2.93
A01099,S1,2025-08-13 13:20:00,2025-08-13 15:52:00,2.32,2.54,6.33
A01099,S2,2025-08-13 16:47:00,2025-08-13 20:35:00,3.48,3.79,0.93
A01099,S3,2025-08-13 22:42:00,2025-08-14 03:00:00,5.8,4.3,2.12
A01099,S4,2025-08-14 08:34:00,2025-08-14 14:10:00,4.64,5.61,5.56
A01099,S5,2025-08-14 15:33:00,2025-08-14 17:17:00,1.74,1.74,1.38
A01100,S1,2025-08-13 07:19:00,2025-08-13 10:14:00,2.94,2.92,0.32
A01100,S2,2025-08-13 16:39:00,2025-08-13 21:35:00,4.41,4.92,6.42
A01100,S3,2025-08-13 22:54:00,2025-08-14 06:29:00,7.35,7.58,1.33
A01100,S4,2025-08-15 02:18:00,2025-08-15 09:25:00,5.88,7.11,19.82
A01100,S5,2025-08-15 09:26:00,2025-08-15 11:53:00,2.2,2.45,0.02
A01101,S1,2025-08-13 07:58:00,2025-08-13 11:54:00,3.58,3.94,0.96
A01101,S2,2025-08-13 12:49:00,2025-08-13 17:55:00,5.38,5.11,0.9
A01101,S3,2025-08-13 18:07:00,2025-08-14 04:43:00,8.96,10.59,0.2
A01101,S4,2025-08-15 03:42:00,2025-08-15 09:49:00,7.17,6.12,22.98
A01101,S5,2025-08-15 15:19:00,2025-08-15 17:59:00,2.69,2.67,5.5
A01102,S1,2025-08-13 07:12:00,2025-08-13 09:54:00,2.81,2.69,0.21
A01102,S2,2025-08-13 12:31:00,2025-08-13 16:33:00,4.21,4.04,2.62
A01102,S3,2025-08-13 17:54:00,2025-08-14 02:30:00,7.02,8.61,1.34
A01102,S4,2025-08-14 20:38:00,2025-08-14 23:06:00,5.62,2.46,18.13
A01102,S5,2025-08-14 23:55:00,2025-08-15 02:09:00,2.11,2.24,0.82
A01103,S1,2025-08-14 07:39:00,2025-08-14 12:34:00,5.6,4.91,0.65
A01103,S2,2025-08-14 14:25:00,2025-08-14 22:02:00,8.4,7.63,1.85
A01103,S3,2025-08-15 05:01:00,2025-08-15 12:44:00,14.0,7.72,6.98
A01103,S4,2025-08-16 05:58:00,2025-08-16 11:59:00,11.2,6.01,17.23
A01103,S5,2025-08-16 12:48:00,2025-08-16 18:10:00,4.2,5.37,0.82
A01104,S1,2025-08-14 08:58:00,2025-08-14 14:24:00,5.16,5.44,1.97
A01104,S2,2025-08-14 16:17:00,2025-08-15 01:38:00,7.74,9.35,1.88
A01104,S3,2025-08-15 04:37:00,2025-08-15 18:59:00,12.9,14.37,2.99
A01104,S4,2025-08-16 03:32:00,2025-08-16 13:09:00,10.32,9.61,8.55
A01104,S5,2025-08-16 13:43:00,2025-08-16 17:39:00,3.87,3.93,0.56
A01105,S1,2025-08-14 07:05:00,2025-08-14 09:46:00,2.22,2.7,0.08
A01105,S2,2025-08-14 10:14:00,2025-08-14 13:16:00,3.34,3.03,0.47
A01105,S3,2025-08-14 19:01:00,2025-08-15 00:09:00,5.56,5.13,5.75
A01105,S4,2025-08-15 11:01:00,2025-08-15 14:57:00,4.45,3.94,10.86
A01105,S5,2025-08-15 15:07:00,2025-08-15 17:03:00,1.67,1.93,0.16
A01106,S1,2025-08-14 07:31:00,2025-08-14 09:34:00,1.9,2.06,0.51
A01106,S2,2025-08-14 10:59:00,2025-08-14 13:42:00,2.86,2.71,1.42
A01106,S3,2025-08-14 16:53:00,2025-08-14 22:46:00,4.76,5.89,3.18
A01106,S4,2025-08-15 13:28:00,2025-08-15 17:02:00,3.81,3.56,14.7
A01106,S5,2025-08-15 21:55:00,2025-08-15 23:34:00,1.43,1.66,4.89
A01107,S1,2025-08-14 07:38:00,2025-08-14 09:37:00,1.73,1.97,0.64
A01107,S2,2025-08-14 09:55:00,2025-08-14 12:48:00,2.59,2.89,0.3
A01107,S3,2025-08-14 14:13:00,2025-08-14 19:13:00,4.32,5.01,1.41
A01107,S4,2025-08-15 02:32:00,2025-08-15 05:24:00,3.46,2.87,7.31
A01107,S5,2025-08-15 06:22:00,2025-08-15 07:38:00,1.3,1.27,0.97
A01108,S1,2025-08-14 07:13:00,2025-08-14 09:21:00,2.32,2.13,0.21
A01108,S2,2025-08-14 11:14:00,2025-08-14 14:47:00,3.48,3.56,1.89
A01108,S3,2025-08-15 01:36:00,2025-08-15 06:30:00,5.8,4.91,10.81
A01108,S4,2025-08-15 18:15:00,2025-08-15 22:45:00,4.64,4.5,11.75
A01108,S5,2025-08-16 00:26:00,2025-08-16 02:15:00,1.74,1.81,1.69
A01109,S1,2025-08-14 07:59:00,2025-08-14 11:24:00,3.82,3.42,0.99
A01109,S2,2025-08-14 12:17:00,2025-08-14 16:24:00,5.72,4.13,0.88
A01109,S3,2025-08-14 16:48:00,2025-08-14 23:28:00,9.54,6.67,0.39
A01109,S4,2025-08-14 23:46:00,2025-08-15 06:46:00,7.63,7.0,0.3
A01109,S5,2025-08-15 07:15:00,2025-08-15 10:36:00,2.86,3.35,0.48
A01110,S1,2025-08-14 07:59:00,2025-08-14 11:19:00,2.93,3.33,0.99
A01110,S2,2025-08-14 11:29:00,2025-08-14 15:34:00,4.39,4.08,0.17
A01110,S3,2025-08-14 17:29:00,2025-08-14 23:55:00,7.32,6.43,1.92
A01110,S4,2025-08-15 07:56:00,2025-08-15 14:20:00,5.86,6.39,8.02
A01110,S5,2025-08-15 20:36:00,2025-08-15 22:48:00,2.2,2.2,6.27
A01111,S1,2025-08-15 07:13:00,2025-08-15 10:47:00,3.53,3.58,0.21
A01111,S2,2025-08-15 11:07:00,2025-08-15 17:04:00,5.29,5.96,0.33
A01111,S3,2025-08-15 17:36:00,2025-08-16 03:42:00,8.82,10.1,0.53
A01111,S4,2025-08-16 10:52:00,2025-08-16 14:50:00,7.06,3.97,7.16
A01111,S5,2025-08-16 17:32:00,2025-08-16 20:45:00,2.65,3.22,2.7
A01112,S1,2025-08-15 07:26:00,2025-08-15 10:53:00,3.79,3.46,0.43
A01112,S2,2025-08-15 15:38:00,2025-08-15 21:13:00,5.69,5.57,4.75
A01112,S3,2025-08-15 21:17:00,2025-08-16 05:45:00,9.48,8.45,0.08
A01112,S4,2025-08-16 15:38:00,2025-08-17 04:03:00,7.58,12.42,9.88
A01112,S5,2025-08-17 06:01:00,2025-08-17 09:06:00,2.84,3.07,1.97
A01113,S1,2025-08-15 10:54:00,2025-08-15 14:52:00,4.28,3.97,3.9
A01113,S2,2025-08-15 15:28:00,2025-08-15 22:50:00,6.42,7.37,0.6
A01113,S3,2025-08-16 01:08:00,2025-08-16 15:02:00,10.7,13.91,2.3
A01113,S4,2025-08-18 02:16:00,2025-08-18 07:43:00,8.56,5.45,35.22
A01113,S5,2025-08-18 08:47:00,2025-08-18 13:16:00,3.21,4.5,1.06
A01114,S1,2025-08-15 07:39:00,2025-08-15 10:23:00,3.0,2.73,0.64
A01114,S2,2025-08-15 10:25:00,2025-08-15 16:34:00,4.5,6.14,0.04
A01114,S3,2025-08-15 18:45:00,2025-08-16 01:31:00,7.5,6.77,2.19
A01114,S4,2025-08-16 14:27:00,2025-08-16 19:43:00,6.0,5.27,12.93
A01114,S5,2025-08-16 21:10:00,2025-08-17 00:04:00,2.25,2.9,1.44
A01115,S1,2025-08-15 08:16:00,2025-08-15 10:18:00,1.95,2.04,1.26
A01115,S2,2025-08-15 11:50:00,2025-08-15 14:22:00,2.93,2.54,1.53
A01115,S3,2025-08-15 14:27:00,2025-08-15 20:59:00,4.88,6.53,0.07
A01115,S4,2025-08-16 08:16:00,2025-08-16 11:23:00,3.9,3.11,11.29
A01115,S5,2025-08-16 18:13:00,2025-08-16 19:31:00,1.46,1.3,6.84
A01116,S1,2025-08-16 08:21:00,2025-08-16 11:30:00,2.46,3.14,1.36
A01116,S2,2025-08-16 12:38:00,2025-08-16 15:36:00,3.69,2.96,1.14
A01116,S3,2025-08-16 19:00:00,2025-08-17 00:19:00,6.15,5.31,3.41
A01116,S4,2025-08-17 05:54:00,2025-08-17 15:02:00,4.92,9.13,5.59
A01116,S5,2025-08-17 15:47:00,2025-08-17 17:41:00,1.84,1.9,0.75
A01117,S1,2025-08-16 07:02:00,2025-08-16 10:05:00,2.96,3.05,0.04
A01117,S2,2025-08-16 10:19:00,2025-08-16 16:16:00,4.44,5.95,0.23
A01117,S3,2025-08-16 16:47:00,2025-08-17 02:56:00,7.4,10.15,0.52
A01117,S4,2025-08-17 16:22:00,2025-08-18 08:19:00,5.92,15.95,13.43
A01117,S5,2025-08-18 09:41:00,2025-08-18 12:12:00,2.22,2.5,1.37
A01118,S1,2025-08-16 08:18:00,2025-08-16 11:27:00,2.74,3.14,1.3
A01118,S2,2025-08-16 12:18:00,2025-08-16 16:11:00,4.11,3.89,0.86
A01118,S3,2025-08-16 20:31:00,2025-08-17 03:33:00,6.85,7.04,4.33
A01118,S4,2025-08-17 13:05:00,2025-08-17 17:36:00,5.48,4.52,9.53
A01118,S5,2025-08-17 20:27:00,2025-08-17 22:46:00,2.06,2.32,2.84
A01119,S1,2025-08-17 08:17:00,2025-08-17 10:56:00,3.1,2.66,1.28
A01119,S2,2025-08-17 14:02:00,2025-08-17 19:08:00,4.65,5.1,3.09
A01119,S3,2025-08-17 19:16:00,2025-08-18 03:44:00,7.75,8.48,0.13
A01119,S4,2025-08-18 07:16:00,2025-08-18 16:06:00,6.2,8.83,3.52
A01119,S5,2025-08-18 19:56:00,2025-08-18 22:20:00,2.33,2.41,3.83
A01120,S1,2025-08-17 07:57:00,2025-08-17 12:11:00,4.51,4.25,0.94
A01120,S2,2025-08-17 15:10:00,2025-08-17 23:07:00,6.77,7.94,2.98
A01120,S3,2025-08-17 23:09:00,2025-08-18 09:48:00,11.28,10.65,0.03
A01120,S4,2025-08-18 10:08:00,2025-08-18 22:45:00,9.02,12.6,0.34
A01120,S5,2025-08-18 23:30:00,2025-08-19 02:42:00,3.38,3.2,0.77
A01121,S1,2025-08-17 07:12:00,2025-08-17 10:57:00,3.22,3.74,0.21
A01121,S2,2025-08-17 13:18:00,2025-08-17 20:20:00,4.82,7.03,2.36
A01121,S3,2025-08-17 21:11:00,2025-08-18 04:30:00,8.04,7.31,0.85
A01121,S4,2025-08-18 11:01:00,2025-08-18 16:35:00,6.43,5.56,6.53
A01121,S5,2025-08-18 16:44:00,2025-08-18 18:56:00,2.41,2.2,0.15
A01122,S1,2025-08-17 10:39:00,2025-08-17 12:41:00,2.16,2.03,3.65
A01122,S2,2025-08-17 13:01:00,2025-08-17 17:42:00,3.24,4.68,0.34
A01122,S3,2025-08-17 22:48:00,2025-08-18 03:37:00,5.4,4.81,5.1
A01122,S4,2025-08-18 05:23:00,2025-08-18 15:10:00,4.32,9.77,1.78
A01122,S5,2025-08-18 15:52:00,2025-08-18 18:05:00,1.62,2.22,0.71
A01123,S1,2025-08-17 08:41:00,2025-08-17 11:12:00,2.69,2.52,1.68
A01123,S2,2025-08-17 13:34:00,2025-08-17 17:59:00,4.03,4.42,2.36
A01123,S3,2025-08-17 19:08:00,2025-08-18 02:04:00,6.72,6.94,1.15
A01123,S4,2025-08-18 05:51:00,2025-08-18 10:04:00,5.38,4.21,3.78
A01123,S5,2025-08-18 11:21:00,2025-08-18 13:26:00,2.02,2.09,1.29
A01124,S1,2025-08-18 07:21:00,2025-08-18 10:26:00,2.78,3.08,0.35
A01124,S2,2025-08-18 11:51:00,2025-08-18 15:35:00,4.17,3.74,1.42
A01124,S3,2025-08-18 16:28:00,2025-08-18 23:59:00,6.95,7.51,0.88
A01124,S4,2025-08-19 05:30:00,2025-08-19 11:43:00,5.56,6.22,5.52
A01124,S5,2025-08-20 00:36:00,2025-08-20 02:46:00,2.08,2.18,12.87
A01125,S1,2025-08-18 09:06:00,2025-08-18 15:16:00,5.96,6.16,2.11
A01125,S2,2025-08-18 15:38:00,2025-08-19 01:44:00,8.94,10.09,0.37
A01125,S3,2025-08-19 03:49:00,2025-08-19 19:35:00,14.9,15.78,2.08
A01125,S4,2025-08-19 23:19:00,2025-08-20 13:20:00,11.92,14.02,3.73
A01125,S5,2025-08-20 15:14:00,2025-08-20 20:32:00,4.47,5.3,1.91
A01126,S1,2025-08-19 07:23:00,2025-08-19 13:21:00,6.28,5.97,0.39
A01126,S2,2025-08-19 14:16:00,2025-08-20 00:23:00,9.42,10.12,0.91
A01126,S3,2025-08-20 01:51:00,2025-08-20 17:34:00,15.7,15.72,1.46
A01126,S4,2025-08-20 18:46:00,2025-08-21 13:53:00,12.56,19.12,1.2
A01126,S5,2025-08-21 14:56:00,2025-08-21 19:59:00,4.71,5.04,1.06
A01127,S1,2025-08-19 07:26:00,2025-08-19 10:01:00,2.48,2.6,0.43
A01127,S2,2025-08-19 11:53:00,2025-08-19 14:43:00,3.72,2.84,1.86
A01127,S3,2025-08-19 15:11:00,2025-08-19 20:48:00,6.2,5.62,0.46
A01127,S4,2025-08-20 15:59:00,2025-08-20 21:46:00,4.96,5.77,19.19
A01127,S5,2025-08-20 22:07:00,2025-08-21 00:03:00,1.86,1.93,0.36
A01128,S1,2025-08-19 07:56:00,2025-08-19 09:43:00,1.71,1.79,0.93
A01128,S2,2025-08-19 09:51:00,2025-08-19 12:36:00,2.57,2.74,0.14
A01128,S3,2025-08-19 20:37:00,2025-08-20 00:23:00,4.28,3.76,8.02
A01128,S4,2025-08-20 00:58:00,2025-08-20 02:43:00,3.42,1.74,0.59
A01128,S5,2025-08-20 03:39:00,2025-08-20 05:04:00,1.28,1.42,0.93
A01129,S1,2025-08-19 09:18:00,2025-08-19 14:47:00,4.32,5.49,2.3
A01129,S2,2025-08-19 14:48:00,2025-08-19 21:29:00,6.48,6.69,0.01
A01129,S3,2025-08-19 21:30:00,2025-08-20 07:29:00,10.8,9.98,0.01
A01129,S4,2025-08-20 15:17:00,2025-08-20 22:27:00,8.64,7.17,7.8
A01129,S5,2025-08-20 22:29:00,2025-08-21 02:34:00,3.24,4.08,0.03
A01130,S1,2025-08-19 07:42:00,2025-08-19 10:24:00,2.54,2.7,0.7
A01130,S2,2025-08-19 14:00:00,2025-08-19 18:09:00,3.81,4.16,3.59
A01130,S3,2025-08-19 19:31:00,2025-08-20 03:11:00,6.35,7.66,1.36
A01130,S4,2025-08-20 19:43:00,2025-08-21 01:08:00,5.08,5.43,16.53
A01130,S5,2025-08-21 01:39:00,2025-08-21 04:02:00,1.9,2.38,0.52
A01131,S1,2025-08-20 07:34:00,2025-08-20 11:35:00,3.62,4.03,0.56
A01131,S2,2025-08-20 13:57:00,2025-08-20 19:29:00,5.44,5.54,2.36
A01131,S3,2025-08-21 02:49:00,2025-08-21 14:59:00,9.06,12.15,7.34
A01131,S4,2025-08-21 21:10:00,2025-08-22 06:20:00,7.25,9.18,6.18
A01131,S5,2025-08-22 06:47:00,2025-08-22 09:35:00,2.72,2.81,0.44
A01132,S1,2025-08-20 07:03:00,2025-08-20 09:32:00,2.54,2.48,0.05
A01132,S2,2025-08-20 10:30:00,2025-08-20 15:02:00,3.82,4.54,0.96
A01132,S3,2025-08-20 15:15:00,2025-08-20 23:08:00,6.36,7.87,0.22
A01132,S4,2025-08-21 00:02:00,2025-08-21 04:27:00,5.09,4.42,0.9
A01132,S5,2025-08-21 06:01:00,2025-08-21 07:45:00,1.91,1.73,1.56
A01133,S1,2025-08-20 07:51:00,2025-08-20 10:55:00,3.58,3.06,0.85
A01133,S2,2025-08-20 12:18:00,2025-08-20 18:51:00,5.38,6.54,1.39
A01133,S3,2025-08-21 03:32:00,2025-08-21 11:18:00,8.96,7.77,8.69
A01133,S4,2025-08-21 18:21:00,2025-08-22 11:54:00,7.17,17.55,7.05
A01133,S5,2025-08-22 13:30:00,2025-08-22 15:59:00,2.69,2.49,1.59
A01134,S1,2025-08-21 07:18:00,2025-08-21 10:08:00,2.44,2.83,0.3
A01134,S2,2025-08-21 10:51:00,2025-08-21 14:29:00,3.66,3.63,0.72
A01134,S3,2025-08-21 14:30:00,2025-08-21 20:22:00,6.1,5.87,0.01
A01134,S4,2025-08-22 06:53:00,2025-08-22 10:48:00,4.88,3.93,10.51
A01134,S5,2025-08-22 19:03:00,2025-08-22 20:52:00,1.83,1.81,8.24
A01135,S1,2025-08-21 07:23:00,2025-08-21 14:17:00,6.08,6.9,0.39
A01135,S2,2025-08-21 18:11:00,2025-08-22 02:12:00,9.12,8.01,3.9
A01135,S3,2025-08-22 03:26:00,2025-08-23 04:02:00,15.2,24.59,1.23
A01135,S4,2025-08-23 04:16:00,2025-08-23 16:21:00,12.16,12.08,0.24
A01135,S5,2025-08-23 16:43:00,2025-08-23 21:27:00,4.56,4.74,0.36
A01136,S1,2025-08-21 07:35:00,2025-08-21 14:16:00,5.84,6.68,0.59
A01136,S2,2025-08-21 19:52:00,2025-08-22 06:24:00,8.76,10.53,5.6
A01136,S3,2025-08-22 08:53:00,2025-08-23 04:55:00,14.6,20.03,2.49
A01136,S4,2025-08-23 16:10:00,2025-08-24 08:41:00,11.68,16.52,11.26
A01136,S5,2025-08-24 09:34:00,2025-08-24 15:08:00,4.38,5.58,0.87
A01137,S1,2025-08-21 07:07:00,2025-08-21 08:48:00,1.71,1.68,0.11
A01137,S2,2025-08-21 09:22:00,2025-08-21 12:16:00,2.57,2.9,0.56
A01137,S3,2025-08-21 12:55:00,2025-08-21 18:11:00,4.28,5.27,0.66
A01137,S4,2025-08-21 21:01:00,2025-08-22 00:48:00,3.42,3.8,2.82
A01137,S5,2025-08-22 03:27:00,2025-08-22 04:45:00,1.28,1.3,2.64
A01138,S1,2025-08-22 07:40:00,2025-08-22 11:07:00,2.62,3.44,0.67
A01138,S2,2025-08-22 11:21:00,2025-08-22 15:09:00,3.93,3.79,0.24
A01138,S3,2025-08-22 18:33:00,2025-08-23 01:01:00,6.55,6.47,3.4
A01138,S4,2025-08-23 04:01:00,2025-08-23 08:16:00,5.24,4.25,2.98
A01138,S5,2025-08-23 10:43:00,2025-08-23 12:27:00,1.96,1.73,2.46
A01139,S1,2025-08-22 07:11:00,2025-08-22 13:09:00,5.04,5.96,0.18
A01139,S2,2025-08-22 15:16:00,2025-08-22 23:56:00,7.56,8.68,2.12
A01139,S3,2025-08-23 04:32:00,2025-08-23 20:21:00,12.6,15.81,4.6
A01139,S4,2025-08-23 20:55:00,2025-08-24 09:05:00,10.08,12.17,0.56
A01139,S5,2025-08-24 14:14:00,2025-08-24 17:44:00,3.78,3.5,5.16
A01140,S1,2025-08-22 07:42:00,2025-08-22 12:05:00,4.42,4.37,0.71
A01140,S2,2025-08-22 15:45:00,2025-08-22 22:18:00,6.62,6.54,3.68
A01140,S3,2025-08-23 04:38:00,2025-08-23 17:51:00,11.04,13.21,6.34
A01140,S4,2025-08-24 20:38:00,2025-08-25 03:30:00,8.83,6.86,26.79
A01140,S5,2025-08-25 03:31:00,2025-08-25 06:49:00,3.31,3.29,0.02
A01141,S1,2025-08-22 07:51:00,2025-08-22 10:31:00,2.1,2.68,0.84
A01141,S2,2025-08-22 11:45:00,2025-08-22 15:07:00,3.14,3.36,1.23
A01141,S3,2025-08-22 15:50:00,2025-08-22 21:35:00,5.24,5.76,0.71
A01141,S4,2025-08-23 02:01:00,2025-08-23 09:49:00,4.19,7.8,4.43
A01141,S5,2025-08-23 12:42:00,2025-08-23 14:25:00,1.57,1.72,2.88
A01142,S1,2025-08-22 07:18:00,2025-08-22 11:14:00,3.38,3.94,0.29
A01142,S2,2025-08-22 15:27:00,2025-08-22 21:26:00,5.08,5.98,4.22
A01142,S3,2025-08-22 22:02:00,2025-08-23 07:22:00,8.46,9.34,0.6
A01142,S4,2025-08-23 17:46:00,2025-08-24 01:46:00,6.77,7.99,10.4
A01142,S5,2025-08-24 02:27:00,2025-08-24 05:03:00,2.54,2.59,0.69
A01143,S1,2025-08-22 07:31:00,2025-08-22 11:22:00,3.46,3.86,0.51
A01143,S2,2025-08-22 12:59:00,2025-08-22 17:22:00,5.18,4.38,1.62
A01143,S3,2025-08-22 21:39:00,2025-08-23 05:01:00,8.64,7.36,4.29
A01143,S4,2025-08-23 15:28:00,2025-08-23 22:14:00,6.91,6.78,10.45
A01143,S5,2025-08-23 23:14:00,2025-08-24 01:53:00,2.59,2.64,0.99
A01144,S1,2025-08-22 10:12:00,2025-08-22 16:58:00,5.84,6.77,3.2
A01144,S2,2025-08-22 18:06:00,2025-08-23 06:47:00,8.76,12.68,1.12
A01144,S3,2025-08-23 08:06:00,2025-08-23 19:17:00,14.6,11.18,1.33
A01144,S4,2025-08-23 23:09:00,2025-08-24 13:38:00,11.68,14.49,3.86
A01144,S5,2025-08-24 15:33:00,2025-08-24 20:21:00,4.38,4.81,1.91
A01145,S1,2025-08-22 07:22:00,2025-08-22 10:44:00,3.53,3.37,0.36
A01145,S2,2025-08-22 12:05:00,2025-08-22 18:14:00,5.29,6.14,1.36
A01145,S3,2025-08-22 19:46:00,2025-08-23 08:58:00,8.82,13.2,1.55
A01145,S4,2025-08-23 10:46:00,2025-08-23 15:36:00,7.06,4.83,1.8
A01145,S5,2025-08-23 17:19:00,2025-08-23 19:49:00,2.65,2.51,1.71
A01146,S1,2025-08-23 07:09:00,2025-08-23 12:14:00,4.48,5.08,0.16
A01146,S2,2025-08-23 19:32:00,2025-08-24 03:10:00,6.72,7.63,7.3
A01146,S3,2025-08-24 06:18:00,2025-08-24 17:40:00,11.2,11.37,3.13
A01146,S4,2025-08-24 22:41:00,2025-08-25 07:28:00,8.96,8.79,5.01
A01146,S5,2025-08-25 07:42:00,2025-08-25 11:57:00,3.36,4.25,0.24
A01147,S1,2025-08-23 08:49:00,2025-08-23 13:36:00,3.97,4.8,1.81
A01147,S2,2025-08-23 14:33:00,2025-08-23 20:42:00,5.95,6.14,0.95
A01147,S3,2025-08-23 23:24:00,2025-08-24 08:01:00,9.92,8.63,2.7
A01147,S4,2025-08-25 05:58:00,2025-08-25 14:28:00,7.94,8.5,21.94
A01147,S5,2025-08-25 14:58:00,2025-08-25 18:12:00,2.98,3.23,0.5
A01148,S1,2025-08-24 07:09:00,2025-08-24 09:27:00,2.42,2.3,0.15
A01148,S2,2025-08-24 09:28:00,2025-08-24 14:15:00,3.62,4.79,0.01
A01148,S3,2025-08-24 14:17:00,2025-08-24 18:49:00,6.04,4.54,0.03
A01148,S4,2025-08-24 23:13:00,2025-08-25 04:34:00,4.83,5.34,4.4
A01148,S5,2025-08-25 08:37:00,2025-08-25 10:20:00,1.81,1.72,4.06
A01149,S1,2025-08-24 07:04:00,2025-08-24 10:51:00,3.52,3.79,0.06
A01149,S2,2025-08-24 11:10:00,2025-08-24 16:56:00,5.28,5.76,0.31
A01149,S3,2025-08-24 21:12:00,2025-08-25 05:37:00,8.8,8.42,4.27
A01149,S4,2025-08-25 18:45:00,2025-08-26 05:53:00,7.04,11.13,13.13
A01149,S5,2025-08-26 10:26:00,2025-08-26 12:53:00,2.64,2.46,4.56
A01150,S1,2025-08-24 08:15:00,2025-08-24 13:43:00,4.36,5.48,1.24
A01150,S2,2025-08-24 14:24:00,2025-08-24 22:43:00,6.54,8.32,0.68
A01150,S3,2025-08-25 00:31:00,2025-08-25 14:38:00,10.9,14.12,1.79
A01150,S4,2025-08-25 16:19:00,2025-08-25 22:12:00,8.72,5.89,1.68
A01150,S5,2025-08-25 23:33:00,2025-08-26 03:21:00,3.27,3.8,1.35
A01151,S1,2025-08-24 08:30:00,2025-08-24 10:30:00,2.24,2.01,1.49
A01151,S2,2025-08-24 11:49:00,2025-08-24 15:28:00,3.36,3.64,1.32
A01151,S3,2025-08-24 16:25:00,2025-08-24 21:56:00,5.6,5.52,0.95
A01151,S4,2025-08-25 06:40:00,2025-08-25 10:32:00,4.48,3.87,8.73
A01151,S5,2025-08-25 11:45:00,2025-08-25 13:41:00,1.68,1.92,1.22
A01152,S1,2025-08-24 07:24:00,2025-08-24 09:47:00,2.27,2.39,0.4
A01152,S2,2025-08-24 10:25:00,2025-08-24 12:54:00,3.41,2.48,0.62
A01152,S3,2025-08-24 14:10:00,2025-08-24 20:51:00,5.68,6.68,1.28
A01152,S4,2025-08-24 23:00:00,2025-08-25 05:27:00,4.54,6.46,2.15
A01152,S5,2025-08-25 12:28:00,2025-08-25 14:18:00,1.7,1.83,7.02
A01153,S1,2025-08-25 07:24:00,2025-08-25 11:26:00,3.68,4.04,0.4
A01153,S2,2025-08-25 11:39:00,2025-08-25 17:22:00,5.52,5.71,0.22
A01153,S3,2025-08-25 17:33:00,2025-08-26 03:58:00,9.2,10.42,0.18
A01153,S4,2025-08-26 15:34:00,2025-08-27 09:31:00,7.36,17.95,11.6
A01153,S5,2025-08-27 11:51:00,2025-08-27 15:17:00,2.76,3.43,2.33
A01154,S1,2025-08-25 11:13:00,2025-08-25 15:02:00,3.71,3.81,4.21
A01154,S2,2025-08-25 17:17:00,2025-08-25 23:25:00,5.57,6.15,2.25
A01154,S3,2025-08-26 00:32:00,2025-08-26 11:07:00,9.28,10.59,1.1
A01154,S4,2025-08-26 17:27:00,2025-08-27 08:06:00,7.42,14.64,6.35
A01154,S5,2025-08-27 08:25:00,2025-08-27 12:06:00,2.78,3.68,0.32
A01155,S1,2025-08-25 08:33:00,2025-08-25 10:18:00,2.0,1.76,1.55
A01155,S2,2025-08-25 11:56:00,2025-08-25 14:48:00,3.0,2.87,1.63
A01155,S3,2025-08-25 17:17:00,2025-08-25 22:02:00,5.0,4.74,2.48
A01155,S4,2025-08-26 02:47:00,2025-08-26 05:29:00,4.0,2.71,4.75
A01155,S5,2025-08-26 06:52:00,2025-08-26 08:28:00,1.5,1.6,1.39
A01156,S1,2025-08-26 07:45:00,2025-08-26 09:56:00,2.4,2.18,0.75
A01156,S2,2025-08-26 10:56:00,2025-08-26 15:09:00,3.6,4.21,1.01
A01156,S3,2025-08-26 15:51:00,2025-08-26 21:10:00,6.0,5.31,0.71
A01156,S4,2025-08-26 21:52:00,2025-08-27 02:04:00,4.8,4.19,0.7
A01156,S5,2025-08-27 04:53:00,2025-08-27 06:52:00,1.8,1.99,2.83
A01157,S1,2025-08-26 07:05:00,2025-08-26 12:28:00,5.4,5.37,0.09
A01157,S2,2025-08-26 14:44:00,2025-08-26 22:45:00,8.1,8.02,2.27
A01157,S3,2025-08-26 23:14:00,2025-08-27 14:08:00,13.5,14.9,0.48
A01157,S4,2025-08-27 15:56:00,2025-08-28 05:32:00,10.8,13.6,1.79
A01157,S5,2025-08-28 06:59:00,2025-08-28 10:36:00,4.05,3.61,1.46
A01158,S1,2025-08-26 07:01:00,2025-08-26 10:27:00,2.95,3.42,0.02
A01158,S2,2025-08-26 14:11:00,2025-08-26 20:40:00,4.43,6.49,3.74
A01158,S3,2025-08-26 21:33:00,2025-08-27 08:13:00,7.38,10.68,0.87
A01158,S4,2025-08-27 12:37:00,2025-08-27 18:20:00,5.9,5.72,4.4
A01158,S5,2025-08-27 20:16:00,2025-08-27 22:54:00,2.21,2.63,1.93
A01159,S1,2025-08-26 09:22:00,2025-08-26 12:57:00,3.62,3.57,2.37
A01159,S2,2025-08-26 13:13:00,2025-08-26 18:59:00,5.42,5.76,0.28
A01159,S3,2025-08-26 19:57:00,2025-08-27 03:37:00,9.04,7.66,0.97
A01159,S4,2025-08-27 10:15:00,2025-08-27 14:49:00,7.23,4.57,6.63
A01159,S5,2025-08-27 16:40:00,2025-08-27 19:39:00,2.71,2.99,1.84
A01160,S1,2025-08-27 08:37:00,2025-08-27 12:11:00,3.14,3.56,1.62
A01160,S2,2025-08-27 12:20:00,2025-08-27 17:30:00,4.72,5.16,0.16
A01160,S3,2025-08-27 19:10:00,2025-08-28 02:26:00,7.86,7.27,1.67
A01160,S4,2025-08-28 09:46:00,2025-08-28 19:01:00,6.29,9.24,7.33
A01160,S5,2025-08-28 20:10:00,2025-08-28 22:31:00,2.36,2.35,1.15
A01161,S1,2025-08-27 07:02:00,2025-08-27 10:45:00,3.16,3.72,0.03
A01161,S2,2025-08-27 11:50:00,2025-08-27 15:49:00,4.74,3.99,1.08
A01161,S3,2025-08-27 16:33:00,2025-08-28 00:21:00,7.9,7.8,0.73
A01161,S4,2025-08-28 06:07:00,2025-08-28 11:16:00,6.32,5.15,5.76
A01161,S5,2025-08-28 12:49:00,2025-08-28 15:10:00,2.37,2.34,1.56
A01162,S1,2025-08-27 07:12:00,2025-08-27 14:19:00,6.08,7.12,0.2
A01162,S2,2025-08-27 15:11:00,2025-08-28 05:06:00,9.12,13.91,0.86
A01162,S3,2025-08-28 07:44:00,2025-08-29 05:42:00,15.2,21.96,2.64
A01162,S4,2025-08-29 09:05:00,2025-08-29 19:29:00,12.16,10.4,3.39
A01162,S5,2025-08-29 22:50:00,2025-08-30 03:26:00,4.56,4.6,3.34
A01163,S1,2025-08-27 08:00:00,2025-08-27 10:55:00,3.04,2.92,1.01
A01163,S2,2025-08-27 11:19:00,2025-08-27 16:07:00,4.56,4.81,0.39
A01163,S3,2025-08-27 17:22:00,2025-08-28 06:01:00,7.6,12.64,1.25
A01163,S4,2025-08-28 20:01:00,2025-08-29 02:33:00,6.08,6.54,14.0
A01163,S5,2025-08-29 04:57:00,2025-08-29 07:17:00,2.28,2.33,2.39
A01164,S1,2025-08-27 07:12:00,2025-08-27 09:44:00,2.22,2.53,0.2
A01164,S2,2025-08-27 10:25:00,2025-08-27 14:19:00,3.34,3.9,0.68
A01164,S3,2025-08-27 15:32:00,2025-08-27 21:39:00,5.56,6.12,1.22
A01164,S4,2025-08-28 03:19:00,2025-08-28 09:58:00,4.45,6.64,5.66
A01164,S5,2025-08-28 15:52:00,2025-08-28 17:38:00,1.67,1.76,5.9
A01165,S1,2025-08-27 07:26:00,2025-08-27 10:22:00,2.82,2.93,0.43
A01165,S2,2025-08-27 10:26:00,2025-08-27 14:50:00,4.23,4.41,0.06
A01165,S3,2025-08-27 21:34:00,2025-08-28 06:12:00,7.05,8.64,6.72
A01165,S4,2025-08-28 13:56:00,2025-08-29 01:00:00,5.64,11.07,7.72
A01165,S5,2025-08-29 02:56:00,2025-08-29 05:19:00,2.11,2.38,1.94
A01166,S1,2025-08-27 08:07:00,2025-08-27 10:31:00,2.52,2.4,1.12
A01166,S2,2025-08-27 17:53:00,2025-08-27 21:31:00,3.78,3.62,7.37
A01166,S3,2025-08-27 23:19:00,2025-08-28 05:20:00,6.3,6.01,1.81
A01166,S4,2025-08-28 19:46:00,2025-08-28 23:36:00,5.04,3.82,14.45
A01166,S5,2025-08-29 04:15:00,2025-08-29 06:10:00,1.89,1.91,4.66
A01167,S1,2025-08-27 07:13:00,2025-08-27 09:22:00,1.89,2.15,0.22
A01167,S2,2025-08-27 09:49:00,2025-08-27 12:05:00,2.83,2.26,0.45
A01167,S3,2025-08-27 12:57:00,2025-08-27 17:20:00,4.72,4.39,0.86
A01167,S4,2025-08-28 00:39:00,2025-08-28 03:31:00,3.78,2.86,7.31
A01167,S5,2025-08-28 03:42:00,2025-08-28 05:37:00,1.42,1.92,0.19
A01168,S1,2025-08-28 07:21:00,2025-08-28 12:06:00,5.24,4.76,0.35
A01168,S2,2025-08-28 12:34:00,2025-08-28 21:14:00,7.86,8.66,0.47
A01168,S3,2025-08-29 00:00:00,2025-08-29 11:14:00,13.1,11.24,2.77
A01168,S4,2025-08-30 22:25:00,2025-08-31 13:41:00,10.48,15.27,35.17
A01168,S5,2025-08-31 16:18:00,2025-08-31 20:56:00,3.93,4.62,2.63
A01169,S1,2025-08-28 09:49:00,2025-08-28 12:07:00,2.3,2.31,2.82
A01169,S2,2025-08-28 19:22:00,2025-08-28 22:19:00,3.45,2.95,7.24
A01169,S3,2025-08-30 02:28:00,2025-08-30 09:47:00,5.75,7.31,28.15
A01169,S4,2025-08-30 10:33:00,2025-08-30 17:20:00,4.6,6.78,0.77
A01169,S5,2025-08-30 17:50:00,2025-08-30 19:42:00,1.72,1.87,0.5
A01170,S1,2025-08-28 07:06:00,2025-08-28 09:30:00,2.6,2.4,0.11
A01170,S2,2025-08-28 10:26:00,2025-08-28 15:43:00,3.9,5.29,0.93
A01170,S3,2025-08-28 16:52:00,2025-08-29 00:13:00,6.5,7.34,1.15
A01170,S4,2025-08-29 05:45:00,2025-08-29 16:36:00,5.2,10.84,5.54
A01170,S5,2025-08-29 17:46:00,2025-08-29 19:29:00,1.95,1.72,1.17
A01171,S1,2025-08-28 07:07:00,2025-08-28 11:45:00,4.64,4.64,0.11
A01171,S2,2025-08-28 15:11:00,2025-08-29 00:31:00,6.96,9.34,3.42
A01171,S3,2025-08-29 02:15:00,2025-08-29 14:03:00,11.6,11.81,1.72
A01171,S4,2025-08-29 15:30:00,2025-08-30 00:37:00,9.28,9.11,1.45
A01171,S5,2025-08-30 04:25:00,2025-08-30 08:26:00,3.48,4.02,3.8
A01172,S1,2025-08-28 09:45:00,2025-08-28 12:09:00,2.54,2.41,2.74
A01172,S2,2025-08-28 12:53:00,2025-08-28 17:00:00,3.81,4.12,0.73
A01172,S3,2025-08-28 20:02:00,2025-08-29 01:17:00,6.35,5.24,3.04
A01172,S4,2025-08-29 07:00:00,2025-08-29 10:37:00,5.08,3.61,5.73
A01172,S5,2025-08-29 11:23:00,2025-08-29 13:17:00,1.9,1.89,0.77
A01173,S1,2025-08-28 07:04:00,2025-08-28 09:32:00,2.44,2.47,0.06
A01173,S2,2025-08-28 11:42:00,2025-08-28 16:03:00,3.66,4.34,2.17
A01173,S3,2025-08-29 04:38:00,2025-08-29 12:33:00,6.1,7.91,12.59
A01173,S4,2025-08-29 22:41:00,2025-08-30 03:43:00,4.88,5.04,10.13
A01173,S5,2025-08-30 03:45:00,2025-08-30 05:27:00,1.83,1.7,0.02
A01174,S1,2025-08-28 10:15:00,2025-08-28 12:29:00,2.16,2.24,3.25
A01174,S2,2025-08-28 13:46:00,2025-08-28 16:30:00,3.24,2.74,1.28
A01174,S3,2025-08-28 18:32:00,2025-08-28 23:43:00,5.4,5.19,2.03
A01174,S4,2025-08-29 12:10:00,2025-08-29 16:22:00,4.32,4.2,12.44
A01174,S5,2025-08-29 18:51:00,2025-08-29 20:27:00,1.62,1.6,2.48
A01175,S1,2025-08-29 07:17:00,2025-08-29 09:24:00,2.08,2.11,0.28
A01175,S2,2025-08-29 11:36:00,2025-08-29 14:31:00,3.12,2.92,2.2
A01175,S3,2025-08-29 14:49:00,2025-08-29 18:51:00,5.2,4.03,0.3
A01175,S4,2025-08-29 18:51:00,2025-08-29 23:50:00,4.16,4.97,0.01
A01175,S5,2025-08-30 00:42:00,2025-08-30 02:32:00,1.56,1.84,0.88
A01176,S1,2025-08-29 08:03:00,2025-08-29 11:56:00,3.08,3.89,1.04
A01176,S2,2025-08-29 16:34:00,2025-08-29 21:20:00,4.62,4.77,4.62
A01176,S3,2025-08-29 22:05:00,2025-08-30 06:03:00,7.7,7.97,0.75
A01176,S4,2025-08-30 11:40:00,2025-08-30 20:10:00,6.16,8.51,5.61
A01176,S5,2025-08-30 22:59:00,2025-08-31 01:31:00,2.31,2.53,2.82
A01177,S1,2025-08-30 08:17:00,2025-08-30 10:44:00,2.57,2.45,1.28
A01177,S2,2025-08-30 12:45:00,2025-08-30 17:24:00,3.85,4.65,2.01
A01177,S3,2025-08-30 17:31:00,2025-08-31 01:22:00,6.42,7.84,0.12
A01177,S4,2025-08-31 05:23:00,2025-08-31 11:37:00,5.14,6.24,4.03
A01177,S5,2025-08-31 14:28:00,2025-08-31 16:34:00,1.93,2.11,2.84
A01178,S1,2025-08-30 07:05:00,2025-08-30 09:47:00,2.84,2.69,0.08
A01178,S2,2025-08-30 10:00:00,2025-08-30 15:44:00,4.26,5.74,0.22
A01178,S3,2025-08-30 17:14:00,2025-08-31 03:26:00,7.1,10.21,1.5
A01178,S4,2025-08-31 11:22:00,2025-08-31 19:52:00,5.68,8.51,7.92
A01178,S5,2025-08-31 21:39:00,2025-09-01 00:14:00,2.13,2.59,1.78
A01179,S1,2025-08-30 07:57:00,2025-08-30 11:04:00,3.0,3.12,0.95
A01179,S2,2025-08-30 11:21:00,2025-08-30 16:02:00,4.5,4.68,0.27
A01179,S3,2025-08-30 17:06:00,2025-08-30 23:27:00,7.5,6.35,1.07
A01179,S4,2025-08-31 10:01:00,2025-08-31 16:48:00,6.0,6.78,10.57
A01179,S5,2025-08-31 17:57:00,2025-08-31 20:08:00,2.25,2.19,1.15
A01180,S1,2025-08-30 07:57:00,2025-08-30 09:33:00,1.71,1.6,0.94
A01180,S2,2025-08-30 10:27:00,2025-08-30 14:36:00,2.57,4.14,0.91
A01180,S3,2025-08-30 16:08:00,2025-08-30 20:45:00,4.28,4.62,1.54
A01180,S4,2025-08-31 13:00:00,2025-08-31 15:14:00,3.42,2.23,16.25
A01180,S5,2025-08-31 19:11:00,2025-08-31 20:33:00,1.28,1.35,3.96
A01181,S1,2025-08-30 07:02:00,2025-08-30 08:52:00,1.86,1.84,0.03
A01181,S2,2025-08-30 09:23:00,2025-08-30 12:22:00,2.78,3.0,0.51
A01181,S3,2025-08-30 13:52:00,2025-08-30 18:40:00,4.64,4.81,1.49
A01181,S4,2025-08-31 11:48:00,2025-08-31 16:06:00,3.71,4.3,17.12
A01181,S5,2025-08-31 20:33:00,2025-08-31 21:57:00,1.39,1.4,4.45
A01182,S1,2025-08-30 08:15:00,2025-08-30 11:31:00,3.46,3.27,1.24
A01182,S2,2025-08-30 15:00:00,2025-08-30 19:46:00,5.18,4.75,3.49
A01182,S3,2025-08-30 20:23:00,2025-08-31 03:58:00,8.64,7.58,0.63
A01182,S4,2025-08-31 13:09:00,2025-08-31 22:42:00,6.91,9.56,9.18
A01182,S5,2025-09-01 00:03:00,2025-09-01 03:05:00,2.59,3.03,1.35
A01183,S1,2025-08-31 07:44:00,2025-08-31 15:26:00,6.16,7.71,0.73
A01183,S2,2025-08-31 21:54:00,2025-09-01 05:49:00,9.24,7.93,6.45
A01183,S3,2025-09-01 06:21:00,2025-09-01 23:00:00,15.4,16.66,0.52
A01183,S4,2025-09-02 08:12:00,2025-09-02 22:18:00,12.32,14.1,9.19
A01183,S5,2025-09-02 22:31:00,2025-09-03 02:57:00,4.62,4.44,0.22
A01184,S1,2025-08-31 09:19:00,2025-08-31 12:37:00,3.43,3.3,2.32
A01184,S2,2025-08-31 13:38:00,2025-08-31 19:48:00,5.15,6.17,1.02
A01184,S3,2025-09-01 00:21:00,2025-09-01 11:09:00,8.58,10.81,4.54
A01184,S4,2025-09-02 11:55:00,2025-09-02 20:51:00,6.86,8.92,24.76
A01184,S5,2025-09-03 00:17:00,2025-09-03 02:47:00,2.57,2.51,3.43
A01185,S1,2025-09-01 07:26:00,2025-09-01 10:07:00,2.57,2.69,0.43
A01185,S2,2025-09-01 11:31:00,2025-09-01 14:54:00,3.85,3.38,1.39
A01185,S3,2025-09-01 18:24:00,2025-09-02 00:26:00,6.42,6.04,3.5
A01185,S4,2025-09-02 03:53:00,2025-09-02 08:51:00,5.14,4.97,3.45
A01185,S5,2025-09-02 13:37:00,2025-09-02 15:42:00,1.93,2.09,4.76
A01186,S1,2025-09-01 07:51:00,2025-09-01 10:37:00,2.24,2.76,0.85
A01186,S2,2025-09-01 11:00:00,2025-09-01 13:47:00,3.36,2.78,0.39
A01186,S3,2025-09-01 20:57:00,2025-09-02 03:57:00,5.6,6.99,7.17
A01186,S4,2025-09-02 08:28:00,2025-09-02 15:39:00,4.48,7.2,4.52
A01186,S5,2025-09-02 21:33:00,2025-09-02 23:33:00,1.68,2.0,5.89
A01187,S1,2025-09-01 08:35:00,2025-09-01 11:48:00,2.86,3.23,1.58
A01187,S2,2025-09-01 13:02:00,2025-09-01 17:49:00,4.29,4.78,1.23
A01187,S3,2025-09-01 21:11:00,2025-09-02 05:22:00,7.15,8.19,3.36
A01187,S4,2025-09-02 07:46:00,2025-09-02 13:29:00,5.72,5.72,2.4
A01187,S5,2025-09-02 17:19:00,2025-09-02 19:43:00,2.14,2.41,3.83
A01188,S1,2025-09-01 07:42:00,2025-09-01 10:13:00,2.62,2.52,0.7
A01188,S2,2025-09-01 14:21:00,2025-09-01 18:45:00,3.93,4.4,4.13
A01188,S3,2025-09-01 19:20:00,2025-09-02 03:11:00,6.55,7.85,0.59
A01188,S4,2025-09-02 03:43:00,2025-09-02 11:49:00,5.24,8.1,0.54
A01188,S5,2025-09-02 12:39:00,2025-09-02 15:01:00,1.96,2.37,0.82
A01189,S1,2025-09-01 09:45:00,2025-09-01 13:28:00,3.81,3.71,2.75
A01189,S2,2025-09-01 14:13:00,2025-09-01 19:18:00,5.71,5.09,0.75
A01189,S3,2025-09-01 22:43:00,2025-09-02 10:34:00,9.52,11.86,3.41
A01189,S4,2025-09-02 12:12:00,2025-09-02 18:57:00,7.62,6.76,1.62
A01189,S5,2025-09-02 22:12:00,2025-09-03 01:10:00,2.86,2.97,3.25
A01190,S1,2025-09-02 07:50:00,2025-09-02 12:24:00,4.28,4.56,0.83
A01190,S2,2025-09-02 14:21:00,2025-09-02 21:45:00,6.42,7.4,1.95
A01190,S3,2025-09-02 22:51:00,2025-09-03 08:22:00,10.7,9.51,1.1
A01190,S4,2025-09-03 10:11:00,2025-09-03 20:01:00,8.56,9.84,1.81
A01190,S5,2025-09-03 20:09:00,2025-09-03 23:36:00,3.21,3.45,0.13
A01191,S1,2025-09-02 07:41:00,2025-09-02 10:47:00,3.29,3.11,0.68
A01191,S2,2025-09-02 11:04:00,2025-09-02 16:16:00,4.93,5.2,0.28
A01191,S3,2025-09-02 18:26:00,2025-09-03 02:11:00,8.22,7.76,2.16
A01191,S4,2025-09-03 15:49:00,2025-09-03 19:35:00,6.58,3.76,13.63
A01191,S5,2025-09-03 20:46:00,2025-09-03 23:56:00,2.47,3.16,1.2
A01192,S1,2025-09-02 08:03:00,2025-09-02 11:46:00,3.55,3.72,1.05
A01192,S2,2025-09-02 17:25:00,2025-09-02 22:56:00,5.33,5.52,5.64
A01192,S3,2025-09-03 05:45:00,2025-09-03 14:41:00,8.88,8.92,6.83
A01192,S4,2025-09-03 14:54:00,2025-09-03 19:55:00,7.1,5.01,0.23
A01192,S5,2025-09-03 20:04:00,2025-09-03 23:13:00,2.66,3.16,0.15
A01193,S1,2025-09-02 11:26:00,2025-09-02 16:36:00,6.16,5.17,4.44
A01193,S2,2025-09-02 17:33:00,2025-09-03 05:24:00,9.24,11.85,0.94
A01193,S3,2025-09-03 06:30:00,2025-09-04 03:46:00,15.4,21.26,1.1
A01193,S4,2025-09-04 03:47:00,2025-09-04 11:59:00,12.32,8.2,0.02
A01193,S5,2025-09-04 14:23:00,2025-09-04 19:15:00,4.62,4.86,2.4
A01194,S1,2025-09-02 07:03:00,2025-09-02 10:37:00,3.36,3.56,0.05
A01194,S2,2025-09-02 10:41:00,2025-09-02 16:31:00,5.04,5.82,0.08
A01194,S3,2025-09-02 21:04:00,2025-09-03 04:12:00,8.4,7.15,4.55
A01194,S4,2025-09-03 10:04:00,2025-09-03 14:03:00,6.72,3.98,5.86
A01194,S5,2025-09-03 14:20:00,2025-09-03 16:31:00,2.52,2.19,0.29
A01195,S1,2025-09-03 07:28:00,2025-09-03 09:58:00,2.38,2.51,0.46
A01195,S2,2025-09-03 10:00:00,2025-09-03 14:00:00,3.58,4.01,0.03
A01195,S3,2025-09-03 15:26:00,2025-09-03 21:26:00,5.96,6.0,1.43
A01195,S4,2025-09-04 07:55:00,2025-09-04 12:52:00,4.77,4.95,10.48
A01195,S5,2025-09-04 14:48:00,2025-09-04 17:12:00,1.79,2.4,1.93
A01196,S1,2025-09-03 07:39:00,2025-09-03 11:22:00,2.96,3.72,0.65
A01196,S2,2025-09-03 13:33:00,2025-09-03 18:28:00,4.44,4.93,2.18
A01196,S3,2025-09-03 21:36:00,2025-09-04 03:27:00,7.4,5.85,3.12
A01196,S4,2025-09-04 14:32:00,2025-09-04 21:29:00,5.92,6.95,11.08
A01196,S5,2025-09-04 22:03:00,2025-09-05 00:27:00,2.22,2.4,0.57
A01197,S1,2025-09-03 09:37:00,2025-09-03 14:27:00,5.32,4.84,2.62
A01197,S2,2025-09-03 15:38:00,2025-09-03 23:40:00,7.98,8.04,1.18
A01197,S3,2025-09-03 23:42:00,2025-09-04 14:07:00,13.3,14.41,0.03
A01197,S4,2025-09-04 22:51:00,2025-09-05 19:20:00,10.64,20.5,8.73
A01197,S5,2025-09-05 19:32:00,2025-09-05 23:16:00,3.99,3.74,0.19
A01198,S1,2025-09-03 07:50:00,2025-09-03 10:58:00,3.06,3.14,0.83
A01198,S2,2025-09-03 13:20:00,2025-09-03 18:01:00,4.59,4.67,2.37
A01198,S3,2025-09-03 18:54:00,2025-09-04 03:54:00,7.65,9.0,0.88
A01198,S4,2025-09-04 16:14:00,2025-09-05 02:53:00,6.12,10.65,12.34
A01198,S5,2025-09-05 05:32:00,2025-09-05 07:50:00,2.3,2.28,2.65
A01199,S1,2025-09-04 07:08:00,2025-09-04 10:46:00,3.36,3.62,0.14
A01199,S2,2025-09-04 12:17:00,2025-09-04 17:41:00,5.04,5.39,1.53
A01199,S3,2025-09-04 19:52:00,2025-09-05 05:05:00,8.4,9.21,2.19
A01199,S4,2025-09-05 10:18:00,2025-09-05 21:07:00,6.72,10.83,5.21
A01199,S5,2025-09-05 21:17:00,2025-09-05 23:54:00,2.52,2.6,0.17
A01200,S1,2025-09-04 07:49:00,2025-09-04 13:10:00,5.08,5.35,0.81
A01200,S2,2025-09-04 13:52:00,2025-09-04 21:42:00,7.62,7.83,0.7
A01200,S3,2025-09-04 23:46:00,2025-09-05 14:17:00,12.7,14.52,2.07
A01200,S4,2025-09-06 10:29:00,2025-09-06 19:42:00,10.16,9.22,20.2
A01200,S5,2025-09-06 21:48:00,2025-09-07 01:46:00,3.81,3.97,2.1
A01201,S1,2025-09-04 08:48:00,2025-09-04 13:11:00,3.9,4.38,1.81
A01201,S2,2025-09-04 14:58:00,2025-09-04 19:17:00,5.86,4.32,1.78
A01201,S3,2025-09-04 22:40:00,2025-09-05 10:14:00,9.76,11.58,3.37
A01201,S4,2025-09-05 16:30:00,2025-09-05 23:03:00,7.81,6.55,6.27
A01201,S5,2025-09-06 06:20:00,2025-09-06 09:18:00,2.93,2.98,7.27
A01202,S1,2025-09-05 07:44:00,2025-09-05 11:21:00,3.05,3.61,0.74
A01202,S2,2025-09-05 13:29:00,2025-09-05 17:10:00,4.57,3.7,2.13
A01202,S3,2025-09-05 17:18:00,2025-09-06 01:00:00,7.62,7.71,0.12
A01202,S4,2025-09-06 12:48:00,2025-09-06 18:58:00,6.1,6.16,11.8
A01202,S5,2025-09-06 19:06:00,2025-09-06 21:22:00,2.29,2.28,0.13
A01203,S1,2025-09-05 08:12:00,2025-09-05 10:37:00,2.38,2.43,1.19
A01203,S2,2025-09-05 12:22:00,2025-09-05 16:51:00,3.58,4.48,1.74
A01203,S3,2025-09-05 16:53:00,2025-09-06 00:03:00,5.96,7.16,0.04
A01203,S4,2025-09-06 01:30:00,2025-09-06 07:35:00,4.77,6.08,1.45
A01203,S5,2025-09-06 16:23:00,2025-09-06 18:20:00,1.79,1.95,8.79
A01204,S1,2025-09-05 07:17:00,2025-09-05 12:06:00,4.9,4.81,0.29
A01204,S2,2025-09-05 12:45:00,2025-09-05 20:55:00,7.34,8.17,0.65
A01204,S3,2025-09-06 00:00:00,2025-09-06 12:11:00,12.24,12.19,3.09
A01204,S4,2025-09-09 01:54:00,2025-09-09 11:57:00,9.79,10.05,61.71
A01204,S5,2025-09-09 12:20:00,2025-09-09 15:41:00,3.67,3.36,0.37
A01205,S1,2025-09-05 08:09:00,2025-09-05 12:17:00,3.72,4.14,1.15
A01205,S2,2025-09-05 13:09:00,2025-09-05 20:13:00,5.58,7.06,0.87
A01205,S3,2025-09-06 01:38:00,2025-09-06 14:27:00,9.3,12.83,5.42
A01205,S4,2025-09-06 18:29:00,2025-09-07 05:47:00,7.44,11.3,4.03
A01205,S5,2025-09-07 06:30:00,2025-09-07 09:27:00,2.79,2.94,0.73
A01206,S1,2025-09-05 07:45:00,2025-09-05 14:53:00,5.6,7.13,0.75
A01206,S2,2025-09-05 20:55:00,2025-09-06 03:28:00,8.4,6.55,6.04
A01206,S3,2025-09-06 06:47:00,2025-09-06 15:49:00,14.0,9.02,3.32
A01206,S4,2025-09-06 15:56:00,2025-09-07 20:46:00,11.2,28.83,0.13
A01206,S5,2025-09-07 21:26:00,2025-09-08 01:16:00,4.2,3.83,0.67
A01207,S1,2025-09-05 07:29:00,2025-09-05 11:05:00,3.14,3.6,0.48
A01207,S2,2025-09-05 15:59:00,2025-09-05 21:08:00,4.71,5.16,4.9
A01207,S3,2025-09-05 21:36:00,2025-09-06 11:29:00,7.85,13.88,0.46
A01207,S4,2025-09-06 13:17:00,2025-09-06 19:34:00,6.28,6.27,1.81
A01207,S5,2025-09-06 21:52:00,2025-09-07 00:12:00,2.35,2.34,2.3
A01208,S1,2025-09-05 07:06:00,2025-09-05 09:27:00,2.35,2.34,0.11
A01208,S2,2025-09-05 11:40:00,2025-09-05 14:47:00,3.53,3.11,2.23
A01208,S3,2025-09-06 03:15:00,2025-09-06 09:08:00,5.88,5.88,12.47
A01208,S4,2025-09-06 11:39:00,2025-09-06 19:06:00,4.7,7.45,2.52
A01208,S5,2025-09-07 02:00:00,2025-09-07 03:58:00,1.76,1.98,6.9
A01209,S1,2025-09-06 07:28:00,2025-09-06 10:21:00,2.86,2.89,0.46
A01209,S2,2025-09-06 13:37:00,2025-09-06 17:35:00,4.29,3.95,3.27
A01209,S3,2025-09-06 19:25:00,2025-09-07 04:09:00,7.15,8.73,1.84
A01209,S4,2025-09-07 04:26:00,2025-09-07 09:32:00,5.72,5.1,0.3
A01209,S5,2025-09-07 10:01:00,2025-09-07 12:25:00,2.14,2.39,0.48
A01210,S1,2025-09-06 07:26:00,2025-09-06 12:32:00,4.8,5.1,0.43
A01210,S2,2025-09-06 13:33:00,2025-09-06 21:15:00,7.2,7.7,1.02
A01210,S3,2025-09-06 22:10:00,2025-09-07 10:39:00,12.0,12.47,0.91
A01210,S4,2025-09-08 02:23:00,2025-09-08 18:04:00,9.6,15.68,15.74
A01210,S5,2025-09-08 18:04:00,2025-09-08 22:25:00,3.6,4.34,0.01
A01211,S1,2025-09-06 07:11:00,2025-09-06 12:28:00,4.54,5.28,0.18
A01211,S2,2025-09-06 12:52:00,2025-09-06 21:05:00,6.82,8.22,0.41
A01211,S3,2025-09-06 22:13:00,2025-09-07 15:52:00,11.36,17.66,1.12
A01211,S4,2025-09-07 16:06:00,2025-09-08 01:09:00,9.09,9.05,0.23
A01211,S5,2025-09-08 03:39:00,2025-09-08 07:06:00,3.41,3.45,2.5
A01212,S1,2025-09-06 08:19:00,2025-09-06 12:11:00,3.62,3.87,1.32
A01212,S2,2025-09-06 15:36:00,2025-09-06 20:40:00,5.42,5.07,3.41
A01212,S3,2025-09-07 08:32:00,2025-09-07 18:25:00,9.04,9.88,11.87
A01212,S4,2025-09-07 21:49:00,2025-09-08 04:02:00,7.23,6.22,3.4
A01212,S5,2025-09-08 04:07:00,2025-09-08 07:13:00,2.71,3.09,0.08
A01213,S1,2025-09-06 08:03:00,2025-09-06 11:05:00,2.88,3.03,1.05
A01213,S2,2025-09-06 13:57:00,2025-09-06 19:36:00,4.32,5.66,2.86
A01213,S3,2025-09-07 00:58:00,2025-09-07 08:05:00,7.2,7.1,5.37
A01213,S4,2025-09-08 19:29:00,2025-09-09 07:34:00,5.76,12.08,35.41
A01213,S5,2025-09-09 07:37:00,2025-09-09 09:44:00,2.16,2.11,0.05
A01214,S1,2025-09-06 07:14:00,2025-09-06 11:29:00,3.94,4.24,0.24
A01214,S2,2025-09-06 15:18:00,2025-09-06 20:24:00,5.9,5.1,3.82
A01214,S3,2025-09-06 23:02:00,2025-09-07 08:16:00,9.84,9.22,2.64
A01214,S4,2025-09-07 08:54:00,2025-09-07 23:20:00,7.87,14.44,0.64
A01214,S5,2025-09-08 01:51:00,2025-09-08 04:51:00,2.95,3.01,2.51
A01215,S1,2025-09-06 08:13:00,2025-09-06 14:44:00,5.88,6.51,1.22
A01215,S2,2025-09-06 15:49:00,2025-09-07 02:22:00,8.82,10.55,1.08
A01215,S3,2025-09-07 03:35:00,2025-09-07 16:12:00,14.7,12.62,1.22
A01215,S4,2025-09-07 21:10:00,2025-09-08 09:17:00,11.76,12.12,4.97
A01215,S5,2025-09-08 20:23:00,2025-09-09 00:43:00,4.41,4.33,11.1
A01216,S1,2025-09-07 07:02:00,2025-09-07 10:19:00,3.55,3.28,0.03
A01216,S2,2025-09-07 11:00:00,2025-09-07 18:13:00,5.33,7.21,0.69
A01216,S3,2025-09-07 21:43:00,2025-09-08 06:58:00,8.88,9.26,3.5
A01216,S4,2025-09-08 11:48:00,2025-09-08 21:57:00,7.1,10.16,4.83
A01216,S5,2025-09-08 22:50:00,2025-09-09 01:29:00,2.66,2.64,0.88
A01217,S1,2025-09-07 07:40:00,2025-09-07 09:23:00,1.74,1.72,0.67
A01217,S2,2025-09-07 09:27:00,2025-09-07 12:48:00,2.62,3.34,0.06
A01217,S3,2025-09-07 17:19:00,2025-09-07 20:25:00,4.36,3.12,4.51
A01217,S4,2025-09-07 23:43:00,2025-09-08 02:37:00,3.49,2.89,3.3
A01217,S5,2025-09-08 04:25:00,2025-09-08 05:38:00,1.31,1.21,1.81
A01218,S1,2025-09-07 07:08:00,2025-09-07 10:13:00,2.88,3.09,0.13
A01218,S2,2025-09-07 18:31:00,2025-09-07 22:05:00,4.32,3.55,8.3
A01218,S3,2025-09-07 22:31:00,2025-09-08 06:12:00,7.2,7.68,0.44
A01218,S4,2025-09-08 11:16:00,2025-09-08 15:36:00,5.76,4.32,5.08
A01218,S5,2025-09-08 16:06:00,2025-09-08 18:44:00,2.16,2.63,0.51
A01219,S1,2025-09-07 07:29:00,2025-09-07 09:15:00,1.71,1.77,0.49
A01219,S2,2025-09-07 23:53:00,2025-09-08 03:12:00,2.57,3.31,14.63
A01219,S3,2025-09-08 07:03:00,2025-09-08 11:05:00,4.28,4.04,3.85
A01219,S4,2025-09-08 14:04:00,2025-09-08 17:15:00,3.42,3.18,2.99
A01219,S5,2025-09-09 00:17:00,2025-09-09 01:30:00,1.28,1.21,7.04
A01220,S1,2025-09-07 08:08:00,2025-09-07 10:42:00,2.36,2.58,1.13
A01220,S2,2025-09-07 11:27:00,2025-09-07 15:35:00,3.54,4.13,0.74
A01220,S3,2025-09-07 23:24:00,2025-09-08 06:59:00,5.9,7.57,7.83
A01220,S4,2025-09-09 05:51:00,2025-09-09 12:44:00,4.72,6.89,22.87
A01220,S5,2025-09-09 13:01:00,2025-09-09 15:26:00,1.77,2.43,0.27
A01221,S1,2025-09-07 08:27:00,2025-09-07 10:35:00,2.22,2.13,1.45
A01221,S2,2025-09-07 15:09:00,2025-09-07 18:29:00,3.34,3.34,4.56
A01221,S3,2025-09-07 18:48:00,2025-09-07 23:52:00,5.56,5.08,0.31
A01221,S4,2025-09-08 05:52:00,2025-09-08 08:44:00,4.45,2.88,5.99
A01221,S5,2025-09-08 11:35:00,2025-09-08 13:19:00,1.67,1.73,2.85
A01222,S1,2025-09-08 07:00:00,2025-09-08 10:18:00,3.39,3.3,0.0
A01222,S2,2025-09-08 11:50:00,2025-09-08 16:42:00,5.09,4.87,1.52
A01222,S3,2025-09-08 17:24:00,2025-09-09 02:18:00,8.48,8.91,0.7
A01222,S4,2025-09-09 19:18:00,2025-09-10 07:14:00,6.78,11.93,17.0
A01222,S5,2025-09-10 10:11:00,2025-09-10 12:55:00,2.54,2.74,2.94
A01223,S1,2025-09-08 08:40:00,2025-09-08 11:25:00,2.51,2.75,1.67
A01223,S2,2025-09-08 12:37:00,2025-09-08 15:36:00,3.77,2.98,1.2
A01223,S3,2025-09-08 15:37:00,2025-09-08 22:40:00,6.28,7.07,0.0
A01223,S4,2025-09-08 23:15:00,2025-09-09 03:03:00,5.02,3.8,0.58
A01223,S5,2025-09-09 07:42:00,2025-09-09 09:50:00,1.88,2.15,4.64
A01224,S1,2025-09-09 09:28:00,2025-09-09 12:21:00,2.62,2.88,2.47
A01224,S2,2025-09-09 13:17:00,2025-09-09 16:52:00,3.92,3.6,0.93
A01224,S3,2025-09-09 17:05:00,2025-09-10 01:51:00,6.54,8.77,0.21
A01224,S4,2025-09-10 05:24:00,2025-09-10 08:35:00,5.23,3.18,3.54
A01224,S5,2025-09-10 10:12:00,2025-09-10 12:15:00,1.96,2.06,1.62
A01225,S1,2025-09-09 07:03:00,2025-09-09 12:09:00,4.35,5.1,0.04
A01225,S2,2025-09-09 12:41:00,2025-09-09 20:09:00,6.53,7.46,0.54
A01225,S3,2025-09-09 21:59:00,2025-09-10 09:27:00,10.88,11.46,1.84
A01225,S4,2025-09-10 12:03:00,2025-09-10 18:27:00,8.7,6.39,2.61
A01225,S5,2025-09-10 19:00:00,2025-09-10 22:23:00,3.26,3.38,0.57
A01226,S1,2025-09-09 07:17:00,2025-09-09 09:45:00,2.56,2.47,0.29
A01226,S2,2025-09-09 11:41:00,2025-09-09 15:21:00,3.84,3.68,1.92
A01226,S3,2025-09-10 03:30:00,2025-09-10 11:06:00,6.4,7.6,12.15
A01226,S4,2025-09-11 15:40:00,2025-09-11 22:49:00,5.12,7.16,28.56
A01226,S5,2025-09-11 22:55:00,2025-09-12 00:51:00,1.92,1.94,0.09
A01227,S1,2025-09-09 09:54:00,2025-09-09 17:18:00,5.84,7.4,2.89
A01227,S2,2025-09-09 18:42:00,2025-09-10 05:52:00,8.76,11.17,1.4
A01227,S3,2025-09-10 06:54:00,2025-09-11 00:47:00,14.6,17.89,1.04
A01227,S4,2025-09-11 02:22:00,2025-09-11 22:36:00,11.68,20.23,1.58
A01227,S5,2025-09-11 23:00:00,2025-09-12 03:17:00,4.38,4.29,0.4
A01228,S1,2025-09-09 10:28:00,2025-09-09 14:34:00,3.49,4.1,3.47
A01228,S2,2025-09-09 19:19:00,2025-09-10 00:47:00,5.23,5.48,4.74
A01228,S3,2025-09-10 01:08:00,2025-09-10 10:22:00,8.72,9.22,0.35
A01228,S4,2025-09-10 10:42:00,2025-09-10 15:34:00,6.98,4.85,0.35
A01228,S5,2025-09-10 16:56:00,2025-09-10 20:00:00,2.62,3.06,1.38
A01229,S1,2025-09-09 07:22:00,2025-09-09 10:05:00,2.62,2.71,0.36
A01229,S2,2025-09-09 11:38:00,2025-09-09 16:16:00,3.92,4.64,1.55
A01229,S3,2025-09-09 17:53:00,2025-09-10 02:00:00,6.54,8.12,1.61
A01229,S4,2025-09-11 07:37:00,2025-09-11 11:43:00,5.23,4.1,29.62
A01229,S5,2025-09-11 12:43:00,2025-09-11 14:40:00,1.96,1.95,0.99
A01230,S1,2025-09-09 07:24:00,2025-09-09 12:07:00,4.99,4.73,0.4
A01230,S2,2025-09-09 14:38:00,2025-09-09 22:00:00,7.49,7.38,2.5
A01230,S3,2025-09-09 22:20:00,2025-09-10 09:46:00,12.48,11.45,0.32
A01230,S4,2025-09-10 15:24:00,2025-09-11 12:59:00,9.98,21.58,5.63
A01230,S5,2025-09-11 14:27:00,2025-09-11 18:07:00,3.74,3.67,1.47
A01231,S1,2025-09-09 07:17:00,2025-09-09 11:02:00,3.22,3.75,0.28
A01231,S2,2025-09-09 13:04:00,2025-09-09 18:40:00,4.82,5.59,2.04
A01231,S3,2025-09-09 20:18:00,2025-09-10 02:46:00,8.04,6.47,1.63
A01231,S4,2025-09-10 02:48:00,2025-09-10 10:07:00,6.43,7.32,0.03
A01231,S5,2025-09-10 14:19:00,2025-09-10 17:03:00,2.41,2.72,4.2
A01232,S1,2025-09-10 08:59:00,2025-09-10 14:42:00,4.67,5.71,1.99
A01232,S2,2025-09-11 02:02:00,2025-09-11 09:00:00,7.01,6.97,11.33
A01232,S3,2025-09-11 14:23:00,2025-09-11 23:42:00,11.68,9.31,5.39
A01232,S4,2025-09-12 17:11:00,2025-09-13 13:04:00,9.34,19.88,17.49
A01232,S5,2025-09-13 16:45:00,2025-09-13 20:13:00,3.5,3.46,3.69
A01233,S1,2025-09-10 08:01:00,2025-09-10 13:07:00,4.44,5.09,1.02
A01233,S2,2025-09-10 13:54:00,2025-09-10 23:30:00,6.66,9.59,0.79
A01233,S3,2025-09-11 03:14:00,2025-09-11 17:00:00,11.1,13.78,3.73
A01233,S4,2025-09-12 10:37:00,2025-09-12 16:59:00,8.88,6.37,17.61
A01233,S5,2025-09-12 17:09:00,2025-09-12 20:12:00,3.33,3.05,0.16
A01234,S1,2025-09-10 07:59:00,2025-09-10 09:58:00,1.86,1.98,0.98
A01234,S2,2025-09-10 11:56:00,2025-09-10 14:24:00,2.78,2.46,1.98
A01234,S3,2025-09-10 16:40:00,2025-09-10 21:20:00,4.64,4.67,2.28
A01234,S4,2025-09-11 18:47:00,2025-09-11 21:50:00,3.71,3.04,21.45
A01234,S5,2025-09-11 21:55:00,2025-09-11 23:38:00,1.39,1.72,0.09
A01235,S1,2025-09-10 07:54:00,2025-09-10 13:29:00,5.02,5.59,0.89
A01235,S2,2025-09-10 16:12:00,2025-09-11 00:34:00,7.54,8.38,2.71
A01235,S3,2025-09-11 01:00:00,2025-09-11 14:07:00,12.56,13.11,0.43
A01235,S4,2025-09-11 22:54:00,2025-09-12 05:49:00,10.05,6.92,8.79
A01235,S5,2025-09-12 09:16:00,2025-09-12 12:51:00,3.77,3.58,3.44
A01236,S1,2025-09-10 07:05:00,2025-09-10 10:49:00,3.74,3.74,0.08
A01236,S2,2025-09-10 11:57:00,2025-09-10 18:12:00,5.62,6.25,1.13
A01236,S3,2025-09-10 19:26:00,2025-09-11 03:07:00,9.36,7.69,1.23
A01236,S4,2025-09-11 08:30:00,2025-09-11 14:28:00,7.49,5.97,5.38
A01236,S5,2025-09-11 16:38:00,2025-09-11 19:31:00,2.81,2.88,2.16
A01237,S1,2025-09-10 07:29:00,2025-09-10 12:41:00,4.4,5.2,0.48
A01237,S2,2025-09-10 18:17:00,2025-09-11 01:30:00,6.6,7.22,5.61
A01237,S3,2025-09-11 04:21:00,2025-09-11 21:34:00,11.0,17.22,2.84
A01237,S4,2025-09-12 00:50:00,2025-09-12 08:03:00,8.8,7.22,3.27
A01237,S5,2025-09-12 11:43:00,2025-09-12 15:13:00,3.3,3.5,3.65
A01238,S1,2025-09-11 07:40:00,2025-09-11 09:43:00,2.24,2.05,0.66
A01238,S2,2025-09-11 13:58:00,2025-09-11 17:50:00,3.36,3.87,4.25
A01238,S3,2025-09-11 21:00:00,2025-09-12 03:44:00,5.6,6.74,3.17
A01238,S4,2025-09-12 08:06:00,2025-09-12 13:36:00,4.48,5.49,4.37
A01238,S5,2025-09-12 15:54:00,2025-09-12 17:53:00,1.68,1.99,2.3
A01239,S1,2025-09-11 07:26:00,2025-09-11 11:11:00,3.14,3.74,0.44
A01239,S2,2025-09-11 12:07:00,2025-09-11 19:06:00,4.72,6.99,0.94
A01239,S3,2025-09-12 01:25:00,2025-09-12 10:28:00,7.86,9.06,6.32
A01239,S4,2025-09-13 08:17:00,2025-09-13 18:36:00,6.29,10.33,21.81
A01239,S5,2025-09-13 19:51:00,2025-09-13 22:34:00,2.36,2.72,1.25
A01240,S1,2025-09-11 08:01:00,2025-09-11 11:07:00,3.05,3.1,1.01
A01240,S2,2025-09-11 13:13:00,2025-09-11 17:15:00,4.57,4.02,2.11
A01240,S3,2025-09-12 01:15:00,2025-09-12 09:26:00,7.62,8.18,8.0
A01240,S4,2025-09-12 12:38:00,2025-09-12 19:28:00,6.1,6.84,3.2
A01240,S5,2025-09-12 20:21:00,2025-09-12 22:33:00,2.29,2.19,0.89
A01241,S1,2025-09-11 08:42:00,2025-09-11 13:37:00,4.9,4.93,1.69
A01241,S2,2025-09-11 13:46:00,2025-09-11 20:41:00,7.34,6.92,0.14
A01241,S3,2025-09-11 22:49:00,2025-09-12 10:19:00,12.24,11.5,2.14
A01241,S4,2025-09-12 20:18:00,2025-09-13 09:15:00,9.79,12.95,9.99
A01241,S5,2025-09-13 11:06:00,2025-09-13 15:36:00,3.67,4.51,1.84
A01242,S1,2025-09-11 07:46:00,2025-09-11 09:54:00,1.92,2.13,0.77
A01242,S2,2025-09-11 10:27:00,2025-09-11 13:53:00,2.88,3.43,0.55
A01242,S3,2025-09-11 14:57:00,2025-09-11 18:43:00,4.8,3.76,1.07
A01242,S4,2025-09-11 19:56:00,2025-09-11 22:33:00,3.84,2.61,1.23
A01242,S5,2025-09-11 23:04:00,2025-09-12 00:27:00,1.44,1.39,0.51
A01243,S1,2025-09-11 07:08:00,2025-09-11 09:06:00,1.78,1.97,0.13
A01243,S2,2025-09-11 09:38:00,2025-09-11 12:26:00,2.66,2.8,0.53
A01243,S3,2025-09-11 23:03:00,2025-09-12 04:28:00,4.44,5.42,10.62
A01243,S4,2025-09-13 12:16:00,2025-09-13 16:05:00,3.55,3.83,31.79
A01243,S5,2025-09-13 19:12:00,2025-09-13 20:34:00,1.33,1.37,3.11
A01244,S1,2025-09-11 07:22:00,2025-09-11 09:06:00,2.12,1.73,0.37
A01244,S2,2025-09-11 09:19:00,2025-09-11 12:18:00,3.18,2.98,0.21
A01244,S3,2025-09-11 14:20:00,2025-09-11 17:20:00,5.3,3.0,2.03
A01244,S4,2025-09-12 04:01:00,2025-09-12 08:13:00,4.24,4.19,10.69
A01244,S5,2025-09-12 08:44:00,2025-09-12 10:29:00,1.59,1.74,0.52
A01245,S1,2025-09-11 10:16:00,2025-09-11 13:14:00,2.54,2.96,3.27
A01245,S2,2025-09-11 17:02:00,2025-09-11 20:29:00,3.81,3.44,3.81
A01245,S3,2025-09-11 21:44:00,2025-09-12 05:53:00,6.35,8.15,1.26
A01245,S4,2025-09-13 04:01:00,2025-09-13 08:04:00,5.08,4.05,22.13
A01245,S5,2025-09-13 12:08:00,2025-09-13 13:51:00,1.9,1.73,4.07
A01246,S1,2025-09-11 07:12:00,2025-09-11 10:33:00,3.12,3.35,0.19
A01246,S2,2025-09-11 15:07:00,2025-09-11 19:24:00,4.68,4.28,4.58
A01246,S3,2025-09-11 21:09:00,2025-09-12 06:15:00,7.8,9.11,1.75
A01246,S4,2025-09-12 18:42:00,2025-09-13 00:00:00,6.24,5.31,12.44
A01246,S5,2025-09-13 03:06:00,2025-09-13 05:38:00,2.34,2.53,3.1
A01247,S1,2025-09-12 08:12:00,2025-09-12 12:00:00,3.26,3.8,1.2
A01247,S2,2025-09-12 12:32:00,2025-09-12 16:29:00,4.9,3.95,0.53
A01247,S3,2025-09-12 18:41:00,2025-09-13 01:47:00,8.16,7.08,2.2
A01247,S4,2025-09-13 04:49:00,2025-09-13 12:46:00,6.53,7.95,3.04
A01247,S5,2025-09-13 13:39:00,2025-09-13 15:53:00,2.45,2.23,0.89
A01248,S1,2025-09-12 07:00:00,2025-09-12 11:15:00,4.0,4.25,0.0
A01248,S2,2025-09-12 12:59:00,2025-09-12 17:47:00,6.0,4.81,1.73
A01248,S3,2025-09-12 17:47:00,2025-09-13 02:03:00,10.0,8.26,0.01
A01248,S4,2025-09-13 12:01:00,2025-09-14 01:08:00,8.0,13.12,9.97
A01248,S5,2025-09-14 03:04:00,2025-09-14 06:17:00,3.0,3.21,1.94
A01249,S1,2025-09-12 07:39:00,2025-09-12 10:46:00,2.8,3.11,0.65
A01249,S2,2025-09-12 11:14:00,2025-09-12 15:35:00,4.2,4.35,0.47
A01249,S3,2025-09-12 17:30:00,2025-09-12 23:10:00,7.0,5.66,1.92
A01249,S4,2025-09-13 21:13:00,2025-09-14 04:45:00,5.6,7.54,22.05
A01249,S5,2025-09-14 05:40:00,2025-09-14 07:54:00,2.1,2.23,0.91
A01250,S1,2025-09-12 07:39:00,2025-09-12 13:28:00,6.24,5.81,0.65
A01250,S2,2025-09-12 14:26:00,2025-09-13 01:29:00,9.36,11.05,0.98
A01250,S3,2025-09-13 07:43:00,2025-09-13 20:24:00,15.6,12.68,6.24
A01250,S4,2025-09-14 19:39:00,2025-09-15 00:28:00,12.48,4.82,23.25
A01250,S5,2025-09-15 06:22:00,2025-09-15 11:37:00,4.68,5.25,5.9
A01251,S1,2025-09-12 07:49:00,2025-09-12 10:21:00,2.43,2.53,0.82
A01251,S2,2025-09-12 10:35:00,2025-09-12 14:53:00,3.65,4.31,0.23
A01251,S3,2025-09-12 19:32:00,2025-09-13 02:50:00,6.08,7.3,4.64
A01251,S4,2025-09-13 07:08:00,2025-09-13 14:52:00,4.86,7.73,4.3
A01251,S5,2025-09-13 17:55:00,2025-09-13 19:37:00,1.82,1.7,3.06
A01252,S1,2025-09-12 08:58:00,2025-09-12 10:48:00,1.7,1.83,1.96
A01252,S2,2025-09-12 14:06:00,2025-09-12 16:11:00,2.54,2.09,3.3
A01252,S3,2025-09-12 16:18:00,2025-09-12 20:21:00,4.24,4.05,0.1
A01252,S4,2025-09-13 08:08:00,2025-09-13 11:51:00,3.39,3.72,11.79
A01252,S5,2025-09-13 14:02:00,2025-09-13 15:18:00,1.27,1.27,2.17
A01253,S1,2025-09-13 07:15:00,2025-09-13 09:09:00,1.92,1.9,0.26
A01253,S2,2025-09-13 14:55:00,2025-09-13 18:15:00,2.88,3.33,5.76
A01253,S3,2025-09-13 19:59:00,2025-09-13 23:16:00,4.8,3.29,1.74
A01253,S4,2025-09-14 04:55:00,2025-09-14 09:52:00,3.84,4.95,5.65
A01253,S5,2025-09-14 10:23:00,2025-09-14 11:54:00,1.44,1.51,0.52
A01254,S1,2025-09-13 07:48:00,2025-09-13 10:26:00,2.22,2.63,0.81
A01254,S2,2025-09-13 11:46:00,2025-09-13 15:31:00,3.34,3.75,1.33
A01254,S3,2025-09-13 23:03:00,2025-09-14 03:53:00,5.56,4.82,7.53
A01254,S4,2025-09-14 09:24:00,2025-09-14 12:45:00,4.45,3.35,5.52
A01254,S5,2025-09-14 13:14:00,2025-09-14 14:57:00,1.67,1.72,0.49
A01255,S1,2025-09-14 07:49:00,2025-09-14 12:20:00,4.22,4.51,0.82
A01255,S2,2025-09-14 13:01:00,2025-09-14 19:33:00,6.34,6.54,0.68
A01255,S3,2025-09-14 20:10:00,2025-09-15 08:48:00,10.56,12.63,0.62
A01255,S4,2025-09-15 10:54:00,2025-09-15 18:22:00,8.45,7.47,2.11
A01255,S5,2025-09-15 18:33:00,2025-09-15 21:51:00,3.17,3.29,0.19
A01256,S1,2025-09-14 10:18:00,2025-09-14 17:15:00,6.16,6.94,3.31
A01256,S2,2025-09-14 18:03:00,2025-09-15 03:41:00,9.24,9.62,0.81
A01256,S3,2025-09-15 06:38:00,2025-09-15 17:07:00,15.4,10.5,2.95
A01256,S4,2025-09-16 09:44:00,2025-09-16 23:50:00,12.32,14.11,16.61
A01256,S5,2025-09-17 00:53:00,2025-09-17 05:41:00,4.62,4.8,1.05
A01257,S1,2025-09-14 08:11:00,2025-09-14 10:33:00,2.53,2.36,1.19
A01257,S2,2025-09-14 11:31:00,2025-09-14 15:04:00,3.79,3.55,0.95
A01257,S3,2025-09-15 00:33:00,2025-09-15 07:39:00,6.32,7.1,9.49
A01257,S4,2025-09-15 10:26:00,2025-09-15 13:39:00,5.06,3.22,2.79
A01257,S5,2025-09-15 17:36:00,2025-09-15 19:36:00,1.9,1.99,3.95
A01258,S1,2025-09-14 07:07:00,2025-09-14 10:17:00,3.07,3.17,0.11
A01258,S2,2025-09-14 10:54:00,2025-09-14 15:41:00,4.61,4.79,0.62
A01258,S3,2025-09-14 20:15:00,2025-09-15 03:39:00,7.68,7.4,4.56
A01258,S4,2025-09-15 06:45:00,2025-09-15 15:59:00,6.14,9.24,3.1
A01258,S5,2025-09-15 18:46:00,2025-09-15 21:32:00,2.3,2.76,2.78
A01259,S1,2025-09-14 08:09:00,2025-09-14 09:53:00,2.11,1.73,1.15
A01259,S2,2025-09-14 10:08:00,2025-09-14 14:04:00,3.17,3.92,0.26
A01259,S3,2025-09-14 19:58:00,2025-09-15 01:25:00,5.28,5.46,5.9
A01259,S4,2025-09-15 04:06:00,2025-09-15 07:59:00,4.22,3.88,2.69
A01259,S5,2025-09-15 08:07:00,2025-09-15 09:42:00,1.58,1.59,0.13
A01260,S1,2025-09-15 08:11:00,2025-09-15 11:08:00,2.82,2.95,1.18
A01260,S2,2025-09-15 15:26:00,2025-09-15 20:08:00,4.23,4.71,4.3
A01260,S3,2025-09-15 23:28:00,2025-09-16 05:25:00,7.05,5.95,3.33
A01260,S4,2025-09-16 07:27:00,2025-09-16 12:52:00,5.64,5.42,2.04
A01260,S5,2025-09-16 15:50:00,2025-09-16 17:50:00,2.11,2.0,2.96
A01261,S1,2025-09-15 07:06:00,2025-09-15 09:41:00,2.6,2.58,0.1
A01261,S2,2025-09-15 10:24:00,2025-09-15 14:22:00,3.9,3.97,0.71
A01261,S3,2025-09-15 15:42:00,2025-09-15 23:00:00,6.5,7.3,1.33
A01261,S4,2025-09-16 03:33:00,2025-09-16 11:00:00,5.2,7.45,4.55
A01261,S5,2025-09-16 12:32:00,2025-09-16 14:34:00,1.95,2.03,1.53
A01262,S1,2025-09-15 07:19:00,2025-09-15 09:45:00,2.24,2.43,0.31
A01262,S2,2025-09-15 11:21:00,2025-09-15 14:43:00,3.36,3.36,1.61
A01262,S3,2025-09-15 16:20:00,2025-09-15 20:45:00,5.6,4.42,1.61
A01262,S4,2025-09-15 21:54:00,2025-09-16 06:37:00,4.48,8.73,1.14
A01262,S5,2025-09-16 08:10:00,2025-09-16 10:10:00,1.68,1.99,1.55
A01263,S1,2025-09-15 07:27:00,2025-09-15 09:24:00,2.32,1.96,0.45
A01263,S2,2025-09-15 12:20:00,2025-09-15 16:53:00,3.48,4.55,2.93
A01263,S3,2025-09-15 20:35:00,2025-09-16 02:17:00,5.8,5.7,3.71
A01263,S4,2025-09-16 04:17:00,2025-09-16 07:21:00,4.64,3.07,1.99
A01263,S5,2025-09-16 09:07:00,2025-09-16 10:53:00,1.74,1.77,1.76
A01264,S1,2025-09-15 08:07:00,2025-09-15 11:28:00,3.62,3.34,1.12
A01264,S2,2025-09-15 16:07:00,2025-09-15 21:29:00,5.44,5.37,4.65
A01264,S3,2025-09-15 21:49:00,2025-09-16 06:34:00,9.06,8.74,0.34
A01264,S4,2025-09-16 12:22:00,2025-09-16 21:07:00,7.25,8.75,5.8
A01264,S5,2025-09-16 22:16:00,2025-09-17 01:24:00,2.72,3.13,1.16
A01265,S1,2025-09-15 08:48:00,2025-09-15 13:29:00,4.67,4.68,1.8
A01265,S2,2025-09-15 16:52:00,2025-09-16 00:34:00,7.01,7.7,3.38
A01265,S3,2025-09-16 04:45:00,2025-09-16 13:52:00,11.68,9.12,4.19
A01265,S4,2025-09-16 15:44:00,2025-09-16 23:18:00,9.34,7.57,1.87
A01265,S5,2025-09-17 03:24:00,2025-09-17 08:04:00,3.5,4.66,4.1
A01266,S1,2025-09-16 07:09:00,2025-09-16 09:47:00,2.26,2.64,0.15
A01266,S2,2025-09-16 10:05:00,2025-09-16 13:51:00,3.38,3.76,0.3
A01266,S3,2025-09-16 14:00:00,2025-09-16 19:55:00,5.64,5.92,0.15
A01266,S4,2025-09-17 03:09:00,2025-09-17 07:55:00,4.51,4.78,7.23
A01266,S5,2025-09-17 18:34:00,2025-09-17 20:30:00,1.69,1.94,10.64
A01267,S1,2025-09-16 07:47:00,2025-09-16 11:51:00,4.56,4.06,0.79
A01267,S2,2025-09-16 12:49:00,2025-09-16 19:20:00,6.84,6.53,0.96
A01267,S3,2025-09-16 20:38:00,2025-09-17 08:35:00,11.4,11.95,1.3
A01267,S4,2025-09-17 15:41:00,2025-09-18 00:04:00,9.12,8.37,7.1
A01267,S5,2025-09-18 02:01:00,2025-09-18 05:56:00,3.42,3.91,1.96
A01268,S1,2025-09-17 07:17:00,2025-09-17 11:11:00,3.16,3.9,0.29
A01268,S2,2025-09-17 13:02:00,2025-09-17 17:51:00,4.74,4.81,1.85
A01268,S3,2025-09-17 20:53:00,2025-09-18 02:22:00,7.9,5.49,3.04
A01268,S4,2025-09-18 04:04:00,2025-09-18 09:54:00,6.32,5.83,1.7
A01268,S5,2025-09-18 15:23:00,2025-09-18 17:30:00,2.37,2.12,5.48
A01269,S1,2025-09-17 08:19:00,2025-09-17 11:36:00,3.08,3.28,1.31
A01269,S2,2025-09-17 13:54:00,2025-09-17 18:49:00,4.62,4.92,2.3
A01269,S3,2025-09-17 18:51:00,2025-09-18 02:31:00,7.7,7.68,0.03
A01269,S4,2025-09-18 13:23:00,2025-09-18 18:17:00,6.16,4.9,10.86
A01269,S5,2025-09-18 21:55:00,2025-09-19 00:38:00,2.31,2.72,3.63
A01270,S1,2025-09-17 08:54:00,2025-09-17 12:56:00,3.82,4.02,1.9
A01270,S2,2025-09-17 15:58:00,2025-09-17 20:34:00,5.72,4.59,3.05
A01270,S3,2025-09-18 01:31:00,2025-09-18 11:13:00,9.54,9.7,4.96
A01270,S4,2025-09-18 23:01:00,2025-09-19 12:10:00,7.63,13.15,11.79
A01270,S5,2025-09-19 12:53:00,2025-09-19 15:42:00,2.86,2.81,0.72
A01271,S1,2025-09-17 08:44:00,2025-09-17 11:25:00,2.38,2.68,1.73
A01271,S2,2025-09-17 12:37:00,2025-09-17 17:08:00,3.58,4.53,1.2
A01271,S3,2025-09-17 21:48:00,2025-09-18 05:29:00,5.96,7.67,4.66
A01271,S4,2025-09-18 11:03:00,2025-09-18 18:56:00,4.77,7.89,5.57
A01271,S5,2025-09-18 19:48:00,2025-09-18 21:41:00,1.79,1.88,0.87
A01272,S1,2025-09-18 07:18:00,2025-09-18 11:33:00,4.22,4.26,0.3
A01272,S2,2025-09-18 14:13:00,2025-09-18 20:54:00,6.34,6.7,2.65
A01272,S3,2025-09-18 22:54:00,2025-09-19 10:26:00,10.56,11.53,2.0
A01272,S4,2025-09-19 11:56:00,2025-09-20 03:29:00,8.45,15.55,1.48
A01272,S5,2025-09-20 06:31:00,2025-09-20 09:48:00,3.17,3.29,3.04
A01273,S1,2025-09-18 07:50:00,2025-09-18 10:46:00,2.58,2.94,0.83
A01273,S2,2025-09-18 11:18:00,2025-09-18 15:50:00,3.87,4.54,0.53
A01273,S3,2025-09-18 16:48:00,2025-09-18 21:11:00,6.45,4.38,0.96
A01273,S4,2025-09-19 06:52:00,2025-09-19 11:59:00,5.16,5.13,9.68
A01273,S5,2025-09-19 13:05:00,2025-09-19 15:05:00,1.94,1.99,1.1
A01274,S1,2025-09-19 07:48:00,2025-09-19 10:45:00,2.68,2.95,0.8
A01274,S2,2025-09-19 11:09:00,2025-09-19 15:01:00,4.02,3.88,0.4
A01274,S3,2025-09-19 20:02:00,2025-09-20 02:41:00,6.7,6.66,5.01
A01274,S4,2025-09-20 11:51:00,2025-09-20 20:00:00,5.36,8.14,9.17
A01274,S5,2025-09-20 20:15:00,2025-09-20 22:20:00,2.01,2.08,0.25
A01275,S1,2025-09-19 07:16:00,2025-09-19 11:13:00,4.36,3.96,0.26
A01275,S2,2025-09-19 11:18:00,2025-09-19 17:33:00,6.54,6.25,0.08
A01275,S3,2025-09-19 19:04:00,2025-09-20 09:11:00,10.9,14.12,1.51
A01275,S4,2025-09-20 12:02:00,2025-09-20 23:58:00,8.72,11.92,2.86
A01275,S5,2025-09-21 02:52:00,2025-09-21 06:31:00,3.27,3.65,2.9
A01276,S1,2025-09-19 08:14:00,2025-09-19 12:22:00,4.96,4.13,1.23
A01276,S2,2025-09-19 16:03:00,2025-09-19 22:33:00,7.44,6.5,3.69
A01276,S3,2025-09-20 00:43:00,2025-09-20 13:05:00,12.4,12.36,2.17
A01276,S4,2025-09-20 18:23:00,2025-09-21 01:36:00,9.92,7.21,5.3
A01276,S5,2025-09-21 04:29:00,2025-09-21 08:46:00,3.72,4.28,2.89
A01277,S1,2025-09-19 09:05:00,2025-09-19 10:45:00,1.87,1.68,2.08
A01277,S2,2025-09-19 10:57:00,2025-09-19 13:20:00,2.81,2.38,0.19
A01277,S3,2025-09-19 14:45:00,2025-09-19 20:05:00,4.68,5.35,1.41
A01277,S4,2025-09-20 04:56:00,2025-09-20 09:12:00,3.74,4.27,8.85
A01277,S5,2025-09-20 09:35:00,2025-09-20 10:54:00,1.4,1.32,0.37
A01278,S1,2025-09-19 07:07:00,2025-09-19 09:52:00,2.46,2.74,0.12
A01278,S2,2025-09-19 12:13:00,2025-09-19 16:14:00,3.69,4.01,2.36
A01278,S3,2025-09-19 18:34:00,2025-09-20 02:18:00,6.15,7.73,2.33
A01278,S4,2025-09-20 07:42:00,2025-09-20 11:30:00,4.92,3.8,5.41
A01278,S5,2025-09-20 12:23:00,2025-09-20 14:23:00,1.84,2.01,0.88
A01279,S1,2025-09-19 07:05:00,2025-09-19 10:57:00,3.9,3.86,0.08
A01279,S2,2025-09-19 10:59:00,2025-09-19 15:45:00,5.86,4.75,0.05
A01279,S3,2025-09-19 18:39:00,2025-09-20 04:22:00,9.76,9.71,2.91
A01279,S4,2025-09-20 06:22:00,2025-09-20 14:08:00,7.81,7.77,1.99
A01279,S5,2025-09-20 14:11:00,2025-09-20 16:46:00,2.93,2.58,0.05
A01280,S1,2025-09-19 07:58:00,2025-09-19 11:22:00,3.46,3.4,0.97
A01280,S2,2025-09-19 13:40:00,2025-09-19 19:13:00,5.18,5.55,2.29
A01280,S3,2025-09-19 21:03:00,2025-09-20 05:13:00,8.64,8.18,1.82
A01280,S4,2025-09-20 12:56:00,2025-09-20 20:25:00,6.91,7.49,7.71
A01280,S5,2025-09-20 21:39:00,2025-09-21 00:13:00,2.59,2.57,1.23
A01281,S1,2025-09-20 07:47:00,2025-09-20 12:05:00,3.62,4.3,0.78
A01281,S2,2025-09-20 12:18:00,2025-09-20 19:13:00,5.44,6.93,0.21
A01281,S3,2025-09-20 19:32:00,2025-09-21 08:38:00,9.06,13.1,0.31
A01281,S4,2025-09-21 22:27:00,2025-09-22 02:10:00,7.25,3.72,13.82
A01281,S5,2025-09-22 02:15:00,2025-09-22 04:59:00,2.72,2.73,0.08
A01282,S1,2025-09-20 07:08:00,2025-09-20 12:36:00,5.48,5.47,0.14
A01282,S2,2025-09-20 14:12:00,2025-09-20 22:18:00,8.22,8.1,1.6
A01282,S3,2025-09-20 23:47:00,2025-09-21 18:33:00,13.7,18.75,1.49
A01282,S4,2025-09-22 15:10:00,2025-09-23 02:26:00,10.96,11.27,20.63
A01282,S5,2025-09-23 02:38:00,2025-09-23 06:46:00,4.11,4.13,0.19
A01283,S1,2025-09-20 08:32:00,2025-09-20 11:38:00,3.12,3.11,1.53
A01283,S2,2025-09-20 14:30:00,2025-09-20 19:28:00,4.68,4.97,2.87
A01283,S3,2025-09-20 22:02:00,2025-09-21 05:45:00,7.8,7.72,2.56
A01283,S4,2025-09-21 05:55:00,2025-09-21 23:04:00,6.24,17.15,0.17
A01283,S5,2025-09-22 00:24:00,2025-09-22 02:49:00,2.34,2.41,1.33
A01284,S1,2025-09-20 08:19:00,2025-09-20 14:43:00,5.56,6.41,1.32
A01284,S2,2025-09-20 18:00:00,2025-09-21 04:18:00,8.34,10.3,3.27
A01284,S3,2025-09-21 07:53:00,2025-09-21 23:07:00,13.9,15.24,3.59
A01284,S4,2025-09-22 03:12:00,2025-09-22 20:26:00,11.12,17.23,4.08
A01284,S5,2025-09-22 21:27:00,2025-09-23 03:05:00,4.17,5.63,1.01
A01285,S1,2025-09-21 08:05:00,2025-09-21 13:18:00,5.6,5.22,1.08
A01285,S2,2025-09-21 14:16:00,2025-09-22 00:30:00,8.4,10.22,0.97
A01285,S3,2025-09-22 02:59:00,2025-09-22 16:08:00,14.0,13.14,2.5
A01285,S4,2025-09-22 23:55:00,2025-09-23 12:38:00,11.2,12.72,7.79
A01285,S5,2025-09-23 12:51:00,2025-09-23 18:22:00,4.2,5.51,0.21
A01286,S1,2025-09-21 09:46:00,2025-09-21 12:09:00,2.14,2.4,2.76
A01286,S2,2025-09-21 12:17:00,2025-09-21 15:08:00,3.21,2.86,0.12
A01286,S3,2025-09-21 15:55:00,2025-09-21 23:00:00,5.35,7.08,0.78
A01286,S4,2025-09-22 08:07:00,2025-09-22 12:18:00,4.28,4.18,9.12
A01286,S5,2025-09-22 15:57:00,2025-09-22 17:51:00,1.6,1.9,3.65
A01287,S1,2025-09-21 07:58:00,2025-09-21 11:34:00,2.8,3.6,0.96
A01287,S2,2025-09-21 14:37:00,2025-09-21 18:20:00,4.2,3.73,3.04
A01287,S3,2025-09-21 20:09:00,2025-09-22 05:10:00,7.0,9.03,1.81
A01287,S4,2025-09-22 10:09:00,2025-09-22 16:25:00,5.6,6.26,4.98
A01287,S5,2025-09-22 18:34:00,2025-09-22 20:26:00,2.1,1.87,2.15
A01288,S1,2025-09-21 09:27:00,2025-09-21 14:35:00,5.06,5.13,2.46
A01288,S2,2025-09-21 17:56:00,2025-09-22 00:21:00,7.58,6.41,3.35
A01288,S3,2025-09-22 06:17:00,2025-09-22 20:45:00,12.64,14.47,5.94
A01288,S4,2025-09-22 23:08:00,2025-09-23 13:30:00,10.11,14.36,2.38
A01288,S5,2025-09-23 14:32:00,2025-09-23 18:30:00,3.79,3.96,1.05
A01289,S1,2025-09-21 07:34:00,2025-09-21 09:37:00,1.81,2.05,0.57
A01289,S2,2025-09-21 14:13:00,2025-09-21 16:52:00,2.71,2.65,4.6
A01289,S3,2025-09-21 17:36:00,2025-09-21 21:46:00,4.52,4.15,0.74
A01289,S4,2025-09-22 02:30:00,2025-09-22 05:16:00,3.62,2.77,4.75
A01289,S5,2025-09-22 07:03:00,2025-09-22 08:35:00,1.36,1.55,1.77
A01290,S1,2025-09-21 07:19:00,2025-09-21 10:30:00,3.12,3.18,0.32
A01290,S2,2025-09-21 11:01:00,2025-09-21 15:38:00,4.68,4.61,0.52
A01290,S3,2025-09-21 16:44:00,2025-09-22 03:20:00,7.8,10.59,1.1
A01290,S4,2025-09-22 08:51:00,2025-09-22 18:12:00,6.24,9.36,5.52
A01290,S5,2025-09-22 20:24:00,2025-09-22 22:37:00,2.34,2.22,2.19
A01291,S1,2025-09-21 07:04:00,2025-09-21 13:52:00,5.4,6.8,0.07
A01291,S2,2025-09-21 15:05:00,2025-09-21 23:08:00,8.1,8.05,1.21
A01291,S3,2025-09-21 23:41:00,2025-09-22 13:47:00,13.5,14.1,0.56
A01291,S4,2025-09-22 19:10:00,2025-09-23 12:39:00,10.8,17.48,5.38
A01291,S5,2025-09-23 13:33:00,2025-09-23 17:52:00,4.05,4.3,0.91
A01292,S1,2025-09-21 07:14:00,2025-09-21 12:27:00,5.4,5.22,0.23
A01292,S2,2025-09-21 17:40:00,2025-09-22 02:12:00,8.1,8.54,5.21
A01292,S3,2025-09-22 05:23:00,2025-09-23 01:06:00,13.5,19.73,3.18
A01292,S4,2025-09-23 15:15:00,2025-09-24 04:07:00,10.8,12.87,14.15
A01292,S5,2025-09-24 05:44:00,2025-09-24 10:05:00,4.05,4.35,1.61
A01293,S1,2025-09-21 08:16:00,2025-09-21 15:18:00,5.72,7.02,1.27
A01293,S2,2025-09-21 15:47:00,2025-09-21 23:51:00,8.58,8.06,0.49
A01293,S3,2025-09-22 10:34:00,2025-09-23 00:48:00,14.3,14.24,10.72
A01293,S4,2025-09-23 01:38:00,2025-09-23 19:09:00,11.44,17.51,0.84
A01293,S5,2025-09-23 19:19:00,2025-09-23 23:13:00,4.29,3.89,0.16
A01294,S1,2025-09-21 07:10:00,2025-09-21 09:25:00,2.29,2.24,0.17
A01294,S2,2025-09-21 10:10:00,2025-09-21 13:38:00,3.43,3.46,0.76
A01294,S3,2025-09-21 17:33:00,2025-09-21 22:38:00,5.72,5.09,3.91
A01294,S4,2025-09-22 08:56:00,2025-09-22 12:07:00,4.58,3.17,10.3
A01294,S5,2025-09-22 14:16:00,2025-09-22 16:08:00,1.72,1.87,2.15
A01295,S1,2025-09-21 07:07:00,2025-09-21 12:17:00,4.93,5.15,0.12
A01295,S2,2025-09-21 16:37:00,2025-09-22 01:14:00,7.39,8.63,4.33
A01295,S3,2025-09-22 02:55:00,2025-09-22 23:26:00,12.32,20.52,1.68
A01295,S4,2025-09-23 03:09:00,2025-09-23 14:24:00,9.86,11.25,3.7
A01295,S5,2025-09-23 15:24:00,2025-09-23 19:26:00,3.7,4.02,1.01
A01296,S1,2025-09-22 07:17:00,2025-09-22 12:38:00,4.72,5.34,0.29
A01296,S2,2025-09-22 16:22:00,2025-09-22 22:56:00,7.08,6.58,3.73
A01296,S3,2025-09-22 23:00:00,2025-09-23 13:22:00,11.8,14.36,0.06
A01296,S4,2025-09-23 18:36:00,2025-09-24 03:01:00,9.44,8.42,5.23
A01296,S5,2025-09-24 06:47:00,2025-09-24 10:46:00,3.54,3.98,3.77
A01297,S1,2025-09-22 07:24:00,2025-09-22 12:09:00,4.24,4.76,0.39
A01297,S2,2025-09-22 15:32:00,2025-09-22 22:25:00,6.36,6.89,3.38
A01297,S3,2025-09-22 22:52:00,2025-09-23 11:23:00,10.6,12.52,0.45
A01297,S4,2025-09-23 18:22:00,2025-09-24 02:19:00,8.48,7.95,6.98
A01297,S5,2025-09-24 02:46:00,2025-09-24 05:34:00,3.18,2.79,0.46
A01298,S1,2025-09-22 08:21:00,2025-09-22 10:07:00,1.81,1.77,1.35
A01298,S2,2025-09-22 12:07:00,2025-09-22 14:23:00,2.71,2.28,1.99
A01298,S3,2025-09-22 19:59:00,2025-09-23 00:51:00,4.52,4.87,5.59
A01298,S4,2025-09-23 07:55:00,2025-09-23 14:46:00,3.62,6.84,7.07
A01298,S5,2025-09-23 16:22:00,2025-09-23 17:40:00,1.36,1.31,1.61
A01299,S1,2025-09-22 08:42:00,2025-09-22 12:48:00,3.12,4.1,1.7
A01299,S2,2025-09-22 13:42:00,2025-09-22 19:31:00,4.68,5.81,0.91
A01299,S3,2025-09-22 21:11:00,2025-09-23 05:23:00,7.8,8.2,1.66
A01299,S4,2025-09-23 08:54:00,2025-09-23 14:24:00,6.24,5.5,3.52
A01299,S5,2025-09-23 15:51:00,2025-09-23 18:09:00,2.34,2.3,1.45
A01300,S1,2025-09-23 07:03:00,2025-09-23 09:43:00,2.46,2.66,0.05
A01300,S2,2025-09-23 11:24:00,2025-09-23 15:10:00,3.69,3.78,1.69
A01300,S3,2025-09-23 23:11:00,2025-09-24 05:47:00,6.15,6.6,8.01
A01300,S4,2025-09-24 13:32:00,2025-09-24 18:47:00,4.92,5.26,7.75
A01300,S5,2025-09-24 20:47:00,2025-09-24 22:29:00,1.84,1.71,1.99
A01301,S1,2025-09-23 07:14:00,2025-09-23 11:51:00,4.22,4.63,0.23
A01301,S2,2025-09-23 14:03:00,2025-09-23 21:58:00,6.34,7.91,2.2
A01301,S3,2025-09-23 22:39:00,2025-09-24 08:54:00,10.56,10.26,0.68
A01301,S4,2025-09-25 02:51:00,2025-09-25 10:56:00,8.45,8.08,17.94
A01301,S5,2025-09-25 11:17:00,2025-09-25 14:40:00,3.17,3.39,0.34
A01302,S1,2025-09-23 07:24:00,2025-09-23 12:08:00,4.7,4.72,0.4
A01302,S2,2025-09-23 12:28:00,2025-09-23 20:40:00,7.06,8.19,0.34
A01302,S3,2025-09-24 00:52:00,2025-09-24 13:13:00,11.76,12.36,4.2
A01302,S4,2025-09-24 14:50:00,2025-09-25 00:09:00,9.41,9.32,1.61
A01302,S5,2025-09-25 00:12:00,2025-09-25 03:49:00,3.53,3.63,0.04
A01303,S1,2025-09-23 07:16:00,2025-09-23 09:38:00,2.38,2.37,0.27
A01303,S2,2025-09-23 10:27:00,2025-09-23 13:38:00,3.58,3.17,0.81
A01303,S3,2025-09-23 17:12:00,2025-09-24 01:44:00,5.96,8.54,3.57
A01303,S4,2025-09-24 08:54:00,2025-09-24 13:36:00,4.77,4.7,7.16
A01303,S5,2025-09-24 16:34:00,2025-09-24 18:19:00,1.79,1.74,2.97
A01304,S1,2025-09-23 08:44:00,2025-09-23 12:10:00,2.86,3.44,1.73
A01304,S2,2025-09-23 12:28:00,2025-09-23 17:44:00,4.29,5.26,0.3
A01304,S3,2025-09-23 17:46:00,2025-09-24 00:56:00,7.15,7.16,0.04
A01304,S4,2025-09-24 03:15:00,2025-09-24 11:24:00,5.72,8.16,2.32
A01304,S5,2025-09-24 11:34:00,2025-09-24 14:04:00,2.14,2.51,0.16
A01305,S1,2025-09-23 08:12:00,2025-09-23 11:07:00,2.76,2.93,1.19
A01305,S2,2025-09-23 12:16:00,2025-09-23 16:44:00,4.14,4.47,1.14
A01305,S3,2025-09-23 16:58:00,2025-09-24 00:19:00,6.9,7.35,0.24
A01305,S4,2025-09-24 01:04:00,2025-09-24 05:53:00,5.52,4.82,0.74
A01305,S5,2025-09-24 06:06:00,2025-09-24 08:30:00,2.07,2.39,0.22
A01306,S1,2025-09-23 07:40:00,2025-09-23 13:24:00,5.36,5.72,0.67
A01306,S2,2025-09-23 13:44:00,2025-09-23 23:37:00,8.04,9.89,0.34
A01306,S3,2025-09-24 01:13:00,2025-09-24 15:37:00,13.4,14.39,1.6
A01306,S4,2025-09-24 18:27:00,2025-09-25 01:15:00,10.72,6.8,2.82
A01306,S5,2025-09-25 02:19:00,2025-09-25 07:11:00,4.02,4.87,1.07
A01307,S1,2025-09-23 07:34:00,2025-09-23 10:36:00,2.46,3.03,0.57
A01307,S2,2025-09-23 10:57:00,2025-09-23 14:18:00,3.7,3.36,0.35
A01307,S3,2025-09-23 20:05:00,2025-09-24 03:21:00,6.16,7.27,5.78
A01307,S4,2025-09-24 11:49:00,2025-09-24 16:54:00,4.93,5.08,8.46
A01307,S5,2025-09-24 17:01:00,2025-09-24 19:01:00,1.85,2.0,0.12
A01308,S1,2025-09-24 09:40:00,2025-09-24 13:53:00,3.9,4.21,2.67
A01308,S2,2025-09-24 15:29:00,2025-09-24 20:48:00,5.86,5.31,1.6
A01308,S3,2025-09-24 21:28:00,2025-09-25 13:18:00,9.76,15.84,0.66
A01308,S4,2025-09-25 15:40:00,2025-09-25 23:41:00,7.81,8.01,2.37
A01308,S5,2025-09-25 23:55:00,2025-09-26 02:52:00,2.93,2.95,0.23
A01309,S1,2025-09-24 08:03:00,2025-09-24 13:05:00,4.92,5.02,1.06
A01309,S2,2025-09-24 15:11:00,2025-09-24 22:01:00,7.38,6.83,2.11
A01309,S3,2025-09-25 01:01:00,2025-09-25 15:35:00,12.3,14.56,3.0
A01309,S4,2025-09-26 22:22:00,2025-09-27 04:57:00,9.84,6.58,30.79
A01309,S5,2025-09-27 05:38:00,2025-09-27 09:10:00,3.69,3.53,0.7
A01310,S1,2025-09-24 09:02:00,2025-09-24 12:56:00,3.29,3.91,2.03
A01310,S2,2025-09-24 13:34:00,2025-09-24 18:47:00,4.93,5.21,0.64
A01310,S3,2025-09-25 03:19:00,2025-09-25 13:07:00,8.22,9.81,8.53
A01310,S4,2025-09-25 17:56:00,2025-09-25 23:00:00,6.58,5.07,4.81
A01310,S5,2025-09-25 23:58:00,2025-09-26 02:39:00,2.47,2.7,0.96
A01311,S1,2025-09-24 07:19:00,2025-09-24 11:58:00,4.19,4.64,0.32
A01311,S2,2025-09-24 13:33:00,2025-09-24 19:46:00,6.29,6.21,1.59
A01311,S3,2025-09-25 03:35:00,2025-09-25 12:41:00,10.48,9.1,7.83
A01311,S4,2025-09-25 22:20:00,2025-09-26 22:31:00,8.38,24.18,9.65
A01311,S5,2025-09-27 00:03:00,2025-09-27 03:26:00,3.14,3.38,1.53
A01312,S1,2025-09-24 07:35:00,2025-09-24 10:01:00,2.3,2.44,0.58
A01312,S2,2025-09-24 10:15:00,2025-09-24 14:00:00,3.45,3.75,0.23
A01312,S3,2025-09-24 14:38:00,2025-09-24 23:41:00,5.75,9.06,0.64
A01312,S4,2025-09-25 03:07:00,2025-09-25 09:01:00,4.6,5.9,3.42
A01312,S5,2025-09-25 10:19:00,2025-09-25 12:04:00,1.72,1.75,1.31
A01313,S1,2025-09-25 07:11:00,2025-09-25 13:58:00,6.0,6.79,0.18
A01313,S2,2025-09-25 15:35:00,2025-09-25 23:41:00,9.0,8.11,1.61
A01313,S3,2025-09-26 00:08:00,2025-09-26 22:13:00,15.0,22.09,0.44
A01313,S4,2025-09-27 01:54:00,2025-09-27 17:41:00,12.0,15.79,3.68
A01313,S5,2025-09-27 19:49:00,2025-09-28 01:03:00,4.5,5.23,2.12
A01314,S1,2025-09-25 07:20:00,2025-09-25 11:53:00,4.58,4.55,0.34
A01314,S2,2025-09-25 16:36:00,2025-09-25 23:53:00,6.86,7.29,4.7
A01314,S3,2025-09-26 00:49:00,2025-09-26 12:46:00,11.44,11.96,0.93
A01314,S4,2025-09-26 21:09:00,2025-09-27 09:12:00,9.15,12.05,8.37
A01314,S5,2025-09-27 10:14:00,2025-09-27 13:50:00,3.43,3.6,1.04
A01315,S1,2025-09-25 07:28:00,2025-09-25 12:40:00,5.02,5.2,0.47
A01315,S2,2025-09-25 14:53:00,2025-09-25 23:32:00,7.54,8.64,2.22
A01315,S3,2025-09-26 00:51:00,2025-09-26 13:30:00,12.56,12.66,1.32
A01315,S4,2025-09-26 16:21:00,2025-09-27 00:37:00,10.05,8.26,2.85
A01315,S5,2025-09-27 00:56:00,2025-09-27 05:16:00,3.77,4.33,0.32
A01316,S1,2025-09-25 07:48:00,2025-09-25 10:30:00,2.64,2.7,0.79
A01316,S2,2025-09-25 11:09:00,2025-09-25 15:33:00,3.96,4.4,0.66
A01316,S3,2025-09-25 15:47:00,2025-09-25 20:30:00,6.6,4.72,0.23
A01316,S4,2025-09-26 22:15:00,2025-09-27 04:20:00,5.28,6.09,25.74
A01316,S5,2025-09-27 05:02:00,2025-09-27 07:28:00,1.98,2.43,0.71
A01317,S1,2025-09-26 09:50:00,2025-09-26 14:26:00,3.81,4.6,2.84
A01317,S2,2025-09-26 19:33:00,2025-09-27 02:02:00,5.71,6.48,5.12
A01317,S3,2025-09-27 02:54:00,2025-09-27 11:52:00,9.52,8.97,0.86
A01317,S4,2025-09-28 05:55:00,2025-09-28 13:49:00,7.62,7.89,18.05
A01317,S5,2025-09-28 14:08:00,2025-09-28 17:03:00,2.86,2.91,0.33
A01318,S1,2025-09-26 07:05:00,2025-09-26 10:09:00,3.07,3.07,0.08
A01318,S2,2025-09-26 13:06:00,2025-09-26 17:36:00,4.61,4.5,2.95
A01318,S3,2025-09-26 19:02:00,2025-09-27 02:03:00,7.68,7.01,1.44
A01318,S4,2025-09-27 22:01:00,2025-09-28 03:22:00,6.14,5.36,19.97
A01318,S5,2025-09-28 05:15:00,2025-09-28 07:36:00,2.3,2.35,1.88
A01319,S1,2025-09-26 08:32:00,2025-09-26 12:51:00,3.84,4.32,1.53
A01319,S2,2025-09-26 13:40:00,2025-09-26 18:26:00,5.76,4.78,0.81
A01319,S3,2025-09-27 10:46:00,2025-09-27 21:40:00,9.6,10.9,16.33
A01319,S4,2025-09-27 23:16:00,2025-09-28 08:10:00,7.68,8.9,1.59
A01319,S5,2025-09-28 08:43:00,2025-09-28 12:19:00,2.88,3.6,0.55
A01320,S1,2025-09-26 08:08:00,2025-09-26 13:12:00,4.83,5.06,1.13
A01320,S2,2025-09-26 15:28:00,2025-09-26 23:30:00,7.25,8.02,2.28
A01320,S3,2025-09-27 00:19:00,2025-09-27 13:40:00,12.08,13.35,0.83
A01320,S4,2025-09-27 15:57:00,2025-09-27 22:29:00,9.66,6.53,2.28
A01320,S5,2025-09-27 23:35:00,2025-09-28 03:35:00,3.62,4.01,1.1
A01321,S1,2025-09-27 07:03:00,2025-09-27 09:15:00,2.03,2.19,0.06
A01321,S2,2025-09-27 17:36:00,2025-09-27 20:59:00,3.05,3.4,8.34
A01321,S3,2025-09-28 00:35:00,2025-09-28 05:33:00,5.08,4.97,3.59
A01321,S4,2025-09-28 12:58:00,2025-09-28 14:20:00,4.06,1.37,7.41
A01321,S5,2025-09-28 22:20:00,2025-09-28 23:48:00,1.52,1.46,7.99
A01322,S1,2025-09-27 07:39:00,2025-09-27 11:41:00,3.72,4.03,0.66
A01322,S2,2025-09-27 12:01:00,2025-09-27 18:20:00,5.58,6.32,0.33
A01322,S3,2025-09-27 21:56:00,2025-09-28 08:39:00,9.3,10.71,3.6
A01322,S4,2025-09-28 15:02:00,2025-09-29 01:04:00,7.44,10.03,6.38
A01322,S5,2025-09-29 03:18:00,2025-09-29 06:55:00,2.79,3.61,2.23
A01323,S1,2025-09-27 07:23:00,2025-09-27 11:16:00,4.26,3.88,0.39
A01323,S2,2025-09-27 18:44:00,2025-09-28 02:00:00,6.38,7.27,7.46
A01323,S3,2025-09-28 02:33:00,2025-09-28 20:01:00,10.64,17.46,0.56
A01323,S4,2025-09-29 02:08:00,2025-09-29 11:18:00,8.51,9.17,6.11
A01323,S5,2025-09-29 13:12:00,2025-09-29 16:33:00,3.19,3.34,1.9
A01324,S1,2025-09-27 07:03:00,2025-09-27 12:54:00,4.96,5.84,0.06
A01324,S2,2025-09-27 13:40:00,2025-09-27 21:10:00,7.44,7.5,0.77
A01324,S3,2025-09-27 21:28:00,2025-09-28 11:51:00,12.4,14.39,0.29
A01324,S4,2025-09-29 08:36:00,2025-09-29 22:01:00,9.92,13.43,20.74
A01324,S5,2025-09-29 22:30:00,2025-09-30 02:41:00,3.72,4.18,0.48
A01325,S1,2025-09-27 11:53:00,2025-09-27 17:45:00,4.76,5.88,4.88
A01325,S2,2025-09-27 18:06:00,2025-09-28 02:24:00,7.14,8.31,0.34
A01325,S3,2025-09-28 02:56:00,2025-09-28 17:24:00,11.9,14.47,0.52
A01325,S4,2025-09-28 23:08:00,2025-09-29 10:46:00,9.52,11.63,5.74
A01325,S5,2025-09-29 13:50:00,2025-09-29 17:26:00,3.57,3.61,3.06
A01326,S1,2025-09-28 07:08:00,2025-09-28 09:27:00,2.42,2.32,0.14
A01326,S2,2025-09-28 11:37:00,2025-09-28 16:09:00,3.62,4.53,2.16
A01326,S3,2025-09-28 23:09:00,2025-09-29 04:26:00,6.04,5.27,7.0
A01326,S4,2025-09-29 09:16:00,2025-09-29 16:31:00,4.83,7.25,4.84
A01326,S5,2025-09-29 18:59:00,2025-09-29 20:43:00,1.81,1.74,2.46
A01327,S1,2025-09-28 07:43:00,2025-09-28 10:39:00,2.5,2.93,0.72
A01327,S2,2025-09-28 11:26:00,2025-09-28 16:10:00,3.74,4.74,0.77
A01327,S3,2025-09-28 16:28:00,2025-09-29 01:06:00,6.24,8.64,0.3
A01327,S4,2025-09-29 03:18:00,2025-09-29 08:28:00,4.99,5.17,2.19
A01327,S5,2025-09-29 10:13:00,2025-09-29 12:44:00,1.87,2.52,1.75
A01328,S1,2025-09-28 07:58:00,2025-09-28 09:55:00,1.68,1.94,0.97
A01328,S2,2025-09-28 11:42:00,2025-09-28 14:11:00,2.52,2.49,1.79
A01328,S3,2025-09-28 14:47:00,2025-09-28 19:37:00,4.2,4.84,0.59
A01328,S4,2025-09-29 05:33:00,2025-09-29 07:58:00,3.36,2.41,9.93
A01328,S5,2025-09-29 08:55:00,2025-09-29 10:25:00,1.26,1.5,0.96
A01329,S1,2025-09-28 07:38:00,2025-09-28 13:27:00,5.8,5.82,0.63
A01329,S2,2025-09-28 14:40:00,2025-09-29 02:42:00,8.7,12.03,1.22
A01329,S3,2025-09-29 05:24:00,2025-09-29 20:35:00,14.5,15.18,2.7
A01329,S4,2025-09-30 04:52:00,2025-09-30 13:40:00,11.6,8.8,8.3
A01329,S5,2025-09-30 16:02:00,2025-09-30 20:46:00,4.35,4.74,2.36
A01330,S1,2025-09-28 07:32:00,2025-09-28 10:06:00,2.14,2.58,0.53
A01330,S2,2025-09-28 12:08:00,2025-09-28 15:17:00,3.21,3.15,2.03
A01330,S3,2025-09-28 15:24:00,2025-09-28 21:27:00,5.35,6.04,0.12
A01330,S4,2025-09-29 11:53:00,2025-09-29 16:30:00,4.28,4.63,14.43
A01330,S5,2025-09-29 18:18:00,2025-09-29 19:56:00,1.6,1.64,1.79
A01331,S1,2025-09-29 07:23:00,2025-09-29 11:16:00,3.87,3.87,0.39
A01331,S2,2025-09-29 11:54:00,2025-09-29 18:12:00,5.81,6.3,0.65
A01331,S3,2025-09-29 18:33:00,2025-09-30 04:30:00,9.68,9.95,0.34
A01331,S4,2025-09-30 08:03:00,2025-09-30 17:06:00,7.74,9.06,3.54
A01331,S5,2025-09-30 19:38:00,2025-09-30 22:26:00,2.9,2.79,2.53
A01332,S1,2025-09-29 09:05:00,2025-09-29 11:18:00,2.03,2.23,2.08
A01332,S2,2025-09-29 17:08:00,2025-09-29 20:24:00,3.05,3.27,5.83
A01332,S3,2025-09-30 01:07:00,2025-09-30 05:20:00,5.08,4.22,4.71
A01332,S4,2025-10-01 18:37:00,2025-10-02 01:27:00,4.06,6.83,37.28
A01332,S5,2025-10-02 02:34:00,2025-10-02 04:22:00,1.52,1.8,1.11
A01333,S1,2025-09-29 07:04:00,2025-09-29 10:39:00,3.53,3.58,0.06
A01333,S2,2025-09-29 11:59:00,2025-09-29 17:24:00,5.29,5.41,1.34
A01333,S3,2025-09-29 19:49:00,2025-09-30 04:55:00,8.82,9.09,2.42
A01333,S4,2025-09-30 10:55:00,2025-09-30 20:32:00,7.06,9.61,6.01
A01333,S5,2025-09-30 21:46:00,2025-10-01 00:28:00,2.65,2.71,1.23
A01334,S1,2025-09-29 08:14:00,2025-09-29 13:54:00,4.76,5.66,1.23
A01334,S2,2025-09-29 16:07:00,2025-09-30 00:57:00,7.14,8.84,2.22
A01334,S3,2025-09-30 02:35:00,2025-09-30 14:48:00,11.9,12.21,1.64
A01334,S4,2025-09-30 17:28:00,2025-10-01 03:10:00,9.52,9.71,2.67
A01334,S5,2025-10-01 03:16:00,2025-10-01 06:13:00,3.57,2.96,0.09
A01335,S1,2025-09-29 07:22:00,2025-09-29 12:42:00,4.51,5.33,0.37
A01335,S2,2025-09-29 12:57:00,2025-09-29 20:44:00,6.77,7.78,0.26
A01335,S3,2025-09-29 23:51:00,2025-09-30 12:55:00,11.28,13.08,3.11
A01335,S4,2025-10-01 11:45:00,2025-10-01 21:31:00,9.02,9.77,22.82
A01335,S5,2025-10-01 22:10:00,2025-10-02 01:14:00,3.38,3.06,0.66
A01336,S1,2025-09-29 08:06:00,2025-09-29 14:15:00,4.77,6.15,1.1
A01336,S2,2025-09-29 14:56:00,2025-09-30 00:29:00,7.15,9.54,0.69
A01336,S3,2025-09-30 01:23:00,2025-09-30 11:48:00,11.92,10.42,0.9
A01336,S4,2025-09-30 19:18:00,2025-10-01 12:13:00,9.54,16.92,7.5
A01336,S5,2025-10-01 14:17:00,2025-10-01 18:41:00,3.58,4.4,2.07
A01337,S1,2025-09-30 09:35:00,2025-09-30 12:21:00,2.52,2.77,2.58
A01337,S2,2025-09-30 12:47:00,2025-09-30 16:38:00,3.78,3.85,0.43
A01337,S3,2025-09-30 18:32:00,2025-10-01 03:17:00,6.3,8.75,1.9
A01337,S4,2025-10-01 08:43:00,2025-10-01 13:01:00,5.04,4.29,5.43
A01337,S5,2025-10-01 13:05:00,2025-10-01 14:42:00,1.89,1.62,0.07
A01338,S1,2025-09-30 07:01:00,2025-09-30 11:44:00,4.06,4.71,0.02
A01338,S2,2025-09-30 12:56:00,2025-09-30 18:50:00,6.1,5.9,1.2
A01338,S3,2025-09-30 21:18:00,2025-10-01 05:53:00,10.16,8.6,2.46
A01338,S4,2025-10-01 10:22:00,2025-10-01 14:38:00,8.13,4.27,4.47
A01338,S5,2025-10-01 15:10:00,2025-10-01 18:23:00,3.05,3.22,0.53
A01339,S1,2025-09-30 07:00:00,2025-09-30 10:02:00,3.18,3.03,0.01
A01339,S2,2025-09-30 10:18:00,2025-09-30 16:10:00,4.77,5.87,0.26
A01339,S3,2025-09-30 17:04:00,2025-10-01 02:13:00,7.95,9.15,0.9
A01339,S4,2025-10-01 07:47:00,2025-10-01 13:27:00,6.36,5.67,5.56
A01339,S5,2025-10-01 14:53:00,2025-10-01 17:27:00,2.38,2.57,1.43
A01340,S1,2025-09-30 09:03:00,2025-09-30 11:26:00,2.18,2.38,2.05
A01340,S2,2025-09-30 17:49:00,2025-09-30 21:47:00,3.27,3.96,6.39
A01340,S3,2025-09-30 22:58:00,2025-10-01 03:37:00,5.45,4.65,1.18
A01340,S4,2025-10-01 04:17:00,2025-10-01 10:08:00,4.36,5.85,0.67
A01340,S5,2025-10-01 10:57:00,2025-10-01 12:45:00,1.64,1.8,0.81
A01341,S1,2025-09-30 07:40:00,2025-09-30 11:50:00,3.67,4.17,0.66
A01341,S2,2025-09-30 12:56:00,2025-09-30 18:40:00,5.51,5.73,1.11
A01341,S3,2025-10-01 00:00:00,2025-10-01 09:17:00,9.18,9.28,5.33
A01341,S4,2025-10-01 13:43:00,2025-10-01 17:56:00,7.34,4.23,4.44
A01341,S5,2025-10-01 18:36:00,2025-10-01 21:23:00,2.75,2.78,0.66
A01342,S1,2025-09-30 07:04:00,2025-09-30 09:59:00,2.54,2.91,0.07
A01342,S2,2025-09-30 11:24:00,2025-09-30 15:25:00,3.82,4.02,1.42
A01342,S3,2025-09-30 17:38:00,2025-10-01 02:31:00,6.36,8.89,2.21
A01342,S4,2025-10-01 06:28:00,2025-10-01 12:25:00,5.09,5.94,3.95
A01342,S5,2025-10-01 13:10:00,2025-10-01 15:21:00,1.91,2.17,0.77
A01343,S1,2025-09-30 08:59:00,2025-09-30 11:16:00,2.22,2.28,1.99
A01343,S2,2025-09-30 11:50:00,2025-09-30 15:20:00,3.34,3.51,0.57
A01343,S3,2025-09-30 15:21:00,2025-09-30 21:31:00,5.56,6.17,0.0
A01343,S4,2025-10-01 15:17:00,2025-10-01 19:44:00,4.45,4.44,17.77
A01343,S5,2025-10-01 20:14:00,2025-10-01 21:53:00,1.67,1.65,0.5
A01344,S1,2025-09-30 08:37:00,2025-09-30 11:28:00,2.62,2.85,1.62
A01344,S2,2025-09-30 12:38:00,2025-09-30 16:50:00,3.93,4.19,1.17
A01344,S3,2025-09-30 22:50:00,2025-10-01 09:26:00,6.55,10.6,6.0
A01344,S4,2025-10-01 15:43:00,2025-10-01 22:06:00,5.24,6.39,6.29
A01344,S5,2025-10-01 22:54:00,2025-10-02 00:58:00,1.96,2.08,0.79
A01345,S1,2025-09-30 07:15:00,2025-09-30 12:26:00,4.28,5.18,0.25
A01345,S2,2025-09-30 12:37:00,2025-09-30 19:51:00,6.42,7.23,0.2
A01345,S3,2025-09-30 19:54:00,2025-10-01 08:12:00,10.7,12.31,0.05
A01345,S4,2025-10-01 09:49:00,2025-10-01 16:39:00,8.56,6.83,1.62
A01345,S5,2025-10-01 18:10:00,2025-10-01 22:06:00,3.21,3.94,1.52
A01346,S1,2025-09-30 09:02:00,2025-09-30 13:42:00,4.86,4.68,2.03
A01346,S2,2025-09-30 18:44:00,2025-10-01 03:04:00,7.3,8.33,5.02
A01346,S3,2025-10-01 04:01:00,2025-10-01 22:32:00,12.16,18.52,0.96
A01346,S4,2025-10-02 10:12:00,2025-10-02 22:52:00,9.73,12.66,11.66
A01346,S5,2025-10-03 00:11:00,2025-10-03 03:47:00,3.65,3.6,1.32
A01347,S1,2025-10-01 08:05:00,2025-10-01 13:00:00,4.52,4.91,1.09
A01347,S2,2025-10-01 18:42:00,2025-10-02 02:26:00,6.78,7.74,5.7
A01347,S3,2025-10-02 05:27:00,2025-10-02 20:50:00,11.3,15.39,3.01
A01347,S4,2025-10-03 01:40:00,2025-10-03 20:13:00,9.04,18.56,4.82
A01347,S5,2025-10-04 00:57:00,2025-10-04 04:25:00,3.39,3.46,4.73
A01348,S1,2025-10-01 09:03:00,2025-10-01 13:05:00,3.41,4.03,2.06
A01348,S2,2025-10-01 16:19:00,2025-10-01 23:36:00,5.11,7.28,3.23
A01348,S3,2025-10-02 04:24:00,2025-10-02 13:00:00,8.52,8.6,4.8
A01348,S4,2025-10-02 19:17:00,2025-10-03 00:44:00,6.82,5.45,6.3
A01348,S5,2025-10-03 01:19:00,2025-10-03 03:41:00,2.56,2.37,0.58
A01349,S1,2025-10-01 08:34:00,2025-10-01 11:14:00,2.93,2.67,1.57
A01349,S2,2025-10-01 17:01:00,2025-10-01 22:39:00,4.39,5.63,5.78
A01349,S3,2025-10-01 22:49:00,2025-10-02 06:42:00,7.32,7.89,0.17
A01349,S4,2025-10-02 10:11:00,2025-10-02 16:06:00,5.86,5.91,3.48
A01349,S5,2025-10-02 22:09:00,2025-10-03 00:53:00,2.2,2.72,6.05
A01350,S1,2025-10-01 07:11:00,2025-10-01 09:50:00,2.34,2.64,0.18
A01350,S2,2025-10-01 09:56:00,2025-10-01 14:13:00,3.5,4.28,0.1
A01350,S3,2025-10-01 19:01:00,2025-10-02 01:19:00,5.84,6.3,4.8
A01350,S4,2025-10-02 10:51:00,2025-10-02 16:16:00,4.67,5.43,9.53
A01350,S5,2025-10-02 16:30:00,2025-10-02 18:25:00,1.75,1.91,0.23
A01351,S1,2025-10-01 07:05:00,2025-10-01 10:16:00,2.74,3.18,0.09
A01351,S2,2025-10-01 11:44:00,2025-10-01 16:32:00,4.1,4.81,1.46
A01351,S3,2025-10-01 19:14:00,2025-10-01 23:36:00,6.84,4.37,2.69
A01351,S4,2025-10-04 05:32:00,2025-10-04 12:14:00,5.47,6.71,53.93
A01351,S5,2025-10-04 13:12:00,2025-10-04 15:31:00,2.05,2.31,0.96
A01352,S1,2025-10-01 09:39:00,2025-10-01 12:01:00,2.45,2.36,2.66
A01352,S2,2025-10-01 13:10:00,2025-10-01 15:52:00,3.67,2.7,1.15
A01352,S3,2025-10-01 17:01:00,2025-10-02 01:03:00,6.12,8.03,1.16
A01352,S4,2025-10-02 01:35:00,2025-10-02 08:07:00,4.9,6.52,0.54
A01352,S5,2025-10-02 08:13:00,2025-10-02 10:02:00,1.84,1.82,0.1
A01353,S1,2025-10-01 07:21:00,2025-10-01 09:37:00,2.38,2.27,0.36
A01353,S2,2025-10-01 12:27:00,2025-10-01 15:33:00,3.57,3.09,2.83
A01353,S3,2025-10-01 15:48:00,2025-10-01 20:03:00,5.95,4.25,0.25
A01353,S4,2025-10-02 00:11:00,2025-10-02 04:36:00,4.76,4.42,4.14
A01353,S5,2025-10-02 09:25:00,2025-10-02 11:17:00,1.78,1.88,4.8
A01354,S1,2025-10-02 07:35:00,2025-10-02 11:08:00,3.31,3.54,0.59
A01354,S2,2025-10-02 14:22:00,2025-10-02 19:14:00,4.97,4.87,3.24
A01354,S3,2025-10-03 01:43:00,2025-10-03 10:23:00,8.28,8.66,6.48
A01354,S4,2025-10-03 16:13:00,2025-10-03 22:30:00,6.62,6.3,5.82
A01354,S5,2025-10-03 23:39:00,2025-10-04 02:04:00,2.48,2.4,1.15
A01355,S1,2025-10-02 07:14:00,2025-10-02 10:07:00,2.16,2.88,0.23
A01355,S2,2025-10-02 10:50:00,2025-10-02 15:12:00,3.24,4.36,0.73
A01355,S3,2025-10-02 22:30:00,2025-10-03 02:02:00,5.4,3.54,7.3
A01355,S4,2025-10-03 09:25:00,2025-10-03 14:38:00,4.32,5.22,7.38
A01355,S5,2025-10-03 19:03:00,2025-10-03 20:45:00,1.62,1.7,4.41
A01356,S1,2025-10-02 11:16:00,2025-10-02 14:12:00,2.54,2.93,4.27
A01356,S2,2025-10-02 15:29:00,2025-10-02 19:41:00,3.81,4.19,1.29
A01356,S3,2025-10-02 22:10:00,2025-10-03 04:22:00,6.35,6.2,2.48
A01356,S4,2025-10-03 06:05:00,2025-10-03 10:41:00,5.08,4.6,1.73
A01356,S5,2025-10-03 11:03:00,2025-10-03 13:18:00,1.9,2.24,0.37
A01357,S1,2025-10-02 08:52:00,2025-10-02 12:18:00,3.77,3.43,1.87
A01357,S2,2025-10-02 14:30:00,2025-10-02 21:19:00,5.65,6.81,2.21
A01357,S3,2025-10-02 23:02:00,2025-10-03 08:13:00,9.42,9.2,1.72
A01357,S4,2025-10-03 08:31:00,2025-10-03 19:15:00,7.54,10.73,0.29
A01357,S5,2025-10-03 20:12:00,2025-10-03 22:58:00,2.83,2.78,0.95
A01358,S1,2025-10-03 07:21:00,2025-10-03 11:33:00,3.34,4.19,0.36
A01358,S2,2025-10-03 11:33:00,2025-10-03 16:31:00,5.0,4.96,0.0
A01358,S3,2025-10-03 20:49:00,2025-10-04 04:56:00,8.34,8.12,4.3
A01358,S4,2025-10-04 09:01:00,2025-10-04 12:51:00,6.67,3.84,4.08
A01358,S5,2025-10-04 15:04:00,2025-10-04 18:00:00,2.5,2.93,2.22
A01359,S1,2025-10-03 07:57:00,2025-10-03 13:12:00,4.99,5.24,0.95
A01359,S2,2025-10-03 14:53:00,2025-10-04 00:42:00,7.49,9.81,1.69
A01359,S3,2025-10-04 03:31:00,2025-10-04 16:24:00,12.48,12.88,2.82
A01359,S4,2025-10-04 18:24:00,2025-10-05 12:24:00,9.98,18.0,2.0
A01359,S5,2025-10-05 13:07:00,2025-10-05 17:00:00,3.74,3.89,0.73
A01360,S1,2025-10-03 12:34:00,2025-10-03 15:55:00,3.26,3.35,5.57
A01360,S2,2025-10-03 17:24:00,2025-10-03 22:48:00,4.9,5.4,1.48
A01360,S3,2025-10-04 01:45:00,2025-10-04 09:24:00,8.16,7.65,2.95
A01360,S4,2025-10-04 12:57:00,2025-10-04 19:27:00,6.53,6.51,3.54
A01360,S5,2025-10-04 22:17:00,2025-10-05 00:42:00,2.45,2.43,2.82
A01361,S1,2025-10-03 07:14:00,2025-10-03 11:54:00,4.52,4.68,0.23
A01361,S2,2025-10-03 14:54:00,2025-10-04 01:02:00,6.78,10.15,2.99
A01361,S3,2025-10-04 01:06:00,2025-10-04 14:31:00,11.3,13.41,0.07
A01361,S4,2025-10-04 18:34:00,2025-10-05 03:52:00,9.04,9.3,4.06
A01361,S5,2025-10-05 07:49:00,2025-10-05 11:23:00,3.39,3.57,3.95
A01362,S1,2025-10-03 07:59:00,2025-10-03 10:58:00,2.84,2.99,0.98
A01362,S2,2025-10-03 11:53:00,2025-10-03 17:29:00,4.26,5.61,0.91
A01362,S3,2025-10-03 18:23:00,2025-10-04 02:06:00,7.1,7.72,0.89
A01362,S4,2025-10-04 13:02:00,2025-10-04 21:45:00,5.68,8.72,10.94
A01362,S5,2025-10-04 23:59:00,2025-10-05 02:26:00,2.13,2.46,2.22
A01363,S1,2025-10-03 09:27:00,2025-10-03 12:51:00,3.29,3.39,2.45
A01363,S2,2025-10-03 17:04:00,2025-10-03 22:07:00,4.93,5.05,4.22
A01363,S3,2025-10-04 00:04:00,2025-10-04 07:52:00,8.22,7.8,1.95
A01363,S4,2025-10-04 09:15:00,2025-10-04 17:51:00,6.58,8.61,1.39
A01363,S5,2025-10-04 19:34:00,2025-10-04 22:13:00,2.47,2.65,1.71
A01364,S1,2025-10-03 07:42:00,2025-10-03 11:19:00,3.62,3.63,0.7
A01364,S2,2025-10-03 11:55:00,2025-10-03 17:57:00,5.44,6.02,0.59
A01364,S3,2025-10-03 20:14:00,2025-10-04 07:25:00,9.06,11.18,2.3
A01364,S4,2025-10-05 12:46:00,2025-10-05 22:13:00,7.25,9.45,29.35
A01364,S5,2025-10-05 22:20:00,2025-10-06 01:32:00,2.72,3.21,0.11
A01365,S1,2025-10-03 08:04:00,2025-10-03 11:54:00,3.74,3.83,1.06
A01365,S2,2025-10-03 13:05:00,2025-10-03 18:37:00,5.62,5.53,1.19
A01365,S3,2025-10-03 19:26:00,2025-10-04 04:10:00,9.36,8.74,0.81
A01365,S4,2025-10-04 05:58:00,2025-10-04 10:44:00,7.49,4.76,1.8
A01365,S5,2025-10-04 12:10:00,2025-10-04 15:17:00,2.81,3.11,1.44
A01366,S1,2025-10-04 08:25:00,2025-10-04 11:49:00,3.34,3.4,1.42
A01366,S2,2025-10-04 17:40:00,2025-10-04 22:53:00,5.0,5.21,5.85
A01366,S3,2025-10-05 01:54:00,2025-10-05 11:59:00,8.34,10.09,3.02
A01366,S4,2025-10-05 17:28:00,2025-10-06 01:28:00,6.67,8.0,5.48
A01366,S5,2025-10-06 01:54:00,2025-10-06 04:37:00,2.5,2.72,0.43
A01367,S1,2025-10-04 08:00:00,2025-10-04 10:35:00,2.59,2.59,0.99
A01367,S2,2025-10-04 17:18:00,2025-10-04 21:43:00,3.89,4.41,6.71
A01367,S3,2025-10-05 01:12:00,2025-10-05 10:47:00,6.48,9.58,3.5
A01367,S4,2025-10-06 04:44:00,2025-10-06 09:43:00,5.18,4.99,17.94
A01367,S5,2025-10-06 12:09:00,2025-10-06 14:06:00,1.94,1.95,2.44
A01368,S1,2025-10-04 07:05:00,2025-10-04 10:34:00,3.19,3.49,0.08
A01368,S2,2025-10-04 14:09:00,2025-10-04 18:57:00,4.79,4.8,3.58
A01368,S3,2025-10-05 01:36:00,2025-10-05 10:36:00,7.98,8.99,6.65
A01368,S4,2025-10-05 15:24:00,2025-10-05 21:53:00,6.38,6.47,4.81
A01368,S5,2025-10-05 23:00:00,2025-10-06 01:41:00,2.39,2.69,1.12
A01369,S1,2025-10-04 09:12:00,2025-10-04 13:59:00,4.92,4.79,2.2
A01369,S2,2025-10-04 15:51:00,2025-10-05 00:08:00,7.38,8.27,1.87
A01369,S3,2025-10-05 01:09:00,2025-10-05 11:27:00,12.3,10.31,1.02
A01369,S4,2025-10-06 20:46:00,2025-10-07 11:39:00,9.84,14.88,33.32
A01369,S5,2025-10-07 12:21:00,2025-10-07 16:47:00,3.69,4.44,0.7
A01370,S1,2025-10-04 07:23:00,2025-10-04 09:41:00,1.86,2.3,0.38
A01370,S2,2025-10-04 10:49:00,2025-10-04 13:51:00,2.78,3.03,1.13
A01370,S3,2025-10-04 14:33:00,2025-10-04 17:48:00,4.64,3.25,0.69
A01370,S4,2025-10-04 20:23:00,2025-10-05 02:38:00,3.71,6.24,2.59
A01370,S5,2025-10-05 05:53:00,2025-10-05 07:18:00,1.39,1.42,3.26
A01371,S1,2025-10-04 07:08:00,2025-10-04 13:33:00,5.48,6.41,0.14
A01371,S2,2025-10-04 17:22:00,2025-10-05 01:43:00,8.22,8.35,3.82
A01371,S3,2025-10-05 06:03:00,2025-10-05 16:51:00,13.7,10.81,4.32
A01371,S4,2025-10-05 21:21:00,2025-10-06 05:20:00,10.96,7.98,4.49
A01371,S5,2025-10-06 11:26:00,2025-10-06 15:49:00,4.11,4.39,6.1
A01372,S1,2025-10-04 07:26:00,2025-10-04 12:25:00,4.86,4.97,0.44
A01372,S2,2025-10-04 13:05:00,2025-10-04 21:31:00,7.3,8.43,0.67
A01372,S3,2025-10-04 21:32:00,2025-10-05 11:29:00,12.16,13.95,0.03
A01372,S4,2025-10-06 10:57:00,2025-10-06 20:30:00,9.73,9.56,23.46
A01372,S5,2025-10-06 22:34:00,2025-10-07 02:49:00,3.65,4.25,2.07
A01373,S1,2025-10-04 07:11:00,2025-10-04 11:41:00,3.72,4.51,0.19
A01373,S2,2025-10-04 13:43:00,2025-10-04 20:54:00,5.58,7.19,2.03
A01373,S3,2025-10-05 05:59:00,2025-10-05 15:23:00,9.3,9.39,9.08
A01373,S4,2025-10-05 15:36:00,2025-10-06 02:07:00,7.44,10.51,0.22
A01373,S5,2025-10-06 05:10:00,2025-10-06 07:48:00,2.79,2.64,3.05
A01374,S1,2025-10-05 09:48:00,2025-10-05 11:50:00,1.79,2.03,2.79
A01374,S2,2025-10-05 15:30:00,2025-10-05 17:55:00,2.69,2.42,3.68
A01374,S3,2025-10-05 21:44:00,2025-10-06 01:57:00,4.48,4.21,3.81
A01374,S4,2025-10-06 10:41:00,2025-10-06 16:15:00,3.58,5.57,8.74
A01374,S5,2025-10-06 17:11:00,2025-10-06 18:58:00,1.34,1.78,0.94
A01375,S1,2025-10-05 08:25:00,2025-10-05 14:14:00,4.68,5.82,1.41
A01375,S2,2025-10-05 18:04:00,2025-10-06 01:15:00,7.02,7.18,3.83
A01375,S3,2025-10-06 02:38:00,2025-10-06 15:59:00,11.7,13.34,1.39
A01375,S4,2025-10-07 05:13:00,2025-10-07 11:28:00,9.36,6.25,13.24
A01375,S5,2025-10-07 17:59:00,2025-10-07 21:22:00,3.51,3.39,6.51
A01376,S1,2025-10-05 07:18:00,2025-10-05 12:45:00,5.04,5.45,0.3
A01376,S2,2025-10-05 14:01:00,2025-10-05 22:43:00,7.56,8.7,1.27
A01376,S3,2025-10-05 23:42:00,2025-10-06 16:19:00,12.6,16.61,0.99
A01376,S4,2025-10-06 22:26:00,2025-10-07 06:40:00,10.08,8.24,6.12
A01376,S5,2025-10-07 08:30:00,2025-10-07 12:41:00,3.78,4.18,1.83
A01377,S1,2025-10-05 08:37:00,2025-10-05 11:18:00,2.58,2.68,1.62
A01377,S2,2025-10-05 11:33:00,2025-10-05 16:06:00,3.87,4.54,0.25
A01377,S3,2025-10-05 17:45:00,2025-10-06 00:56:00,6.45,7.19,1.66
A01377,S4,2025-10-07 09:14:00,2025-10-07 12:21:00,5.16,3.1,32.3
A01377,S5,2025-10-07 14:30:00,2025-10-07 16:32:00,1.94,2.04,2.15
A01378,S1,2025-10-05 07:23:00,2025-10-05 09:34:00,2.11,2.19,0.38
A01378,S2,2025-10-05 13:39:00,2025-10-05 16:47:00,3.17,3.13,4.09
A01378,S3,2025-10-05 17:33:00,2025-10-05 23:08:00,5.28,5.59,0.76
A01378,S4,2025-10-06 01:20:00,2025-10-06 05:34:00,4.22,4.23,2.19
A01378,S5,2025-10-06 07:08:00,2025-10-06 08:44:00,1.58,1.59,1.58
A01379,S1,2025-10-06 08:42:00,2025-10-06 11:24:00,2.4,2.7,1.69
A01379,S2,2025-10-06 12:28:00,2025-10-06 16:45:00,3.6,4.28,1.07
A01379,S3,2025-10-07 00:13:00,2025-10-07 08:45:00,6.0,8.53,7.47
A01379,S4,2025-10-07 21:44:00,2025-10-08 02:59:00,4.8,5.25,12.99
A01379,S5,2025-10-08 03:04:00,2025-10-08 04:50:00,1.8,1.77,0.08
A01380,S1,2025-10-06 07:11:00,2025-10-06 09:59:00,2.64,2.8,0.18
A01380,S2,2025-10-06 12:28:00,2025-10-06 16:08:00,3.96,3.67,2.49
A01380,S3,2025-10-06 21:29:00,2025-10-07 06:43:00,6.6,9.23,5.35
A01380,S4,2025-10-08 08:33:00,2025-10-08 13:19:00,5.28,4.78,25.83
A01380,S5,2025-10-08 18:10:00,2025-10-08 20:32:00,1.98,2.36,4.85
A01381,S1,2025-10-06 07:12:00,2025-10-06 09:13:00,1.71,2.02,0.2
A01381,S2,2025-10-06 10:55:00,2025-10-06 13:23:00,2.57,2.46,1.7
A01381,S3,2025-10-06 14:12:00,2025-10-06 18:03:00,4.28,3.85,0.82
A01381,S4,2025-10-07 03:51:00,2025-10-07 08:34:00,3.42,4.72,9.8
A01381,S5,2025-10-07 22:58:00,2025-10-08 00:24:00,1.28,1.44,14.39
A01382,S1,2025-10-06 07:49:00,2025-10-06 10:57:00,3.24,3.12,0.82
A01382,S2,2025-10-06 12:40:00,2025-10-06 16:53:00,4.86,4.22,1.72
A01382,S3,2025-10-07 00:34:00,2025-10-07 07:01:00,8.1,6.45,7.68
A01382,S4,2025-10-07 08:32:00,2025-10-07 20:30:00,6.48,11.97,1.52
A01382,S5,2025-10-07 22:37:00,2025-10-08 00:45:00,2.43,2.12,2.12
A01383,S1,2025-10-06 08:14:00,2025-10-06 11:20:00,2.22,3.09,1.24
A01383,S2,2025-10-06 13:46:00,2025-10-06 16:37:00,3.34,2.86,2.43
A01383,S3,2025-10-06 19:15:00,2025-10-07 03:17:00,5.56,8.04,2.63
A01383,S4,2025-10-07 14:30:00,2025-10-07 21:14:00,4.45,6.74,11.21
A01383,S5,2025-10-07 22:00:00,2025-10-07 23:49:00,1.67,1.82,0.77
A01384,S1,2025-10-07 08:08:00,2025-10-07 10:41:00,2.52,2.55,1.13
A01384,S2,2025-10-07 11:13:00,2025-10-07 14:54:00,3.78,3.69,0.53
A01384,S3,2025-10-07 18:33:00,2025-10-08 01:04:00,6.3,6.51,3.65
A01384,S4,2025-10-08 01:28:00,2025-10-08 08:19:00,5.04,6.85,0.41
A01384,S5,2025-10-08 09:40:00,2025-10-08 11:57:00,1.89,2.28,1.35
A01385,S1,2025-10-07 08:46:00,2025-10-07 12:49:00,3.46,4.06,1.76
A01385,S2,2025-10-07 13:52:00,2025-10-07 19:05:00,5.18,5.22,1.05
A01385,S3,2025-10-07 19:21:00,2025-10-08 05:36:00,8.64,10.24,0.27
A01385,S4,2025-10-08 10:36:00,2025-10-08 15:09:00,6.91,4.55,5.01
A01385,S5,2025-10-08 18:14:00,2025-10-08 20:26:00,2.59,2.21,3.08
A01386,S1,2025-10-07 07:30:00,2025-10-07 09:34:00,2.3,2.06,0.49
A01386,S2,2025-10-07 11:11:00,2025-10-07 15:39:00,3.46,4.47,1.62
A01386,S3,2025-10-07 21:12:00,2025-10-08 01:21:00,5.76,4.14,5.56
A01386,S4,2025-10-08 07:08:00,2025-10-08 12:09:00,4.61,5.01,5.79
A01386,S5,2025-10-08 13:58:00,2025-10-08 15:48:00,1.73,1.84,1.82
A01387,S1,2025-10-07 07:20:00,2025-10-07 11:15:00,3.1,3.91,0.34
A01387,S2,2025-10-07 12:52:00,2025-10-07 18:44:00,4.65,5.86,1.62
A01387,S3,2025-10-07 22:21:00,2025-10-08 06:15:00,7.75,7.91,3.61
A01387,S4,2025-10-08 13:51:00,2025-10-08 19:43:00,6.2,5.87,7.6
A01387,S5,2025-10-08 20:08:00,2025-10-08 22:25:00,2.33,2.29,0.41
A01388,S1,2025-10-07 07:08:00,2025-10-07 10:45:00,3.52,3.62,0.13
A01388,S2,2025-10-07 11:19:00,2025-10-07 19:00:00,5.28,7.69,0.57
A01388,S3,2025-10-07 23:08:00,2025-10-08 07:51:00,8.8,8.7,4.14
A01388,S4,2025-10-09 02:32:00,2025-10-09 10:02:00,7.04,7.51,18.69
A01388,S5,2025-10-09 13:35:00,2025-10-09 16:04:00,2.64,2.48,3.55
A01389,S1,2025-10-07 07:46:00,2025-10-07 14:26:00,5.72,6.66,0.77
A01389,S2,2025-10-07 15:39:00,2025-10-08 00:45:00,8.58,9.1,1.21
A01389,S3,2025-10-08 02:13:00,2025-10-08 15:49:00,14.3,13.6,1.47
A01389,S4,2025-10-09 23:06:00,2025-10-10 06:05:00,11.44,6.97,31.29
A01389,S5,2025-10-10 07:46:00,2025-10-10 12:42:00,4.29,4.94,1.69
A01390,S1,2025-10-07 07:50:00,2025-10-07 11:06:00,2.74,3.26,0.84
A01390,S2,2025-10-07 12:58:00,2025-10-07 17:33:00,4.1,4.59,1.87
A01390,S3,2025-10-07 17:36:00,2025-10-08 01:12:00,6.84,7.6,0.04
A01390,S4,2025-10-08 10:27:00,2025-10-08 16:20:00,5.47,5.89,9.26
A01390,S5,2025-10-08 17:13:00,2025-10-08 19:23:00,2.05,2.17,0.87
A01391,S1,2025-10-08 07:46:00,2025-10-08 11:25:00,2.92,3.65,0.77
A01391,S2,2025-10-08 11:35:00,2025-10-08 15:09:00,4.38,3.57,0.15
A01391,S3,2025-10-08 16:59:00,2025-10-09 01:17:00,7.3,8.3,1.83
A01391,S4,2025-10-09 09:06:00,2025-10-09 14:42:00,5.84,5.61,7.81
A01391,S5,2025-10-09 15:15:00,2025-10-09 17:09:00,2.19,1.89,0.56
A01392,S1,2025-10-08 11:14:00,2025-10-08 16:30:00,5.88,5.27,4.24
A01392,S2,2025-10-08 17:02:00,2025-10-09 03:18:00,8.82,10.27,0.52
A01392,S3,2025-10-09 07:18:00,2025-10-10 00:31:00,14.7,17.21,4.01
A01392,S4,2025-10-10 04:52:00,2025-10-10 17:53:00,11.76,13.02,4.35
A01392,S5,2025-10-10 18:01:00,2025-10-10 22:21:00,4.41,4.33,0.14
A01393,S1,2025-10-08 07:41:00,2025-10-08 10:47:00,2.53,3.11,0.68
A01393,S2,2025-10-08 11:54:00,2025-10-08 15:16:00,3.79,3.38,1.1
A01393,S3,2025-10-08 18:32:00,2025-10-09 01:39:00,6.32,7.11,3.27
A01393,S4,2025-10-09 02:25:00,2025-10-09 08:45:00,5.06,6.33,0.77
A01393,S5,2025-10-09 10:16:00,2025-10-09 12:14:00,1.9,1.97,1.52
A01394,S1,2025-10-08 07:14:00,2025-10-08 10:47:00,2.93,3.56,0.23
A01394,S2,2025-10-08 14:58:00,2025-10-08 18:26:00,4.39,3.46,4.18
A01394,S3,2025-10-08 22:26:00,2025-10-09 04:39:00,7.32,6.22,4.0
A01394,S4,2025-10-09 08:02:00,2025-10-09 16:43:00,5.86,8.69,3.37
A01394,S5,2025-10-09 21:27:00,2025-10-09 23:41:00,2.2,2.22,4.74
A01395,S1,2025-10-08 07:55:00,2025-10-08 13:49:00,4.7,5.89,0.92
A01395,S2,2025-10-08 17:17:00,2025-10-09 01:14:00,7.06,7.94,3.48
A01395,S3,2025-10-09 01:41:00,2025-10-09 12:52:00,11.76,11.18,0.46
A01395,S4,2025-10-09 15:00:00,2025-10-10 00:32:00,9.41,9.53,2.13
A01395,S5,2025-10-10 02:13:00,2025-10-10 06:07:00,3.53,3.9,1.69
A01396,S1,2025-10-08 07:57:00,2025-10-08 10:11:00,2.32,2.23,0.95
A01396,S2,2025-10-08 14:29:00,2025-10-08 18:08:00,3.48,3.65,4.31
A01396,S3,2025-10-08 23:19:00,2025-10-09 05:43:00,5.8,6.4,5.18
A01396,S4,2025-10-09 08:06:00,2025-10-09 15:29:00,4.64,7.39,2.38
A01396,S5,2025-10-10 00:17:00,2025-10-10 02:22:00,1.74,2.09,8.79
A01397,S1,2025-10-09 09:09:00,2025-10-09 11:54:00,2.7,2.76,2.15
A01397,S2,2025-10-09 14:24:00,2025-10-09 18:31:00,4.05,4.11,2.5
A01397,S3,2025-10-09 20:11:00,2025-10-10 02:52:00,6.75,6.68,1.68
A01397,S4,2025-10-10 17:08:00,2025-10-10 20:42:00,5.4,3.56,14.27
A01397,S5,2025-10-10 21:29:00,2025-10-10 23:37:00,2.03,2.13,0.78
A01398,S1,2025-10-09 07:09:00,2025-10-09 10:47:00,3.42,3.64,0.15
A01398,S2,2025-10-09 13:09:00,2025-10-09 18:24:00,5.14,5.24,2.37
A01398,S3,2025-10-09 18:50:00,2025-10-10 01:30:00,8.56,6.68,0.43
A01398,S4,2025-10-10 18:17:00,2025-10-11 01:48:00,6.85,7.5,16.79
A01398,S5,2025-10-11 02:09:00,2025-10-11 05:26:00,2.57,3.28,0.36
A01399,S1,2025-10-09 08:52:00,2025-10-09 15:23:00,6.08,6.51,1.87
A01399,S2,2025-10-09 15:28:00,2025-10-10 01:43:00,9.12,10.24,0.09
A01399,S3,2025-10-10 04:35:00,2025-10-11 01:20:00,15.2,20.76,2.87
A01399,S4,2025-10-11 02:38:00,2025-10-12 07:00:00,12.16,28.36,1.3
A01399,S5,2025-10-12 07:18:00,2025-10-12 11:56:00,4.56,4.63,0.3
A01400,S1,2025-10-09 08:28:00,2025-10-09 11:38:00,3.14,3.17,1.47
A01400,S2,2025-10-09 15:54:00,2025-10-09 21:08:00,4.72,5.23,4.26
A01400,S3,2025-10-09 22:19:00,2025-10-10 04:40:00,7.86,6.35,1.18
A01400,S4,2025-10-11 04:21:00,2025-10-11 10:05:00,6.29,5.74,23.68
A01400,S5,2025-10-11 10:36:00,2025-10-11 13:10:00,2.36,2.56,0.52
A01401,S1,2025-10-09 08:17:00,2025-10-09 12:39:00,3.65,4.37,1.28
A01401,S2,2025-10-09 18:29:00,2025-10-10 00:27:00,5.47,5.96,5.83
A01401,S3,2025-10-10 10:54:00,2025-10-11 02:40:00,9.12,15.76,10.46
A01401,S4,2025-10-11 02:40:00,2025-10-11 12:48:00,7.3,10.13,0.01
A01401,S5,2025-10-11 16:42:00,2025-10-11 19:44:00,2.74,3.03,3.9
A01402,S1,2025-10-09 08:25:00,2025-10-09 11:41:00,2.8,3.25,1.42
A01402,S2,2025-10-09 12:38:00,2025-10-09 17:42:00,4.2,5.07,0.96
A01402,S3,2025-10-09 18:20:00,2025-10-10 01:25:00,7.0,7.08,0.63
A01402,S4,2025-10-10 03:00:00,2025-10-10 10:29:00,5.6,7.47,1.59
A01402,S5,2025-10-10 10:44:00,2025-10-10 13:10:00,2.1,2.44,0.25
A01403,S1,2025-10-09 07:11:00,2025-10-09 13:37:00,6.36,6.44,0.18
A01403,S2,2025-10-09 14:06:00,2025-10-10 01:10:00,9.54,11.07,0.48
A01403,S3,2025-10-10 08:12:00,2025-10-11 04:23:00,15.9,20.18,7.04
A01403,S4,2025-10-12 08:03:00,2025-10-13 02:49:00,12.72,18.76,27.67
A01403,S5,2025-10-13 10:27:00,2025-10-13 15:24:00,4.77,4.96,7.63
A01404,S1,2025-10-10 07:33:00,2025-10-10 10:15:00,2.3,2.7,0.55
A01404,S2,2025-10-10 15:04:00,2025-10-10 18:36:00,3.45,3.53,4.83
A01404,S3,2025-10-11 01:12:00,2025-10-11 07:29:00,5.75,6.28,6.6
A01404,S4,2025-10-11 14:33:00,2025-10-11 20:08:00,4.6,5.58,7.07
A01404,S5,2025-10-11 21:38:00,2025-10-11 23:27:00,1.72,1.83,1.5
A01405,S1,2025-10-10 08:08:00,2025-10-10 12:48:00,4.77,4.68,1.13
A01405,S2,2025-10-10 18:10:00,2025-10-11 02:40:00,7.15,8.5,5.36
A01405,S3,2025-10-11 06:25:00,2025-10-11 19:32:00,11.92,13.13,3.75
A01405,S4,2025-10-12 08:07:00,2025-10-12 20:39:00,9.54,12.52,12.58
A01405,S5,2025-10-12 20:51:00,2025-10-13 00:49:00,3.58,3.96,0.21
A01406,S1,2025-10-10 07:33:00,2025-10-10 12:52:00,4.88,5.33,0.54
A01406,S2,2025-10-10 14:41:00,2025-10-10 22:27:00,7.32,7.77,1.8
A01406,S3,2025-10-11 03:19:00,2025-10-11 13:46:00,12.2,10.45,4.87
A01406,S4,2025-10-11 15:54:00,2025-10-12 03:51:00,9.76,11.95,2.13
A01406,S5,2025-10-12 05:18:00,2025-10-12 08:39:00,3.66,3.34,1.45
A01407,S1,2025-10-10 07:42:00,2025-10-10 10:52:00,2.96,3.17,0.69
A01407,S2,2025-10-10 11:21:00,2025-10-10 15:44:00,4.44,4.39,0.48
A01407,S3,2025-10-10 16:53:00,2025-10-11 00:46:00,7.4,7.88,1.16
A01407,S4,2025-10-11 01:07:00,2025-10-11 07:59:00,5.92,6.86,0.35
A01407,S5,2025-10-11 11:52:00,2025-10-11 14:29:00,2.22,2.61,3.88
A01408,S1,2025-10-10 09:03:00,2025-10-10 11:03:00,2.13,1.99,2.06
A01408,S2,2025-10-10 11:14:00,2025-10-10 15:16:00,3.19,4.03,0.19
A01408,S3,2025-10-10 17:01:00,2025-10-10 21:48:00,5.32,4.79,1.75
A01408,S4,2025-10-11 03:36:00,2025-10-11 08:12:00,4.26,4.59,5.8
A01408,S5,2025-10-11 10:13:00,2025-10-11 11:40:00,1.6,1.46,2.01
A01409,S1,2025-10-11 07:17:00,2025-10-11 11:27:00,3.9,4.16,0.28
A01409,S2,2025-10-11 14:25:00,2025-10-11 20:32:00,5.86,6.12,2.98
A01409,S3,2025-10-11 22:23:00,2025-10-12 09:50:00,9.76,11.45,1.85
A01409,S4,2025-10-12 11:14:00,2025-10-12 20:34:00,7.81,9.33,1.39
A01409,S5,2025-10-12 20:35:00,2025-10-12 23:24:00,2.93,2.83,0.01
A01410,S1,2025-10-11 07:10:00,2025-10-11 09:44:00,2.14,2.56,0.17
A01410,S2,2025-10-11 15:11:00,2025-10-11 18:45:00,3.21,3.56,5.46
A01410,S3,2025-10-11 22:36:00,2025-10-12 03:36:00,5.35,4.99,3.85
A01410,S4,2025-10-12 12:41:00,2025-10-12 16:59:00,4.28,4.31,9.09
A01410,S5,2025-10-12 17:30:00,2025-10-12 19:16:00,1.6,1.76,0.51
A01411,S1,2025-10-11 10:27:00,2025-10-11 15:39:00,4.74,5.2,3.44
A01411,S2,2025-10-11 16:36:00,2025-10-11 23:00:00,7.1,6.41,0.95
A01411,S3,2025-10-12 09:12:00,2025-10-12 19:24:00,11.84,10.19,10.2
A01411,S4,2025-10-12 19:48:00,2025-10-13 06:32:00,9.47,10.73,0.4
A01411,S5,2025-10-13 07:01:00,2025-10-13 11:01:00,3.55,3.99,0.49
A01412,S1,2025-10-11 07:17:00,2025-10-11 09:26:00,1.74,2.15,0.28
A01412,S2,2025-10-11 13:46:00,2025-10-11 16:17:00,2.62,2.52,4.33
A01412,S3,2025-10-11 20:20:00,2025-10-12 01:43:00,4.36,5.38,4.05
A01412,S4,2025-10-12 02:03:00,2025-10-12 05:03:00,3.49,2.99,0.34
A01412,S5,2025-10-12 06:09:00,2025-10-12 07:46:00,1.31,1.62,1.1
A01413,S1,2025-10-11 07:26:00,2025-10-11 09:48:00,2.38,2.35,0.44
A01413,S2,2025-10-11 10:46:00,2025-10-11 14:31:00,3.58,3.75,0.97
A01413,S3,2025-10-11 16:43:00,2025-10-11 23:35:00,5.96,6.87,2.2
A01413,S4,2025-10-12 00:12:00,2025-10-12 05:43:00,4.77,5.52,0.61
A01413,S5,2025-10-12 07:36:00,2025-10-12 09:11:00,1.79,1.59,1.87
A01414,S1,2025-10-11 09:12:00,2025-10-11 11:14:00,1.87,2.04,2.2
A01414,S2,2025-10-11 11:43:00,2025-10-11 14:54:00,2.81,3.18,0.49
A01414,S3,2025-10-11 16:59:00,2025-10-11 21:38:00,4.68,4.64,2.09
A01414,S4,2025-10-12 02:00:00,2025-10-12 07:02:00,3.74,5.04,4.37
A01414,S5,2025-10-12 11:28:00,2025-10-12 13:03:00,1.4,1.58,4.43
A01415,S1,2025-10-12 07:04:00,2025-10-12 09:08:00,2.2,2.07,0.06
A01415,S2,2025-10-12 12:28:00,2025-10-12 15:48:00,3.3,3.32,3.33
A01415,S3,2025-10-12 15:57:00,2025-10-12 21:14:00,5.5,5.28,0.15
A01415,S4,2025-10-12 22:25:00,2025-10-13 05:26:00,4.4,7.01,1.19
A01415,S5,2025-10-13 06:34:00,2025-10-13 08:29:00,1.65,1.91,1.14
A01416,S1,2025-10-12 08:28:00,2025-10-12 15:01:00,6.32,6.54,1.47
A01416,S2,2025-10-12 17:10:00,2025-10-13 01:38:00,9.48,8.46,2.16
A01416,S3,2025-10-13 01:54:00,2025-10-13 20:38:00,15.8,18.74,0.26
A01416,S4,2025-10-14 23:13:00,2025-10-15 10:48:00,12.64,11.59,26.57
A01416,S5,2025-10-15 13:15:00,2025-10-15 18:05:00,4.74,4.82,2.46
A01417,S1,2025-10-12 07:25:00,2025-10-12 11:29:00,3.67,4.07,0.42
A01417,S2,2025-10-12 20:11:00,2025-10-13 03:44:00,5.51,7.55,8.7
A01417,S3,2025-10-13 04:29:00,2025-10-13 12:56:00,9.18,8.46,0.74
A01417,S4,2025-10-14 14:38:00,2025-10-14 23:03:00,7.34,8.41,25.7
A01417,S5,2025-10-14 23:13:00,2025-10-15 02:18:00,2.75,3.08,0.17
A01418,S1,2025-10-12 07:10:00,2025-10-12 13:18:00,6.32,6.13,0.17
A01418,S2,2025-10-12 18:09:00,2025-10-13 02:19:00,9.48,8.15,4.86
A01418,S3,2025-10-13 06:10:00,2025-10-14 05:47:00,15.8,23.63,3.86
A01418,S4,2025-10-14 15:18:00,2025-10-14 21:32:00,12.64,6.24,9.51
A01418,S5,2025-10-15 00:32:00,2025-10-15 05:25:00,4.74,4.89,2.98
A01419,S1,2025-10-12 07:04:00,2025-10-12 11:56:00,4.24,4.87,0.07
A01419,S2,2025-10-12 12:48:00,2025-10-12 18:01:00,6.36,5.23,0.86
A01419,S3,2025-10-12 21:06:00,2025-10-13 06:51:00,10.6,9.75,3.07
A01419,S4,2025-10-13 17:20:00,2025-10-14 00:46:00,8.48,7.44,10.48
A01419,S5,2025-10-14 01:00:00,2025-10-14 04:32:00,3.18,3.54,0.22
A01420,S1,2025-10-12 07:58:00,2025-10-12 12:31:00,4.61,4.54,0.97
A01420,S2,2025-10-12 13:23:00,2025-10-12 20:06:00,6.91,6.72,0.87
A01420,S3,2025-10-13 00:12:00,2025-10-13 08:14:00,11.52,8.04,4.11
A01420,S4,2025-10-14 00:39:00,2025-10-14 14:55:00,9.22,14.26,16.41
A01420,S5,2025-10-14 15:29:00,2025-10-14 19:18:00,3.46,3.83,0.57
A01421,S1,2025-10-13 09:03:00,2025-10-13 13:13:00,4.42,4.18,2.05
A01421,S2,2025-10-13 14:05:00,2025-10-13 22:20:00,6.62,8.24,0.86
A01421,S3,2025-10-13 22:54:00,2025-10-14 09:03:00,11.04,10.15,0.57
A01421,S4,2025-10-14 09:56:00,2025-10-14 17:53:00,8.83,7.96,0.88
A01421,S5,2025-10-14 18:28:00,2025-10-14 21:40:00,3.31,3.19,0.58
A01422,S1,2025-10-13 07:12:00,2025-10-13 10:22:00,3.1,3.17,0.2
A01422,S2,2025-10-13 10:48:00,2025-10-13 16:52:00,4.65,6.07,0.44
A01422,S3,2025-10-13 17:07:00,2025-10-14 01:31:00,7.75,8.39,0.26
A01422,S4,2025-10-15 16:32:00,2025-10-15 21:26:00,6.2,4.91,39.02
A01422,S5,2025-10-16 06:35:00,2025-10-16 09:02:00,2.33,2.45,9.14
A01423,S1,2025-10-13 08:17:00,2025-10-13 12:01:00,4.16,3.74,1.29
A01423,S2,2025-10-13 14:56:00,2025-10-13 21:44:00,6.24,6.81,2.91
A01423,S3,2025-10-13 23:24:00,2025-10-14 05:55:00,10.4,6.52,1.67
A01423,S4,2025-10-14 09:09:00,2025-10-14 17:07:00,8.32,7.98,3.22
A01423,S5,2025-10-14 21:12:00,2025-10-15 01:09:00,3.12,3.96,4.07
A01424,S1,2025-10-13 07:07:00,2025-10-13 11:59:00,4.35,4.87,0.11
A01424,S2,2025-10-13 12:58:00,2025-10-13 21:15:00,6.53,8.29,0.98
A01424,S3,2025-10-13 23:04:00,2025-10-14 08:44:00,10.88,9.67,1.81
A01424,S4,2025-10-14 21:14:00,2025-10-15 12:04:00,8.7,14.84,12.49
A01424,S5,2025-10-15 12:55:00,2025-10-15 15:47:00,3.26,2.86,0.86
A01425,S1,2025-10-13 07:29:00,2025-10-13 09:16:00,2.03,1.78,0.49
A01425,S2,2025-10-13 13:22:00,2025-10-13 16:49:00,3.05,3.46,4.1
A01425,S3,2025-10-13 17:15:00,2025-10-13 21:20:00,5.08,4.09,0.43
A01425,S4,2025-10-13 21:27:00,2025-10-14 03:26:00,4.06,5.99,0.1
A01425,S5,2025-10-14 03:57:00,2025-10-14 05:24:00,1.52,1.45,0.51
A01426,S1,2025-10-13 07:27:00,2025-10-13 09:34:00,2.14,2.13,0.45
A01426,S2,2025-10-13 10:42:00,2025-10-13 13:53:00,3.21,3.18,1.13
A01426,S3,2025-10-13 16:16:00,2025-10-13 21:39:00,5.35,5.38,2.39
A01426,S4,2025-10-13 22:29:00,2025-10-14 03:33:00,4.28,5.07,0.83
A01426,S5,2025-10-14 03:57:00,2025-10-14 05:54:00,1.6,1.96,0.4
A01427,S1,2025-10-13 07:53:00,2025-10-13 11:29:00,2.94,3.61,0.88
A01427,S2,2025-10-13 11:52:00,2025-10-13 16:27:00,4.41,4.6,0.37
A01427,S3,2025-10-13 18:38:00,2025-10-14 04:29:00,7.35,9.85,2.18
A01427,S4,2025-10-14 09:56:00,2025-10-14 17:47:00,5.88,7.86,5.44
A01427,S5,2025-10-14 18:51:00,2025-10-14 21:30:00,2.2,2.66,1.06
A01428,S1,2025-10-14 07:48:00,2025-10-14 13:29:00,5.68,5.68,0.8
A01428,S2,2025-10-14 16:24:00,2025-10-15 01:57:00,8.52,9.55,2.91
A01428,S3,2025-10-15 19:52:00,2025-10-16 12:09:00,14.2,16.28,17.92
A01428,S4,2025-10-17 03:30:00,2025-10-17 18:38:00,11.36,15.13,15.35
A01428,S5,2025-10-17 18:39:00,2025-10-17 23:34:00,4.26,4.91,0.03
A01429,S1,2025-10-14 07:43:00,2025-10-14 09:13:00,1.7,1.49,0.72
A01429,S2,2025-10-14 09:49:00,2025-10-14 11:57:00,2.54,2.14,0.61
A01429,S3,2025-10-14 12:24:00,2025-10-14 15:57:00,4.24,3.54,0.45
A01429,S4,2025-10-14 17:39:00,2025-10-14 20:29:00,3.39,2.85,1.7
A01429,S5,2025-10-14 22:48:00,2025-10-15 00:08:00,1.27,1.33,2.3
A01430,S1,2025-10-14 08:01:00,2025-10-14 11:29:00,2.9,3.48,1.01
A01430,S2,2025-10-14 17:07:00,2025-10-14 22:30:00,4.36,5.38,5.63
A01430,S3,2025-10-14 22:32:00,2025-10-15 07:40:00,7.26,9.12,0.04
A01430,S4,2025-10-15 16:14:00,2025-10-15 21:28:00,5.81,5.24,8.57
A01430,S5,2025-10-16 00:25:00,2025-10-16 02:31:00,2.18,2.11,2.94
A01431,S1,2025-10-15 07:01:00,2025-10-15 10:48:00,3.7,3.8,0.01
A01431,S2,2025-10-15 11:40:00,2025-10-15 17:56:00,5.54,6.27,0.86
A01431,S3,2025-10-15 21:22:00,2025-10-16 05:11:00,9.24,7.81,3.43
A01431,S4,2025-10-16 07:15:00,2025-10-16 13:10:00,7.39,5.92,2.07
A01431,S5,2025-10-16 17:29:00,2025-10-16 20:56:00,2.77,3.45,4.3
A01432,S1,2025-10-15 08:10:00,2025-10-15 11:36:00,3.05,3.44,1.17
A01432,S2,2025-10-15 16:15:00,2025-10-15 21:44:00,4.57,5.48,4.65
A01432,S3,2025-10-15 23:47:00,2025-10-16 10:57:00,7.62,11.17,2.06
A01432,S4,2025-10-16 13:44:00,2025-10-16 19:48:00,6.1,6.07,2.78
A01432,S5,2025-10-16 21:51:00,2025-10-16 23:53:00,2.29,2.03,2.05
A01433,S1,2025-10-15 07:45:00,2025-10-15 09:34:00,1.76,1.82,0.74
A01433,S2,2025-10-15 10:31:00,2025-10-15 14:19:00,2.64,3.79,0.96
A01433,S3,2025-10-15 14:42:00,2025-10-15 18:53:00,4.4,4.2,0.38
A01433,S4,2025-10-16 05:52:00,2025-10-16 14:19:00,3.52,8.45,10.98
A01433,S5,2025-10-16 14:25:00,2025-10-16 15:51:00,1.32,1.42,0.11
A01434,S1,2025-10-15 10:20:00,2025-10-15 13:34:00,2.86,3.24,3.33
A01434,S2,2025-10-15 15:27:00,2025-10-15 19:07:00,4.28,3.66,1.88
A01434,S3,2025-10-15 20:33:00,2025-10-16 03:06:00,7.14,6.53,1.44
A01434,S4,2025-10-16 06:46:00,2025-10-16 12:29:00,5.71,5.71,3.67
A01434,S5,2025-10-16 14:54:00,2025-10-16 17:25:00,2.14,2.52,2.43
A01435,S1,2025-10-15 07:43:00,2025-10-15 11:44:00,3.74,4.02,0.71
A01435,S2,2025-10-15 14:38:00,2025-10-15 20:41:00,5.62,6.05,2.91
A01435,S3,2025-10-16 01:48:00,2025-10-16 12:20:00,9.36,10.53,5.12
A01435,S4,2025-10-16 23:52:00,2025-10-17 11:00:00,7.49,11.14,11.53
A01435,S5,2025-10-17 15:26:00,2025-10-17 17:58:00,2.81,2.54,4.44
A01436,S1,2025-10-15 07:11:00,2025-10-15 09:57:00,2.84,2.76,0.18
A01436,S2,2025-10-15 10:49:00,2025-10-15 14:51:00,4.26,4.04,0.86
A01436,S3,2025-10-15 15:13:00,2025-10-16 00:13:00,7.1,9.0,0.36
A01436,S4,2025-10-16 01:51:00,2025-10-16 05:59:00,5.68,4.13,1.64
A01436,S5,2025-10-16 07:38:00,2025-10-16 10:01:00,2.13,2.39,1.63
A01437,S1,2025-10-16 07:19:00,2025-10-16 10:14:00,2.69,2.92,0.32
A01437,S2,2025-10-16 11:56:00,2025-10-16 15:13:00,4.03,3.28,1.69
A01437,S3,2025-10-17 00:37:00,2025-10-17 06:47:00,6.72,6.18,9.4
A01437,S4,2025-10-17 07:42:00,2025-10-17 12:57:00,5.38,5.25,0.9
A01437,S5,2025-10-17 13:37:00,2025-10-17 15:45:00,2.02,2.14,0.66
A01438,S1,2025-10-16 07:22:00,2025-10-16 10:23:00,3.1,3.02,0.36
A01438,S2,2025-10-16 12:57:00,2025-10-16 19:16:00,4.64,6.31,2.57
A01438,S3,2025-10-16 20:27:00,2025-10-17 04:09:00,7.74,7.69,1.19
A01438,S4,2025-10-17 06:14:00,2025-10-17 13:06:00,6.19,6.87,2.09
A01438,S5,2025-10-17 15:05:00,2025-10-17 17:34:00,2.32,2.48,1.97
A01439,S1,2025-10-16 08:44:00,2025-10-16 12:50:00,3.78,4.1,1.73
A01439,S2,2025-10-16 14:36:00,2025-10-16 21:13:00,5.66,6.63,1.76
A01439,S3,2025-10-16 21:59:00,2025-10-17 07:45:00,9.44,9.77,0.76
A01439,S4,2025-10-17 10:56:00,2025-10-17 16:53:00,7.55,5.94,3.18
A01439,S5,2025-10-17 19:16:00,2025-10-17 22:08:00,2.83,2.87,2.39
A01440,S1,2025-10-16 07:07:00,2025-10-16 12:12:00,4.48,5.08,0.12
A01440,S2,2025-10-16 13:19:00,2025-10-16 20:42:00,6.72,7.4,1.11
A01440,S3,2025-10-17 07:13:00,2025-10-17 18:40:00,11.2,11.44,10.51
A01440,S4,2025-10-18 10:39:00,2025-10-18 20:40:00,8.96,10.03,15.98
A01440,S5,2025-10-18 21:40:00,2025-10-19 01:49:00,3.36,4.15,1.0
A01441,S1,2025-10-16 07:09:00,2025-10-16 10:14:00,3.1,3.09,0.15
A01441,S2,2025-10-16 11:34:00,2025-10-16 16:59:00,4.65,5.42,1.32
A01441,S3,2025-10-16 22:14:00,2025-10-17 03:45:00,7.75,5.52,5.24
A01441,S4,2025-10-18 12:44:00,2025-10-18 19:48:00,6.2,7.06,32.98
A01441,S5,2025-10-18 22:50:00,2025-10-19 01:24:00,2.33,2.57,3.03
A01442,S1,2025-10-16 08:47:00,2025-10-16 11:29:00,2.54,2.69,1.79
A01442,S2,2025-10-16 12:31:00,2025-10-16 15:38:00,3.81,3.13,1.03
A01442,S3,2025-10-16 19:19:00,2025-10-17 02:11:00,6.35,6.86,3.68
A01442,S4,2025-10-17 09:26:00,2025-10-17 12:22:00,5.08,2.93,7.25
A01442,S5,2025-10-17 13:22:00,2025-10-17 15:27:00,1.9,2.08,1.0
A01443,S1,2025-10-16 07:19:00,2025-10-16 10:18:00,2.62,2.97,0.32
A01443,S2,2025-10-16 12:03:00,2025-10-16 16:37:00,3.92,4.56,1.76
A01443,S3,2025-10-16 19:37:00,2025-10-17 02:42:00,6.54,7.08,3.01
A01443,S4,2025-10-17 02:59:00,2025-10-17 08:23:00,5.23,5.41,0.27
A01443,S5,2025-10-17 10:41:00,2025-10-17 12:57:00,1.96,2.27,2.3
A01444,S1,2025-10-17 07:09:00,2025-10-17 10:12:00,2.7,3.05,0.15
A01444,S2,2025-10-17 14:46:00,2025-10-17 19:21:00,4.05,4.6,4.57
A01444,S3,2025-10-17 21:36:00,2025-10-18 05:37:00,6.75,8.02,2.24
A01444,S4,2025-10-18 08:39:00,2025-10-18 11:48:00,5.4,3.15,3.03
A01444,S5,2025-10-18 15:13:00,2025-10-18 17:47:00,2.03,2.56,3.42
A01445,S1,2025-10-17 07:09:00,2025-10-17 10:51:00,3.6,3.69,0.15
A01445,S2,2025-10-17 11:30:00,2025-10-17 17:49:00,5.4,6.3,0.66
A01445,S3,2025-10-17 20:05:00,2025-10-18 07:01:00,9.0,10.93,2.27
A01445,S4,2025-10-18 07:44:00,2025-10-18 18:06:00,7.2,10.37,0.72
A01445,S5,2025-10-18 18:30:00,2025-10-18 21:04:00,2.7,2.56,0.4
A01446,S1,2025-10-17 07:46:00,2025-10-17 13:10:00,4.42,5.39,0.77
A01446,S2,2025-10-17 14:28:00,2025-10-17 21:24:00,6.62,6.93,1.31
A01446,S3,2025-10-17 23:21:00,2025-10-18 14:39:00,11.04,15.29,1.95
A01446,S4,2025-10-18 23:31:00,2025-10-19 08:29:00,8.83,8.97,8.88
A01446,S5,2025-10-19 11:30:00,2025-10-19 15:36:00,3.31,4.11,3.01
A01447,S1,2025-10-17 07:19:00,2025-10-17 09:28:00,1.9,2.15,0.32
A01447,S2,2025-10-17 11:59:00,2025-10-17 15:02:00,2.86,3.05,2.51
A01447,S3,2025-10-17 19:04:00,2025-10-17 23:36:00,4.76,4.53,4.03
A01447,S4,2025-10-18 03:02:00,2025-10-18 07:51:00,3.81,4.81,3.44
A01447,S5,2025-10-18 08:04:00,2025-10-18 09:36:00,1.43,1.53,0.22
A01448,S1,2025-10-18 08:09:00,2025-10-18 10:40:00,2.03,2.51,1.16
A01448,S2,2025-10-18 12:43:00,2025-10-18 15:27:00,3.05,2.74,2.05
A01448,S3,2025-10-18 15:29:00,2025-10-18 20:04:00,5.08,4.59,0.03
A01448,S4,2025-10-18 20:09:00,2025-10-18 23:04:00,4.06,2.91,0.08
A01448,S5,2025-10-19 00:00:00,2025-10-19 01:30:00,1.52,1.5,0.95
A01449,S1,2025-10-18 07:22:00,2025-10-18 10:48:00,4.1,3.42,0.37
A01449,S2,2025-10-18 11:09:00,2025-10-18 18:25:00,6.14,7.26,0.36
A01449,S3,2025-10-18 20:00:00,2025-10-19 04:41:00,10.24,8.68,1.58
A01449,S4,2025-10-19 19:10:00,2025-10-20 01:30:00,8.19,6.33,14.49
A01449,S5,2025-10-20 02:14:00,2025-10-20 05:26:00,3.07,3.19,0.74
A01450,S1,2025-10-18 09:10:00,2025-10-18 13:49:00,4.76,4.64,2.17
A01450,S2,2025-10-18 21:41:00,2025-10-19 06:07:00,7.14,8.44,7.87
A01450,S3,2025-10-19 09:56:00,2025-10-19 19:02:00,11.9,9.09,3.81
A01450,S4,2025-10-20 08:24:00,2025-10-20 21:28:00,9.52,13.06,13.38
A01450,S5,2025-10-20 22:49:00,2025-10-21 02:29:00,3.57,3.67,1.35
A01451,S1,2025-10-18 10:19:00,2025-10-18 15:24:00,4.88,5.08,3.32
A01451,S2,2025-10-19 05:32:00,2025-10-19 13:36:00,7.32,8.07,14.12
A01451,S3,2025-10-19 17:31:00,2025-10-20 08:33:00,12.2,15.04,3.9
A01451,S4,2025-10-20 12:27:00,2025-10-20 22:03:00,9.76,9.59,3.91
A01451,S5,2025-10-21 00:18:00,2025-10-21 04:03:00,3.66,3.75,2.25
A01452,S1,2025-10-18 07:45:00,2025-10-18 11:22:00,3.67,3.61,0.76
A01452,S2,2025-10-18 11:34:00,2025-10-18 16:20:00,5.51,4.77,0.2
A01452,S3,2025-10-18 16:37:00,2025-10-18 23:51:00,9.18,7.23,0.29
A01452,S4,2025-10-19 09:20:00,2025-10-19 17:07:00,7.34,7.79,9.48
A01452,S5,2025-10-20 01:30:00,2025-10-20 04:28:00,2.75,2.96,8.39
A01453,S1,2025-10-18 07:07:00,2025-10-18 12:29:00,5.48,5.37,0.12
A01453,S2,2025-10-18 14:58:00,2025-10-18 22:59:00,8.22,8.01,2.48
A01453,S3,2025-10-19 03:51:00,2025-10-19 19:54:00,13.7,16.06,4.87
A01453,S4,2025-10-19 22:21:00,2025-10-20 10:57:00,10.96,12.59,2.45
A01453,S5,2025-10-20 11:08:00,2025-10-20 15:18:00,4.11,4.18,0.18
A01454,S1,2025-10-18 08:10:00,2025-10-18 10:04:00,1.68,1.9,1.16
A01454,S2,2025-10-18 11:09:00,2025-10-18 13:30:00,2.52,2.35,1.09
A01454,S3,2025-10-18 22:43:00,2025-10-19 01:58:00,4.2,3.24,9.22
A01454,S4,2025-10-19 15:46:00,2025-10-19 21:25:00,3.36,5.66,13.8
A01454,S5,2025-10-20 01:50:00,2025-10-20 03:07:00,1.26,1.28,4.41
A01455,S1,2025-10-19 07:31:00,2025-10-19 09:16:00,1.76,1.75,0.51
A01455,S2,2025-10-19 09:39:00,2025-10-19 12:02:00,2.64,2.38,0.39
A01455,S3,2025-10-19 17:45:00,2025-10-19 22:38:00,4.4,4.88,5.72
A01455,S4,2025-10-20 02:55:00,2025-10-20 08:09:00,3.52,5.23,4.28
A01455,S5,2025-10-20 11:05:00,2025-10-20 12:35:00,1.32,1.51,2.93
A01456,S1,2025-10-19 07:02:00,2025-10-19 12:53:00,4.8,5.84,0.04
A01456,S2,2025-10-19 13:21:00,2025-10-19 20:56:00,7.2,7.58,0.48
A01456,S3,2025-10-19 23:13:00,2025-10-20 10:36:00,12.0,11.38,2.28
A01456,S4,2025-10-20 23:55:00,2025-10-21 13:22:00,9.6,13.45,13.32
A01456,S5,2025-10-21 16:49:00,2025-10-21 20:39:00,3.6,3.83,3.46
A01457,S1,2025-10-19 07:21:00,2025-10-19 09:32:00,2.46,2.18,0.35
A01457,S2,2025-10-19 09:56:00,2025-10-19 13:06:00,3.7,3.17,0.4
A01457,S3,2025-10-19 14:26:00,2025-10-19 19:50:00,6.16,5.41,1.32
A01457,S4,2025-10-20 07:53:00,2025-10-20 11:18:00,4.93,3.41,12.05
A01457,S5,2025-10-20 14:00:00,2025-10-20 15:44:00,1.85,1.74,2.71
A01458,S1,2025-10-19 07:56:00,2025-10-19 13:49:00,5.76,5.88,0.94
A01458,S2,2025-10-19 15:30:00,2025-10-19 23:58:00,8.64,8.48,1.68
A01458,S3,2025-10-20 08:07:00,2025-10-21 00:01:00,14.4,15.91,8.14
A01458,S4,2025-10-21 00:20:00,2025-10-21 13:54:00,11.52,13.57,0.31
A01458,S5,2025-10-21 14:45:00,2025-10-21 19:03:00,4.32,4.29,0.86
A01459,S1,2025-10-20 08:03:00,2025-10-20 10:33:00,2.34,2.5,1.05
A01459,S2,2025-10-20 12:07:00,2025-10-20 16:59:00,3.51,4.87,1.56
A01459,S3,2025-10-20 19:34:00,2025-10-21 01:30:00,5.85,5.92,2.59
A01459,S4,2025-10-21 23:27:00,2025-10-22 07:17:00,4.68,7.83,21.96
A01459,S5,2025-10-22 07:27:00,2025-10-22 09:18:00,1.76,1.85,0.18
A01460,S1,2025-10-20 08:26:00,2025-10-20 13:52:00,4.72,5.42,1.44
A01460,S2,2025-10-20 17:34:00,2025-10-21 01:39:00,7.08,8.09,3.71
A01460,S3,2025-10-21 03:27:00,2025-10-21 21:16:00,11.8,17.82,1.8
A01460,S4,2025-10-21 22:43:00,2025-10-22 09:46:00,9.44,11.06,1.44
A01460,S5,2025-10-22 10:14:00,2025-10-22 13:56:00,3.54,3.69,0.47
A01461,S1,2025-10-20 07:50:00,2025-10-20 13:12:00,4.93,5.36,0.84
A01461,S2,2025-10-20 14:03:00,2025-10-20 21:47:00,7.39,7.74,0.86
A01461,S3,2025-10-21 02:03:00,2025-10-21 12:00:00,12.32,9.96,4.25
A01461,S4,2025-10-21 18:00:00,2025-10-22 08:00:00,9.86,14.0,5.99
A01461,S5,2025-10-22 10:51:00,2025-10-22 14:48:00,3.7,3.94,2.85
A01462,S1,2025-10-20 08:42:00,2025-10-20 11:06:00,2.43,2.4,1.69
A01462,S2,2025-10-20 11:38:00,2025-10-20 16:19:00,3.65,4.69,0.54
A01462,S3,2025-10-20 21:33:00,2025-10-21 02:35:00,6.08,5.03,5.24
A01462,S4,2025-10-22 13:26:00,2025-10-22 21:47:00,4.86,8.35,34.85
A01462,S5,2025-10-22 22:06:00,2025-10-22 23:57:00,1.82,1.86,0.31
A01463,S1,2025-10-20 07:17:00,2025-10-20 09:51:00,2.24,2.57,0.29
A01463,S2,2025-10-20 10:33:00,2025-10-20 14:02:00,3.36,3.48,0.7
A01463,S3,2025-10-20 14:11:00,2025-10-20 19:42:00,5.6,5.51,0.15
A01463,S4,2025-10-21 03:10:00,2025-10-21 06:29:00,4.48,3.33,7.46
A01463,S5,2025-10-21 09:14:00,2025-10-21 11:10:00,1.68,1.93,2.75
A01464,S1,2025-10-20 09:55:00,2025-10-20 11:58:00,1.74,2.06,2.92
A01464,S2,2025-10-20 14:41:00,2025-10-20 17:01:00,2.62,2.33,2.71
A01464,S3,2025-10-20 19:43:00,2025-10-21 01:40:00,4.36,5.95,2.69
A01464,S4,2025-10-21 16:59:00,2025-10-21 19:59:00,3.49,3.0,15.32
A01464,S5,2025-10-21 20:49:00,2025-10-21 22:11:00,1.31,1.36,0.85
A01465,S1,2025-10-21 11:02:00,2025-10-21 14:52:00,3.36,3.84,4.03
A01465,S2,2025-10-21 15:58:00,2025-10-21 20:33:00,5.04,4.58,1.1
A01465,S3,2025-10-21 21:22:00,2025-10-22 07:14:00,8.4,9.86,0.83
A01465,S4,2025-10-23 02:16:00,2025-10-23 10:52:00,6.72,8.59,19.03
A01465,S5,2025-10-23 12:14:00,2025-10-23 14:52:00,2.52,2.64,1.37
A01466,S1,2025-10-23 07:15:00,2025-10-23 11:25:00,4.32,4.16,0.25
A01466,S2,2025-10-23 11:57:00,2025-10-23 19:58:00,6.48,8.02,0.53
A01466,S3,2025-10-23 20:55:00,2025-10-24 04:55:00,10.8,8.01,0.94
A01466,S4,2025-10-26 05:23:00,2025-10-26 11:50:00,8.64,6.45,48.48
A01466,S5,2025-10-26 12:39:00,2025-10-26 15:31:00,3.24,2.87,0.81
A01467,S1,2025-10-23 07:58:00,2025-10-23 12:40:00,4.32,4.7,0.97
A01467,S2,2025-10-23 13:45:00,2025-10-23 20:43:00,6.48,6.98,1.08
A01467,S3,2025-10-23 20:48:00,2025-10-24 09:03:00,10.8,12.25,0.07
A01467,S4,2025-10-24 19:47:00,2025-10-25 02:44:00,8.64,6.96,10.73
A01467,S5,2025-10-25 05:09:00,2025-10-25 08:32:00,3.24,3.37,2.42
A01468,S1,2025-10-23 07:51:00,2025-10-23 09:43:00,1.71,1.86,0.85
A01468,S2,2025-10-23 10:09:00,2025-10-23 12:05:00,2.57,1.95,0.43
A01468,S3,2025-10-23 23:56:00,2025-10-24 03:23:00,4.28,3.44,11.85
A01468,S4,2025-10-24 05:06:00,2025-10-24 09:01:00,3.42,3.92,1.72
A01468,S5,2025-10-24 10:21:00,2025-10-24 11:58:00,1.28,1.63,1.32
A01469,S1,2025-10-23 08:49:00,2025-10-23 11:56:00,2.76,3.12,1.81
A01469,S2,2025-10-23 20:17:00,2025-10-24 00:24:00,4.14,4.12,8.35
A01469,S3,2025-10-24 06:00:00,2025-10-24 12:38:00,6.9,6.63,5.6
A01469,S4,2025-10-26 02:30:00,2025-10-26 07:10:00,5.52,4.66,37.87
A01469,S5,2025-10-26 07:46:00,2025-10-26 10:02:00,2.07,2.27,0.6
A01470,S1,2025-10-24 07:19:00,2025-10-24 09:03:00,1.7,1.74,0.31
A01470,S2,2025-10-24 09:27:00,2025-10-24 12:02:00,2.54,2.58,0.4
A01470,S3,2025-10-24 13:06:00,2025-10-24 18:06:00,4.24,5.0,1.07
A01470,S4,2025-10-24 23:43:00,2025-10-25 01:58:00,3.39,2.26,5.61
A01470,S5,2025-10-25 04:59:00,2025-10-25 06:25:00,1.27,1.43,3.02
A01471,S1,2025-10-24 07:12:00,2025-10-24 14:30:00,6.16,7.3,0.2
A01471,S2,2025-10-24 15:38:00,2025-10-25 00:40:00,9.24,9.03,1.13
A01471,S3,2025-10-25 07:13:00,2025-10-25 22:35:00,15.4,15.37,6.55
A01471,S4,2025-10-26 08:36:00,2025-10-27 01:12:00,12.32,16.6,10.02
A01471,S5,2025-10-27 04:08:00,2025-10-27 08:32:00,4.62,4.41,2.93
A01472,S1,2025-10-24 07:07:00,2025-10-24 10:35:00,2.68,3.46,0.12
A01472,S2,2025-10-24 12:35:00,2025-10-24 17:23:00,4.02,4.8,1.99
A01472,S3,2025-10-24 19:13:00,2025-10-25 02:34:00,6.7,7.34,1.84
A01472,S4,2025-10-25 18:23:00,2025-10-25 23:34:00,5.36,5.17,15.83
A01472,S5,2025-10-25 23:57:00,2025-10-26 02:15:00,2.01,2.31,0.38
A01473,S1,2025-10-25 07:37:00,2025-10-25 09:45:00,2.03,2.13,0.62
A01473,S2,2025-10-25 10:35:00,2025-10-25 14:15:00,3.05,3.67,0.83
A01473,S3,2025-10-25 14:34:00,2025-10-25 20:36:00,5.08,6.04,0.31
A01473,S4,2025-10-26 01:43:00,2025-10-26 04:35:00,4.06,2.87,5.12
A01473,S5,2025-10-26 05:37:00,2025-10-26 07:36:00,1.52,1.98,1.03
A01474,S1,2025-10-25 08:33:00,2025-10-25 11:24:00,2.94,2.86,1.55
A01474,S2,2025-10-25 13:31:00,2025-10-25 18:32:00,4.41,5.01,2.11
A01474,S3,2025-10-25 18:49:00,2025-10-26 03:03:00,7.35,8.24,0.29
A01474,S4,2025-10-26 03:28:00,2025-10-26 11:23:00,5.88,7.92,0.4
A01474,S5,2025-10-26 11:55:00,2025-10-26 14:20:00,2.2,2.41,0.54
A01475,S1,2025-10-25 09:45:00,2025-10-25 16:06:00,5.8,6.34,2.75
A01475,S2,2025-10-25 19:18:00,2025-10-26 03:31:00,8.7,8.22,3.2
A01475,S3,2025-10-26 04:07:00,2025-10-26 19:17:00,14.5,15.17,0.6
A01475,S4,2025-10-26 23:33:00,2025-10-27 19:02:00,11.6,19.48,4.27
A01475,S5,2025-10-27 19:34:00,2025-10-27 23:37:00,4.35,4.05,0.54
A01476,S1,2025-10-25 07:09:00,2025-10-25 11:16:00,4.0,4.11,0.15
A01476,S2,2025-10-25 16:24:00,2025-10-25 21:54:00,6.0,5.5,5.14
A01476,S3,2025-10-25 23:12:00,2025-10-26 08:04:00,10.0,8.86,1.3
A01476,S4,2025-10-26 10:26:00,2025-10-26 18:08:00,8.0,7.71,2.36
A01476,S5,2025-10-26 18:11:00,2025-10-26 21:41:00,3.0,3.49,0.04
A01477,S1,2025-10-25 07:04:00,2025-10-25 10:26:00,3.07,3.37,0.07
A01477,S2,2025-10-25 11:39:00,2025-10-25 16:43:00,4.61,5.07,1.21
A01477,S3,2025-10-25 17:47:00,2025-10-26 03:55:00,7.68,10.14,1.06
A01477,S4,2025-10-27 05:38:00,2025-10-27 13:22:00,6.14,7.73,25.71
A01477,S5,2025-10-27 14:22:00,2025-10-27 16:47:00,2.3,2.42,1.0
A01478,S1,2025-10-25 11:37:00,2025-10-25 13:42:00,2.18,2.08,4.62
A01478,S2,2025-10-25 14:22:00,2025-10-25 17:56:00,3.27,3.57,0.66
A01478,S3,2025-10-26 09:14:00,2025-10-26 13:20:00,5.45,4.1,15.29
A01478,S4,2025-10-27 10:15:00,2025-10-27 14:54:00,4.36,4.65,20.93
A01478,S5,2025-10-27 15:41:00,2025-10-27 17:30:00,1.64,1.82,0.78
A01479,S1,2025-10-25 09:22:00,2025-10-25 12:16:00,2.72,2.91,2.36
A01479,S2,2025-10-25 12:43:00,2025-10-25 16:19:00,4.08,3.6,0.46
A01479,S3,2025-10-25 18:20:00,2025-10-26 01:53:00,6.8,7.55,2.02
A01479,S4,2025-10-26 03:55:00,2025-10-26 09:55:00,5.44,6.01,2.03
A01479,S5,2025-10-26 09:58:00,2025-10-26 12:18:00,2.04,2.32,0.05
A01480,S1,2025-10-26 07:00:00,2025-10-26 09:29:00,2.59,2.48,0.01
A01480,S2,2025-10-26 11:26:00,2025-10-26 15:01:00,3.89,3.57,1.95
A01480,S3,2025-10-26 15:47:00,2025-10-26 23:28:00,6.48,7.67,0.78
A01480,S4,2025-10-27 01:40:00,2025-10-27 07:33:00,5.18,5.87,2.21
A01480,S5,2025-10-27 10:08:00,2025-10-27 11:52:00,1.94,1.74,2.58
A01481,S1,2025-10-26 08:27:00,2025-10-26 14:55:00,5.84,6.47,1.44
A01481,S2,2025-10-26 15:38:00,2025-10-27 02:11:00,8.76,10.55,0.72
A01481,S3,2025-10-27 02:42:00,2025-10-27 16:56:00,14.6,14.23,0.51
A01481,S4,2025-10-28 03:16:00,2025-10-28 09:30:00,11.68,6.25,10.32
A01481,S5,2025-10-28 10:10:00,2025-10-28 14:18:00,4.38,4.14,0.66
A01482,S1,2025-10-26 07:03:00,2025-10-26 11:35:00,4.7,4.53,0.06
A01482,S2,2025-10-26 11:40:00,2025-10-26 17:46:00,7.06,6.1,0.08
A01482,S3,2025-10-26 20:26:00,2025-10-27 08:47:00,11.76,12.36,2.67
A01482,S4,2025-10-27 09:24:00,2025-10-28 08:34:00,9.41,23.18,0.6
A01482,S5,2025-10-28 11:04:00,2025-10-28 14:25:00,3.53,3.35,2.5
A01483,S1,2025-10-27 08:45:00,2025-10-27 12:20:00,3.58,3.58,1.75
A01483,S2,2025-10-27 15:12:00,2025-10-27 19:13:00,5.38,4.02,2.87
A01483,S3,2025-10-28 01:06:00,2025-10-28 09:40:00,8.96,8.56,5.88
A01483,S4,2025-10-28 12:45:00,2025-10-29 01:20:00,7.17,12.59,3.08
A01483,S5,2025-10-29 04:46:00,2025-10-29 07:40:00,2.69,2.9,3.43
A01484,S1,2025-10-27 08:04:00,2025-10-27 13:23:00,4.42,5.31,1.06
A01484,S2,2025-10-27 17:13:00,2025-10-27 23:39:00,6.62,6.43,3.83
A01484,S3,2025-10-28 01:04:00,2025-10-28 11:49:00,11.04,10.75,1.42
A01484,S4,2025-10-29 00:23:00,2025-10-29 10:13:00,8.83,9.84,12.56
A01484,S5,2025-10-29 12:41:00,2025-10-29 16:24:00,3.31,3.72,2.47
A01485,S1,2025-10-27 07:09:00,2025-10-27 10:32:00,3.29,3.38,0.15
A01485,S2,2025-10-27 13:03:00,2025-10-27 17:12:00,4.93,4.16,2.52
A01485,S3,2025-10-27 17:37:00,2025-10-28 03:29:00,8.22,9.86,0.42
A01485,S4,2025-10-28 16:24:00,2025-10-29 04:54:00,6.58,12.5,12.9
A01485,S5,2025-10-29 06:07:00,2025-10-29 08:22:00,2.47,2.26,1.21
A01486,S1,2025-10-27 07:10:00,2025-10-27 12:40:00,5.28,5.5,0.16
A01486,S2,2025-10-27 12:42:00,2025-10-27 19:28:00,7.92,6.78,0.03
A01486,S3,2025-10-28 01:20:00,2025-10-28 18:52:00,13.2,17.53,5.86
A01486,S4,2025-10-29 02:35:00,2025-10-29 13:24:00,10.56,10.81,7.73
A01486,S5,2025-10-29 21:35:00,2025-10-30 02:06:00,3.96,4.52,8.18
A01487,S1,2025-10-27 08:35:00,2025-10-27 14:08:00,4.72,5.55,1.59
A01487,S2,2025-10-27 15:42:00,2025-10-27 23:25:00,7.08,7.7,1.57
A01487,S3,2025-10-28 02:37:00,2025-10-28 13:51:00,11.8,11.23,3.21
A01487,S4,2025-10-28 17:11:00,2025-10-29 04:45:00,9.44,11.57,3.33
A01487,S5,2025-10-29 06:23:00,2025-10-29 09:47:00,3.54,3.41,1.62
A01488,S1,2025-10-27 07:52:00,2025-10-27 11:25:00,3.74,3.56,0.86
A01488,S2,2025-10-27 12:40:00,2025-10-27 18:26:00,5.62,5.76,1.25
A01488,S3,2025-10-27 18:26:00,2025-10-28 03:35:00,9.36,9.16,0.0
A01488,S4,2025-10-28 06:00:00,2025-10-28 14:19:00,7.49,8.31,2.41
A01488,S5,2025-10-28 14:35:00,2025-10-28 17:57:00,2.81,3.36,0.27
A01489,S1,2025-10-27 07:55:00,2025-10-27 09:46:00,1.95,1.86,0.91
A01489,S2,2025-10-27 11:52:00,2025-10-27 15:39:00,2.93,3.78,2.1
A01489,S3,2025-10-27 18:53:00,2025-10-28 00:49:00,4.88,5.93,3.23
A01489,S4,2025-10-28 03:58:00,2025-10-28 08:18:00,3.9,4.32,3.15
A01489,S5,2025-10-28 12:02:00,2025-10-28 13:35:00,1.46,1.55,3.74
A01490,S1,2025-10-28 07:25:00,2025-10-28 11:16:00,4.28,3.83,0.42
A01490,S2,2025-10-28 11:35:00,2025-10-28 18:18:00,6.42,6.71,0.33
A01490,S3,2025-10-28 18:34:00,2025-10-29 09:02:00,10.7,14.47,0.27
A01490,S4,2025-10-29 12:17:00,2025-10-30 03:04:00,8.56,14.78,3.25
A01490,S5,2025-10-30 05:40:00,2025-10-30 08:35:00,3.21,2.92,2.59
A01491,S1,2025-10-28 07:01:00,2025-10-28 09:19:00,1.87,2.3,0.02
A01491,S2,2025-10-28 09:33:00,2025-10-28 12:40:00,2.81,3.12,0.22
A01491,S3,2025-10-28 13:49:00,2025-10-28 20:08:00,4.68,6.32,1.16
A01491,S4,2025-10-28 22:01:00,2025-10-29 03:25:00,3.74,5.41,1.87
A01491,S5,2025-10-29 04:04:00,2025-10-29 05:24:00,1.4,1.33,0.65
A01492,S1,2025-10-28 07:01:00,2025-10-28 09:52:00,3.22,2.85,0.02
A01492,S2,2025-10-28 10:05:00,2025-10-28 15:24:00,4.82,5.32,0.22
A01492,S3,2025-10-28 18:21:00,2025-10-29 01:23:00,8.04,7.02,2.95
A01492,S4,2025-10-29 03:23:00,2025-10-29 09:00:00,6.43,5.61,2.0
A01492,S5,2025-10-29 17:34:00,2025-10-29 20:24:00,2.41,2.83,8.57
A01493,S1,2025-10-28 07:21:00,2025-10-28 12:18:00,5.36,4.95,0.35
A01493,S2,2025-10-28 13:12:00,2025-10-28 19:15:00,8.04,6.04,0.9
A01493,S3,2025-10-28 21:40:00,2025-10-29 11:21:00,13.4,13.7,2.42
A01493,S4,2025-10-29 11:48:00,2025-10-29 20:34:00,10.72,8.77,0.44
A01493,S5,2025-10-29 22:52:00,2025-10-30 02:49:00,4.02,3.96,2.3
A01494,S1,2025-10-28 07:37:00,2025-10-28 13:25:00,6.2,5.8,0.61
A01494,S2,2025-10-28 13:28:00,2025-10-29 01:10:00,9.3,11.71,0.05
A01494,S3,2025-10-29 07:11:00,2025-10-29 23:25:00,15.5,16.24,6.01
A01494,S4,2025-10-30 01:40:00,2025-10-30 15:02:00,12.4,13.36,2.25
A01494,S5,2025-10-30 15:11:00,2025-10-30 19:58:00,4.65,4.78,0.15
A01495,S1,2025-10-28 07:43:00,2025-10-28 10:34:00,2.42,2.86,0.71
A01495,S2,2025-10-28 12:15:00,2025-10-28 17:09:00,3.62,4.9,1.67
A01495,S3,2025-10-29 01:05:00,2025-10-29 10:30:00,6.04,9.42,7.94
A01495,S4,2025-10-29 23:12:00,2025-10-30 04:42:00,4.83,5.5,12.69
A01495,S5,2025-10-30 07:59:00,2025-10-30 09:46:00,1.81,1.78,3.29
A01496,S1,2025-10-29 07:16:00,2025-10-29 09:44:00,2.16,2.47,0.27
A01496,S2,2025-10-29 16:36:00,2025-10-29 20:28:00,3.24,3.86,6.87
A01496,S3,2025-10-29 20:41:00,2025-10-30 03:37:00,5.4,6.93,0.22
A01496,S4,2025-10-30 16:20:00,2025-10-30 23:14:00,4.32,6.91,12.71
A01496,S5,2025-10-31 02:18:00,2025-10-31 03:59:00,1.62,1.69,3.05
A01497,S1,2025-10-29 09:14:00,2025-10-29 12:28:00,3.18,3.25,2.23
A01497,S2,2025-10-29 12:50:00,2025-10-29 17:34:00,4.77,4.74,0.36
A01497,S3,2025-10-29 18:13:00,2025-10-30 00:45:00,7.95,6.54,0.64
A01497,S4,2025-10-30 03:17:00,2025-10-30 11:50:00,6.36,8.55,2.53
A01497,S5,2025-10-30 13:27:00,2025-10-30 16:16:00,2.38,2.81,1.62
A01498,S1,2025-10-29 08:15:00,2025-10-29 13:08:00,4.56,4.88,1.25
A01498,S2,2025-10-29 13:38:00,2025-10-29 21:21:00,6.84,7.72,0.51
A01498,S3,2025-10-29 23:07:00,2025-10-30 09:44:00,11.4,10.62,1.76
A01498,S4,2025-10-30 12:43:00,2025-10-31 04:27:00,9.12,15.72,2.98
A01498,S5,2025-10-31 04:58:00,2025-10-31 08:37:00,3.42,3.66,0.51
A01499,S1,2025-10-29 07:41:00,2025-10-29 13:31:00,4.68,5.84,0.68
A01499,S2,2025-10-29 14:25:00,2025-10-29 22:40:00,7.02,8.26,0.89
A01499,S3,2025-10-29 23:53:00,2025-10-30 12:17:00,11.7,12.4,1.22
A01499,S4,2025-10-31 03:19:00,2025-10-31 15:49:00,9.36,12.5,15.03
A01499,S5,2025-10-31 19:06:00,2025-10-31 22:42:00,3.51,3.61,3.29
A01500,S1,2025-10-29 08:00:00,2025-10-29 11:23:00,3.16,3.39,1.0
A01500,S2,2025-10-29 12:24:00,2025-10-29 18:02:00,4.74,5.63,1.02
A01500,S3,2025-10-29 18:49:00,2025-10-30 03:14:00,7.9,8.41,0.78
A01500,S4,2025-10-30 06:50:00,2025-10-30 10:27:00,6.32,3.61,3.61
A01500,S5,2025-10-30 12:31:00,2025-10-30 15:37:00,2.37,3.09,2.07
A01501,S1,2025-10-30 07:58:00,2025-10-30 13:02:00,4.84,5.07,0.96
A01501,S2,2025-10-30 13:03:00,2025-10-30 20:00:00,7.26,6.96,0.02
A01501,S3,2025-10-30 20:56:00,2025-10-31 11:09:00,12.1,14.22,0.92
A01501,S4,2025-10-31 13:07:00,2025-11-01 09:31:00,9.68,20.4,1.97
A01501,S5,2025-11-01 11:51:00,2025-11-01 15:09:00,3.63,3.29,2.34
A01502,S1,2025-10-30 08:34:00,2025-10-30 12:52:00,4.32,4.29,1.57
A01502,S2,2025-10-30 14:27:00,2025-10-30 21:42:00,6.48,7.25,1.59
A01502,S3,2025-10-30 23:24:00,2025-10-31 09:10:00,10.8,9.78,1.69
A01502,S4,2025-10-31 12:17:00,2025-10-31 23:34:00,8.64,11.29,3.11
A01502,S5,2025-11-01 01:38:00,2025-11-01 04:39:00,3.24,3.01,2.07
A01503,S1,2025-10-30 09:05:00,2025-10-30 11:13:00,2.18,2.14,2.08
A01503,S2,2025-10-30 12:00:00,2025-10-30 14:55:00,3.26,2.92,0.77
A01503,S3,2025-10-31 00:01:00,2025-10-31 07:48:00,5.44,7.78,9.1
A01503,S4,2025-10-31 15:54:00,2025-10-31 19:07:00,4.35,3.22,8.1
A01503,S5,2025-10-31 19:12:00,2025-10-31 20:42:00,1.63,1.51,0.08
A01504,S1,2025-10-30 08:59:00,2025-10-30 13:44:00,4.35,4.75,1.99
A01504,S2,2025-10-30 21:01:00,2025-10-31 06:34:00,6.53,9.54,7.28
A01504,S3,2025-10-31 09:28:00,2025-10-31 19:37:00,10.88,10.15,2.89
A01504,S4,2025-10-31 22:02:00,2025-11-01 11:48:00,8.7,13.78,2.42
A01504,S5,2025-11-01 13:28:00,2025-11-01 16:56:00,3.26,3.46,1.67
A01505,S1,2025-10-30 07:37:00,2025-10-30 10:15:00,2.88,2.65,0.61
A01505,S2,2025-10-30 13:55:00,2025-10-30 18:30:00,4.32,4.58,3.66
A01505,S3,2025-10-30 18:44:00,2025-10-31 02:51:00,7.2,8.13,0.23
A01505,S4,2025-10-31 04:41:00,2025-10-31 10:48:00,5.76,6.11,1.83
A01505,S5,2025-10-31 16:34:00,2025-10-31 18:48:00,2.16,2.23,5.77
A01506,S1,2025-10-31 07:45:00,2025-10-31 11:50:00,4.26,4.08,0.75
A01506,S2,2025-10-31 12:12:00,2025-10-31 19:25:00,6.38,7.21,0.37
A01506,S3,2025-10-31 21:21:00,2025-11-01 07:07:00,10.64,9.77,1.93
A01506,S4,2025-11-02 00:15:00,2025-11-02 11:55:00,8.51,11.66,17.14
A01506,S5,2025-11-02 11:58:00,2025-11-02 15:11:00,3.19,3.21,0.06
A01507,S1,2025-10-31 07:09:00,2025-10-31 09:57:00,2.18,2.81,0.14
A01507,S2,2025-10-31 09:59:00,2025-10-31 13:54:00,3.27,3.91,0.02
A01507,S3,2025-10-31 15:34:00,2025-10-31 21:37:00,5.45,6.05,1.67
A01507,S4,2025-11-01 14:31:00,2025-11-01 20:43:00,4.36,6.19,16.9
A01507,S5,2025-11-01 21:52:00,2025-11-01 23:30:00,1.64,1.62,1.16
A01508,S1,2025-10-31 09:54:00,2025-10-31 11:48:00,2.1,1.9,2.89
A01508,S2,2025-10-31 12:20:00,2025-10-31 15:23:00,3.15,3.05,0.53
A01508,S3,2025-10-31 15:32:00,2025-10-31 21:31:00,5.25,5.98,0.16
A01508,S4,2025-11-01 06:12:00,2025-11-01 10:53:00,4.2,4.69,8.68
A01508,S5,2025-11-01 11:08:00,2025-11-01 12:28:00,1.58,1.33,0.25
A01509,S1,2025-10-31 07:29:00,2025-10-31 11:13:00,3.62,3.72,0.49
A01509,S2,2025-10-31 11:22:00,2025-10-31 16:50:00,5.42,5.48,0.15
A01509,S3,2025-10-31 22:05:00,2025-11-01 07:33:00,9.04,9.46,5.25
A01509,S4,2025-11-01 19:20:00,2025-11-02 04:01:00,7.23,8.69,11.79
A01509,S5,2025-11-02 05:03:00,2025-11-02 07:45:00,2.71,2.7,1.02
A01510,S1,2025-10-31 08:24:00,2025-10-31 11:51:00,3.26,3.44,1.41
A01510,S2,2025-10-31 16:46:00,2025-10-31 23:17:00,4.9,6.51,4.92
A01510,S3,2025-11-01 03:42:00,2025-11-01 11:21:00,8.16,7.65,4.41
A01510,S4,2025-11-01 12:56:00,2025-11-01 21:19:00,6.53,8.39,1.58
A01510,S5,2025-11-01 21:36:00,2025-11-02 00:09:00,2.45,2.55,0.28
A01511,S1,2025-11-01 07:57:00,2025-11-01 12:07:00,4.42,4.17,0.95
A01511,S2,2025-11-01 17:09:00,2025-11-01 22:51:00,6.62,5.71,5.03
A01511,S3,2025-11-02 08:05:00,2025-11-02 22:59:00,11.04,14.89,9.23
A01511,S4,2025-11-03 07:15:00,2025-11-03 16:18:00,8.83,9.05,8.27
A01511,S5,2025-11-03 16:57:00,2025-11-03 20:25:00,3.31,3.48,0.65
A01512,S1,2025-11-01 09:51:00,2025-11-01 14:33:00,4.32,4.71,2.85
A01512,S2,2025-11-02 00:43:00,2025-11-02 07:18:00,6.48,6.59,10.16
A01512,S3,2025-11-02 13:55:00,2025-11-03 01:30:00,10.8,11.58,6.62
A01512,S4,2025-11-04 09:22:00,2025-11-04 17:25:00,8.64,8.06,31.87
A01512,S5,2025-11-04 19:44:00,2025-11-04 23:57:00,3.24,4.22,2.31
A01513,S1,2025-11-02 07:42:00,2025-11-02 10:22:00,2.66,2.68,0.69
A01513,S2,2025-11-02 10:55:00,2025-11-02 15:03:00,3.99,4.14,0.54
A01513,S3,2025-11-02 15:36:00,2025-11-02 23:39:00,6.65,8.06,0.54
A01513,S4,2025-11-03 12:34:00,2025-11-03 19:53:00,5.32,7.31,12.92
A01513,S5,2025-11-03 20:01:00,2025-11-03 22:32:00,2.0,2.51,0.14
A01514,S1,2025-11-02 07:00:00,2025-11-02 10:41:00,4.22,3.67,0.01
A01514,S2,2025-11-02 10:49:00,2025-11-02 16:40:00,6.34,5.85,0.14
A01514,S3,2025-11-02 17:00:00,2025-11-03 02:29:00,10.56,9.48,0.33
A01514,S4,2025-11-04 02:51:00,2025-11-04 15:22:00,8.45,12.52,24.37
A01514,S5,2025-11-04 17:46:00,2025-11-04 21:41:00,3.17,3.92,2.4
A01515,S1,2025-11-02 07:15:00,2025-11-02 09:44:00,1.76,2.48,0.25
A01515,S2,2025-11-02 11:35:00,2025-11-02 14:27:00,2.64,2.87,1.86
A01515,S3,2025-11-02 19:08:00,2025-11-02 23:43:00,4.4,4.57,4.68
A01515,S4,2025-11-03 09:27:00,2025-11-03 12:16:00,3.52,2.82,9.73
A01515,S5,2025-11-03 15:47:00,2025-11-03 17:04:00,1.32,1.29,3.51
A01516,S1,2025-11-02 09:11:00,2025-11-02 11:59:00,2.59,2.8,2.18
A01516,S2,2025-11-02 12:10:00,2025-11-02 16:38:00,3.89,4.47,0.18
A01516,S3,2025-11-02 18:54:00,2025-11-03 03:38:00,6.48,8.74,2.27
A01516,S4,2025-11-03 04:48:00,2025-11-03 08:16:00,5.18,3.47,1.16
A01516,S5,2025-11-03 09:06:00,2025-11-03 11:07:00,1.94,2.01,0.83
A01517,S1,2025-11-02 07:53:00,2025-11-02 13:43:00,5.2,5.82,0.89
A01517,S2,2025-11-02 13:50:00,2025-11-02 22:27:00,7.8,8.63,0.12
A01517,S3,2025-11-02 22:51:00,2025-11-03 07:44:00,13.0,8.89,0.4
A01517,S4,2025-11-03 21:06:00,2025-11-04 10:05:00,10.4,12.97,13.37
A01517,S5,2025-11-04 10:34:00,2025-11-04 14:47:00,3.9,4.22,0.5
A01518,S1,2025-11-03 07:28:00,2025-11-03 10:38:00,2.9,3.15,0.47
A01518,S2,2025-11-03 12:36:00,2025-11-03 16:58:00,4.36,4.37,1.97
A01518,S3,2025-11-03 21:39:00,2025-11-04 04:24:00,7.26,6.74,4.69
A01518,S4,2025-11-04 06:05:00,2025-11-04 09:34:00,5.81,3.48,1.69
A01518,S5,2025-11-04 14:30:00,2025-11-04 16:47:00,2.18,2.29,4.93
A01519,S1,2025-11-03 07:03:00,2025-11-03 13:23:00,5.96,6.32,0.05
A01519,S2,2025-11-03 14:04:00,2025-11-04 00:06:00,8.94,10.03,0.69
A01519,S3,2025-11-04 06:39:00,2025-11-05 00:26:00,14.9,17.79,6.55
A01519,S4,2025-11-05 05:58:00,2025-11-05 15:53:00,11.92,9.92,5.54
A01519,S5,2025-11-05 19:12:00,2025-11-06 00:18:00,4.47,5.1,3.31
A01520,S1,2025-11-03 07:18:00,2025-11-03 09:30:00,2.16,2.2,0.3
A01520,S2,2025-11-03 13:26:00,2025-11-03 16:53:00,3.24,3.44,3.94
A01520,S3,2025-11-03 20:28:00,2025-11-04 03:50:00,5.4,7.37,3.59
A01520,S4,2025-11-04 12:15:00,2025-11-04 16:09:00,4.32,3.9,8.4
A01520,S5,2025-11-04 17:47:00,2025-11-04 19:32:00,1.62,1.76,1.63
A01521,S1,2025-11-03 08:18:00,2025-11-03 11:52:00,3.5,3.56,1.3
A01521,S2,2025-11-03 12:48:00,2025-11-03 19:46:00,5.26,6.96,0.95
A01521,S3,2025-11-03 20:04:00,2025-11-04 04:50:00,8.76,8.77,0.3
A01521,S4,2025-11-04 09:05:00,2025-11-04 14:41:00,7.01,5.6,4.25
A01521,S5,2025-11-04 15:33:00,2025-11-04 18:18:00,2.63,2.75,0.87
A01522,S1,2025-11-03 09:19:00,2025-11-03 11:50:00,2.18,2.51,2.32
A01522,S2,2025-11-03 12:03:00,2025-11-03 15:06:00,3.27,3.05,0.21
A01522,S3,2025-11-03 15:56:00,2025-11-03 20:59:00,5.45,5.04,0.85
A01522,S4,2025-11-04 12:18:00,2025-11-04 16:02:00,4.36,3.73,15.32
A01522,S5,2025-11-04 22:49:00,2025-11-05 00:31:00,1.64,1.7,6.78
A01523,S1,2025-11-03 07:02:00,2025-11-03 12:14:00,4.58,5.2,0.04
A01523,S2,2025-11-03 13:43:00,2025-11-03 19:08:00,6.86,5.42,1.47
A01523,S3,2025-11-03 20:08:00,2025-11-04 10:50:00,11.44,14.7,1.01
A01523,S4,2025-11-04 11:09:00,2025-11-04 15:43:00,9.15,4.57,0.32
A01523,S5,2025-11-04 16:52:00,2025-11-04 21:07:00,3.43,4.25,1.15
A01524,S1,2025-11-03 08:55:00,2025-11-03 14:31:00,5.16,5.6,1.92
A01524,S2,2025-11-03 15:49:00,2025-11-04 01:16:00,7.74,9.46,1.3
A01524,S3,2025-11-04 03:54:00,2025-11-04 23:03:00,12.9,19.15,2.64
A01524,S4,2025-11-05 06:04:00,2025-11-05 16:53:00,10.32,10.81,7.01
A01524,S5,2025-11-05 18:42:00,2025-11-05 23:21:00,3.87,4.66,1.82
A01525,S1,2025-11-03 11:00:00,2025-11-03 13:21:00,2.62,2.36,3.99
A01525,S2,2025-11-03 16:35:00,2025-11-03 20:10:00,3.92,3.59,3.23
A01525,S3,2025-11-03 23:14:00,2025-11-04 06:49:00,6.54,7.58,3.07
A01525,S4,2025-11-04 16:46:00,2025-11-04 22:01:00,5.23,5.24,9.96
A01525,S5,2025-11-05 06:34:00,2025-11-05 08:48:00,1.96,2.23,8.55
A01526,S1,2025-11-03 08:33:00,2025-11-03 14:18:00,5.96,5.76,1.54
A01526,S2,2025-11-03 15:34:00,2025-11-04 00:33:00,8.94,8.99,1.26
A01526,S3,2025-11-04 03:37:00,2025-11-04 22:12:00,14.9,18.58,3.07
A01526,S4,2025-11-04 22:42:00,2025-11-05 13:09:00,11.92,14.46,0.5
A01526,S5,2025-11-05 20:01:00,2025-11-06 01:07:00,4.47,5.1,6.86
A01527,S1,2025-11-04 08:40:00,2025-11-04 14:06:00,4.99,5.44,1.67
A01527,S2,2025-11-04 14:35:00,2025-11-05 02:22:00,7.49,11.78,0.49
A01527,S3,2025-11-05 07:19:00,2025-11-05 21:11:00,12.48,13.88,4.94
A01527,S4,2025-11-05 22:52:00,2025-11-06 06:18:00,9.98,7.43,1.67
A01527,S5,2025-11-06 07:24:00,2025-11-06 10:51:00,3.74,3.43,1.12
A01528,S1,2025-11-04 07:36:00,2025-11-04 14:19:00,6.16,6.73,0.59
A01528,S2,2025-11-04 14:37:00,2025-11-05 01:47:00,9.24,11.15,0.3
A01528,S3,2025-11-05 01:51:00,2025-11-05 20:13:00,15.4,18.35,0.08
A01528,S4,2025-11-06 18:56:00,2025-11-07 10:55:00,12.32,15.98,22.72
A01528,S5,2025-11-07 12:29:00,2025-11-07 17:07:00,4.62,4.64,1.57
A01529,S1,2025-11-04 08:26:00,2025-11-04 11:22:00,3.43,2.95,1.43
A01529,S2,2025-11-04 12:49:00,2025-11-04 18:08:00,5.15,5.33,1.44
A01529,S3,2025-11-04 22:24:00,2025-11-05 05:59:00,8.58,7.58,4.27
A01529,S4,2025-11-06 12:08:00,2025-11-06 21:56:00,6.86,9.8,30.15
A01529,S5,2025-11-06 22:07:00,2025-11-07 00:42:00,2.57,2.59,0.18
A01530,S1,2025-11-04 09:11:00,2025-11-04 13:15:00,4.0,4.07,2.18
A01530,S2,2025-11-04 14:06:00,2025-11-04 21:37:00,6.0,7.53,0.85
A01530,S3,2025-11-04 23:26:00,2025-11-05 10:58:00,10.0,11.53,1.81
A01530,S4,2025-11-05 17:38:00,2025-11-05 23:33:00,8.0,5.91,6.68
A01530,S5,2025-11-05 23:52:00,2025-11-06 02:39:00,3.0,2.78,0.32
A01531,S1,2025-11-04 07:23:00,2025-11-04 13:15:00,5.8,5.85,0.39
A01531,S2,2025-11-04 13:44:00,2025-11-05 00:27:00,8.7,10.71,0.49
A01531,S3,2025-11-05 00:29:00,2025-11-05 12:40:00,14.5,12.2,0.03
A01531,S4,2025-11-05 17:57:00,2025-11-06 05:54:00,11.6,11.95,5.28
A01531,S5,2025-11-06 06:25:00,2025-11-06 11:10:00,4.35,4.75,0.51
A01532,S1,2025-11-05 07:06:00,2025-11-05 09:06:00,2.21,2.0,0.1
A01532,S2,2025-11-05 13:23:00,2025-11-05 17:23:00,3.31,4.0,4.28
A01532,S3,2025-11-05 22:44:00,2025-11-06 07:37:00,5.52,8.89,5.35
A01532,S4,2025-11-06 22:29:00,2025-11-07 04:56:00,4.42,6.45,14.87
A01532,S5,2025-11-07 07:28:00,2025-11-07 08:49:00,1.66,1.34,2.53
A01533,S1,2025-11-05 07:37:00,2025-11-05 10:41:00,2.78,3.05,0.62
A01533,S2,2025-11-05 11:55:00,2025-11-05 15:36:00,4.17,3.69,1.24
A01533,S3,2025-11-05 16:52:00,2025-11-06 01:17:00,6.95,8.42,1.26
A01533,S4,2025-11-07 01:32:00,2025-11-07 06:41:00,5.56,5.15,24.25
A01533,S5,2025-11-07 07:46:00,2025-11-07 09:59:00,2.08,2.21,1.09
A01534,S1,2025-11-05 07:40:00,2025-11-05 13:13:00,5.44,5.55,0.67
A01534,S2,2025-11-05 17:34:00,2025-11-06 02:56:00,8.16,9.37,4.35
A01534,S3,2025-11-06 05:03:00,2025-11-06 23:24:00,13.6,18.36,2.11
A01534,S4,2025-11-07 07:34:00,2025-11-07 21:19:00,10.88,13.74,8.16
A01534,S5,2025-11-08 01:55:00,2025-11-08 06:06:00,4.08,4.18,4.61
A01535,S1,2025-11-05 07:00:00,2025-11-05 09:59:00,2.54,2.97,0.01
A01535,S2,2025-11-05 11:01:00,2025-11-05 14:22:00,3.82,3.35,1.04
A01535,S3,2025-11-05 15:42:00,2025-11-05 22:02:00,6.36,6.34,1.33
A01535,S4,2025-11-06 00:31:00,2025-11-06 06:23:00,5.09,5.87,2.48
A01535,S5,2025-11-06 07:29:00,2025-11-06 09:24:00,1.91,1.92,1.09
A01536,S1,2025-11-05 08:54:00,2025-11-05 14:59:00,5.68,6.08,1.91
A01536,S2,2025-11-05 15:54:00,2025-11-06 01:41:00,8.52,9.79,0.91
A01536,S3,2025-11-06 03:52:00,2025-11-06 22:10:00,14.2,18.29,2.18
A01536,S4,2025-11-07 10:15:00,2025-11-07 16:29:00,11.36,6.23,12.09
A01536,S5,2025-11-07 16:30:00,2025-11-07 20:22:00,4.26,3.88,0.01
A01537,S1,2025-11-05 08:06:00,2025-11-05 10:27:00,2.57,2.34,1.1
A01537,S2,2025-11-05 17:21:00,2025-11-05 21:53:00,3.85,4.54,6.91
A01537,S3,2025-11-05 22:40:00,2025-11-06 06:41:00,6.42,8.02,0.78
A01537,S4,2025-11-06 17:58:00,2025-11-06 23:50:00,5.14,5.87,11.27
A01537,S5,2025-11-07 01:41:00,2025-11-07 04:02:00,1.93,2.34,1.86
A01538,S1,2025-11-05 07:22:00,2025-11-05 10:27:00,2.96,3.09,0.37
A01538,S2,2025-11-05 11:36:00,2025-11-05 14:17:00,4.44,2.68,1.15
A01538,S3,2025-11-05 15:34:00,2025-11-05 23:20:00,7.4,7.77,1.29
A01538,S4,2025-11-05 23:22:00,2025-11-06 03:46:00,5.92,4.39,0.03
A01538,S5,2025-11-06 04:38:00,2025-11-06 07:03:00,2.22,2.42,0.86
A01539,S1,2025-11-05 08:43:00,2025-11-05 11:01:00,2.18,2.3,1.72
A01539,S2,2025-11-05 11:26:00,2025-11-05 14:20:00,3.26,2.9,0.42
A01539,S3,2025-11-05 15:05:00,2025-11-05 22:13:00,5.44,7.15,0.74
A01539,S4,2025-11-06 05:21:00,2025-11-06 10:59:00,4.35,5.64,7.12
A01539,S5,2025-11-06 11:02:00,2025-11-06 13:08:00,1.63,2.09,0.06
A01540,S1,2025-11-06 07:32:00,2025-11-06 10:43:00,3.14,3.18,0.54
A01540,S2,2025-11-06 10:51:00,2025-11-06 16:14:00,4.72,5.37,0.14
A01540,S3,2025-11-06 16:58:00,2025-11-06 23:04:00,7.86,6.1,0.74
A01540,S4,2025-11-07 13:25:00,2025-11-07 18:42:00,6.29,5.29,14.35
A01540,S5,2025-11-07 20:57:00,2025-11-07 23:21:00,2.36,2.39,2.25
A01541,S1,2025-11-06 07:30:00,2025-11-06 12:34:00,4.38,5.07,0.5
A01541,S2,2025-11-06 17:37:00,2025-11-07 01:10:00,6.58,7.56,5.05
A01541,S3,2025-11-07 01:38:00,2025-11-07 10:52:00,10.96,9.24,0.46
A01541,S4,2025-11-07 11:33:00,2025-11-07 19:00:00,8.77,7.45,0.68
A01541,S5,2025-11-07 19:47:00,2025-11-07 23:38:00,3.29,3.85,0.79
A01542,S1,2025-11-07 08:18:00,2025-11-07 14:36:00,6.08,6.29,1.31
A01542,S2,2025-11-07 15:58:00,2025-11-08 03:48:00,9.12,11.84,1.37
A01542,S3,2025-11-08 06:10:00,2025-11-08 22:51:00,15.2,16.69,2.35
A01542,S4,2025-11-08 22:56:00,2025-11-09 07:51:00,12.16,8.92,0.08
A01542,S5,2025-11-09 10:11:00,2025-11-09 15:31:00,4.56,5.33,2.33
A01543,S1,2025-11-08 07:04:00,2025-11-08 10:23:00,3.68,3.32,0.07
A01543,S2,2025-11-08 12:59:00,2025-11-08 19:06:00,5.52,6.12,2.59
A01543,S3,2025-11-08 21:43:00,2025-11-09 09:06:00,9.2,11.38,2.61
A01543,S4,2025-11-09 18:04:00,2025-11-09 22:52:00,7.36,4.81,8.97
A01543,S5,2025-11-09 22:53:00,2025-11-10 01:13:00,2.76,2.33,0.01
A01544,S1,2025-11-08 07:31:00,2025-11-08 09:51:00,1.9,2.34,0.52
A01544,S2,2025-11-08 10:21:00,2025-11-08 12:45:00,2.86,2.39,0.5
A01544,S3,2025-11-08 15:21:00,2025-11-08 22:37:00,4.76,7.26,2.61
A01544,S4,2025-11-10 00:29:00,2025-11-10 06:32:00,3.81,6.06,25.86
A01544,S5,2025-11-10 08:13:00,2025-11-10 09:35:00,1.43,1.38,1.67
A01545,S1,2025-11-08 07:03:00,2025-11-08 09:32:00,1.89,2.49,0.04
A01545,S2,2025-11-08 10:43:00,2025-11-08 13:30:00,2.83,2.78,1.19
A01545,S3,2025-11-08 14:28:00,2025-11-08 21:04:00,4.72,6.6,0.96
A01545,S4,2025-11-09 07:35:00,2025-11-09 12:04:00,3.78,4.49,10.51
A01545,S5,2025-11-09 13:31:00,2025-11-09 14:59:00,1.42,1.47,1.46
A01546,S1,2025-11-08 07:36:00,2025-11-08 11:39:00,3.87,4.06,0.6
A01546,S2,2025-11-08 12:42:00,2025-11-08 21:04:00,5.81,8.38,1.04
A01546,S3,2025-11-09 01:15:00,2025-11-09 08:43:00,9.68,7.47,4.18
A01546,S4,2025-11-09 14:00:00,2025-11-09 21:26:00,7.74,7.44,5.27
A01546,S5,2025-11-09 22:55:00,2025-11-10 02:10:00,2.9,3.26,1.48
A01547,S1,2025-11-08 07:16:00,2025-11-08 10:05:00,2.54,2.81,0.27
A01547,S2,2025-11-08 10:49:00,2025-11-08 14:59:00,3.82,4.17,0.73
A01547,S3,2025-11-08 15:56:00,2025-11-08 22:54:00,6.36,6.96,0.96
A01547,S4,2025-11-09 09:44:00,2025-11-09 15:02:00,5.09,5.29,10.85
A01547,S5,2025-11-09 16:50:00,2025-11-09 18:58:00,1.91,2.13,1.81
A01548,S1,2025-11-09 07:45:00,2025-11-09 13:37:00,4.83,5.86,0.75
A01548,S2,2025-11-09 14:17:00,2025-11-09 21:33:00,7.25,7.27,0.67
A01548,S3,2025-11-10 05:28:00,2025-11-10 20:54:00,12.08,15.44,7.92
A01548,S4,2025-11-10 22:03:00,2025-11-11 08:46:00,9.66,10.72,1.15
A01548,S5,2025-11-11 15:24:00,2025-11-11 19:36:00,3.62,4.2,6.64
A01549,S1,2025-11-09 07:04:00,2025-11-09 10:33:00,3.34,3.49,0.06
A01549,S2,2025-11-09 12:23:00,2025-11-09 16:48:00,5.0,4.43,1.83
A01549,S3,2025-11-09 19:19:00,2025-11-10 02:54:00,8.34,7.59,2.51
A01549,S4,2025-11-10 16:25:00,2025-11-11 01:59:00,6.67,9.56,13.52
A01549,S5,2025-11-11 02:05:00,2025-11-11 04:57:00,2.5,2.87,0.1
A01550,S1,2025-11-09 08:02:00,2025-11-09 11:28:00,3.17,3.44,1.03
A01550,S2,2025-11-09 14:32:00,2025-11-09 20:20:00,4.75,5.81,3.06
A01550,S3,2025-11-10 03:09:00,2025-11-10 11:49:00,7.92,8.67,6.8
A01550,S4,2025-11-10 12:38:00,2025-11-10 20:13:00,6.34,7.58,0.82
A01550,S5,2025-11-10 20:33:00,2025-11-10 22:41:00,2.38,2.13,0.35
A01551,S1,2025-11-09 07:26:00,2025-11-09 11:16:00,3.43,3.82,0.44
A01551,S2,2025-11-09 12:44:00,2025-11-09 19:07:00,5.15,6.38,1.46
A01551,S3,2025-11-09 21:01:00,2025-11-10 02:57:00,8.58,5.94,1.9
A01551,S4,2025-11-10 04:06:00,2025-11-10 09:17:00,6.86,5.18,1.16
A01551,S5,2025-11-10 10:28:00,2025-11-10 13:30:00,2.57,3.04,1.18
A01552,S1,2025-11-09 08:21:00,2025-11-09 13:31:00,4.45,5.17,1.35
A01552,S2,2025-11-09 15:07:00,2025-11-10 01:56:00,6.67,10.82,1.59
A01552,S3,2025-11-10 11:21:00,2025-11-11 00:29:00,11.12,13.13,9.42
A01552,S4,2025-11-11 05:32:00,2025-11-11 10:44:00,8.9,5.2,5.05
A01552,S5,2025-11-11 13:39:00,2025-11-11 17:11:00,3.34,3.52,2.92
A01553,S1,2025-11-09 07:09:00,2025-11-09 11:21:00,3.74,4.2,0.15
A01553,S2,2025-11-09 13:12:00,2025-11-09 19:40:00,5.62,6.47,1.84
A01553,S3,2025-11-09 23:45:00,2025-11-10 08:51:00,9.36,9.09,4.09
A01553,S4,2025-11-10 10:35:00,2025-11-11 00:06:00,7.49,13.51,1.74
A01553,S5,2025-11-11 06:43:00,2025-11-11 09:43:00,2.81,3.0,6.62
A01554,S1,2025-11-09 08:06:00,2025-11-09 13:44:00,5.92,5.63,1.1
A01554,S2,2025-11-09 15:34:00,2025-11-10 02:03:00,8.88,10.48,1.83
A01554,S3,2025-11-10 05:16:00,2025-11-10 20:54:00,14.8,15.63,3.22
A01554,S4,2025-11-11 20:08:00,2025-11-12 07:41:00,11.84,11.55,23.23
A01554,S5,2025-11-12 08:04:00,2025-11-12 12:10:00,4.44,4.11,0.38
A01555,S1,2025-11-10 08:28:00,2025-11-10 11:36:00,3.02,3.14,1.46
A01555,S2,2025-11-10 14:38:00,2025-11-10 18:33:00,4.53,3.92,3.02
A01555,S3,2025-11-10 23:09:00,2025-11-11 11:00:00,7.55,11.84,4.61
A01555,S4,2025-11-11 11:36:00,2025-11-12 02:34:00,6.04,14.95,0.61
A01555,S5,2025-11-12 07:08:00,2025-11-12 09:51:00,2.26,2.71,4.58
A01556,S1,2025-11-10 07:09:00,2025-11-10 10:07:00,2.86,2.97,0.14
A01556,S2,2025-11-10 12:43:00,2025-11-10 17:11:00,4.29,4.47,2.61
A01556,S3,2025-11-10 23:53:00,2025-11-11 10:25:00,7.15,10.54,6.69
A01556,S4,2025-11-12 14:37:00,2025-11-12 18:32:00,5.72,3.93,28.19
A01556,S5,2025-11-12 19:36:00,2025-11-12 22:13:00,2.14,2.62,1.05
A01557,S1,2025-11-10 07:10:00,2025-11-10 11:38:00,4.35,4.46,0.17
A01557,S2,2025-11-10 14:37:00,2025-11-10 20:11:00,6.53,5.57,2.99
A01557,S3,2025-11-10 22:25:00,2025-11-11 09:05:00,10.88,10.66,2.22
A01557,S4,2025-11-12 09:27:00,2025-11-12 18:18:00,8.7,8.86,24.37
A01557,S5,2025-11-12 18:41:00,2025-11-12 21:50:00,3.26,3.15,0.38
A01558,S1,2025-11-10 07:14:00,2025-11-10 09:55:00,2.32,2.68,0.23
A01558,S2,2025-11-10 10:38:00,2025-11-10 14:53:00,3.48,4.24,0.72
A01558,S3,2025-11-10 15:00:00,2025-11-10 20:23:00,5.8,5.38,0.12
A01558,S4,2025-11-11 15:49:00,2025-11-11 21:46:00,4.64,5.96,19.43
A01558,S5,2025-11-11 22:25:00,2025-11-12 00:21:00,1.74,1.92,0.65
A01559,S1,2025-11-10 08:15:00,2025-11-10 13:15:00,5.76,4.99,1.26
A01559,S2,2025-11-10 13:23:00,2025-11-10 22:58:00,8.64,9.6,0.13
A01559,S3,2025-11-11 00:53:00,2025-11-11 14:01:00,14.4,13.14,1.91
A01559,S4,2025-11-12 01:54:00,2025-11-12 13:33:00,11.52,11.66,11.87
A01559,S5,2025-11-12 22:58:00,2025-11-13 03:03:00,4.32,4.07,9.42
A01560,S1,2025-11-10 10:21:00,2025-11-10 13:26:00,2.64,3.08,3.35
A01560,S2,2025-11-10 13:34:00,2025-11-10 18:57:00,3.96,5.39,0.13
A01560,S3,2025-11-10 23:58:00,2025-11-11 05:48:00,6.6,5.83,5.01
A01560,S4,2025-11-11 11:49:00,2025-11-11 16:38:00,5.28,4.82,6.02
A01560,S5,2025-11-11 16:44:00,2025-11-11 18:39:00,1.98,1.92,0.1
A01561,S1,2025-11-11 08:11:00,2025-11-11 13:38:00,4.99,5.45,1.18
A01561,S2,2025-11-11 21:05:00,2025-11-12 03:20:00,7.49,6.25,7.45
A01561,S3,2025-11-12 03:43:00,2025-11-12 21:22:00,12.48,17.66,0.38
A01561,S4,2025-11-12 23:34:00,2025-11-13 09:10:00,9.98,9.59,2.2
A01561,S5,2025-11-13 09:43:00,2025-11-13 13:09:00,3.74,3.43,0.55
A01562,S1,2025-11-11 09:22:00,2025-11-11 11:58:00,3.14,2.6,2.37
A01562,S2,2025-11-11 12:20:00,2025-11-11 17:52:00,4.71,5.53,0.36
A01562,S3,2025-11-11 18:42:00,2025-11-12 05:18:00,7.85,10.61,0.84
A01562,S4,2025-11-12 05:38:00,2025-11-12 10:18:00,6.28,4.66,0.32
A01562,S5,2025-11-12 12:21:00,2025-11-12 15:00:00,2.35,2.64,2.06
A01563,S1,2025-11-11 07:02:00,2025-11-11 09:42:00,2.66,2.66,0.04
A01563,S2,2025-11-11 10:53:00,2025-11-11 15:34:00,4.0,4.67,1.19
A01563,S3,2025-11-11 18:38:00,2025-11-12 00:30:00,6.66,5.86,3.07
A01563,S4,2025-11-12 06:26:00,2025-11-12 12:15:00,5.33,5.82,5.93
A01563,S5,2025-11-12 14:17:00,2025-11-12 16:35:00,2.0,2.29,2.05
A01564,S1,2025-11-12 07:06:00,2025-11-12 10:40:00,3.1,3.56,0.1
A01564,S2,2025-11-12 10:42:00,2025-11-12 14:45:00,4.64,4.05,0.03
A01564,S3,2025-11-12 16:18:00,2025-11-13 01:52:00,7.74,9.56,1.55
A01564,S4,2025-11-13 06:13:00,2025-11-13 15:11:00,6.19,8.96,4.36
A01564,S5,2025-11-13 15:41:00,2025-11-13 18:28:00,2.32,2.79,0.5
A01565,S1,2025-11-12 07:00:00,2025-11-12 09:49:00,2.8,2.82,0.0
A01565,S2,2025-11-12 10:29:00,2025-11-12 15:12:00,4.2,4.72,0.66
A01565,S3,2025-11-12 21:30:00,2025-11-13 03:49:00,7.0,6.31,6.3
A01565,S4,2025-11-13 14:57:00,2025-11-13 21:21:00,5.6,6.39,11.14
A01565,S5,2025-11-13 21:29:00,2025-11-13 23:33:00,2.1,2.07,0.14
A01566,S1,2025-11-12 07:37:00,2025-11-12 10:17:00,2.35,2.67,0.61
A01566,S2,2025-11-12 10:42:00,2025-11-12 14:00:00,3.53,3.29,0.42
A01566,S3,2025-11-12 16:15:00,2025-11-12 21:32:00,5.88,5.29,2.26
A01566,S4,2025-11-13 01:10:00,2025-11-13 06:22:00,4.7,5.2,3.63
A01566,S5,2025-11-13 07:46:00,2025-11-13 09:41:00,1.76,1.91,1.4
A01567,S1,2025-11-12 08:03:00,2025-11-12 11:01:00,2.72,2.97,1.05
A01567,S2,2025-11-12 13:08:00,2025-11-12 17:54:00,4.08,4.76,2.11
A01567,S3,2025-11-12 21:41:00,2025-11-13 06:16:00,6.8,8.59,3.78
A01567,S4,2025-11-13 09:16:00,2025-11-13 14:11:00,5.44,4.92,3.0
A01567,S5,2025-11-13 19:11:00,2025-11-13 21:05:00,2.04,1.89,5.01
A01568,S1,2025-11-12 07:23:00,2025-11-12 12:21:00,4.93,4.98,0.38
A01568,S2,2025-11-12 13:46:00,2025-11-13 00:19:00,7.39,10.56,1.41
A01568,S3,2025-11-13 01:59:00,2025-11-13 15:16:00,12.32,13.28,1.67
A01568,S4,2025-11-13 16:22:00,2025-11-14 05:10:00,9.86,12.8,1.09
A01568,S5,2025-11-14 05:48:00,2025-11-14 09:08:00,3.7,3.32,0.64
A01569,S1,2025-11-12 07:02:00,2025-11-12 09:06:00,1.98,2.07,0.03
A01569,S2,2025-11-12 13:29:00,2025-11-12 15:27:00,2.98,1.96,4.39
A01569,S3,2025-11-12 17:54:00,2025-11-12 23:41:00,4.96,5.78,2.45
A01569,S4,2025-11-14 09:43:00,2025-11-14 15:07:00,3.97,5.38,34.03
A01569,S5,2025-11-14 16:29:00,2025-11-14 18:23:00,1.49,1.9,1.37
A01570,S1,2025-11-12 07:18:00,2025-11-12 09:32:00,2.38,2.24,0.29
A01570,S2,2025-11-12 15:27:00,2025-11-12 18:58:00,3.57,3.52,5.91
A01570,S3,2025-11-12 19:36:00,2025-11-13 01:25:00,5.95,5.81,0.63
A01570,S4,2025-11-13 06:52:00,2025-11-13 11:48:00,4.76,4.94,5.45
A01570,S5,2025-11-13 13:10:00,2025-11-13 15:03:00,1.78,1.89,1.36
A01571,S1,2025-11-13 08:23:00,2025-11-13 12:35:00,4.16,4.21,1.38
A01571,S2,2025-11-13 13:24:00,2025-11-13 19:44:00,6.24,6.34,0.81
A01571,S3,2025-11-13 21:08:00,2025-11-14 07:54:00,10.4,10.77,1.4
A01571,S4,2025-11-14 08:56:00,2025-11-14 15:33:00,8.32,6.63,1.03
A01571,S5,2025-11-14 15:41:00,2025-11-14 19:30:00,3.12,3.82,0.13
A01572,S1,2025-11-13 08:05:00,2025-11-13 13:28:00,4.93,5.38,1.09
A01572,S2,2025-11-13 15:33:00,2025-11-13 22:41:00,7.39,7.13,2.07
A01572,S3,2025-11-13 22:52:00,2025-11-14 10:16:00,12.32,11.4,0.19
A01572,S4,2025-11-14 10:39:00,2025-11-15 03:22:00,9.86,16.71,0.38
A01572,S5,2025-11-15 06:37:00,2025-11-15 10:24:00,3.7,3.78,3.26
A01573,S1,2025-11-13 07:18:00,2025-11-13 11:03:00,2.82,3.75,0.31
A01573,S2,2025-11-13 11:04:00,2025-11-13 16:06:00,4.23,5.04,0.01
A01573,S3,2025-11-13 20:42:00,2025-11-14 03:30:00,7.05,6.79,4.59
A01573,S4,2025-11-14 08:07:00,2025-11-14 15:34:00,5.64,7.45,4.62
A01573,S5,2025-11-14 15:51:00,2025-11-14 18:11:00,2.11,2.33,0.29
A01574,S1,2025-11-13 07:15:00,2025-11-13 13:52:00,5.12,6.61,0.25
A01574,S2,2025-11-13 16:59:00,2025-11-14 01:31:00,7.68,8.53,3.13
A01574,S3,2025-11-14 06:08:00,2025-11-14 15:35:00,12.8,9.45,4.61
A01574,S4,2025-11-14 16:30:00,2025-11-15 05:18:00,10.24,12.79,0.93
A01574,S5,2025-11-15 06:35:00,2025-11-15 11:19:00,3.84,4.73,1.29
A01575,S1,2025-11-13 09:05:00,2025-11-13 12:13:00,3.41,3.14,2.08
A01575,S2,2025-11-13 17:42:00,2025-11-13 23:40:00,5.11,5.98,5.48
A01575,S3,2025-11-14 00:19:00,2025-11-14 09:45:00,8.52,9.44,0.63
A01575,S4,2025-11-14 21:32:00,2025-11-15 08:44:00,6.82,11.2,11.78
A01575,S5,2025-11-15 10:50:00,2025-11-15 13:55:00,2.56,3.08,2.1
A01576,S1,2025-11-13 10:31:00,2025-11-13 12:54:00,2.1,2.39,3.51
A01576,S2,2025-11-13 13:06:00,2025-11-13 16:15:00,3.15,3.16,0.2
A01576,S3,2025-11-13 17:01:00,2025-11-13 23:14:00,5.25,6.22,0.76
A01576,S4,2025-11-14 06:59:00,2025-11-14 13:04:00,4.2,6.07,7.76
A01576,S5,2025-11-14 14:35:00,2025-11-14 16:23:00,1.58,1.8,1.52
A01577,S1,2025-11-13 07:30:00,2025-11-13 12:24:00,4.35,4.9,0.5
A01577,S2,2025-11-13 12:25:00,2025-11-13 19:04:00,6.53,6.66,0.02
A01577,S3,2025-11-13 21:44:00,2025-11-14 08:26:00,10.88,10.7,2.66
A01577,S4,2025-11-14 17:32:00,2025-11-14 23:29:00,8.7,5.94,9.11
A01577,S5,2025-11-14 23:40:00,2025-11-15 03:26:00,3.26,3.76,0.19
A01578,S1,2025-11-14 07:18:00,2025-11-14 10:16:00,3.1,2.97,0.3
A01578,S2,2025-11-14 11:01:00,2025-11-14 16:57:00,4.64,5.93,0.75
A01578,S3,2025-11-14 19:28:00,2025-11-15 04:45:00,7.74,9.28,2.52
A01578,S4,2025-11-15 14:24:00,2025-11-15 21:02:00,6.19,6.64,9.66
A01578,S5,2025-11-16 02:07:00,2025-11-16 04:54:00,2.32,2.78,5.08
A01579,S1,2025-11-14 07:09:00,2025-11-14 09:04:00,2.14,1.93,0.15
A01579,S2,2025-11-14 12:23:00,2025-11-14 15:53:00,3.21,3.49,3.31
A01579,S3,2025-11-15 02:59:00,2025-11-15 08:29:00,5.35,5.5,11.1
A01579,S4,2025-11-15 08:35:00,2025-11-15 19:54:00,4.28,11.33,0.1
A01579,S5,2025-11-15 20:24:00,2025-11-15 21:55:00,1.6,1.53,0.49
A01580,S1,2025-11-14 08:32:00,2025-11-14 13:47:00,5.06,5.26,1.53
A01580,S2,2025-11-14 14:21:00,2025-11-14 21:06:00,7.58,6.75,0.56
A01580,S3,2025-11-15 01:44:00,2025-11-15 20:42:00,12.64,18.98,4.63
A01580,S4,2025-11-15 21:15:00,2025-11-16 05:10:00,10.11,7.93,0.54
A01580,S5,2025-11-16 06:43:00,2025-11-16 11:10:00,3.79,4.44,1.55
A01581,S1,2025-11-14 08:45:00,2025-11-14 11:27:00,2.02,2.71,1.75
A01581,S2,2025-11-14 14:46:00,2025-11-14 18:14:00,3.02,3.46,3.3
A01581,S3,2025-11-14 23:34:00,2025-11-15 06:27:00,5.04,6.88,5.34
A01581,S4,2025-11-15 20:05:00,2025-11-16 01:56:00,4.03,5.86,13.63
A01581,S5,2025-11-16 02:08:00,2025-11-16 03:32:00,1.51,1.4,0.2
A01582,S1,2025-11-14 08:32:00,2025-11-14 10:18:00,1.68,1.77,1.53
A01582,S2,2025-11-14 10:30:00,2025-11-14 13:17:00,2.52,2.78,0.2
A01582,S3,2025-11-14 16:13:00,2025-11-14 21:05:00,4.2,4.86,2.94
A01582,S4,2025-11-15 07:13:00,2025-11-15 09:51:00,3.36,2.63,10.15
A01582,S5,2025-11-15 11:58:00,2025-11-15 13:19:00,1.26,1.36,2.11
A01583,S1,2025-11-15 07:24:00,2025-11-15 13:17:00,5.36,5.88,0.39
A01583,S2,2025-11-15 16:24:00,2025-11-16 00:05:00,8.04,7.68,3.12
A01583,S3,2025-11-16 01:17:00,2025-11-16 18:58:00,13.4,17.68,1.2
A01583,S4,2025-11-16 21:32:00,2025-11-17 08:02:00,10.72,10.5,2.57
A01583,S5,2025-11-17 08:33:00,2025-11-17 13:04:00,4.02,4.52,0.51
A01584,S1,2025-11-15 08:41:00,2025-11-15 14:37:00,4.77,5.94,1.68
A01584,S2,2025-11-15 17:27:00,2025-11-16 01:20:00,7.15,7.89,2.83
A01584,S3,2025-11-16 03:21:00,2025-11-16 11:48:00,11.92,8.44,2.02
A01584,S4,2025-11-16 14:08:00,2025-11-16 19:14:00,9.54,5.11,2.33
A01584,S5,2025-11-16 20:07:00,2025-11-17 00:19:00,3.58,4.2,0.88
A01585,S1,2025-11-15 07:44:00,2025-11-15 11:01:00,2.88,3.28,0.73
A01585,S2,2025-11-15 16:11:00,2025-11-15 20:28:00,4.32,4.27,5.18
A01585,S3,2025-11-16 02:04:00,2025-11-16 08:04:00,7.2,5.99,5.61
A01585,S4,2025-11-16 15:20:00,2025-11-16 23:32:00,5.76,8.2,7.27
A01585,S5,2025-11-17 02:44:00,2025-11-17 05:27:00,2.16,2.71,3.2
A01586,S1,2025-11-15 07:41:00,2025-11-15 09:46:00,2.02,2.09,0.68
A01586,S2,2025-11-15 12:38:00,2025-11-15 15:48:00,3.02,3.16,2.87
A01586,S3,2025-11-16 01:30:00,2025-11-16 05:51:00,5.04,4.35,9.7
A01586,S4,2025-11-16 23:15:00,2025-11-17 06:23:00,4.03,7.13,17.4
A01586,S5,2025-11-17 08:30:00,2025-11-17 10:09:00,1.51,1.65,2.13
A01587,S1,2025-11-15 08:27:00,2025-11-15 10:53:00,2.02,2.45,1.45
A01587,S2,2025-11-15 11:59:00,2025-11-15 15:00:00,3.02,3.01,1.09
A01587,S3,2025-11-15 19:18:00,2025-11-16 00:05:00,5.04,4.79,4.3
A01587,S4,2025-11-16 00:30:00,2025-11-16 04:03:00,4.03,3.56,0.41
A01587,S5,2025-11-16 06:05:00,2025-11-16 07:47:00,1.51,1.71,2.03
A01588,S1,2025-11-16 08:31:00,2025-11-16 14:09:00,4.68,5.65,1.51
A01588,S2,2025-11-16 19:07:00,2025-11-17 05:26:00,7.02,10.32,4.96
A01588,S3,2025-11-17 14:00:00,2025-11-18 03:25:00,11.7,13.42,8.56
A01588,S4,2025-11-18 05:09:00,2025-11-18 13:03:00,9.36,7.9,1.73
A01588,S5,2025-11-18 17:36:00,2025-11-18 21:16:00,3.51,3.67,4.56
A01589,S1,2025-11-16 08:29:00,2025-11-16 10:56:00,2.57,2.45,1.48
A01589,S2,2025-11-16 12:13:00,2025-11-16 16:44:00,3.85,4.51,1.29
A01589,S3,2025-11-17 02:36:00,2025-11-17 10:19:00,6.42,7.72,9.87
A01589,S4,2025-11-17 11:41:00,2025-11-17 19:55:00,5.14,8.22,1.37
A01589,S5,2025-11-17 20:12:00,2025-11-17 22:12:00,1.93,2.01,0.28
A01590,S1,2025-11-16 08:48:00,2025-11-16 14:07:00,4.16,5.32,1.81
A01590,S2,2025-11-16 14:18:00,2025-11-16 19:56:00,6.24,5.65,0.17
A01590,S3,2025-11-17 03:01:00,2025-11-17 13:19:00,10.4,10.3,7.08
A01590,S4,2025-11-20 03:32:00,2025-11-20 13:45:00,8.32,10.22,62.21
A01590,S5,2025-11-20 14:08:00,2025-11-20 17:18:00,3.12,3.17,0.38
A01591,S1,2025-11-16 11:02:00,2025-11-16 16:12:00,4.92,5.17,4.03
A01591,S2,2025-11-16 18:02:00,2025-11-17 01:49:00,7.38,7.78,1.84
A01591,S3,2025-11-17 02:51:00,2025-11-17 14:44:00,12.3,11.88,1.03
A01591,S4,2025-11-17 15:44:00,2025-11-17 23:16:00,9.84,7.54,1.0
A01591,S5,2025-11-18 02:59:00,2025-11-18 06:35:00,3.69,3.6,3.72
A01592,S1,2025-11-16 07:04:00,2025-11-16 09:33:00,2.59,2.49,0.06
A01592,S2,2025-11-16 10:20:00,2025-11-16 14:33:00,3.89,4.21,0.78
A01592,S3,2025-11-16 17:20:00,2025-11-17 03:16:00,6.48,9.93,2.79
A01592,S4,2025-11-18 07:00:00,2025-11-18 13:23:00,5.18,6.38,27.74
A01592,S5,2025-11-18 14:43:00,2025-11-18 16:51:00,1.94,2.14,1.33
A01593,S1,2025-11-16 07:02:00,2025-11-16 11:46:00,5.0,4.75,0.03
A01593,S2,2025-11-16 12:32:00,2025-11-16 20:23:00,7.5,7.85,0.77
A01593,S3,2025-11-16 22:22:00,2025-11-17 14:09:00,12.5,15.78,1.98
A01593,S4,2025-11-17 17:48:00,2025-11-18 10:04:00,10.0,16.26,3.66
A01593,S5,2025-11-18 11:16:00,2025-11-18 16:03:00,3.75,4.78,1.2
A01594,S1,2025-11-17 09:02:00,2025-11-17 11:07:00,1.76,2.07,2.04
A01594,S2,2025-11-17 11:12:00,2025-11-17 13:13:00,2.64,2.01,0.09
A01594,S3,2025-11-17 15:33:00,2025-11-17 19:59:00,4.4,4.43,2.34
A01594,S4,2025-11-19 14:24:00,2025-11-19 18:10:00,3.52,3.76,42.42
A01594,S5,2025-11-19 21:00:00,2025-11-19 22:29:00,1.32,1.48,2.84
A01595,S1,2025-11-18 07:04:00,2025-11-18 12:40:00,5.48,5.62,0.06
A01595,S2,2025-11-18 15:18:00,2025-11-18 23:40:00,8.22,8.37,2.62
A01595,S3,2025-11-19 02:06:00,2025-11-19 15:55:00,13.7,13.82,2.43
A01595,S4,2025-11-19 19:54:00,2025-11-20 10:08:00,10.96,14.22,3.98
A01595,S5,2025-11-20 11:19:00,2025-11-20 15:03:00,4.11,3.73,1.19
A01596,S1,2025-11-18 07:12:00,2025-11-18 10:17:00,3.02,3.09,0.2
A01596,S2,2025-11-18 11:22:00,2025-11-18 16:32:00,4.54,5.17,1.08
A01596,S3,2025-11-18 19:48:00,2025-11-19 06:18:00,7.56,10.5,3.27
A01596,S4,2025-11-19 08:41:00,2025-11-19 14:57:00,6.05,6.26,2.38
A01596,S5,2025-11-19 15:02:00,2025-11-19 17:17:00,2.27,2.25,0.09
A01597,S1,2025-11-18 08:23:00,2025-11-18 13:13:00,5.04,4.83,1.38
A01597,S2,2025-11-18 16:17:00,2025-11-19 02:55:00,7.56,10.63,3.07
A01597,S3,2025-11-19 05:02:00,2025-11-19 19:07:00,12.6,14.09,2.12
A01597,S4,2025-11-19 23:11:00,2025-11-20 07:08:00,10.08,7.94,4.07
A01597,S5,2025-11-20 10:37:00,2025-11-20 14:24:00,3.78,3.79,3.49
A01598,S1,2025-11-18 07:02:00,2025-11-18 10:01:00,2.44,2.97,0.04
A01598,S2,2025-11-18 11:04:00,2025-11-18 14:36:00,3.66,3.53,1.05
A01598,S3,2025-11-18 15:36:00,2025-11-18 20:51:00,6.1,5.24,1.01
A01598,S4,2025-11-18 20:53:00,2025-11-19 00:35:00,4.88,3.69,0.04
A01598,S5,2025-11-19 06:10:00,2025-11-19 08:21:00,1.83,2.2,5.58
A01599,S1,2025-11-19 09:08:00,2025-11-19 12:12:00,2.76,3.06,2.14
A01599,S2,2025-11-19 12:21:00,2025-11-19 16:11:00,4.14,3.84,0.14
A01599,S3,2025-11-19 20:01:00,2025-11-20 04:31:00,6.9,8.49,3.84
A01599,S4,2025-11-20 06:57:00,2025-11-20 13:57:00,5.52,7.0,2.43
A01599,S5,2025-11-20 15:48:00,2025-11-20 17:49:00,2.07,2.01,1.86
A01600,S1,2025-11-19 09:39:00,2025-11-19 16:03:00,6.16,6.4,2.64
A01600,S2,2025-11-19 17:46:00,2025-11-20 02:39:00,9.24,8.87,1.73
A01600,S3,2025-11-20 04:56:00,2025-11-21 02:16:00,15.4,21.33,2.3
A01600,S4,2025-11-21 11:11:00,2025-11-22 00:52:00,12.32,13.69,8.91
A01600,S5,2025-11-22 03:49:00,2025-11-22 10:15:00,4.62,6.44,2.94
A01601,S1,2025-11-19 07:15:00,2025-11-19 11:21:00,3.77,4.1,0.25
A01601,S2,2025-11-19 12:57:00,2025-11-19 19:03:00,5.65,6.11,1.61
A01601,S3,2025-11-19 19:56:00,2025-11-20 06:43:00,9.42,10.79,0.87
A01601,S4,2025-11-20 15:44:00,2025-11-21 11:58:00,7.54,20.22,9.02
A01601,S5,2025-11-21 15:06:00,2025-11-21 18:14:00,2.83,3.13,3.14
A01602,S1,2025-11-19 08:18:00,2025-11-19 10:12:00,1.84,1.9,1.31
A01602,S2,2025-11-19 13:59:00,2025-11-19 17:09:00,2.76,3.16,3.78
A01602,S3,2025-11-19 21:25:00,2025-11-20 01:22:00,4.6,3.96,4.26
A01602,S4,2025-11-20 09:33:00,2025-11-20 12:33:00,3.68,3.01,8.18
A01602,S5,2025-11-20 12:39:00,2025-11-20 14:07:00,1.38,1.47,0.1
A01603,S1,2025-11-19 07:41:00,2025-11-19 13:19:00,5.2,5.63,0.69
A01603,S2,2025-11-19 13:38:00,2025-11-19 23:17:00,7.8,9.65,0.31
A01603,S3,2025-11-20 01:04:00,2025-11-20 16:29:00,13.0,15.43,1.78
A01603,S4,2025-11-20 22:18:00,2025-11-21 07:19:00,10.4,9.0,5.82
A01603,S5,2025-11-21 08:22:00,2025-11-21 12:25:00,3.9,4.05,1.05
A01604,S1,2025-11-19 07:40:00,2025-11-19 14:13:00,6.04,6.56,0.66
A01604,S2,2025-11-19 15:46:00,2025-11-20 05:40:00,9.06,13.9,1.55
A01604,S3,2025-11-20 06:38:00,2025-11-20 22:09:00,15.1,15.53,0.96
A01604,S4,2025-11-21 04:46:00,2025-11-21 17:29:00,12.08,12.72,6.61
A01604,S5,2025-11-21 19:44:00,2025-11-22 00:33:00,4.53,4.82,2.24
A01605,S1,2025-11-19 07:36:00,2025-11-19 14:10:00,6.08,6.56,0.6
A01605,S2,2025-11-19 15:36:00,2025-11-20 01:39:00,9.12,10.05,1.45
A01605,S3,2025-11-20 03:08:00,2025-11-20 18:00:00,15.2,14.87,1.48
A01605,S4,2025-11-20 20:01:00,2025-11-21 11:25:00,12.16,15.41,2.01
A01605,S5,2025-11-21 12:37:00,2025-11-21 17:40:00,4.56,5.04,1.2
A01606,S1,2025-11-19 07:47:00,2025-11-19 11:18:00,2.71,3.52,0.78
A01606,S2,2025-11-19 11:38:00,2025-11-19 17:34:00,4.07,5.93,0.34
A01606,S3,2025-11-19 17:44:00,2025-11-19 23:26:00,6.78,5.7,0.16
A01606,S4,2025-11-20 12:27:00,2025-11-20 18:56:00,5.42,6.47,13.02
A01606,S5,2025-11-20 21:29:00,2025-11-20 23:40:00,2.03,2.18,2.56
A01607,S1,2025-11-19 07:31:00,2025-11-19 12:46:00,4.86,5.26,0.51
A01607,S2,2025-11-19 13:56:00,2025-11-19 20:10:00,7.3,6.24,1.16
A01607,S3,2025-11-20 03:43:00,2025-11-20 17:39:00,12.16,13.93,7.55
A01607,S4,2025-11-20 18:27:00,2025-11-21 08:52:00,9.73,14.41,0.79
A01607,S5,2025-11-21 08:58:00,2025-11-21 13:03:00,3.65,4.09,0.1
A01608,S1,2025-11-19 08:16:00,2025-11-19 09:59:00,1.71,1.73,1.26
A01608,S2,2025-11-19 10:59:00,2025-11-19 14:04:00,2.57,3.09,0.99
A01608,S3,2025-11-19 18:06:00,2025-11-19 23:20:00,4.28,5.24,4.02
A01608,S4,2025-11-20 00:11:00,2025-11-20 04:58:00,3.42,4.78,0.84
A01608,S5,2025-11-20 05:37:00,2025-11-20 07:11:00,1.28,1.57,0.65
A01609,S1,2025-11-19 08:22:00,2025-11-19 10:41:00,2.38,2.33,1.36
A01609,S2,2025-11-19 15:34:00,2025-11-19 20:28:00,3.58,4.9,4.88
A01609,S3,2025-11-19 22:01:00,2025-11-20 05:09:00,5.96,7.12,1.56
A01609,S4,2025-11-20 19:29:00,2025-11-21 03:02:00,4.77,7.56,14.33
A01609,S5,2025-11-21 03:25:00,2025-11-21 05:28:00,1.79,2.05,0.38
A01610,S1,2025-11-19 07:36:00,2025-11-19 11:08:00,3.02,3.52,0.61
A01610,S2,2025-11-19 15:43:00,2025-11-19 20:23:00,4.53,4.67,4.58
A01610,S3,2025-11-19 20:59:00,2025-11-20 03:23:00,7.55,6.41,0.6
A01610,S4,2025-11-20 07:10:00,2025-11-20 11:13:00,6.04,4.06,3.77
A01610,S5,2025-11-20 11:21:00,2025-11-20 14:28:00,2.26,3.11,0.13
A01611,S1,2025-11-20 07:17:00,2025-11-20 10:15:00,3.14,2.97,0.28
A01611,S2,2025-11-20 10:16:00,2025-11-20 15:51:00,4.72,5.59,0.02
A01611,S3,2025-11-20 23:31:00,2025-11-21 09:58:00,7.86,10.45,7.67
A01611,S4,2025-11-21 13:26:00,2025-11-22 12:23:00,6.29,22.95,3.46
A01611,S5,2025-11-22 13:43:00,2025-11-22 16:18:00,2.36,2.58,1.34
A01612,S1,2025-11-20 07:06:00,2025-11-20 12:44:00,5.84,5.63,0.1
A01612,S2,2025-11-20 12:57:00,2025-11-21 00:26:00,8.76,11.48,0.21
A01612,S3,2025-11-21 05:45:00,2025-11-21 17:33:00,14.6,11.8,5.31
A01612,S4,2025-11-21 17:36:00,2025-11-22 17:39:00,11.68,24.06,0.05
A01612,S5,2025-11-22 21:12:00,2025-11-23 01:56:00,4.38,4.74,3.55
A01613,S1,2025-11-20 07:24:00,2025-11-20 10:23:00,2.9,2.99,0.4
A01613,S2,2025-11-20 12:02:00,2025-11-20 17:27:00,4.36,5.42,1.65
A01613,S3,2025-11-20 19:03:00,2025-11-21 02:38:00,7.26,7.57,1.61
A01613,S4,2025-11-21 02:45:00,2025-11-21 08:45:00,5.81,5.99,0.13
A01613,S5,2025-11-21 09:05:00,2025-11-21 11:37:00,2.18,2.53,0.34
A01614,S1,2025-11-20 08:31:00,2025-11-20 12:44:00,3.48,4.21,1.52
A01614,S2,2025-11-20 13:24:00,2025-11-20 18:32:00,5.22,5.13,0.67
A01614,S3,2025-11-20 20:52:00,2025-11-21 08:46:00,8.7,11.91,2.33
A01614,S4,2025-11-21 09:44:00,2025-11-21 16:38:00,6.96,6.9,0.96
A01614,S5,2025-11-21 16:40:00,2025-11-21 19:08:00,2.61,2.47,0.04
A01615,S1,2025-11-20 08:30:00,2025-11-20 14:07:00,5.6,5.61,1.5
A01615,S2,2025-11-20 14:52:00,2025-11-21 00:17:00,8.4,9.42,0.76
A01615,S3,2025-11-21 04:17:00,2025-11-21 15:17:00,14.0,11.0,4.0
A01615,S4,2025-11-22 00:46:00,2025-11-22 14:36:00,11.2,13.83,9.48
A01615,S5,2025-11-22 15:07:00,2025-11-22 19:06:00,4.2,3.99,0.51
A01616,S1,2025-11-20 07:37:00,2025-11-20 09:35:00,1.84,1.97,0.62
A01616,S2,2025-11-20 09:50:00,2025-11-20 12:13:00,2.76,2.39,0.25
A01616,S3,2025-11-20 13:08:00,2025-11-20 16:27:00,4.6,3.32,0.91
A01616,S4,2025-11-20 16:54:00,2025-11-20 21:40:00,3.68,4.77,0.45
A01616,S5,2025-11-20 22:23:00,2025-11-20 23:42:00,1.38,1.32,0.71
A01617,S1,2025-11-20 07:21:00,2025-11-20 11:56:00,4.36,4.59,0.35
A01617,S2,2025-11-20 12:15:00,2025-11-20 18:29:00,6.54,6.24,0.31
A01617,S3,2025-11-20 19:30:00,2025-11-21 11:20:00,10.9,15.83,1.01
A01617,S4,2025-11-21 12:51:00,2025-11-21 21:14:00,8.72,8.38,1.52
A01617,S5,2025-11-21 21:31:00,2025-11-22 00:36:00,3.27,3.08,0.29
A01618,S1,2025-11-20 09:29:00,2025-11-20 13:13:00,2.64,3.73,2.48
A01618,S2,2025-11-20 14:06:00,2025-11-20 20:33:00,3.96,6.45,0.88
A01618,S3,2025-11-21 03:38:00,2025-11-21 09:36:00,6.6,5.97,7.07
A01618,S4,2025-11-21 12:37:00,2025-11-22 01:19:00,5.28,12.7,3.02
A01618,S5,2025-11-22 03:19:00,2025-11-22 05:17:00,1.98,1.97,2.0
A01619,S1,2025-11-21 07:22:00,2025-11-21 13:56:00,6.24,6.55,0.37
A01619,S2,2025-11-21 15:40:00,2025-11-22 04:30:00,9.36,12.84,1.74
A01619,S3,2025-11-22 05:33:00,2025-11-23 00:13:00,15.6,18.66,1.05
A01619,S4,2025-11-23 03:46:00,2025-11-23 14:47:00,12.48,11.02,3.56
A01619,S5,2025-11-24 01:31:00,2025-11-24 05:46:00,4.68,4.25,10.73
A01620,S1,2025-11-21 08:12:00,2025-11-21 09:51:00,1.79,1.65,1.2
A01620,S2,2025-11-21 13:05:00,2025-11-21 16:52:00,2.69,3.77,3.25
A01620,S3,2025-11-21 21:57:00,2025-11-22 02:40:00,4.48,4.73,5.08
A01620,S4,2025-11-22 18:45:00,2025-11-23 00:09:00,3.58,5.39,16.08
A01620,S5,2025-11-23 09:00:00,2025-11-23 10:16:00,1.34,1.26,8.86
A01621,S1,2025-11-21 07:09:00,2025-11-21 10:41:00,3.22,3.52,0.15
A01621,S2,2025-11-21 14:45:00,2025-11-21 18:43:00,4.82,3.97,4.08
A01621,S3,2025-11-21 19:02:00,2025-11-22 05:20:00,8.04,10.3,0.31
A01621,S4,2025-11-22 09:48:00,2025-11-22 15:40:00,6.43,5.86,4.47
A01621,S5,2025-11-22 16:56:00,2025-11-22 19:17:00,2.41,2.35,1.27
A01622,S1,2025-11-21 09:49:00,2025-11-21 11:39:00,1.79,1.84,2.82
A01622,S2,2025-11-21 12:33:00,2025-11-21 15:04:00,2.69,2.52,0.89
A01622,S3,2025-11-21 15:23:00,2025-11-21 20:25:00,4.48,5.03,0.32
A01622,S4,2025-11-22 04:00:00,2025-11-22 10:04:00,3.58,6.06,7.59
A01622,S5,2025-11-22 10:08:00,2025-11-22 11:30:00,1.34,1.35,0.07
A01623,S1,2025-11-21 11:13:00,2025-11-21 14:51:00,4.64,3.63,4.22
A01623,S2,2025-11-21 17:17:00,2025-11-22 00:29:00,6.96,7.19,2.44
A01623,S3,2025-11-22 02:13:00,2025-11-22 22:21:00,11.6,20.13,1.74
A01623,S4,2025-11-23 00:58:00,2025-11-23 14:45:00,9.28,13.8,2.61
A01623,S5,2025-11-23 17:20:00,2025-11-23 21:15:00,3.48,3.91,2.58
A01624,S1,2025-11-21 07:20:00,2025-11-21 10:27:00,2.52,3.12,0.33
A01624,S2,2025-11-21 12:59:00,2025-11-21 17:45:00,3.78,4.78,2.52
A01624,S3,2025-11-21 18:35:00,2025-11-22 02:25:00,6.3,7.83,0.83
A01624,S4,2025-11-22 09:21:00,2025-11-22 14:44:00,5.04,5.39,6.93
A01624,S5,2025-11-22 15:30:00,2025-11-22 17:27:00,1.89,1.94,0.77
A01625,S1,2025-11-22 10:11:00,2025-11-22 12:54:00,2.68,2.72,3.18
A01625,S2,2025-11-22 14:40:00,2025-11-22 18:38:00,4.02,3.96,1.77
A01625,S3,2025-11-22 18:47:00,2025-11-23 01:17:00,6.7,6.49,0.16
A01625,S4,2025-11-23 15:36:00,2025-11-23 23:38:00,5.36,8.03,14.33
A01625,S5,2025-11-24 02:29:00,2025-11-24 04:43:00,2.01,2.23,2.85
A01626,S1,2025-11-22 07:20:00,2025-11-22 12:23:00,4.86,5.04,0.34
A01626,S2,2025-11-22 12:51:00,2025-11-22 21:45:00,7.3,8.9,0.47
A01626,S3,2025-11-22 23:06:00,2025-11-23 15:32:00,12.16,16.44,1.34
A01626,S4,2025-11-24 15:39:00,2025-11-25 01:04:00,9.73,9.42,24.11
A01626,S5,2025-11-25 02:24:00,2025-11-25 06:36:00,3.65,4.2,1.32
A01627,S1,2025-11-22 07:33:00,2025-11-22 14:00:00,6.32,6.45,0.55
A01627,S2,2025-11-22 18:07:00,2025-11-23 04:45:00,9.48,10.65,4.11
A01627,S3,2025-11-23 05:02:00,2025-11-23 22:46:00,15.8,17.74,0.27
A01627,S4,2025-11-24 02:49:00,2025-11-24 13:09:00,12.64,10.33,4.05
A01627,S5,2025-11-24 16:43:00,2025-11-24 22:20:00,4.74,5.62,3.57
A01628,S1,2025-11-22 07:08:00,2025-11-22 12:47:00,5.48,5.64,0.14
A01628,S2,2025-11-22 17:21:00,2025-11-23 00:47:00,8.22,7.42,4.57
A01628,S3,2025-11-23 00:50:00,2025-11-24 00:26:00,13.7,23.6,0.06
A01628,S4,2025-11-24 10:03:00,2025-11-24 22:21:00,10.96,12.3,9.61
A01628,S5,2025-11-24 22:32:00,2025-11-25 02:30:00,4.11,3.97,0.18
A01629,S1,2025-11-22 07:27:00,2025-11-22 12:14:00,4.29,4.79,0.44
A01629,S2,2025-11-22 17:54:00,2025-11-22 23:27:00,6.43,5.55,5.66
A01629,S3,2025-11-23 11:51:00,2025-11-23 20:39:00,10.72,8.79,12.41
A01629,S4,2025-11-24 04:57:00,2025-11-24 14:43:00,8.58,9.77,8.31
A01629,S5,2025-11-24 16:15:00,2025-11-24 19:18:00,3.22,3.06,1.52
A01630,S1,2025-11-22 07:41:00,2025-11-22 09:55:00,1.89,2.23,0.68
A01630,S2,2025-11-22 10:59:00,2025-11-22 14:27:00,2.83,3.47,1.08
A01630,S3,2025-11-22 14:36:00,2025-11-22 21:41:00,4.72,7.09,0.15
A01630,S4,2025-11-23 00:43:00,2025-11-23 04:55:00,3.78,4.19,3.03
A01630,S5,2025-11-23 05:08:00,2025-11-23 06:25:00,1.42,1.29,0.21
A01631,S1,2025-11-23 07:34:00,2025-11-23 10:48:00,2.76,3.23,0.57
A01631,S2,2025-11-23 13:45:00,2025-11-23 18:31:00,4.14,4.76,2.95
A01631,S3,2025-11-23 19:26:00,2025-11-24 02:26:00,6.9,6.99,0.92
A01631,S4,2025-11-24 09:45:00,2025-11-24 17:58:00,5.52,8.22,7.32
A01631,S5,2025-11-24 22:09:00,2025-11-25 00:25:00,2.07,2.26,4.18
A01632,S1,2025-11-23 09:13:00,2025-11-23 10:53:00,2.03,1.67,2.21
A01632,S2,2025-11-23 12:21:00,2025-11-23 15:34:00,3.05,3.2,1.47
A01632,S3,2025-11-23 19:07:00,2025-11-24 03:22:00,5.08,8.24,3.56
A01632,S4,2025-11-24 04:38:00,2025-11-24 10:46:00,4.06,6.13,1.27
A01632,S5,2025-11-24 12:32:00,2025-11-24 14:29:00,1.52,1.94,1.77
A01633,S1,2025-11-24 08:00:00,2025-11-24 11:40:00,3.49,3.68,0.99
A01633,S2,2025-11-24 16:00:00,2025-11-24 21:02:00,5.23,5.03,4.34
A01633,S3,2025-11-24 23:44:00,2025-11-25 09:30:00,8.72,9.77,2.7
A01633,S4,2025-11-25 15:51:00,2025-11-25 22:32:00,6.98,6.67,6.35
A01633,S5,2025-11-25 23:42:00,2025-11-26 02:42:00,2.62,3.0,1.17
A01634,S1,2025-11-24 08:24:00,2025-11-24 11:43:00,3.52,3.3,1.41
A01634,S2,2025-11-24 12:45:00,2025-11-24 18:04:00,5.28,5.31,1.05
A01634,S3,2025-11-24 20:38:00,2025-11-25 06:36:00,8.8,9.95,2.57
A01634,S4,2025-11-26 08:20:00,2025-11-26 15:18:00,7.04,6.98,25.74
A01634,S5,2025-11-26 16:53:00,2025-11-26 19:49:00,2.64,2.93,1.58
A01635,S1,2025-11-24 07:11:00,2025-11-24 10:36:00,3.5,3.42,0.18
A01635,S2,2025-11-24 11:58:00,2025-11-24 16:32:00,5.26,4.56,1.38
A01635,S3,2025-11-24 19:58:00,2025-11-25 05:23:00,8.76,9.41,3.44
A01635,S4,2025-11-25 18:35:00,2025-11-26 00:13:00,7.01,5.64,13.2
A01635,S5,2025-11-26 02:41:00,2025-11-26 05:57:00,2.63,3.27,2.47
A01636,S1,2025-11-24 07:10:00,2025-11-24 09:39:00,2.2,2.49,0.16
A01636,S2,2025-11-24 11:18:00,2025-11-24 14:29:00,3.3,3.19,1.65
A01636,S3,2025-11-24 15:45:00,2025-11-24 20:58:00,5.5,5.23,1.25
A01636,S4,2025-11-25 03:02:00,2025-11-25 05:58:00,4.4,2.92,6.06
A01636,S5,2025-11-25 08:38:00,2025-11-25 10:33:00,1.65,1.92,2.67
A01637,S1,2025-11-24 07:46:00,2025-11-24 10:00:00,2.64,2.22,0.77
A01637,S2,2025-11-24 12:51:00,2025-11-24 16:37:00,3.96,3.76,2.86
A01637,S3,2025-11-24 20:18:00,2025-11-25 03:28:00,6.6,7.16,3.7
A01637,S4,2025-11-25 07:05:00,2025-11-25 10:10:00,5.28,3.09,3.61
A01637,S5,2025-11-25 10:54:00,2025-11-25 13:10:00,1.98,2.26,0.74
A01638,S1,2025-11-24 07:18:00,2025-11-24 13:10:00,4.88,5.87,0.3
A01638,S2,2025-11-24 15:35:00,2025-11-25 00:10:00,7.32,8.6,2.41
A01638,S3,2025-11-25 02:47:00,2025-11-25 14:22:00,12.2,11.6,2.6
A01638,S4,2025-11-25 20:24:00,2025-11-26 02:59:00,9.76,6.58,6.03
A01638,S5,2025-11-26 03:44:00,2025-11-26 07:27:00,3.66,3.73,0.74
A01639,S1,2025-11-25 08:20:00,2025-11-25 11:46:00,3.38,3.44,1.33
A01639,S2,2025-11-25 14:05:00,2025-11-25 19:39:00,5.08,5.57,2.33
A01639,S3,2025-11-25 20:59:00,2025-11-26 06:51:00,8.46,9.87,1.33
A01639,S4,2025-11-27 06:55:00,2025-11-27 13:54:00,6.77,6.97,24.07
A01639,S5,2025-11-27 17:22:00,2025-11-27 20:10:00,2.54,2.8,3.47
A01640,S1,2025-11-25 07:10:00,2025-11-25 11:04:00,3.55,3.91,0.16
A01640,S2,2025-11-25 11:25:00,2025-11-25 17:17:00,5.33,5.87,0.34
A01640,S3,2025-11-25 21:50:00,2025-11-26 09:28:00,8.88,11.65,4.54
A01640,S4,2025-11-26 11:30:00,2025-11-27 00:42:00,7.1,13.21,2.03
A01640,S5,2025-11-27 00:51:00,2025-11-27 04:00:00,2.66,3.14,0.15
A01641,S1,2025-11-25 08:23:00,2025-11-25 12:38:00,4.2,4.25,1.38
A01641,S2,2025-11-25 14:02:00,2025-11-25 19:57:00,6.3,5.92,1.41
A01641,S3,2025-11-26 00:26:00,2025-11-26 15:37:00,10.5,15.19,4.48
A01641,S4,2025-11-27 16:25:00,2025-11-28 01:43:00,8.4,9.3,24.8
A01641,S5,2025-11-28 05:37:00,2025-11-28 09:03:00,3.15,3.43,3.9
A01642,S1,2025-11-25 10:13:00,2025-11-25 16:55:00,5.8,6.7,3.22
A01642,S2,2025-11-25 17:48:00,2025-11-26 03:04:00,8.7,9.27,0.88
A01642,S3,2025-11-26 03:51:00,2025-11-26 23:38:00,14.5,19.78,0.79
A01642,S4,2025-11-27 02:13:00,2025-11-27 10:15:00,11.6,8.03,2.58
A01642,S5,2025-11-27 10:39:00,2025-11-27 15:30:00,4.35,4.84,0.41
A01643,S1,2025-11-25 09:41:00,2025-11-25 12:21:00,2.36,2.67,2.68
A01643,S2,2025-11-25 13:45:00,2025-11-25 18:31:00,3.54,4.77,1.39
A01643,S3,2025-11-25 21:10:00,2025-11-26 04:34:00,5.9,7.4,2.66
A01643,S4,2025-11-26 04:43:00,2025-11-26 09:40:00,4.72,4.95,0.15
A01643,S5,2025-11-26 15:22:00,2025-11-26 17:12:00,1.77,1.84,5.69
A01644,S1,2025-11-26 07:03:00,2025-11-26 10:54:00,3.38,3.85,0.05
A01644,S2,2025-11-26 12:07:00,2025-11-26 16:49:00,5.08,4.69,1.21
A01644,S3,2025-11-26 17:15:00,2025-11-26 23:35:00,8.46,6.33,0.44
A01644,S4,2025-11-27 22:13:00,2025-11-28 05:10:00,6.77,6.96,22.63
A01644,S5,2025-11-28 09:50:00,2025-11-28 12:03:00,2.54,2.21,4.67
A01645,S1,2025-11-26 08:56:00,2025-11-26 12:53:00,4.03,3.95,1.94
A01645,S2,2025-11-26 13:56:00,2025-11-26 20:04:00,6.05,6.13,1.05
A01645,S3,2025-11-26 22:43:00,2025-11-27 08:38:00,10.08,9.92,2.64
A01645,S4,2025-11-27 13:56:00,2025-11-27 22:15:00,8.06,8.31,5.31
A01645,S5,2025-11-27 22:47:00,2025-11-28 01:59:00,3.02,3.19,0.54
A01646,S1,2025-11-26 07:45:00,2025-11-26 10:27:00,2.82,2.7,0.74
A01646,S2,2025-11-26 13:21:00,2025-11-26 18:39:00,4.23,5.31,2.9
A01646,S3,2025-11-27 01:15:00,2025-11-27 08:47:00,7.05,7.53,6.6
A01646,S4,2025-11-27 11:17:00,2025-11-27 17:57:00,5.64,6.68,2.49
A01646,S5,2025-11-27 19:22:00,2025-11-27 21:31:00,2.11,2.15,1.42
A01647,S1,2025-11-26 07:50:00,2025-11-26 10:47:00,2.53,2.94,0.84
A01647,S2,2025-11-26 12:09:00,2025-11-26 17:02:00,3.79,4.89,1.37
A01647,S3,2025-11-26 22:24:00,2025-11-27 03:27:00,6.32,5.04,5.37
A01647,S4,2025-11-27 17:02:00,2025-11-27 22:19:00,5.06,5.28,13.58
A01647,S5,2025-11-28 01:58:00,2025-11-28 03:55:00,1.9,1.95,3.65
A01648,S1,2025-11-26 08:18:00,2025-11-26 12:51:00,5.0,4.55,1.3
A01648,S2,2025-11-26 12:57:00,2025-11-26 18:56:00,7.5,5.98,0.11
A01648,S3,2025-11-26 21:58:00,2025-11-27 11:58:00,12.5,14.0,3.03
A01648,S4,2025-11-27 23:37:00,2025-11-28 09:02:00,10.0,9.42,11.64
A01648,S5,2025-11-28 13:21:00,2025-11-28 17:52:00,3.75,4.51,4.31
A01649,S1,2025-11-26 07:40:00,2025-11-26 10:53:00,3.19,3.21,0.67
A01649,S2,2025-11-26 15:47:00,2025-11-26 19:59:00,4.79,4.21,4.9
A01649,S3,2025-11-26 21:22:00,2025-11-27 07:55:00,7.98,10.54,1.38
A01649,S4,2025-11-27 12:07:00,2025-11-27 17:12:00,6.38,5.09,4.2
A01649,S5,2025-11-27 19:06:00,2025-11-27 21:32:00,2.39,2.43,1.9
A01650,S1,2025-11-27 07:05:00,2025-11-27 12:10:00,4.83,5.08,0.08
A01650,S2,2025-11-27 13:54:00,2025-11-28 00:20:00,7.25,10.42,1.74
A01650,S3,2025-11-28 13:46:00,2025-11-29 03:28:00,12.08,13.7,13.44
A01650,S4,2025-11-29 04:29:00,2025-11-29 14:30:00,9.66,10.01,1.02
A01650,S5,2025-11-29 19:15:00,2025-11-29 23:13:00,3.62,3.96,4.74
A01651,S1,2025-11-27 07:20:00,2025-11-27 12:16:00,4.68,4.93,0.34
A01651,S2,2025-11-27 16:24:00,2025-11-28 01:40:00,7.02,9.27,4.13
A01651,S3,2025-11-28 03:59:00,2025-11-28 15:46:00,11.7,11.79,2.31
A01651,S4,2025-11-28 21:05:00,2025-11-29 01:19:00,9.36,4.23,5.33
A01651,S5,2025-11-29 03:14:00,2025-11-29 07:12:00,3.51,3.97,1.91
A01652,S1,2025-11-27 08:13:00,2025-11-27 12:05:00,3.82,3.87,1.22
A01652,S2,2025-11-27 12:55:00,2025-11-27 20:17:00,5.72,7.38,0.82
A01652,S3,2025-11-27 21:18:00,2025-11-28 07:53:00,9.54,10.59,1.01
A01652,S4,2025-11-28 17:31:00,2025-11-28 22:53:00,7.63,5.36,9.63
A01652,S5,2025-11-29 00:23:00,2025-11-29 03:48:00,2.86,3.42,1.5
A01653,S1,2025-11-27 09:36:00,2025-11-27 14:46:00,4.86,5.15,2.61
A01653,S2,2025-11-27 16:12:00,2025-11-28 00:39:00,7.3,8.45,1.44
A01653,S3,2025-11-28 03:39:00,2025-11-28 11:19:00,12.16,7.68,2.99
A01653,S4,2025-11-29 00:19:00,2025-11-29 07:20:00,9.73,7.0,13.0
A01653,S5,2025-11-29 08:56:00,2025-11-29 12:01:00,3.65,3.08,1.6
A01654,S1,2025-11-27 07:39:00,2025-11-27 11:22:00,3.42,3.71,0.65
A01654,S2,2025-11-27 12:25:00,2025-11-27 17:05:00,5.14,4.66,1.06
A01654,S3,2025-11-27 20:19:00,2025-11-28 04:04:00,8.56,7.75,3.24
A01654,S4,2025-11-28 04:51:00,2025-11-28 12:42:00,6.85,7.85,0.78
A01654,S5,2025-11-28 14:52:00,2025-11-28 17:11:00,2.57,2.33,2.17
A01655,S1,2025-11-27 08:09:00,2025-11-27 11:41:00,3.68,3.53,1.15
A01655,S2,2025-11-27 14:54:00,2025-11-27 21:08:00,5.52,6.22,3.22
A01655,S3,2025-11-28 00:30:00,2025-11-28 11:34:00,9.2,11.07,3.37
A01655,S4,2025-11-28 12:44:00,2025-11-28 21:10:00,7.36,8.44,1.17
A01655,S5,2025-11-29 00:48:00,2025-11-29 03:26:00,2.76,2.63,3.64
A01656,S1,2025-11-28 07:03:00,2025-11-28 08:58:00,1.97,1.92,0.05
A01656,S2,2025-11-28 12:28:00,2025-11-28 14:53:00,2.95,2.41,3.5
A01656,S3,2025-11-28 19:43:00,2025-11-29 00:26:00,4.92,4.73,4.83
A01656,S4,2025-11-29 10:25:00,2025-11-29 13:12:00,3.94,2.79,9.98
A01656,S5,2025-11-29 13:35:00,2025-11-29 15:02:00,1.48,1.45,0.38
A01657,S1,2025-11-28 07:05:00,2025-11-28 09:32:00,2.72,2.45,0.08
A01657,S2,2025-11-28 10:12:00,2025-11-28 14:21:00,4.08,4.15,0.67
A01657,S3,2025-11-28 15:56:00,2025-11-28 23:17:00,6.8,7.35,1.59
A01657,S4,2025-11-29 16:30:00,2025-11-29 20:00:00,5.44,3.5,17.22
A01657,S5,2025-11-29 20:08:00,2025-11-29 22:08:00,2.04,2.0,0.13
A01658,S1,2025-11-28 11:55:00,2025-11-28 16:29:00,4.54,4.57,4.91
A01658,S2,2025-11-28 16:46:00,2025-11-28 23:53:00,6.82,7.12,0.28
A01658,S3,2025-11-29 01:15:00,2025-11-29 12:26:00,11.36,11.19,1.36
A01658,S4,2025-11-29 16:19:00,2025-11-30 07:06:00,9.09,14.77,3.89
A01658,S5,2025-11-30 11:17:00,2025-11-30 15:24:00,3.41,4.13,4.18
A01659,S1,2025-11-28 07:34:00,2025-11-28 10:58:00,2.86,3.4,0.56
A01659,S2,2025-11-28 12:09:00,2025-11-28 16:49:00,4.28,4.66,1.19
A01659,S3,2025-11-28 19:23:00,2025-11-29 03:02:00,7.14,7.65,2.57
A01659,S4,2025-11-29 04:24:00,2025-11-29 13:04:00,5.71,8.67,1.36
A01659,S5,2025-11-29 13:49:00,2025-11-29 15:47:00,2.14,1.97,0.75
A01660,S1,2025-11-28 09:13:00,2025-11-28 11:40:00,2.45,2.44,2.22
A01660,S2,2025-11-28 12:46:00,2025-11-28 17:32:00,3.67,4.76,1.11
A01660,S3,2025-11-28 17:40:00,2025-11-29 01:37:00,6.12,7.95,0.14
A01660,S4,2025-11-29 05:39:00,2025-11-29 09:56:00,4.9,4.29,4.04
A01660,S5,2025-11-29 10:03:00,2025-11-29 11:56:00,1.84,1.88,0.11
A01661,S1,2025-11-28 09:15:00,2025-11-28 12:32:00,3.29,3.28,2.25
A01661,S2,2025-11-28 13:19:00,2025-11-28 19:11:00,4.93,5.87,0.77
A01661,S3,2025-11-28 19:29:00,2025-11-29 01:52:00,8.22,6.39,0.3
A01661,S4,2025-11-29 16:04:00,2025-11-29 21:28:00,6.58,5.4,14.2
A01661,S5,2025-11-29 22:15:00,2025-11-30 00:48:00,2.47,2.55,0.78
A01662,S1,2025-11-28 09:42:00,2025-11-28 14:47:00,5.12,5.08,2.69
A01662,S2,2025-11-28 18:52:00,2025-11-29 02:58:00,7.68,8.1,4.09
A01662,S3,2025-11-29 03:03:00,2025-11-29 14:53:00,12.8,11.83,0.08
A01662,S4,2025-11-29 16:22:00,2025-11-30 00:58:00,10.24,8.6,1.48
A01662,S5,2025-11-30 02:56:00,2025-11-30 06:41:00,3.84,3.74,1.98
A01663,S1,2025-11-29 07:24:00,2025-11-29 13:22:00,5.84,5.97,0.4
A01663,S2,2025-11-29 13:45:00,2025-11-30 00:18:00,8.76,10.56,0.37
A01663,S3,2025-11-30 00:57:00,2025-11-30 21:59:00,14.6,21.04,0.64
A01663,S4,2025-12-01 03:25:00,2025-12-01 13:17:00,11.68,9.86,5.44
A01663,S5,2025-12-01 18:02:00,2025-12-01 22:53:00,4.38,4.84,4.75
A01664,S1,2025-11-29 08:04:00,2025-11-29 15:43:00,5.88,7.64,1.07
A01664,S2,2025-11-29 16:05:00,2025-11-30 01:34:00,8.82,9.49,0.37
A01664,S3,2025-11-30 04:08:00,2025-11-30 21:37:00,14.7,17.5,2.56
A01664,S4,2025-12-01 07:40:00,2025-12-01 13:37:00,11.76,5.96,10.04
A01664,S5,2025-12-01 15:56:00,2025-12-01 20:22:00,4.41,4.43,2.32
A01665,S1,2025-11-29 07:21:00,2025-11-29 11:43:00,4.96,4.36,0.35
A01665,S2,2025-11-29 12:39:00,2025-11-29 19:43:00,7.44,7.06,0.94
A01665,S3,2025-11-29 20:02:00,2025-11-30 11:26:00,12.4,15.4,0.33
A01665,S4,2025-11-30 15:33:00,2025-12-01 00:59:00,9.92,9.43,4.1
A01665,S5,2025-12-01 01:46:00,2025-12-01 05:58:00,3.72,4.2,0.8
A01666,S1,2025-11-30 07:32:00,2025-11-30 09:31:00,1.82,1.99,0.54
A01666,S2,2025-11-30 11:39:00,2025-11-30 14:21:00,2.74,2.7,2.13
A01666,S3,2025-12-01 02:23:00,2025-12-01 07:00:00,4.56,4.61,12.03
A01666,S4,2025-12-01 19:15:00,2025-12-01 22:45:00,3.65,3.49,12.26
A01666,S5,2025-12-01 22:52:00,2025-12-02 00:09:00,1.37,1.3,0.11
A01667,S1,2025-11-30 07:21:00,2025-11-30 13:05:00,5.88,5.73,0.35
A01667,S2,2025-11-30 13:39:00,2025-11-30 20:58:00,8.82,7.32,0.56
A01667,S3,2025-11-30 21:29:00,2025-12-01 09:15:00,14.7,11.76,0.52
A01667,S4,2025-12-01 15:11:00,2025-12-02 03:10:00,11.76,11.97,5.94
A01667,S5,2025-12-02 04:44:00,2025-12-02 09:57:00,4.41,5.21,1.58
A01668,S1,2025-12-01 07:48:00,2025-12-01 09:50:00,1.7,2.03,0.8
A01668,S2,2025-12-01 10:38:00,2025-12-01 12:43:00,2.54,2.08,0.8
A01668,S3,2025-12-01 12:55:00,2025-12-01 17:26:00,4.24,4.52,0.2
A01668,S4,2025-12-02 16:13:00,2025-12-02 19:44:00,3.39,3.53,22.78
A01668,S5,2025-12-03 00:29:00,2025-12-03 01:52:00,1.27,1.39,4.74
A01669,S1,2025-12-01 09:35:00,2025-12-01 12:36:00,3.22,3.02,2.58
A01669,S2,2025-12-01 12:41:00,2025-12-01 16:36:00,4.82,3.91,0.08
A01669,S3,2025-12-01 17:45:00,2025-12-02 01:18:00,8.04,7.54,1.16
A01669,S4,2025-12-02 01:43:00,2025-12-02 08:20:00,6.43,6.62,0.42
A01669,S5,2025-12-02 12:09:00,2025-12-02 14:41:00,2.41,2.53,3.81
A01670,S1,2025-12-02 07:53:00,2025-12-02 12:17:00,4.06,4.39,0.89
A01670,S2,2025-12-02 14:27:00,2025-12-02 20:05:00,6.1,5.63,2.17
A01670,S3,2025-12-02 23:06:00,2025-12-03 09:06:00,10.16,10.0,3.01
A01670,S4,2025-12-03 09:56:00,2025-12-03 20:57:00,8.13,11.01,0.84
A01670,S5,2025-12-03 22:43:00,2025-12-04 01:54:00,3.05,3.19,1.77
A01671,S1,2025-12-02 07:32:00,2025-12-02 10:10:00,2.12,2.63,0.54
A01671,S2,2025-12-02 13:28:00,2025-12-02 17:27:00,3.18,3.98,3.3
A01671,S3,2025-12-02 18:45:00,2025-12-02 23:40:00,5.3,4.9,1.3
A01671,S4,2025-12-02 23:58:00,2025-12-03 04:40:00,4.24,4.7,0.31
A01671,S5,2025-12-03 05:28:00,2025-12-03 06:46:00,1.59,1.29,0.8
A01672,S1,2025-12-02 07:35:00,2025-12-02 10:50:00,3.49,3.25,0.58
A01672,S2,2025-12-02 12:54:00,2025-12-02 18:25:00,5.23,5.51,2.07
A01672,S3,2025-12-03 19:33:00,2025-12-04 04:29:00,8.72,8.94,25.13
A01672,S4,2025-12-04 15:23:00,2025-12-04 22:13:00,6.98,6.83,10.9
A01672,S5,2025-12-05 00:48:00,2025-12-05 03:55:00,2.62,3.12,2.58
A01673,S1,2025-12-02 07:43:00,2025-12-02 11:48:00,3.62,4.08,0.72
A01673,S2,2025-12-02 12:00:00,2025-12-02 18:56:00,5.44,6.93,0.21
A01673,S3,2025-12-02 20:12:00,2025-12-03 02:09:00,9.06,5.96,1.26
A01673,S4,2025-12-03 03:15:00,2025-12-03 09:28:00,7.25,6.21,1.1
A01673,S5,2025-12-03 09:47:00,2025-12-03 13:10:00,2.72,3.38,0.33
A01674,S1,2025-12-02 07:59:00,2025-12-02 13:15:00,5.4,5.26,0.99
A01674,S2,2025-12-02 13:57:00,2025-12-02 23:44:00,8.1,9.78,0.71
A01674,S3,2025-12-03 02:34:00,2025-12-03 14:44:00,13.5,12.17,2.83
A01674,S4,2025-12-04 01:54:00,2025-12-04 09:48:00,10.8,7.91,11.17
A01674,S5,2025-12-04 10:58:00,2025-12-04 15:11:00,4.05,4.22,1.16
A01675,S1,2025-12-02 07:43:00,2025-12-02 09:53:00,2.18,2.16,0.71
A01675,S2,2025-12-02 10:25:00,2025-12-02 13:26:00,3.27,3.01,0.55
A01675,S3,2025-12-02 22:24:00,2025-12-03 03:25:00,5.45,5.01,8.97
A01675,S4,2025-12-03 08:36:00,2025-12-03 15:16:00,4.36,6.66,5.19
A01675,S5,2025-12-03 18:23:00,2025-12-03 20:07:00,1.64,1.72,3.12
A01676,S1,2025-12-02 08:36:00,2025-12-02 12:26:00,3.81,3.84,1.59
A01676,S2,2025-12-02 12:29:00,2025-12-02 17:14:00,5.71,4.74,0.06
A01676,S3,2025-12-02 23:39:00,2025-12-03 11:03:00,9.52,11.4,6.43
A01676,S4,2025-12-04 02:35:00,2025-12-04 13:45:00,7.62,11.17,15.53
A01676,S5,2025-12-04 17:09:00,2025-12-04 20:02:00,2.86,2.87,3.4
A01677,S1,2025-12-02 07:25:00,2025-12-02 10:31:00,2.42,3.1,0.42
A01677,S2,2025-12-02 11:57:00,2025-12-02 15:27:00,3.63,3.5,1.44
A01677,S3,2025-12-02 16:52:00,2025-12-02 21:29:00,6.05,4.62,1.42
A01677,S4,2025-12-03 07:09:00,2025-12-03 13:47:00,4.84,6.64,9.66
A01677,S5,2025-12-03 14:43:00,2025-12-03 16:27:00,1.82,1.73,0.94
A01678,S1,2025-12-02 07:05:00,2025-12-02 09:35:00,2.52,2.49,0.09
A01678,S2,2025-12-02 14:01:00,2025-12-02 19:33:00,3.78,5.53,4.44
A01678,S3,2025-12-02 21:49:00,2025-12-03 06:43:00,6.3,8.88,2.28
A01678,S4,2025-12-03 17:15:00,2025-12-03 22:17:00,5.04,5.03,10.54
A01678,S5,2025-12-03 23:21:00,2025-12-04 01:27:00,1.89,2.1,1.07
A01679,S1,2025-12-03 07:38:00,2025-12-03 11:57:00,4.48,4.32,0.64
A01679,S2,2025-12-03 13:09:00,2025-12-03 20:55:00,6.72,7.75,1.2
A01679,S3,2025-12-04 01:42:00,2025-12-04 13:49:00,11.2,12.11,4.79
A01679,S4,2025-12-05 05:47:00,2025-12-05 15:23:00,8.96,9.59,15.97
A01679,S5,2025-12-05 17:19:00,2025-12-05 21:32:00,3.36,4.21,1.94
A01680,S1,2025-12-03 07:20:00,2025-12-03 11:52:00,4.32,4.52,0.34
A01680,S2,2025-12-03 13:05:00,2025-12-03 19:08:00,6.48,6.06,1.22
A01680,S3,2025-12-04 00:41:00,2025-12-04 13:21:00,10.8,12.66,5.54
A01680,S4,2025-12-04 23:44:00,2025-12-05 11:49:00,8.64,12.08,10.39
A01680,S5,2025-12-05 13:29:00,2025-12-05 17:11:00,3.24,3.7,1.67
A01681,S1,2025-12-03 09:37:00,2025-12-03 14:55:00,5.28,5.29,2.62
A01681,S2,2025-12-03 15:36:00,2025-12-04 00:54:00,7.92,9.3,0.69
A01681,S3,2025-12-04 07:13:00,2025-12-05 02:43:00,13.2,19.5,6.32
A01681,S4,2025-12-05 11:16:00,2025-12-06 02:44:00,10.56,15.47,8.55
A01681,S5,2025-12-06 02:58:00,2025-12-06 07:23:00,3.96,4.42,0.24
A01682,S1,2025-12-03 07:07:00,2025-12-03 08:56:00,1.9,1.82,0.11
A01682,S2,2025-12-03 09:30:00,2025-12-03 12:20:00,2.86,2.83,0.58
A01682,S3,2025-12-03 17:10:00,2025-12-03 21:23:00,4.76,4.21,4.84
A01682,S4,2025-12-04 02:11:00,2025-12-04 06:03:00,3.81,3.86,4.81
A01682,S5,2025-12-04 07:37:00,2025-12-04 08:48:00,1.43,1.18,1.58
A01683,S1,2025-12-03 08:36:00,2025-12-03 11:25:00,2.56,2.83,1.59
A01683,S2,2025-12-03 15:08:00,2025-12-03 19:33:00,3.84,4.42,3.71
A01683,S3,2025-12-03 23:18:00,2025-12-04 04:59:00,6.4,5.69,3.74
A01683,S4,2025-12-04 13:00:00,2025-12-04 18:00:00,5.12,5.0,8.01
A01683,S5,2025-12-04 19:05:00,2025-12-04 21:11:00,1.92,2.1,1.09
A01684,S1,2025-12-03 07:03:00,2025-12-03 10:20:00,2.54,3.28,0.05
A01684,S2,2025-12-03 11:20:00,2025-12-03 15:40:00,3.82,4.32,1.01
A01684,S3,2025-12-03 20:25:00,2025-12-04 03:03:00,6.36,6.62,4.76
A01684,S4,2025-12-04 17:22:00,2025-12-05 01:18:00,5.09,7.94,14.32
A01684,S5,2025-12-05 02:59:00,2025-12-05 05:07:00,1.91,2.13,1.68
A01685,S1,2025-12-03 07:18:00,2025-12-03 09:59:00,2.35,2.68,0.31
A01685,S2,2025-12-03 10:42:00,2025-12-03 14:20:00,3.53,3.63,0.71
A01685,S3,2025-12-03 16:26:00,2025-12-04 00:09:00,5.88,7.72,2.1
A01685,S4,2025-12-04 00:25:00,2025-12-04 05:22:00,4.7,4.94,0.27
A01685,S5,2025-12-04 06:46:00,2025-12-04 08:44:00,1.76,1.97,1.41
A01686,S1,2025-12-03 07:04:00,2025-12-03 11:48:00,4.6,4.73,0.06
A01686,S2,2025-12-03 14:27:00,2025-12-03 21:58:00,6.9,7.51,2.66
A01686,S3,2025-12-04 03:40:00,2025-12-04 15:13:00,11.5,11.53,5.71
A01686,S4,2025-12-05 02:06:00,2025-12-05 13:59:00,9.2,11.89,10.89
A01686,S5,2025-12-05 15:00:00,2025-12-05 18:29:00,3.45,3.47,1.02
A01687,S1,2025-12-04 08:36:00,2025-12-04 11:30:00,2.46,2.9,1.6
A01687,S2,2025-12-04 12:50:00,2025-12-04 17:07:00,3.7,4.27,1.34
A01687,S3,2025-12-05 01:37:00,2025-12-05 09:15:00,6.16,7.62,8.51
A01687,S4,2025-12-05 11:21:00,2025-12-05 18:55:00,4.93,7.57,2.11
A01687,S5,2025-12-05 19:43:00,2025-12-05 21:43:00,1.85,2.0,0.79
A01688,S1,2025-12-04 09:28:00,2025-12-04 13:00:00,3.58,3.54,2.46
A01688,S2,2025-12-04 16:35:00,2025-12-04 23:12:00,5.36,6.61,3.58
A01688,S3,2025-12-04 23:39:00,2025-12-05 06:14:00,8.94,6.58,0.46
A01688,S4,2025-12-05 10:00:00,2025-12-05 14:05:00,7.15,4.09,3.75
A01688,S5,2025-12-05 16:30:00,2025-12-05 19:02:00,2.68,2.53,2.42
A01689,S1,2025-12-04 07:26:00,2025-12-04 10:16:00,2.69,2.83,0.43
A01689,S2,2025-12-04 13:16:00,2025-12-04 17:04:00,4.03,3.81,3.0
A01689,S3,2025-12-04 22:28:00,2025-12-05 05:03:00,6.72,6.58,5.4
A01689,S4,2025-12-05 13:38:00,2025-12-05 22:11:00,5.38,8.54,8.59
A01689,S5,2025-12-06 03:40:00,2025-12-06 05:44:00,2.02,2.05,5.5
A01690,S1,2025-12-04 07:01:00,2025-12-04 11:36:00,4.38,4.58,0.01
A01690,S2,2025-12-04 13:06:00,2025-12-04 22:44:00,6.58,9.63,1.51
A01690,S3,2025-12-05 01:50:00,2025-12-05 12:15:00,10.96,10.41,3.1
A01690,S4,2025-12-05 20:08:00,2025-12-06 03:49:00,8.77,7.68,7.89
A01690,S5,2025-12-06 04:24:00,2025-12-06 08:04:00,3.29,3.68,0.58
A01691,S1,2025-12-04 07:34:00,2025-12-04 11:21:00,3.49,3.79,0.56
A01691,S2,2025-12-04 11:29:00,2025-12-04 16:26:00,5.23,4.95,0.13
A01691,S3,2025-12-05 00:32:00,2025-12-05 07:27:00,8.72,6.91,8.1
A01691,S4,2025-12-05 17:32:00,2025-12-05 20:34:00,6.98,3.04,10.09
A01691,S5,2025-12-05 20:39:00,2025-12-05 23:39:00,2.62,3.01,0.08
A01692,S1,2025-12-04 08:02:00,2025-12-04 09:44:00,1.98,1.71,1.03
A01692,S2,2025-12-04 11:57:00,2025-12-04 14:57:00,2.98,3.0,2.21
A01692,S3,2025-12-04 17:06:00,2025-12-04 22:21:00,4.96,5.25,2.15
A01692,S4,2025-12-05 02:20:00,2025-12-05 06:14:00,3.97,3.89,3.99
A01692,S5,2025-12-05 10:47:00,2025-12-05 12:22:00,1.49,1.57,4.56
A01693,S1,2025-12-05 08:06:00,2025-12-05 11:15:00,2.78,3.15,1.1
A01693,S2,2025-12-05 20:00:00,2025-12-06 00:56:00,4.17,4.94,8.75
A01693,S3,2025-12-06 05:39:00,2025-12-06 13:56:00,6.95,8.3,4.71
A01693,S4,2025-12-07 07:10:00,2025-12-07 11:44:00,5.56,4.56,17.23
A01693,S5,2025-12-07 12:15:00,2025-12-07 14:36:00,2.08,2.35,0.53
A01694,S1,2025-12-05 07:08:00,2025-12-05 13:04:00,5.02,5.93,0.13
A01694,S2,2025-12-05 13:57:00,2025-12-05 21:36:00,7.54,7.64,0.89
A01694,S3,2025-12-06 00:42:00,2025-12-06 12:19:00,12.56,11.62,3.1
A01694,S4,2025-12-06 14:26:00,2025-12-06 20:44:00,10.05,6.3,2.12
A01694,S5,2025-12-06 22:08:00,2025-12-07 03:08:00,3.77,5.0,1.39
A01695,S1,2025-12-05 10:52:00,2025-12-05 13:19:00,2.34,2.45,3.87
A01695,S2,2025-12-05 16:53:00,2025-12-05 20:24:00,3.5,3.52,3.56
A01695,S3,2025-12-05 22:53:00,2025-12-06 04:47:00,5.84,5.9,2.48
A01695,S4,2025-12-06 11:17:00,2025-12-06 17:05:00,4.67,5.81,6.5
A01695,S5,2025-12-06 18:16:00,2025-12-06 20:11:00,1.75,1.92,1.17
A01696,S1,2025-12-06 07:21:00,2025-12-06 10:27:00,2.54,3.1,0.35
A01696,S2,2025-12-06 11:12:00,2025-12-06 14:14:00,3.82,3.03,0.76
A01696,S3,2025-12-06 17:35:00,2025-12-06 23:29:00,6.36,5.9,3.35
A01696,S4,2025-12-08 00:48:00,2025-12-08 08:06:00,5.09,7.29,25.32
A01696,S5,2025-12-08 14:39:00,2025-12-08 16:25:00,1.91,1.77,6.55
A01697,S1,2025-12-06 10:59:00,2025-12-06 14:53:00,4.48,3.9,3.98
A01697,S2,2025-12-06 15:35:00,2025-12-06 22:00:00,6.72,6.42,0.71
A01697,S3,2025-12-06 22:37:00,2025-12-07 10:21:00,11.2,11.73,0.61
A01697,S4,2025-12-08 16:24:00,2025-12-09 00:30:00,8.96,8.1,30.05
A01697,S5,2025-12-09 00:32:00,2025-12-09 04:09:00,3.36,3.62,0.03
A01698,S1,2025-12-07 10:20:00,2025-12-07 12:27:00,2.16,2.11,3.34
A01698,S2,2025-12-07 17:05:00,2025-12-07 20:52:00,3.24,3.79,4.64
A01698,S3,2025-12-07 22:47:00,2025-12-08 05:02:00,5.4,6.24,1.92
A01698,S4,2025-12-08 07:00:00,2025-12-08 10:44:00,4.32,3.73,1.98
A01698,S5,2025-12-08 11:40:00,2025-12-08 13:22:00,1.62,1.7,0.94
A01699,S1,2025-12-07 12:23:00,2025-12-07 16:27:00,3.55,4.07,5.38
A01699,S2,2025-12-07 16:43:00,2025-12-07 23:24:00,5.33,6.68,0.27
A01699,S3,2025-12-08 01:12:00,2025-12-08 14:21:00,8.88,13.15,1.79
A01699,S4,2025-12-09 00:57:00,2025-12-09 14:41:00,7.1,13.74,10.6
A01699,S5,2025-12-09 19:38:00,2025-12-09 22:01:00,2.66,2.39,4.95
A01700,S1,2025-12-07 07:14:00,2025-12-07 10:47:00,3.78,3.55,0.24
A01700,S2,2025-12-07 11:44:00,2025-12-07 18:03:00,5.66,6.33,0.95
A01700,S3,2025-12-07 19:38:00,2025-12-08 05:13:00,9.44,9.59,1.57
A01700,S4,2025-12-08 16:30:00,2025-12-09 04:05:00,7.55,11.58,11.28
A01700,S5,2025-12-09 04:12:00,2025-12-09 07:11:00,2.83,2.99,0.12
A01701,S1,2025-12-08 07:10:00,2025-12-08 09:36:00,2.58,2.44,0.17
A01701,S2,2025-12-08 11:11:00,2025-12-08 15:42:00,3.87,4.51,1.58
A01701,S3,2025-12-08 20:01:00,2025-12-09 01:32:00,6.45,5.51,4.33
A01701,S4,2025-12-09 04:25:00,2025-12-09 10:32:00,5.16,6.13,2.88
A01701,S5,2025-12-09 10:34:00,2025-12-09 12:33:00,1.94,1.97,0.03
A01702,S1,2025-12-08 07:47:00,2025-12-08 10:45:00,2.58,2.96,0.78
A01702,S2,2025-12-08 14:05:00,2025-12-08 18:00:00,3.87,3.92,3.34
A01702,S3,2025-12-08 21:18:00,2025-12-09 04:13:00,6.45,6.91,3.3
A01702,S4,2025-12-09 06:41:00,2025-12-09 12:24:00,5.16,5.72,2.47
A01702,S5,2025-12-09 13:17:00,2025-12-09 14:58:00,1.94,1.69,0.87
A01703,S1,2025-12-08 08:55:00,2025-12-08 11:47:00,2.98,2.87,1.92
A01703,S2,2025-12-08 13:21:00,2025-12-08 18:43:00,4.47,5.37,1.55
A01703,S3,2025-12-08 18:50:00,2025-12-09 03:53:00,7.45,9.04,0.13
A01703,S4,2025-12-09 07:29:00,2025-12-09 12:21:00,5.96,4.86,3.61
A01703,S5,2025-12-09 14:42:00,2025-12-09 16:42:00,2.24,2.0,2.35
A01704,S1,2025-12-08 07:48:00,2025-12-08 10:56:00,2.9,3.14,0.8
A01704,S2,2025-12-08 11:09:00,2025-12-08 15:54:00,4.36,4.75,0.22
A01704,S3,2025-12-08 18:32:00,2025-12-09 00:52:00,7.26,6.33,2.63
A01704,S4,2025-12-09 07:10:00,2025-12-09 14:46:00,5.81,7.6,6.29
A01704,S5,2025-12-09 21:16:00,2025-12-09 23:42:00,2.18,2.42,6.51
A01705,S1,2025-12-08 07:27:00,2025-12-08 10:24:00,3.22,2.95,0.45
A01705,S2,2025-12-08 13:09:00,2025-12-08 18:15:00,4.82,5.1,2.75
A01705,S3,2025-12-09 00:04:00,2025-12-09 06:10:00,8.04,6.1,5.83
A01705,S4,2025-12-09 07:10:00,2025-12-09 13:07:00,6.43,5.95,1.0
A01705,S5,2025-12-09 15:08:00,2025-12-09 17:28:00,2.41,2.34,2.01
A01706,S1,2025-12-09 10:02:00,2025-12-09 16:13:00,5.72,6.18,3.03
A01706,S2,2025-12-09 16:34:00,2025-12-10 00:44:00,8.58,8.17,0.35
A01706,S3,2025-12-10 07:58:00,2025-12-11 04:17:00,14.3,20.31,7.23
A01706,S4,2025-12-11 14:04:00,2025-12-12 07:45:00,11.44,17.68,9.79
A01706,S5,2025-12-12 13:52:00,2025-12-12 17:58:00,4.29,4.1,6.12
A01707,S1,2025-12-09 07:10:00,2025-12-09 10:23:00,3.17,3.23,0.16
A01707,S2,2025-12-09 11:27:00,2025-12-09 16:44:00,4.75,5.29,1.06
A01707,S3,2025-12-09 22:54:00,2025-12-10 07:11:00,7.92,8.29,6.17
A01707,S4,2025-12-10 16:04:00,2025-12-10 18:39:00,6.34,2.59,8.87
A01707,S5,2025-12-10 21:45:00,2025-12-11 00:06:00,2.38,2.35,3.1
A01708,S1,2025-12-09 08:20:00,2025-12-09 12:14:00,3.43,3.9,1.34
A01708,S2,2025-12-09 15:59:00,2025-12-09 20:42:00,5.15,4.72,3.75
A01708,S3,2025-12-09 21:13:00,2025-12-10 05:41:00,8.58,8.46,0.53
A01708,S4,2025-12-10 08:52:00,2025-12-10 12:19:00,6.86,3.46,3.18
A01708,S5,2025-12-10 14:04:00,2025-12-10 17:02:00,2.57,2.97,1.74
A01709,S1,2025-12-09 07:19:00,2025-12-09 10:48:00,2.98,3.48,0.32
A01709,S2,2025-12-09 11:25:00,2025-12-09 17:24:00,4.47,5.99,0.62
A01709,S3,2025-12-09 18:28:00,2025-12-10 04:42:00,7.45,10.23,1.07
A01709,S4,2025-12-10 05:08:00,2025-12-10 08:31:00,5.96,3.39,0.43
A01709,S5,2025-12-10 12:27:00,2025-12-10 14:36:00,2.24,2.14,3.93
A01710,S1,2025-12-10 07:09:00,2025-12-10 12:26:00,4.51,5.28,0.16
A01710,S2,2025-12-10 17:17:00,2025-12-10 23:21:00,6.77,6.07,4.84
A01710,S3,2025-12-11 06:57:00,2025-12-11 20:39:00,11.28,13.7,7.59
A01710,S4,2025-12-11 23:53:00,2025-12-12 15:28:00,9.02,15.59,3.23
A01710,S5,2025-12-12 17:03:00,2025-12-12 21:00:00,3.38,3.95,1.58
A01711,S1,2025-12-10 09:45:00,2025-12-10 12:01:00,2.05,2.27,2.75
A01711,S2,2025-12-10 13:22:00,2025-12-10 16:50:00,3.07,3.46,1.36
A01711,S3,2025-12-10 17:44:00,2025-12-10 23:56:00,5.12,6.21,0.9
A01711,S4,2025-12-11 03:59:00,2025-12-11 06:41:00,4.1,2.69,4.06
A01711,S5,2025-12-11 08:54:00,2025-12-11 10:27:00,1.54,1.55,2.21
A01712,S1,2025-12-10 07:32:00,2025-12-10 11:04:00,3.08,3.53,0.53
A01712,S2,2025-12-10 13:42:00,2025-12-10 18:54:00,4.62,5.2,2.64
A01712,S3,2025-12-10 20:23:00,2025-12-11 05:01:00,7.7,8.62,1.48
A01712,S4,2025-12-11 12:17:00,2025-12-11 21:19:00,6.16,9.03,7.27
A01712,S5,2025-12-11 22:15:00,2025-12-12 00:36:00,2.31,2.35,0.94
A01713,S1,2025-12-10 07:12:00,2025-12-10 09:58:00,2.4,2.76,0.2
A01713,S2,2025-12-10 11:12:00,2025-12-10 14:53:00,3.6,3.68,1.25
A01713,S3,2025-12-10 18:46:00,2025-12-11 01:49:00,6.0,7.06,3.87
A01713,S4,2025-12-12 00:58:00,2025-12-12 05:33:00,4.8,4.58,23.16
A01713,S5,2025-12-12 08:12:00,2025-12-12 10:12:00,1.8,2.01,2.64
A01714,S1,2025-12-10 07:03:00,2025-12-10 12:09:00,4.38,5.09,0.06
A01714,S2,2025-12-10 12:14:00,2025-12-10 21:20:00,6.58,9.09,0.09
A01714,S3,2025-12-10 23:14:00,2025-12-11 09:42:00,10.96,10.47,1.91
A01714,S4,2025-12-11 09:43:00,2025-12-11 16:55:00,8.77,7.21,0.01
A01714,S5,2025-12-11 19:15:00,2025-12-11 22:52:00,3.29,3.62,2.33
A01715,S1,2025-12-10 08:34:00,2025-12-10 12:34:00,3.72,3.99,1.57
A01715,S2,2025-12-10 15:45:00,2025-12-10 21:35:00,5.58,5.84,3.18
A01715,S3,2025-12-11 03:16:00,2025-12-11 10:54:00,9.3,7.63,5.69
A01715,S4,2025-12-11 11:02:00,2025-12-11 18:41:00,7.44,7.66,0.13
A01715,S5,2025-12-11 20:23:00,2025-12-11 23:23:00,2.79,3.0,1.69
A01716,S1,2025-12-10 08:03:00,2025-12-10 12:03:00,3.6,4.0,1.05
A01716,S2,2025-12-10 14:46:00,2025-12-10 19:38:00,5.4,4.87,2.73
A01716,S3,2025-12-10 20:01:00,2025-12-11 05:29:00,9.0,9.47,0.37
A01716,S4,2025-12-11 06:47:00,2025-12-11 16:01:00,7.2,9.23,1.3
A01716,S5,2025-12-11 16:53:00,2025-12-11 19:37:00,2.7,2.74,0.87
A01717,S1,2025-12-11 08:26:00,2025-12-11 12:12:00,3.79,3.77,1.43
A01717,S2,2025-12-11 14:03:00,2025-12-11 18:44:00,5.69,4.68,1.85
A01717,S3,2025-12-12 00:05:00,2025-12-12 12:06:00,9.48,12.03,5.35
A01717,S4,2025-12-12 12:07:00,2025-12-13 01:29:00,7.58,13.37,0.01
A01717,S5,2025-12-13 02:26:00,2025-12-13 05:46:00,2.84,3.34,0.94
A01718,S1,2025-12-11 08:09:00,2025-12-11 10:32:00,2.16,2.38,1.15
A01718,S2,2025-12-11 15:18:00,2025-12-11 18:52:00,3.24,3.56,4.78
A01718,S3,2025-12-11 19:15:00,2025-12-11 23:31:00,5.4,4.27,0.39
A01718,S4,2025-12-12 03:38:00,2025-12-12 07:26:00,4.32,3.79,4.11
A01718,S5,2025-12-12 08:15:00,2025-12-12 10:01:00,1.62,1.77,0.82
A01719,S1,2025-12-11 07:41:00,2025-12-11 09:51:00,2.11,2.17,0.68
A01719,S2,2025-12-11 12:37:00,2025-12-11 16:23:00,3.17,3.76,2.77
A01719,S3,2025-12-11 16:55:00,2025-12-11 21:40:00,5.28,4.75,0.54
A01719,S4,2025-12-11 23:41:00,2025-12-12 02:24:00,4.22,2.71,2.02
A01719,S5,2025-12-12 03:22:00,2025-12-12 05:13:00,1.58,1.85,0.97
A01720,S1,2025-12-11 07:04:00,2025-12-11 09:26:00,2.08,2.37,0.06
A01720,S2,2025-12-11 11:45:00,2025-12-11 16:03:00,3.12,4.29,2.32
A01720,S3,2025-12-11 17:18:00,2025-12-11 21:41:00,5.2,4.39,1.25
A01720,S4,2025-12-12 18:32:00,2025-12-12 22:43:00,4.16,4.18,20.85
A01720,S5,2025-12-12 23:08:00,2025-12-13 00:49:00,1.56,1.69,0.41
A01721,S1,2025-12-11 08:08:00,2025-12-11 10:59:00,2.43,2.84,1.14
A01721,S2,2025-12-12 00:44:00,2025-12-12 04:04:00,3.65,3.34,13.75
A01721,S3,2025-12-12 04:13:00,2025-12-12 09:21:00,6.08,5.14,0.15
A01721,S4,2025-12-12 14:11:00,2025-12-12 18:44:00,4.86,4.55,4.83
A01721,S5,2025-12-12 19:04:00,2025-12-12 21:09:00,1.82,2.08,0.34
A01722,S1,2025-12-11 07:11:00,2025-12-11 13:31:00,5.6,6.34,0.18
A01722,S2,2025-12-11 18:07:00,2025-12-12 02:28:00,8.4,8.35,4.6
A01722,S3,2025-12-12 09:56:00,2025-12-13 01:15:00,14.0,15.33,7.46
A01722,S4,2025-12-13 03:38:00,2025-12-13 19:44:00,11.2,16.1,2.38
A01722,S5,2025-12-13 23:42:00,2025-12-14 04:40:00,4.2,4.97,3.95
A01723,S1,2025-12-12 08:39:00,2025-12-12 13:23:00,3.79,4.74,1.65
A01723,S2,2025-12-12 14:13:00,2025-12-12 21:00:00,5.69,6.79,0.82
A01723,S3,2025-12-13 16:42:00,2025-12-13 23:37:00,9.48,6.91,19.69
A01723,S4,2025-12-14 00:52:00,2025-12-14 10:26:00,7.58,9.56,1.25
A01723,S5,2025-12-14 11:14:00,2025-12-14 13:43:00,2.84,2.48,0.81
A01724,S1,2025-12-12 07:45:00,2025-12-12 12:49:00,4.74,5.06,0.75
A01724,S2,2025-12-12 18:37:00,2025-12-13 03:26:00,7.1,8.83,5.8
A01724,S3,2025-12-13 03:55:00,2025-12-13 15:27:00,11.84,11.54,0.47
A01724,S4,2025-12-13 18:02:00,2025-12-14 04:46:00,9.47,10.74,2.58
A01724,S5,2025-12-14 05:29:00,2025-12-14 08:26:00,3.55,2.96,0.71
A01725,S1,2025-12-12 07:47:00,2025-12-12 11:19:00,3.43,3.52,0.79
A01725,S2,2025-12-12 12:13:00,2025-12-12 17:35:00,5.15,5.36,0.91
A01725,S3,2025-12-12 19:59:00,2025-12-13 08:36:00,8.58,12.62,2.41
A01725,S4,2025-12-13 11:10:00,2025-12-13 16:37:00,6.86,5.46,2.56
A01725,S5,2025-12-13 17:02:00,2025-12-13 19:54:00,2.57,2.87,0.41
A01726,S1,2025-12-12 07:12:00,2025-12-12 09:31:00,2.27,2.31,0.2
A01726,S2,2025-12-12 13:07:00,2025-12-12 17:16:00,3.41,4.16,3.61
A01726,S3,2025-12-12 21:46:00,2025-12-13 02:17:00,5.68,4.52,4.49
A01726,S4,2025-12-13 08:56:00,2025-12-13 15:33:00,4.54,6.62,6.65
A01726,S5,2025-12-13 21:23:00,2025-12-13 22:55:00,1.7,1.53,5.84
A01727,S1,2025-12-12 08:14:00,2025-12-12 13:54:00,5.56,5.66,1.24
A01727,S2,2025-12-12 15:55:00,2025-12-13 00:34:00,8.34,8.65,2.01
A01727,S3,2025-12-13 00:52:00,2025-12-13 21:57:00,13.9,21.09,0.3
A01727,S4,2025-12-14 05:08:00,2025-12-14 13:00:00,11.12,7.87,7.18
A01727,S5,2025-12-14 15:32:00,2025-12-14 20:42:00,4.17,5.16,2.54
A01728,S1,2025-12-13 07:10:00,2025-12-13 10:31:00,3.18,3.35,0.17
A01728,S2,2025-12-13 11:36:00,2025-12-13 16:38:00,4.77,5.02,1.09
A01728,S3,2025-12-13 19:29:00,2025-12-14 04:55:00,7.95,9.44,2.86
A01728,S4,2025-12-14 11:07:00,2025-12-14 16:57:00,6.36,5.84,6.2
A01728,S5,2025-12-14 17:05:00,2025-12-14 19:32:00,2.38,2.46,0.12
A01729,S1,2025-12-13 07:15:00,2025-12-13 10:43:00,3.36,3.48,0.24
A01729,S2,2025-12-13 11:21:00,2025-12-13 16:45:00,5.04,5.41,0.62
A01729,S3,2025-12-13 19:01:00,2025-12-14 02:35:00,8.4,7.56,2.27
A01729,S4,2025-12-14 05:05:00,2025-12-14 13:01:00,6.72,7.93,2.51
A01729,S5,2025-12-14 13:24:00,2025-12-14 15:47:00,2.52,2.38,0.39
A01730,S1,2025-12-13 07:59:00,2025-12-13 11:39:00,3.77,3.66,0.99
A01730,S2,2025-12-13 12:35:00,2025-12-13 18:20:00,5.65,5.74,0.94
A01730,S3,2025-12-13 21:55:00,2025-12-14 06:15:00,9.42,8.34,3.59
A01730,S4,2025-12-14 09:44:00,2025-12-14 20:41:00,7.54,10.95,3.49
A01730,S5,2025-12-14 23:13:00,2025-12-15 02:07:00,2.83,2.9,2.54
A01731,S1,2025-12-14 07:46:00,2025-12-14 10:23:00,2.36,2.61,0.77
A01731,S2,2025-12-14 10:34:00,2025-12-14 14:40:00,3.54,4.1,0.19
A01731,S3,2025-12-14 21:17:00,2025-12-15 03:43:00,5.9,6.44,6.62
A01731,S4,2025-12-15 05:10:00,2025-12-15 08:03:00,4.72,2.88,1.45
A01731,S5,2025-12-15 09:33:00,2025-12-15 11:28:00,1.77,1.93,1.49
A01732,S1,2025-12-14 07:51:00,2025-12-14 11:57:00,4.64,4.09,0.86
A01732,S2,2025-12-14 13:33:00,2025-12-14 19:21:00,6.96,5.81,1.61
A01732,S3,2025-12-14 22:24:00,2025-12-15 08:54:00,11.6,10.49,3.04
A01732,S4,2025-12-15 10:09:00,2025-12-15 23:49:00,9.28,13.67,1.26
A01732,S5,2025-12-16 01:50:00,2025-12-16 05:13:00,3.48,3.37,2.02
A01733,S1,2025-12-14 07:17:00,2025-12-14 09:10:00,2.19,1.88,0.28
A01733,S2,2025-12-14 10:56:00,2025-12-14 13:25:00,3.29,2.49,1.77
A01733,S3,2025-12-14 15:52:00,2025-12-14 23:02:00,5.48,7.17,2.44
A01733,S4,2025-12-15 10:46:00,2025-12-15 15:01:00,4.38,4.24,11.74
A01733,S5,2025-12-15 19:19:00,2025-12-15 20:57:00,1.64,1.64,4.3
A01734,S1,2025-12-14 07:26:00,2025-12-14 10:07:00,2.66,2.68,0.43
A01734,S2,2025-12-14 10:36:00,2025-12-14 14:41:00,4.0,4.1,0.48
A01734,S3,2025-12-14 19:58:00,2025-12-15 02:06:00,6.66,6.12,5.28
A01734,S4,2025-12-15 03:16:00,2025-12-15 07:13:00,5.33,3.95,1.17
A01734,S5,2025-12-15 07:15:00,2025-12-15 09:29:00,2.0,2.24,0.04
A01735,S1,2025-12-14 07:29:00,2025-12-14 10:13:00,2.34,2.73,0.48
A01735,S2,2025-12-14 13:44:00,2025-12-14 16:44:00,3.51,3.0,3.52
A01735,S3,2025-12-14 18:23:00,2025-12-14 23:38:00,5.85,5.25,1.65
A01735,S4,2025-12-15 02:00:00,2025-12-15 06:19:00,4.68,4.32,2.37
A01735,S5,2025-12-15 07:16:00,2025-12-15 09:04:00,1.76,1.81,0.94
A01736,S1,2025-12-14 07:02:00,2025-12-14 10:15:00,3.29,3.21,0.03
A01736,S2,2025-12-14 12:27:00,2025-12-14 18:27:00,4.93,6.0,2.21
A01736,S3,2025-12-14 21:26:00,2025-12-15 09:14:00,8.22,11.8,2.99
A01736,S4,2025-12-15 14:14:00,2025-12-15 20:51:00,6.58,6.61,5.0
A01736,S5,2025-12-15 22:40:00,2025-12-16 01:01:00,2.47,2.35,1.81
A01737,S1,2025-12-15 09:18:00,2025-12-15 13:16:00,3.9,3.96,2.3
A01737,S2,2025-12-15 15:29:00,2025-12-15 22:43:00,5.86,7.24,2.22
A01737,S3,2025-12-16 00:27:00,2025-12-16 08:58:00,9.76,8.52,1.74
A01737,S4,2025-12-16 13:56:00,2025-12-16 21:57:00,7.81,8.01,4.96
A01737,S5,2025-12-16 23:58:00,2025-12-17 02:44:00,2.93,2.77,2.02
A01738,S1,2025-12-15 07:05:00,2025-12-15 13:51:00,6.32,6.77,0.09
A01738,S2,2025-12-15 14:09:00,2025-12-16 02:27:00,9.48,12.29,0.3
A01738,S3,2025-12-16 02:30:00,2025-12-17 07:26:00,15.8,28.94,0.06
A01738,S4,2025-12-17 12:30:00,2025-12-18 08:01:00,12.64,19.51,5.06
A01738,S5,2025-12-18 14:30:00,2025-12-18 19:57:00,4.74,5.45,6.48
A01739,S1,2025-12-15 08:01:00,2025-12-15 14:10:00,4.6,6.14,1.02
A01739,S2,2025-12-15 21:07:00,2025-12-16 04:55:00,6.9,7.79,6.96
A01739,S3,2025-12-16 09:13:00,2025-12-16 21:46:00,11.5,12.55,4.3
A01739,S4,2025-12-17 04:34:00,2025-12-17 17:45:00,9.2,13.19,6.79
A01739,S5,2025-12-17 19:40:00,2025-12-17 23:13:00,3.45,3.56,1.91
A01740,S1,2025-12-15 10:55:00,2025-12-15 14:07:00,2.88,3.2,3.91
A01740,S2,2025-12-15 15:42:00,2025-12-15 20:04:00,4.32,4.36,1.59
A01740,S3,2025-12-15 20:12:00,2025-12-16 03:05:00,7.2,6.88,0.13
A01740,S4,2025-12-16 04:51:00,2025-12-16 08:14:00,5.76,3.39,1.78
A01740,S5,2025-12-16 10:59:00,2025-12-16 13:30:00,2.16,2.52,2.75
A01741,S1,2025-12-16 12:17:00,2025-12-16 15:16:00,2.9,2.97,5.29
A01741,S2,2025-12-16 17:06:00,2025-12-16 21:17:00,4.35,4.17,1.84
A01741,S3,2025-12-17 01:38:00,2025-12-17 06:19:00,7.25,4.68,4.36
A01741,S4,2025-12-17 23:22:00,2025-12-18 07:32:00,5.8,8.15,17.05
A01741,S5,2025-12-18 09:20:00,2025-12-18 11:27:00,2.17,2.12,1.81
A01742,S1,2025-12-16 07:13:00,2025-12-16 13:24:00,5.6,6.19,0.22
A01742,S2,2025-12-16 16:22:00,2025-12-17 03:02:00,8.4,10.67,2.95
A01742,S3,2025-12-17 06:29:00,2025-12-17 16:59:00,14.0,10.51,3.44
A01742,S4,2025-12-17 18:00:00,2025-12-18 05:36:00,11.2,11.6,1.01
A01742,S5,2025-12-18 07:54:00,2025-12-18 12:46:00,4.2,4.87,2.3
A01743,S1,2025-12-17 08:23:00,2025-12-17 13:35:00,4.44,5.21,1.38
A01743,S2,2025-12-17 17:17:00,2025-12-17 23:08:00,6.66,5.85,3.69
A01743,S3,2025-12-18 04:43:00,2025-12-18 14:49:00,11.1,10.1,5.6
A01743,S4,2025-12-19 06:48:00,2025-12-19 13:27:00,8.88,6.65,15.98
A01743,S5,2025-12-19 14:19:00,2025-12-19 17:27:00,3.33,3.13,0.87
A01744,S1,2025-12-17 07:22:00,2025-12-17 11:20:00,3.58,3.96,0.36
A01744,S2,2025-12-17 11:31:00,2025-12-17 18:02:00,5.36,6.51,0.19
A01744,S3,2025-12-17 23:53:00,2025-12-18 07:37:00,8.94,7.73,5.86
A01744,S4,2025-12-19 16:18:00,2025-12-20 00:25:00,7.15,8.12,32.69
A01744,S5,2025-12-20 02:04:00,2025-12-20 05:21:00,2.68,3.28,1.64
A01745,S1,2025-12-17 07:13:00,2025-12-17 11:20:00,3.55,4.13,0.21
A01745,S2,2025-12-17 12:15:00,2025-12-17 17:23:00,5.33,5.13,0.92
A01745,S3,2025-12-18 00:30:00,2025-12-18 06:13:00,8.88,5.72,7.11
A01745,S4,2025-12-19 16:43:00,2025-12-19 22:32:00,7.1,5.82,34.51
A01745,S5,2025-12-19 23:02:00,2025-12-20 02:27:00,2.66,3.41,0.5
A01746,S1,2025-12-17 07:30:00,2025-12-17 12:59:00,5.02,5.49,0.49
A01746,S2,2025-12-17 16:04:00,2025-12-17 23:38:00,7.54,7.57,3.08
A01746,S3,2025-12-17 23:55:00,2025-12-18 15:49:00,12.56,15.9,0.29
A01746,S4,2025-12-19 15:33:00,2025-12-19 22:52:00,10.05,7.33,23.73
A01746,S5,2025-12-19 23:19:00,2025-12-20 03:41:00,3.77,4.37,0.44
A01747,S1,2025-12-17 08:44:00,2025-12-17 14:19:00,6.24,5.58,1.73
A01747,S2,2025-12-17 15:06:00,2025-12-18 03:04:00,9.36,11.96,0.79
A01747,S3,2025-12-18 03:43:00,2025-12-19 04:05:00,15.6,24.37,0.65
A01747,S4,2025-12-19 11:48:00,2025-12-20 04:29:00,12.48,16.67,7.72
A01747,S5,2025-12-20 04:44:00,2025-12-20 10:12:00,4.68,5.47,0.26
A01748,S1,2025-12-18 07:58:00,2025-12-18 10:32:00,2.54,2.57,0.97
A01748,S2,2025-12-18 11:19:00,2025-12-18 15:11:00,3.82,3.86,0.79
A01748,S3,2025-12-18 15:18:00,2025-12-19 00:04:00,6.36,8.75,0.12
A01748,S4,2025-12-19 02:03:00,2025-12-19 05:13:00,5.09,3.17,1.99
A01748,S5,2025-12-19 06:42:00,2025-12-19 08:43:00,1.91,2.02,1.49
A01749,S1,2025-12-18 10:01:00,2025-12-18 13:17:00,2.68,3.26,3.02
A01749,S2,2025-12-18 18:02:00,2025-12-18 23:12:00,4.02,5.17,4.75
A01749,S3,2025-12-19 10:38:00,2025-12-19 17:44:00,6.7,7.1,11.43
A01749,S4,2025-12-19 18:54:00,2025-12-20 01:01:00,5.36,6.13,1.17
A01749,S5,2025-12-20 03:00:00,2025-12-20 05:19:00,2.01,2.33,1.97
A01750,S1,2025-12-18 07:03:00,2025-12-18 09:21:00,2.5,2.3,0.05
A01750,S2,2025-12-18 09:21:00,2025-12-18 14:18:00,3.75,4.94,0.01
A01750,S3,2025-12-18 15:01:00,2025-12-18 19:51:00,6.25,4.84,0.72
A01750,S4,2025-12-18 20:07:00,2025-12-19 02:22:00,5.0,6.24,0.27
A01750,S5,2025-12-19 03:07:00,2025-12-19 04:52:00,1.88,1.75,0.76
A01751,S1,2025-12-18 07:43:00,2025-12-18 10:53:00,2.86,3.16,0.72
A01751,S2,2025-12-18 13:30:00,2025-12-18 17:59:00,4.29,4.47,2.62
A01751,S3,2025-12-18 21:02:00,2025-12-19 07:31:00,7.15,10.48,3.05
A01751,S4,2025-12-19 11:03:00,2025-12-19 16:03:00,5.72,5.01,3.54
A01751,S5,2025-12-19 16:06:00,2025-12-19 18:25:00,2.14,2.32,0.05
A01752,S1,2025-12-18 07:03:00,2025-12-18 08:57:00,2.0,1.9,0.05
A01752,S2,2025-12-18 10:27:00,2025-12-18 13:29:00,3.0,3.03,1.5
A01752,S3,2025-12-18 17:49:00,2025-12-18 23:44:00,5.0,5.92,4.33
A01752,S4,2025-12-19 01:13:00,2025-12-19 03:40:00,4.0,2.46,1.47
A01752,S5,2025-12-19 03:49:00,2025-12-19 05:20:00,1.5,1.52,0.14
A01753,S1,2025-12-19 07:19:00,2025-12-19 11:27:00,4.8,4.14,0.32
A01753,S2,2025-12-19 11:45:00,2025-12-19 18:35:00,7.2,6.84,0.29
A01753,S3,2025-12-19 18:40:00,2025-12-20 04:54:00,12.0,10.22,0.09
A01753,S4,2025-12-20 04:54:00,2025-12-20 11:14:00,9.6,6.32,0.01
A01753,S5,2025-12-20 11:41:00,2025-12-20 15:37:00,3.6,3.93,0.46
A01754,S1,2025-12-19 07:29:00,2025-12-19 12:13:00,3.87,4.73,0.48
A01754,S2,2025-12-19 12:29:00,2025-12-19 19:21:00,5.81,6.86,0.28
A01754,S3,2025-12-19 20:08:00,2025-12-20 06:30:00,9.68,10.36,0.79
A01754,S4,2025-12-20 13:19:00,2025-12-20 22:26:00,7.74,9.11,6.82
A01754,S5,2025-12-20 22:29:00,2025-12-21 01:24:00,2.9,2.91,0.05
A01755,S1,2025-12-19 11:29:00,2025-12-19 17:11:00,5.88,5.69,4.49
A01755,S2,2025-12-19 22:53:00,2025-12-20 08:39:00,8.82,9.78,5.7
A01755,S3,2025-12-20 10:56:00,2025-12-21 02:00:00,14.7,15.06,2.27
A01755,S4,2025-12-21 06:42:00,2025-12-21 22:17:00,11.76,15.58,4.71
A01755,S5,2025-12-21 23:12:00,2025-12-22 03:21:00,4.41,4.14,0.92
A01756,S1,2025-12-19 07:06:00,2025-12-19 09:15:00,2.16,2.15,0.11
A01756,S2,2025-12-19 11:24:00,2025-12-19 15:08:00,3.24,3.74,2.15
A01756,S3,2025-12-19 21:22:00,2025-12-20 03:58:00,5.4,6.6,6.23
A01756,S4,2025-12-20 19:08:00,2025-12-20 23:12:00,4.32,4.07,15.17
A01756,S5,2025-12-21 01:32:00,2025-12-21 03:16:00,1.62,1.73,2.33
A01757,S1,2025-12-19 07:27:00,2025-12-19 12:05:00,4.86,4.64,0.45
A01757,S2,2025-12-19 15:39:00,2025-12-19 22:58:00,7.3,7.31,3.57
A01757,S3,2025-12-19 23:32:00,2025-12-20 12:43:00,12.16,13.19,0.56
A01757,S4,2025-12-20 16:29:00,2025-12-21 00:32:00,9.73,8.05,3.76
A01757,S5,2025-12-21 00:59:00,2025-12-21 05:34:00,3.65,4.6,0.45
A01758,S1,2025-12-20 07:21:00,2025-12-20 10:15:00,2.74,2.91,0.35
A01758,S2,2025-12-20 12:01:00,2025-12-20 15:21:00,4.11,3.33,1.76
A01758,S3,2025-12-20 16:14:00,2025-12-21 01:03:00,6.85,8.83,0.88
A01758,S4,2025-12-21 06:15:00,2025-12-21 16:20:00,5.48,10.09,5.19
A01758,S5,2025-12-21 22:33:00,2025-12-22 00:31:00,2.06,1.96,6.22
A01759,S1,2025-12-20 07:53:00,2025-12-20 10:05:00,2.43,2.19,0.89
A01759,S2,2025-12-20 10:12:00,2025-12-20 14:21:00,3.65,4.16,0.11
A01759,S3,2025-12-20 16:43:00,2025-12-20 23:00:00,6.08,6.29,2.36
A01759,S4,2025-12-22 01:28:00,2025-12-22 06:22:00,4.86,4.9,26.47
A01759,S5,2025-12-22 08:23:00,2025-12-22 10:12:00,1.82,1.83,2.01
A01760,S1,2025-12-20 07:43:00,2025-12-20 10:47:00,2.74,3.07,0.72
A01760,S2,2025-12-20 12:00:00,2025-12-20 16:31:00,4.1,4.52,1.21
A01760,S3,2025-12-20 18:19:00,2025-12-21 00:54:00,6.84,6.58,1.8
A01760,S4,2025-12-21 06:46:00,2025-12-21 15:59:00,5.47,9.22,5.86
A01760,S5,2025-12-21 18:06:00,2025-12-21 20:10:00,2.05,2.07,2.12
A01761,S1,2025-12-21 07:45:00,2025-12-21 10:09:00,2.35,2.4,0.75
A01761,S2,2025-12-21 10:55:00,2025-12-21 14:41:00,3.53,3.77,0.76
A01761,S3,2025-12-21 15:45:00,2025-12-21 23:11:00,5.88,7.44,1.06
A01761,S4,2025-12-21 23:42:00,2025-12-22 06:57:00,4.7,7.25,0.52
A01761,S5,2025-12-22 07:17:00,2025-12-22 09:18:00,1.76,2.02,0.32
A01762,S1,2025-12-21 08:43:00,2025-12-21 11:44:00,3.78,3.02,1.72
A01762,S2,2025-12-21 12:19:00,2025-12-21 18:17:00,5.66,5.96,0.58
A01762,S3,2025-12-22 01:08:00,2025-12-22 09:56:00,9.44,8.79,6.86
A01762,S4,2025-12-22 13:20:00,2025-12-22 19:09:00,7.55,5.82,3.41
A01762,S5,2025-12-23 01:12:00,2025-12-23 04:01:00,2.83,2.82,6.05
A01763,S1,2025-12-21 17:30:00,2025-12-21 22:00:00,3.94,4.51,10.49
A01763,S2,2025-12-22 00:21:00,2025-12-22 06:49:00,5.9,6.46,2.35
A01763,S3,2025-12-22 13:52:00,2025-12-23 01:33:00,9.84,11.69,7.05
A01763,S4,2025-12-23 03:37:00,2025-12-23 09:25:00,7.87,5.79,2.07
A01763,S5,2025-12-23 15:10:00,2025-12-23 18:34:00,2.95,3.4,5.76
A01764,S1,2025-12-21 09:07:00,2025-12-21 14:10:00,6.08,5.05,2.11
A01764,S2,2025-12-21 15:07:00,2025-12-22 01:40:00,9.12,10.55,0.95
A01764,S3,2025-12-22 08:17:00,2025-12-22 22:58:00,15.2,14.69,6.62
A01764,S4,2025-12-23 05:20:00,2025-12-24 02:02:00,12.16,20.69,6.36
A01764,S5,2025-12-24 10:23:00,2025-12-24 15:11:00,4.56,4.79,8.36
A01765,S1,2025-12-21 07:16:00,2025-12-21 09:39:00,2.08,2.38,0.26
A01765,S2,2025-12-21 12:34:00,2025-12-21 15:25:00,3.12,2.85,2.93
A01765,S3,2025-12-21 20:37:00,2025-12-22 03:08:00,5.2,6.51,5.2
A01765,S4,2025-12-22 16:49:00,2025-12-23 00:08:00,4.16,7.31,13.69
A01765,S5,2025-12-23 02:28:00,2025-12-23 03:53:00,1.56,1.42,2.34
A01766,S1,2025-12-21 08:18:00,2025-12-21 12:44:00,4.64,4.42,1.31
A01766,S2,2025-12-21 16:50:00,2025-12-22 00:35:00,6.96,7.75,4.1
A01766,S3,2025-12-22 03:12:00,2025-12-22 18:15:00,11.6,15.05,2.62
A01766,S4,2025-12-22 21:49:00,2025-12-23 04:54:00,9.28,7.07,3.57
A01766,S5,2025-12-23 06:21:00,2025-12-23 10:12:00,3.48,3.84,1.46
A01767,S1,2025-12-22 08:17:00,2025-12-22 12:49:00,4.9,4.54,1.28
A01767,S2,2025-12-22 14:11:00,2025-12-22 22:21:00,7.34,8.16,1.36
A01767,S3,2025-12-22 22:32:00,2025-12-23 14:44:00,12.24,16.2,0.19
A01767,S4,2025-12-23 19:23:00,2025-12-24 05:24:00,9.79,10.03,4.64
A01767,S5,2025-12-24 08:41:00,2025-12-24 12:14:00,3.67,3.55,3.28
A01768,S1,2025-12-22 08:07:00,2025-12-22 11:19:00,2.83,3.2,1.12
A01768,S2,2025-12-22 11:39:00,2025-12-22 16:09:00,4.25,4.51,0.32
A01768,S3,2025-12-22 19:17:00,2025-12-23 02:39:00,7.08,7.37,3.12
A01768,S4,2025-12-23 05:58:00,2025-12-23 13:28:00,5.66,7.5,3.32
A01768,S5,2025-12-23 13:55:00,2025-12-23 16:08:00,2.12,2.21,0.45
A01769,S1,2025-12-22 09:40:00,2025-12-22 13:52:00,3.62,4.2,2.67
A01769,S2,2025-12-22 14:18:00,2025-12-22 20:17:00,5.44,5.98,0.43
A01769,S3,2025-12-23 01:34:00,2025-12-23 12:49:00,9.06,11.24,5.29
A01769,S4,2025-12-23 12:59:00,2025-12-23 17:27:00,7.25,4.46,0.18
A01769,S5,2025-12-23 18:18:00,2025-12-23 21:03:00,2.72,2.75,0.86
A01770,S1,2025-12-22 08:37:00,2025-12-22 14:25:00,5.36,5.81,1.61
A01770,S2,2025-12-22 14:57:00,2025-12-22 22:41:00,8.04,7.74,0.54
A01770,S3,2025-12-22 23:15:00,2025-12-23 10:24:00,13.4,11.15,0.56
A01770,S4,2025-12-24 01:25:00,2025-12-24 09:23:00,10.72,7.96,15.02
A01770,S5,2025-12-24 09:44:00,2025-12-24 13:26:00,4.02,3.69,0.35
A01771,S1,2025-12-23 09:48:00,2025-12-23 13:08:00,3.1,3.33,2.8
A01771,S2,2025-12-23 14:29:00,2025-12-23 19:26:00,4.64,4.96,1.35
A01771,S3,2025-12-23 19:59:00,2025-12-24 04:13:00,7.74,8.25,0.54
A01771,S4,2025-12-24 10:08:00,2025-12-24 14:39:00,6.19,4.52,5.9
A01771,S5,2025-12-24 14:54:00,2025-12-24 16:57:00,2.32,2.05,0.25
A01772,S1,2025-12-23 07:46:00,2025-12-23 10:15:00,3.02,2.49,0.76
A01772,S2,2025-12-23 17:22:00,2025-12-23 21:05:00,4.54,3.73,7.11
A01772,S3,2025-12-23 21:09:00,2025-12-24 05:35:00,7.56,8.44,0.06
A01772,S4,2025-12-24 19:23:00,2025-12-25 01:09:00,6.05,5.76,13.81
A01772,S5,2025-12-25 02:35:00,2025-12-25 04:47:00,2.27,2.2,1.44
A01773,S1,2025-12-23 12:02:00,2025-12-23 14:10:00,2.14,2.14,5.03
A01773,S2,2025-12-23 16:42:00,2025-12-23 20:04:00,3.22,3.37,2.53
A01773,S3,2025-12-24 02:16:00,2025-12-24 09:16:00,5.36,6.99,6.2
A01773,S4,2025-12-24 16:46:00,2025-12-24 20:22:00,4.29,3.6,7.5
A01773,S5,2025-12-24 20:43:00,2025-12-24 22:27:00,1.61,1.74,0.35
A01774,S1,2025-12-23 07:15:00,2025-12-23 09:41:00,1.94,2.44,0.25
A01774,S2,2025-12-23 10:06:00,2025-12-23 12:44:00,2.9,2.62,0.41
A01774,S3,2025-12-23 17:00:00,2025-12-23 21:33:00,4.84,4.54,4.28
A01774,S4,2025-12-25 00:23:00,2025-12-25 05:01:00,3.87,4.63,26.83
A01774,S5,2025-12-25 05:46:00,2025-12-25 07:13:00,1.45,1.45,0.75
A01775,S1,2025-12-24 07:10:00,2025-12-24 11:37:00,3.84,4.45,0.17
A01775,S2,2025-12-24 12:32:00,2025-12-24 17:45:00,5.76,5.22,0.92
A01775,S3,2025-12-24 17:46:00,2025-12-25 01:12:00,9.6,7.43,0.01
A01775,S4,2025-12-25 02:36:00,2025-12-25 18:02:00,7.68,15.44,1.41
A01775,S5,2025-12-25 18:22:00,2025-12-25 21:50:00,2.88,3.46,0.34
A01776,S1,2025-12-24 07:35:00,2025-12-24 10:03:00,2.9,2.47,0.58
A01776,S2,2025-12-24 10:27:00,2025-12-24 15:12:00,4.36,4.74,0.4
A01776,S3,2025-12-24 15:42:00,2025-12-25 04:12:00,7.26,12.5,0.51
A01776,S4,2025-12-25 17:33:00,2025-12-26 01:09:00,5.81,7.61,13.34
A01776,S5,2025-12-26 01:21:00,2025-12-26 03:46:00,2.18,2.42,0.2
A01777,S1,2025-12-24 07:12:00,2025-12-24 09:43:00,2.16,2.5,0.21
A01777,S2,2025-12-24 10:07:00,2025-12-24 13:46:00,3.24,3.64,0.41
A01777,S3,2025-12-24 15:48:00,2025-12-24 22:14:00,5.4,6.43,2.04
A01777,S4,2025-12-25 05:45:00,2025-12-25 10:31:00,4.32,4.78,7.51
A01777,S5,2025-12-25 11:00:00,2025-12-25 12:40:00,1.62,1.67,0.48
A01778,S1,2025-12-24 08:46:00,2025-12-24 14:18:00,5.2,5.53,1.76
A01778,S2,2025-12-24 14:45:00,2025-12-24 20:51:00,7.8,6.09,0.46
A01778,S3,2025-12-25 01:41:00,2025-12-25 22:53:00,13.0,21.19,4.84
A01778,S4,2025-12-27 00:00:00,2025-12-27 13:13:00,10.4,13.21,25.12
A01778,S5,2025-12-27 13:13:00,2025-12-27 17:49:00,3.9,4.6,0.01
A01779,S1,2025-12-24 07:13:00,2025-12-24 12:30:00,5.88,5.29,0.21
A01779,S2,2025-12-24 15:30:00,2025-12-25 02:10:00,8.82,10.67,2.99
A01779,S3,2025-12-25 02:59:00,2025-12-25 14:29:00,14.7,11.5,0.82
A01779,S4,2025-12-25 15:14:00,2025-12-26 00:45:00,11.76,9.52,0.75
A01779,S5,2025-12-26 03:58:00,2025-12-26 07:55:00,4.41,3.94,3.23
A01780,S1,2025-12-24 11:03:00,2025-12-24 12:53:00,1.94,1.84,4.06
A01780,S2,2025-12-24 14:26:00,2025-12-24 17:34:00,2.9,3.13,1.54
A01780,S3,2025-12-24 18:30:00,2025-12-25 00:43:00,4.84,6.22,0.93
A01780,S4,2025-12-25 00:58:00,2025-12-25 06:19:00,3.87,5.34,0.25
A01780,S5,2025-12-25 07:49:00,2025-12-25 09:20:00,1.45,1.52,1.51
A01781,S1,2025-12-24 07:04:00,2025-12-24 10:06:00,2.86,3.03,0.07
A01781,S2,2025-12-24 17:09:00,2025-12-24 20:44:00,4.28,3.58,7.05
A01781,S3,2025-12-25 05:24:00,2025-12-25 14:20:00,7.14,8.93,8.67
A01781,S4,2025-12-25 17:30:00,2025-12-25 22:53:00,5.71,5.4,3.16
A01781,S5,2025-12-25 23:02:00,2025-12-26 01:04:00,2.14,2.02,0.15
A01782,S1,2025-12-24 08:03:00,2025-12-24 13:23:00,5.08,5.32,1.05
A01782,S2,2025-12-24 15:41:00,2025-12-24 23:55:00,7.62,8.23,2.3
A01782,S3,2025-12-25 01:12:00,2025-12-25 13:27:00,12.7,12.26,1.29
A01782,S4,2025-12-25 23:04:00,2025-12-26 08:36:00,10.16,9.54,9.6
A01782,S5,2025-12-26 10:24:00,2025-12-26 13:37:00,3.81,3.2,1.81
A01783,S1,2025-12-24 07:25:00,2025-12-24 10:31:00,3.55,3.1,0.42
A01783,S2,2025-12-24 12:09:00,2025-12-24 17:26:00,5.33,5.29,1.62
A01783,S3,2025-12-24 17:43:00,2025-12-25 02:06:00,8.88,8.38,0.28
A01783,S4,2025-12-25 05:07:00,2025-12-25 17:14:00,7.1,12.12,3.03
A01783,S5,2025-12-25 17:50:00,2025-12-25 20:37:00,2.66,2.79,0.6
A01784,S1,2025-12-25 07:56:00,2025-12-25 12:33:00,4.58,4.62,0.93
A01784,S2,2025-12-25 14:20:00,2025-12-25 21:30:00,6.86,7.17,1.77
A01784,S3,2025-12-25 23:43:00,2025-12-26 10:55:00,11.44,11.2,2.21
A01784,S4,2025-12-26 13:32:00,2025-12-26 23:33:00,9.15,10.01,2.63
A01784,S5,2025-12-27 00:01:00,2025-12-27 03:48:00,3.43,3.78,0.47
A01785,S1,2025-12-25 07:28:00,2025-12-25 13:00:00,5.52,5.52,0.47
A01785,S2,2025-12-25 15:45:00,2025-12-26 02:06:00,8.28,10.34,2.76
A01785,S3,2025-12-26 07:01:00,2025-12-26 18:40:00,13.8,11.65,4.92
A01785,S4,2025-12-26 20:34:00,2025-12-27 08:08:00,11.04,11.57,1.9
A01785,S5,2025-12-27 10:50:00,2025-12-27 14:53:00,4.14,4.04,2.7
A01786,S1,2025-12-25 07:01:00,2025-12-25 09:19:00,1.97,2.3,0.01
A01786,S2,2025-12-25 09:36:00,2025-12-25 12:15:00,2.95,2.66,0.28
A01786,S3,2025-12-26 16:28:00,2025-12-26 20:37:00,4.92,4.14,28.22
A01786,S4,2025-12-27 14:51:00,2025-12-27 19:14:00,3.94,4.38,18.25
A01786,S5,2025-12-27 21:08:00,2025-12-27 22:34:00,1.48,1.43,1.9
A01787,S1,2025-12-25 07:15:00,2025-12-25 09:06:00,1.98,1.86,0.24
A01787,S2,2025-12-25 10:11:00,2025-12-25 13:11:00,2.98,3.0,1.09
A01787,S3,2025-12-25 14:54:00,2025-12-25 19:56:00,4.96,5.04,1.71
A01787,S4,2025-12-27 10:10:00,2025-12-27 14:35:00,3.97,4.42,38.22
A01787,S5,2025-12-27 17:29:00,2025-12-27 18:56:00,1.49,1.46,2.9
A01788,S1,2025-12-25 07:46:00,2025-12-25 12:40:00,4.72,4.9,0.77
A01788,S2,2025-12-25 13:33:00,2025-12-25 20:58:00,7.08,7.4,0.88
A01788,S3,2025-12-26 08:42:00,2025-12-27 00:11:00,11.8,15.48,11.74
A01788,S4,2025-12-27 03:12:00,2025-12-27 13:35:00,9.44,10.38,3.01
A01788,S5,2025-12-27 14:00:00,2025-12-27 17:39:00,3.54,3.64,0.43
A01789,S1,2025-12-25 09:26:00,2025-12-25 12:10:00,2.05,2.74,2.43
A01789,S2,2025-12-25 14:53:00,2025-12-25 18:45:00,3.07,3.88,2.7
A01789,S3,2025-12-25 18:49:00,2025-12-26 01:22:00,5.12,6.55,0.05
A01789,S4,2025-12-26 02:56:00,2025-12-26 10:29:00,4.1,7.56,1.57
A01789,S5,2025-12-26 11:28:00,2025-12-26 13:05:00,1.54,1.62,0.97
A01790,S1,2025-12-26 08:12:00,2025-12-26 12:07:00,3.74,3.92,1.2
A01790,S2,2025-12-26 17:29:00,2025-12-27 01:09:00,5.62,7.66,5.37
A01790,S3,2025-12-27 09:17:00,2025-12-27 21:39:00,9.36,12.37,8.14
A01790,S4,2025-12-28 02:48:00,2025-12-28 15:04:00,7.49,12.28,5.14
A01790,S5,2025-12-28 15:43:00,2025-12-28 18:48:00,2.81,3.08,0.65
A01791,S1,2025-12-26 07:21:00,2025-12-26 13:12:00,4.68,5.85,0.35
A01791,S2,2025-12-26 14:35:00,2025-12-26 22:03:00,7.02,7.47,1.38
A01791,S3,2025-12-27 02:41:00,2025-12-27 12:05:00,11.7,9.41,4.62
A01791,S4,2025-12-28 06:50:00,2025-12-28 14:50:00,9.36,7.99,18.75
A01791,S5,2025-12-28 19:33:00,2025-12-28 23:14:00,3.51,3.68,4.72
A01792,S1,2025-12-27 08:25:00,2025-12-27 10:48:00,2.38,2.37,1.42
A01792,S2,2025-12-27 13:13:00,2025-12-27 16:25:00,3.57,3.2,2.43
A01792,S3,2025-12-28 03:56:00,2025-12-28 10:45:00,5.95,6.82,11.51
A01792,S4,2025-12-28 11:20:00,2025-12-28 16:19:00,4.76,4.98,0.58
A01792,S5,2025-12-28 17:04:00,2025-12-28 18:47:00,1.78,1.72,0.75
A01793,S1,2025-12-27 08:35:00,2025-12-27 10:53:00,2.38,2.3,1.59
A01793,S2,2025-12-27 14:02:00,2025-12-27 17:14:00,3.58,3.2,3.14
A01793,S3,2025-12-28 09:16:00,2025-12-28 16:07:00,5.96,6.85,16.05
A01793,S4,2025-12-28 22:37:00,2025-12-29 02:46:00,4.77,4.16,6.49
A01793,S5,2025-12-29 05:19:00,2025-12-29 07:14:00,1.79,1.92,2.54
A01794,S1,2025-12-27 07:40:00,2025-12-27 11:58:00,4.22,4.3,0.67
A01794,S2,2025-12-27 13:12:00,2025-12-27 21:01:00,6.34,7.82,1.23
A01794,S3,2025-12-28 04:15:00,2025-12-28 18:20:00,10.56,14.09,7.23
A01794,S4,2025-12-28 20:21:00,2025-12-29 09:11:00,8.45,12.83,2.02
A01794,S5,2025-12-29 09:29:00,2025-12-29 13:46:00,3.17,4.3,0.3
A01795,S1,2025-12-27 07:22:00,2025-12-27 12:57:00,5.32,5.58,0.37
A01795,S2,2025-12-27 13:14:00,2025-12-27 23:25:00,7.98,10.19,0.28
A01795,S3,2025-12-28 00:20:00,2025-12-28 17:08:00,13.3,16.81,0.91
A01795,S4,2025-12-29 06:50:00,2025-12-29 20:39:00,10.64,13.82,13.71
A01795,S5,2025-12-30 00:35:00,2025-12-30 04:38:00,3.99,4.05,3.93
A01796,S1,2025-12-27 07:04:00,2025-12-27 11:58:00,4.7,4.89,0.07
A01796,S2,2025-12-27 12:50:00,2025-12-27 20:00:00,7.06,7.16,0.87
A01796,S3,2025-12-27 21:09:00,2025-12-28 08:48:00,11.76,11.65,1.16
A01796,S4,2025-12-28 11:40:00,2025-12-28 21:22:00,9.41,9.7,2.86
A01796,S5,2025-12-28 22:26:00,2025-12-29 01:56:00,3.53,3.5,1.07
A01797,S1,2025-12-28 07:17:00,2025-12-28 10:24:00,2.4,3.1,0.29
A01797,S2,2025-12-28 12:56:00,2025-12-28 18:09:00,3.6,5.21,2.55
A01797,S3,2025-12-28 20:13:00,2025-12-29 04:46:00,6.0,8.56,2.07
A01797,S4,2025-12-29 12:00:00,2025-12-29 18:46:00,4.8,6.76,7.23
A01797,S5,2025-12-29 22:51:00,2025-12-30 00:48:00,1.8,1.96,4.08
A01798,S1,2025-12-28 07:17:00,2025-12-28 09:49:00,2.43,2.53,0.28
A01798,S2,2025-12-28 12:05:00,2025-12-28 16:15:00,3.65,4.16,2.27
A01798,S3,2025-12-28 18:10:00,2025-12-28 22:32:00,6.08,4.37,1.91
A01798,S4,2025-12-29 10:13:00,2025-12-29 19:06:00,4.86,8.89,11.68
A01798,S5,2025-12-29 20:02:00,2025-12-29 22:24:00,1.82,2.36,0.93
A01799,S1,2025-12-28 07:34:00,2025-12-28 10:46:00,3.55,3.19,0.57
A01799,S2,2025-12-28 11:43:00,2025-12-28 17:26:00,5.33,5.71,0.96
A01799,S3,2025-12-28 19:41:00,2025-12-29 03:02:00,8.88,7.35,2.26
A01799,S4,2025-12-29 03:23:00,2025-12-29 10:52:00,7.1,7.49,0.35
A01799,S5,2025-12-29 13:25:00,2025-12-29 16:07:00,2.66,2.7,2.54
A01800,S1,2025-12-29 08:35:00,2025-12-29 11:00:00,2.26,2.42,1.58
A01800,S2,2025-12-29 12:05:00,2025-12-29 15:47:00,3.39,3.7,1.09
A01800,S3,2025-12-29 21:18:00,2025-12-30 01:58:00,5.65,4.67,5.51
A01800,S4,2025-12-30 11:33:00,2025-12-30 18:20:00,4.52,6.78,9.58
A01800,S5,2025-12-30 20:51:00,2025-12-30 22:34:00,1.69,1.72,2.52
A01801,S1,2025-12-29 07:47:00,2025-12-29 11:32:00,4.13,3.75,0.78
A01801,S2,2025-12-29 18:09:00,2025-12-30 01:19:00,6.19,7.18,6.62
A01801,S3,2025-12-30 07:04:00,2025-12-30 19:04:00,10.32,12.0,5.74
A01801,S4,2025-12-31 00:14:00,2025-12-31 12:08:00,8.26,11.9,5.17
A01801,S5,2025-12-31 13:30:00,2025-12-31 16:08:00,3.1,2.64,1.36
A01802,S1,2025-12-29 07:36:00,2025-12-29 10:23:00,2.34,2.77,0.61
A01802,S2,2025-12-29 10:44:00,2025-12-29 14:49:00,3.51,4.08,0.36
A01802,S3,2025-12-29 15:03:00,2025-12-29 21:14:00,5.85,6.2,0.23
A01802,S4,2025-12-29 22:29:00,2025-12-30 03:13:00,4.68,4.74,1.24
A01802,S5,2025-12-30 05:44:00,2025-12-30 07:39:00,1.76,1.92,2.51
A01803,S1,2025-12-29 07:16:00,2025-12-29 09:30:00,2.28,2.25,0.26
A01803,S2,2025-12-29 14:36:00,2025-12-29 18:14:00,3.42,3.63,5.09
A01803,S3,2025-12-29 19:34:00,2025-12-30 01:01:00,5.7,5.45,1.34
A01803,S4,2025-12-30 06:53:00,2025-12-30 12:06:00,4.56,5.21,5.86
A01803,S5,2025-12-30 14:26:00,2025-12-30 16:15:00,1.71,1.81,2.34
A01804,S1,2025-12-29 07:03:00,2025-12-29 13:12:00,5.8,6.15,0.05
A01804,S2,2025-12-29 13:41:00,2025-12-30 00:15:00,8.7,10.56,0.48
A01804,S3,2025-12-30 03:25:00,2025-12-30 18:01:00,14.5,14.6,3.17
A01804,S4,2025-12-30 19:53:00,2025-12-31 04:47:00,11.6,8.91,1.86
A01804,S5,2025-12-31 05:54:00,2025-12-31 10:21:00,4.35,4.45,1.11
A01805,S1,2025-12-30 09:04:00,2025-12-30 14:33:00,4.54,5.49,2.06
A01805,S2,2025-12-30 15:39:00,2025-12-31 00:43:00,6.82,9.06,1.1
A01805,S3,2025-12-31 07:19:00,2025-12-31 16:43:00,11.36,9.4,6.6
A01805,S4,2025-12-31 19:09:00,2026-01-01 03:32:00,9.09,8.39,2.44
A01805,S5,2026-01-01 04:33:00,2026-01-01 08:11:00,3.41,3.63,1.01
A01806,S1,2025-12-30 07:20:00,2025-12-30 10:05:00,2.8,2.75,0.33
A01806,S2,2025-12-30 14:19:00,2025-12-30 18:19:00,4.2,4.01,4.24
A01806,S3,2025-12-30 20:03:00,2025-12-31 04:38:00,7.0,8.57,1.73
A01806,S4,2025-12-31 10:02:00,2025-12-31 18:35:00,5.6,8.55,5.41
A01806,S5,2025-12-31 22:39:00,2026-01-01 00:43:00,2.1,2.07,4.07
A01807,S1,2025-12-30 09:06:00,2025-12-30 10:45:00,1.98,1.66,2.1
A01807,S2,2025-12-30 14:54:00,2025-12-30 18:23:00,2.98,3.49,4.14
A01807,S3,2025-12-30 22:37:00,2025-12-31 04:18:00,4.96,5.68,4.23
A01807,S4,2025-12-31 05:23:00,2025-12-31 07:53:00,3.97,2.51,1.09
A01807,S5,2025-12-31 11:39:00,2025-12-31 13:17:00,1.49,1.63,3.76
A01808,S1,2025-12-30 07:59:00,2025-12-30 10:20:00,2.16,2.34,0.99
A01808,S2,2025-12-30 17:30:00,2025-12-30 20:54:00,3.24,3.39,7.17
A01808,S3,2025-12-30 21:47:00,2025-12-31 04:46:00,5.4,6.98,0.9
A01808,S4,2025-12-31 07:20:00,2025-12-31 13:06:00,4.32,5.76,2.57
A01808,S5,2025-12-31 14:09:00,2025-12-31 15:48:00,1.62,1.65,1.05
A01809,S1,2025-12-30 09:29:00,2025-12-30 11:54:00,2.7,2.42,2.49
A01809,S2,2025-12-30 12:57:00,2025-12-30 17:38:00,4.05,4.67,1.05
A01809,S3,2025-12-30 18:28:00,2025-12-31 00:11:00,6.75,5.72,0.83
A01809,S4,2025-12-31 07:25:00,2025-12-31 12:20:00,5.4,4.91,7.24
A01809,S5,2025-12-31 13:51:00,2025-12-31 15:59:00,2.03,2.14,1.51
A01810,S1,2025-12-31 07:05:00,2025-12-31 11:17:00,4.6,4.2,0.08
A01810,S2,2025-12-31 11:55:00,2025-12-31 18:26:00,6.9,6.52,0.63
A01810,S3,2025-12-31 22:00:00,2026-01-01 15:35:00,11.5,17.57,3.58
A01810,S4,2026-01-01 21:29:00,2026-01-02 06:26:00,9.2,8.96,5.9
A01810,S5,2026-01-02 08:06:00,2026-01-02 12:04:00,3.45,3.96,1.67
A01811,S1,2025-12-31 08:51:00,2025-12-31 11:37:00,2.46,2.77,1.85
A01811,S2,2025-12-31 12:44:00,2025-12-31 17:14:00,3.7,4.51,1.11
A01811,S3,2025-12-31 19:57:00,2026-01-01 02:07:00,6.16,6.17,2.71
A01811,S4,2026-01-01 07:22:00,2026-01-01 14:50:00,4.93,7.47,5.25
A01811,S5,2026-01-01 15:04:00,2026-01-01 16:45:00,1.85,1.68,0.23
A01812,S1,2025-12-31 07:34:00,2025-12-31 09:48:00,2.3,2.24,0.56
A01812,S2,2025-12-31 13:51:00,2025-12-31 16:55:00,3.46,3.07,4.05
A01812,S3,2025-12-31 21:03:00,2026-01-01 02:34:00,5.76,5.51,4.14
A01812,S4,2026-01-01 06:47:00,2026-01-01 11:47:00,4.61,4.99,4.23
A01812,S5,2026-01-01 13:03:00,2026-01-01 14:42:00,1.73,1.65,1.28
A01813,S1,2026-01-01 08:13:00,2026-01-01 11:22:00,2.66,3.15,1.21
A01813,S2,2026-01-01 12:15:00,2026-01-01 16:23:00,4.0,4.14,0.89
A01813,S3,2026-01-01 16:54:00,2026-01-02 00:57:00,6.66,8.05,0.51
A01813,S4,2026-01-02 07:38:00,2026-01-02 11:31:00,5.33,3.88,6.69
A01813,S5,2026-01-02 14:19:00,2026-01-02 16:43:00,2.0,2.4,2.8
A01814,S1,2026-01-01 07:37:00,2026-01-01 09:56:00,2.27,2.32,0.62
A01814,S2,2026-01-01 13:50:00,2026-01-01 17:33:00,3.41,3.72,3.89
A01814,S3,2026-01-01 18:11:00,2026-01-01 22:41:00,5.68,4.5,0.63
A01814,S4,2026-01-02 01:59:00,2026-01-02 07:33:00,4.54,5.57,3.29
A01814,S5,2026-01-02 08:30:00,2026-01-02 10:31:00,1.7,2.02,0.95
A01815,S1,2026-01-01 08:35:00,2026-01-01 12:53:00,3.74,4.3,1.59
A01815,S2,2026-01-01 17:11:00,2026-01-01 23:21:00,5.62,6.17,4.29
A01815,S3,2026-01-02 00:26:00,2026-01-02 15:04:00,9.36,14.63,1.08
A01815,S4,2026-01-02 19:12:00,2026-01-03 05:25:00,7.49,10.22,4.13
A01815,S5,2026-01-03 05:28:00,2026-01-03 08:34:00,2.81,3.09,0.06
A01816,S1,2026-01-01 08:50:00,2026-01-01 12:43:00,3.6,3.89,1.83
A01816,S2,2026-01-01 13:54:00,2026-01-01 20:46:00,5.4,6.86,1.19
A01816,S3,2026-01-01 23:18:00,2026-01-02 07:58:00,9.0,8.67,2.53
A01816,S4,2026-01-02 07:59:00,2026-01-02 13:38:00,7.2,5.66,0.01
A01816,S5,2026-01-02 14:49:00,2026-01-02 17:32:00,2.7,2.72,1.18
A01817,S1,2026-01-02 08:18:00,2026-01-02 14:29:00,5.44,6.17,1.31
A01817,S2,2026-01-02 15:09:00,2026-01-02 23:15:00,8.16,8.11,0.67
A01817,S3,2026-01-03 03:09:00,2026-01-03 15:28:00,13.6,12.32,3.89
A01817,S4,2026-01-05 18:11:00,2026-01-06 09:37:00,10.88,15.43,50.71
A01817,S5,2026-01-06 15:46:00,2026-01-06 20:44:00,4.08,4.98,6.15
A01818,S1,2026-01-02 07:01:00,2026-01-02 12:12:00,5.8,5.18,0.02
A01818,S2,2026-01-02 17:55:00,2026-01-03 01:25:00,8.7,7.5,5.72
A01818,S3,2026-01-03 01:38:00,2026-01-03 15:58:00,14.5,14.34,0.22
A01818,S4,2026-01-03 16:38:00,2026-01-04 07:12:00,11.6,14.57,0.66
A01818,S5,2026-01-04 09:52:00,2026-01-04 15:00:00,4.35,5.13,2.67
A01819,S1,2026-01-02 07:03:00,2026-01-02 12:16:00,5.28,5.21,0.05
A01819,S2,2026-01-02 12:33:00,2026-01-02 19:57:00,7.92,7.41,0.29
A01819,S3,2026-01-03 02:02:00,2026-01-03 14:48:00,13.2,12.76,6.08
A01819,S4,2026-01-04 13:11:00,2026-01-05 00:17:00,10.56,11.11,22.38
A01819,S5,2026-01-05 00:34:00,2026-01-05 04:41:00,3.96,4.12,0.27
A01820,S1,2026-01-02 10:28:00,2026-01-02 16:44:00,5.64,6.28,3.46
A01820,S2,2026-01-02 19:26:00,2026-01-03 04:37:00,8.46,9.17,2.7
A01820,S3,2026-01-03 12:55:00,2026-01-04 09:20:00,14.1,20.42,8.3
A01820,S4,2026-01-04 10:01:00,2026-01-04 22:11:00,11.28,12.17,0.68
A01820,S5,2026-01-05 00:04:00,2026-01-05 04:54:00,4.23,4.82,1.9
A01821,S1,2026-01-02 07:48:00,2026-01-02 11:52:00,3.94,4.06,0.81
A01821,S2,2026-01-02 11:56:00,2026-01-02 17:26:00,5.9,5.49,0.08
A01821,S3,2026-01-02 17:27:00,2026-01-03 03:39:00,9.84,10.2,0.02
A01821,S4,2026-01-03 09:24:00,2026-01-03 22:09:00,7.87,12.75,5.75
A01821,S5,2026-01-04 05:14:00,2026-01-04 09:02:00,2.95,3.8,7.08
A01822,S1,2026-01-03 07:04:00,2026-01-03 09:37:00,2.88,2.55,0.07
A01822,S2,2026-01-03 10:28:00,2026-01-03 14:40:00,4.32,4.2,0.84
A01822,S3,2026-01-03 19:40:00,2026-01-04 01:25:00,7.2,5.74,5.01
A01822,S4,2026-01-04 04:23:00,2026-01-04 10:48:00,5.76,6.41,2.97
A01822,S5,2026-01-04 12:07:00,2026-01-04 14:29:00,2.16,2.37,1.32
A01823,S1,2026-01-03 07:55:00,2026-01-03 14:19:00,5.76,6.39,0.92
A01823,S2,2026-01-03 15:12:00,2026-01-03 23:50:00,8.64,8.62,0.9
A01823,S3,2026-01-04 00:48:00,2026-01-04 14:42:00,14.4,13.89,0.98
A01823,S4,2026-01-04 16:23:00,2026-01-05 03:32:00,11.52,11.16,1.68
A01823,S5,2026-01-05 04:02:00,2026-01-05 09:01:00,4.32,4.98,0.49
A01824,S1,2026-01-03 08:37:00,2026-01-03 11:53:00,3.29,3.27,1.61
A01824,S2,2026-01-03 12:26:00,2026-01-03 17:47:00,4.93,5.34,0.56
A01824,S3,2026-01-03 20:33:00,2026-01-04 02:44:00,8.22,6.18,2.78
A01824,S4,2026-01-04 03:05:00,2026-01-04 10:03:00,6.58,6.95,0.35
A01824,S5,2026-01-04 10:19:00,2026-01-04 13:07:00,2.47,2.79,0.28
A01825,S1,2026-01-03 07:08:00,2026-01-03 13:41:00,6.32,6.55,0.14
A01825,S2,2026-01-03 14:33:00,2026-01-03 23:16:00,9.48,8.72,0.87
A01825,S3,2026-01-04 01:51:00,2026-01-04 15:43:00,15.8,13.86,2.59
A01825,S4,2026-01-04 17:41:00,2026-01-05 03:13:00,12.64,9.52,1.97
A01825,S5,2026-01-05 03:19:00,2026-01-05 08:08:00,4.74,4.81,0.12
A01826,S1,2026-01-04 09:03:00,2026-01-04 13:11:00,5.2,4.13,2.05
A01826,S2,2026-01-04 16:02:00,2026-01-05 00:20:00,7.8,8.29,2.85
A01826,S3,2026-01-05 05:18:00,2026-01-05 19:49:00,13.0,14.52,4.96
A01826,S4,2026-01-06 10:19:00,2026-01-06 18:50:00,10.4,8.51,14.51
A01826,S5,2026-01-07 00:04:00,2026-01-07 04:10:00,3.9,4.09,5.23
A01827,S1,2026-01-04 09:33:00,2026-01-04 14:27:00,4.03,4.91,2.55
A01827,S2,2026-01-04 15:30:00,2026-01-04 21:38:00,6.05,6.14,1.04
A01827,S3,2026-01-04 22:01:00,2026-01-05 08:09:00,10.08,10.13,0.38
A01827,S4,2026-01-06 05:56:00,2026-01-06 14:36:00,8.06,8.66,21.79
A01827,S5,2026-01-06 15:17:00,2026-01-06 18:45:00,3.02,3.47,0.69
A01828,S1,2026-01-05 08:18:00,2026-01-05 15:56:00,5.8,7.62,1.31
A01828,S2,2026-01-05 16:24:00,2026-01-06 02:14:00,8.7,9.84,0.47
A01828,S3,2026-01-06 05:32:00,2026-01-06 17:35:00,14.5,12.05,3.3
A01828,S4,2026-01-06 21:54:00,2026-01-07 16:02:00,11.6,18.14,4.31
A01828,S5,2026-01-07 16:21:00,2026-01-07 21:16:00,4.35,4.91,0.31
A01829,S1,2026-01-05 09:16:00,2026-01-05 11:18:00,2.0,2.04,2.27
A01829,S2,2026-01-05 13:01:00,2026-01-05 16:07:00,3.0,3.1,1.71
A01829,S3,2026-01-05 17:00:00,2026-01-05 21:49:00,5.0,4.81,0.89
A01829,S4,2026-01-06 00:47:00,2026-01-06 03:40:00,4.0,2.88,2.97
A01829,S5,2026-01-06 05:18:00,2026-01-06 06:54:00,1.5,1.6,1.64
A01830,S1,2026-01-05 07:30:00,2026-01-05 13:09:00,5.64,5.65,0.5
A01830,S2,2026-01-05 13:57:00,2026-01-05 23:15:00,8.46,9.3,0.79
A01830,S3,2026-01-06 00:00:00,2026-01-06 14:34:00,14.1,14.58,0.75
A01830,S4,2026-01-06 23:03:00,2026-01-07 13:16:00,11.28,14.22,8.47
A01830,S5,2026-01-07 13:59:00,2026-01-07 18:21:00,4.23,4.37,0.72
A01831,S1,2026-01-06 07:12:00,2026-01-06 09:12:00,1.74,2.0,0.21
A01831,S2,2026-01-06 11:58:00,2026-01-06 14:13:00,2.62,2.25,2.76
A01831,S3,2026-01-06 15:21:00,2026-01-06 19:08:00,4.36,3.8,1.13
A01831,S4,2026-01-07 14:36:00,2026-01-07 18:57:00,3.49,4.35,19.45
A01831,S5,2026-01-07 19:02:00,2026-01-07 20:06:00,1.31,1.07,0.09
A01832,S1,2026-01-06 07:24:00,2026-01-06 09:45:00,2.76,2.35,0.41
A01832,S2,2026-01-06 10:26:00,2026-01-06 14:00:00,4.14,3.57,0.67
A01832,S3,2026-01-06 17:44:00,2026-01-07 02:12:00,6.9,8.48,3.73
A01832,S4,2026-01-07 05:45:00,2026-01-07 11:44:00,5.52,5.97,3.55
A01832,S5,2026-01-07 14:11:00,2026-01-07 16:40:00,2.07,2.49,2.46
A01833,S1,2026-01-06 08:31:00,2026-01-06 11:56:00,2.86,3.4,1.52
A01833,S2,2026-01-06 15:54:00,2026-01-06 21:14:00,4.29,5.33,3.97
A01833,S3,2026-01-06 21:55:00,2026-01-07 10:02:00,7.15,12.13,0.69
A01833,S4,2026-01-07 15:36:00,2026-01-07 21:39:00,5.72,6.05,5.57
A01833,S5,2026-01-07 22:36:00,2026-01-08 01:16:00,2.14,2.67,0.94
A01834,S1,2026-01-06 07:32:00,2026-01-06 10:13:00,3.43,2.69,0.53
A01834,S2,2026-01-06 11:56:00,2026-01-06 17:16:00,5.15,5.33,1.72
A01834,S3,2026-01-06 17:26:00,2026-01-07 01:00:00,8.58,7.57,0.17
A01834,S4,2026-01-07 04:13:00,2026-01-07 10:15:00,6.86,6.05,3.2
A01834,S5,2026-01-07 11:04:00,2026-01-07 13:46:00,2.57,2.7,0.81
A01835,S1,2026-01-06 07:29:00,2026-01-06 10:05:00,2.43,2.61,0.48
A01835,S2,2026-01-06 10:36:00,2026-01-06 14:31:00,3.65,3.92,0.5
A01835,S3,2026-01-06 15:34:00,2026-01-06 21:47:00,6.08,6.21,1.06
A01835,S4,2026-01-06 23:36:00,2026-01-07 05:50:00,4.86,6.24,1.81
A01835,S5,2026-01-07 06:13:00,2026-01-07 07:59:00,1.82,1.77,0.39
A01836,S1,2026-01-06 09:24:00,2026-01-06 12:03:00,2.52,2.65,2.41
A01836,S2,2026-01-06 12:59:00,2026-01-06 17:51:00,3.78,4.86,0.92
A01836,S3,2026-01-06 19:47:00,2026-01-07 02:40:00,6.3,6.9,1.93
A01836,S4,2026-01-07 07:03:00,2026-01-07 11:57:00,5.04,4.89,4.38
A01836,S5,2026-01-07 12:49:00,2026-01-07 14:44:00,1.89,1.92,0.87
A01837,S1,2026-01-06 08:38:00,2026-01-06 12:00:00,3.1,3.37,1.63
A01837,S2,2026-01-06 13:18:00,2026-01-06 18:49:00,4.65,5.53,1.29
A01837,S3,2026-01-06 23:23:00,2026-01-07 05:59:00,7.75,6.6,4.56
A01837,S4,2026-01-07 15:11:00,2026-01-07 22:49:00,6.2,7.63,9.2
A01837,S5,2026-01-08 01:15:00,2026-01-08 03:49:00,2.33,2.56,2.43
A01838,S1,2026-01-07 07:27:00,2026-01-07 11:20:00,3.06,3.88,0.46
A01838,S2,2026-01-07 11:40:00,2026-01-07 18:53:00,4.59,7.23,0.33
A01838,S3,2026-01-07 23:52:00,2026-01-08 09:22:00,7.65,9.5,4.98
A01838,S4,2026-01-08 21:01:00,2026-01-09 05:52:00,6.12,8.85,11.65
A01838,S5,2026-01-09 07:18:00,2026-01-09 09:16:00,2.3,1.95,1.44
A01839,S1,2026-01-07 08:20:00,2026-01-07 10:42:00,2.27,2.36,1.34
A01839,S2,2026-01-07 12:21:00,2026-01-07 16:34:00,3.41,4.21,1.66
A01839,S3,2026-01-08 02:12:00,2026-01-08 07:39:00,5.68,5.45,9.63
A01839,S4,2026-01-10 10:12:00,2026-01-10 15:55:00,4.54,5.71,50.55
A01839,S5,2026-01-10 17:48:00,2026-01-10 19:31:00,1.7,1.7,1.89
A01840,S1,2026-01-07 08:09:00,2026-01-07 12:57:00,4.24,4.8,1.15
A01840,S2,2026-01-07 14:21:00,2026-01-07 21:36:00,6.36,7.24,1.4
A01840,S3,2026-01-07 22:09:00,2026-01-08 12:46:00,10.6,14.63,0.55
A01840,S4,2026-01-09 02:45:00,2026-01-09 05:54:00,8.48,3.15,13.98
A01840,S5,2026-01-09 09:36:00,2026-01-09 12:47:00,3.18,3.19,3.69
A01841,S1,2026-01-07 07:16:00,2026-01-07 09:13:00,2.14,1.95,0.26
A01841,S2,2026-01-07 14:24:00,2026-01-07 18:04:00,3.21,3.66,5.19
A01841,S3,2026-01-07 18:21:00,2026-01-07 23:20:00,5.35,4.99,0.29
A01841,S4,2026-01-08 16:09:00,2026-01-08 19:19:00,4.28,3.17,16.81
A01841,S5,2026-01-08 19:57:00,2026-01-08 21:37:00,1.6,1.66,0.62
A01842,S1,2026-01-08 07:51:00,2026-01-08 12:37:00,4.4,4.76,0.85
A01842,S2,2026-01-08 16:05:00,2026-01-08 23:18:00,6.6,7.21,3.46
A01842,S3,2026-01-09 01:13:00,2026-01-09 13:21:00,11.0,12.13,1.92
A01842,S4,2026-01-09 17:01:00,2026-01-10 06:34:00,8.8,13.55,3.67
A01842,S5,2026-01-10 07:50:00,2026-01-10 11:33:00,3.3,3.72,1.26
A01843,S1,2026-01-08 08:56:00,2026-01-08 11:28:00,3.04,2.54,1.93
A01843,S2,2026-01-08 15:12:00,2026-01-08 20:23:00,4.56,5.18,3.73
A01843,S3,2026-01-09 00:33:00,2026-01-09 09:02:00,7.6,8.49,4.16
A01843,S4,2026-01-10 03:24:00,2026-01-10 08:15:00,6.08,4.86,18.36
A01843,S5,2026-01-10 09:08:00,2026-01-10 11:14:00,2.28,2.1,0.89
A01844,S1,2026-01-08 09:33:00,2026-01-08 15:45:00,5.68,6.2,2.54
A01844,S2,2026-01-08 16:28:00,2026-01-09 01:55:00,8.52,9.45,0.73
A01844,S3,2026-01-09 02:13:00,2026-01-09 15:20:00,14.2,13.11,0.3
A01844,S4,2026-01-10 02:35:00,2026-01-10 13:24:00,11.36,10.81,11.25
A01844,S5,2026-01-10 15:59:00,2026-01-10 21:03:00,4.26,5.07,2.59
A01845,S1,2026-01-08 08:02:00,2026-01-08 11:56:00,3.36,3.9,1.03
A01845,S2,2026-01-08 13:59:00,2026-01-08 19:27:00,5.04,5.47,2.06
A01845,S3,2026-01-09 00:03:00,2026-01-09 07:15:00,8.4,7.21,4.59
A01845,S4,2026-01-09 13:26:00,2026-01-10 00:26:00,6.72,10.99,6.19
A01845,S5,2026-01-10 05:29:00,2026-01-10 08:39:00,2.52,3.16,5.06
A01846,S1,2026-01-09 07:14:00,2026-01-09 12:50:00,5.36,5.6,0.23
A01846,S2,2026-01-09 12:55:00,2026-01-09 20:12:00,8.04,7.28,0.1
A01846,S3,2026-01-09 21:15:00,2026-01-10 10:33:00,13.4,13.3,1.04
A01846,S4,2026-01-10 14:43:00,2026-01-10 22:34:00,10.72,7.84,4.17
A01846,S5,2026-01-11 01:29:00,2026-01-11 05:30:00,4.02,4.01,2.92
A01847,S1,2026-01-09 07:36:00,2026-01-09 09:54:00,1.98,2.3,0.6
A01847,S2,2026-01-09 11:25:00,2026-01-09 14:25:00,2.98,3.0,1.52
A01847,S3,2026-01-09 16:48:00,2026-01-09 23:42:00,4.96,6.89,2.39
A01847,S4,2026-01-10 22:42:00,2026-01-11 06:09:00,3.97,7.45,23.01
A01847,S5,2026-01-11 06:47:00,2026-01-11 08:21:00,1.49,1.56,0.63
A01848,S1,2026-01-10 08:05:00,2026-01-10 11:43:00,3.65,3.63,1.08
A01848,S2,2026-01-10 15:57:00,2026-01-10 21:08:00,5.47,5.17,4.24
A01848,S3,2026-01-11 01:06:00,2026-01-11 12:04:00,9.12,10.98,3.96
A01848,S4,2026-01-11 13:21:00,2026-01-11 19:06:00,7.3,5.75,1.27
A01848,S5,2026-01-11 20:39:00,2026-01-11 23:16:00,2.74,2.61,1.56
A01849,S1,2026-01-10 07:16:00,2026-01-10 09:30:00,1.95,2.23,0.27
A01849,S2,2026-01-10 10:39:00,2026-01-10 13:30:00,2.93,2.84,1.15
A01849,S3,2026-01-10 13:38:00,2026-01-10 18:48:00,4.88,5.15,0.14
A01849,S4,2026-01-11 06:30:00,2026-01-11 08:50:00,3.9,2.33,11.71
A01849,S5,2026-01-11 10:19:00,2026-01-11 11:53:00,1.46,1.56,1.48
A01850,S1,2026-01-10 09:12:00,2026-01-10 12:59:00,3.6,3.79,2.2
A01850,S2,2026-01-10 13:51:00,2026-01-10 19:02:00,5.4,5.19,0.86
A01850,S3,2026-01-10 19:24:00,2026-01-11 05:27:00,9.0,10.04,0.37
A01850,S4,2026-01-11 05:56:00,2026-01-11 09:25:00,7.2,3.48,0.5
A01850,S5,2026-01-11 12:16:00,2026-01-11 15:05:00,2.7,2.81,2.85
A01851,S1,2026-01-10 09:06:00,2026-01-10 14:40:00,5.72,5.58,2.1
A01851,S2,2026-01-10 14:45:00,2026-01-10 22:13:00,8.58,7.47,0.08
A01851,S3,2026-01-10 23:19:00,2026-01-11 13:38:00,14.3,14.32,1.09
A01851,S4,2026-01-11 14:12:00,2026-01-11 22:42:00,11.44,8.51,0.56
A01851,S5,2026-01-12 05:31:00,2026-01-12 10:48:00,4.29,5.29,6.82
A01852,S1,2026-01-10 08:01:00,2026-01-10 09:46:00,1.71,1.75,1.02
A01852,S2,2026-01-10 11:43:00,2026-01-10 14:15:00,2.57,2.53,1.96
A01852,S3,2026-01-10 15:55:00,2026-01-10 19:37:00,4.28,3.69,1.67
A01852,S4,2026-01-11 00:09:00,2026-01-11 03:45:00,3.42,3.6,4.54
A01852,S5,2026-01-11 05:11:00,2026-01-11 06:27:00,1.28,1.27,1.42
A01853,S1,2026-01-10 09:20:00,2026-01-10 15:20:00,4.96,6.0,2.34
A01853,S2,2026-01-10 15:29:00,2026-01-11 01:48:00,7.44,10.32,0.15
A01853,S3,2026-01-11 02:14:00,2026-01-11 16:42:00,12.4,14.46,0.42
A01853,S4,2026-01-11 17:58:00,2026-01-12 11:31:00,9.92,17.56,1.27
A01853,S5,2026-01-12 11:52:00,2026-01-12 15:22:00,3.72,3.51,0.34
A01854,S1,2026-01-10 07:52:00,2026-01-10 12:08:00,4.84,4.26,0.87
A01854,S2,2026-01-10 14:23:00,2026-01-10 21:37:00,7.26,7.23,2.26
A01854,S3,2026-01-10 22:15:00,2026-01-11 10:07:00,12.1,11.88,0.63
A01854,S4,2026-01-11 10:17:00,2026-01-11 18:35:00,9.68,8.3,0.16
A01854,S5,2026-01-11 18:40:00,2026-01-11 22:06:00,3.63,3.43,0.09
A01855,S1,2026-01-10 09:08:00,2026-01-10 12:15:00,3.41,3.11,2.14
A01855,S2,2026-01-10 13:48:00,2026-01-10 18:15:00,5.11,4.44,1.55
A01855,S3,2026-01-11 03:54:00,2026-01-11 13:10:00,8.52,9.26,9.66
A01855,S4,2026-01-11 19:59:00,2026-01-12 02:50:00,6.82,6.85,6.83
A01855,S5,2026-01-12 04:02:00,2026-01-12 06:49:00,2.56,2.78,1.19
A01856,S1,2026-01-10 07:12:00,2026-01-10 09:28:00,2.21,2.28,0.19
A01856,S2,2026-01-10 09:29:00,2026-01-10 12:47:00,3.31,3.29,0.02
A01856,S3,2026-01-10 13:12:00,2026-01-10 19:35:00,5.52,6.37,0.43
A01856,S4,2026-01-11 02:13:00,2026-01-11 05:42:00,4.42,3.49,6.64
A01856,S5,2026-01-11 10:01:00,2026-01-11 11:44:00,1.66,1.72,4.31
A01857,S1,2026-01-10 07:46:00,2026-01-10 13:30:00,6.16,5.73,0.77
A01857,S2,2026-01-10 14:15:00,2026-01-11 02:07:00,9.24,11.87,0.75
A01857,S3,2026-01-11 03:08:00,2026-01-11 19:08:00,15.4,16.0,1.01
A01857,S4,2026-01-11 21:48:00,2026-01-12 09:17:00,12.32,11.48,2.68
A01857,S5,2026-01-12 14:07:00,2026-01-12 18:32:00,4.62,4.42,4.84
A01858,S1,2026-01-11 07:26:00,2026-01-11 10:29:00,2.76,3.04,0.44
A01858,S2,2026-01-11 11:09:00,2026-01-11 14:46:00,4.14,3.61,0.67
A01858,S3,2026-01-11 16:41:00,2026-01-12 00:44:00,6.9,8.05,1.92
A01858,S4,2026-01-12 03:39:00,2026-01-12 06:28:00,5.52,2.81,2.92
A01858,S5,2026-01-12 10:00:00,2026-01-12 12:00:00,2.07,1.99,3.54
A01859,S1,2026-01-11 07:02:00,2026-01-11 12:32:00,5.36,5.5,0.03
A01859,S2,2026-01-11 15:16:00,2026-01-11 22:24:00,8.04,7.13,2.74
A01859,S3,2026-01-12 02:41:00,2026-01-12 16:04:00,13.4,13.37,4.29
A01859,S4,2026-01-12 17:48:00,2026-01-13 08:16:00,10.72,14.47,1.74
A01859,S5,2026-01-13 12:28:00,2026-01-13 16:08:00,4.02,3.66,4.2
A01860,S1,2026-01-11 08:18:00,2026-01-11 14:44:00,5.88,6.43,1.3
A01860,S2,2026-01-11 16:57:00,2026-01-12 06:15:00,8.82,13.29,2.22
A01860,S3,2026-01-12 07:20:00,2026-01-12 18:29:00,14.7,11.14,1.09
A01860,S4,2026-01-12 21:17:00,2026-01-13 08:33:00,11.76,11.26,2.8
A01860,S5,2026-01-13 09:24:00,2026-01-13 13:38:00,4.41,4.22,0.86
A01861,S1,2026-01-11 07:48:00,2026-01-11 09:52:00,2.08,2.06,0.81
A01861,S2,2026-01-11 11:29:00,2026-01-11 14:37:00,3.12,3.13,1.62
A01861,S3,2026-01-11 14:59:00,2026-01-11 21:38:00,5.2,6.65,0.36
A01861,S4,2026-01-12 03:33:00,2026-01-12 06:11:00,4.16,2.63,5.92
A01861,S5,2026-01-12 06:37:00,2026-01-12 08:01:00,1.56,1.4,0.43
A01862,S1,2026-01-12 07:16:00,2026-01-12 10:05:00,2.9,2.8,0.27
A01862,S2,2026-01-12 10:27:00,2026-01-12 14:54:00,4.36,4.45,0.38
A01862,S3,2026-01-12 15:49:00,2026-01-13 01:52:00,7.26,10.04,0.92
A01862,S4,2026-01-13 04:06:00,2026-01-13 12:40:00,5.81,8.58,2.23
A01862,S5,2026-01-13 13:05:00,2026-01-13 15:08:00,2.18,2.04,0.42
A01863,S1,2026-01-12 07:18:00,2026-01-12 09:35:00,2.45,2.28,0.29
A01863,S2,2026-01-12 11:44:00,2026-01-12 16:05:00,3.67,4.36,2.16
A01863,S3,2026-01-13 04:31:00,2026-01-13 11:39:00,6.12,7.12,12.44
A01863,S4,2026-01-13 12:22:00,2026-01-13 20:35:00,4.9,8.21,0.73
A01863,S5,2026-01-13 22:25:00,2026-01-14 00:19:00,1.84,1.9,1.84
A01864,S1,2026-01-12 07:10:00,2026-01-12 11:07:00,4.19,3.95,0.16
A01864,S2,2026-01-12 12:06:00,2026-01-12 19:15:00,6.29,7.14,1.0
A01864,S3,2026-01-12 21:10:00,2026-01-13 09:05:00,10.48,11.92,1.93
A01864,S4,2026-01-13 12:49:00,2026-01-13 23:47:00,8.38,10.97,3.72
A01864,S5,2026-01-14 02:50:00,2026-01-14 06:10:00,3.14,3.33,3.06
A01865,S1,2026-01-12 07:28:00,2026-01-12 10:49:00,3.12,3.36,0.46
A01865,S2,2026-01-12 12:02:00,2026-01-12 17:13:00,4.68,5.19,1.21
A01865,S3,2026-01-12 23:24:00,2026-01-13 08:55:00,7.8,9.51,6.18
A01865,S4,2026-01-13 13:51:00,2026-01-13 18:45:00,6.24,4.9,4.94
A01865,S5,2026-01-13 19:16:00,2026-01-13 21:54:00,2.34,2.63,0.52
A01866,S1,2026-01-12 08:07:00,2026-01-12 10:37:00,2.34,2.49,1.12
A01866,S2,2026-01-12 11:15:00,2026-01-12 16:21:00,3.5,5.11,0.64
A01866,S3,2026-01-12 16:37:00,2026-01-12 23:24:00,5.84,6.79,0.26
A01866,S4,2026-01-13 09:25:00,2026-01-13 13:53:00,4.67,4.47,10.01
A01866,S5,2026-01-13 18:14:00,2026-01-13 20:04:00,1.75,1.83,4.35
A01867,S1,2026-01-12 08:42:00,2026-01-12 10:58:00,2.1,2.27,1.7
A01867,S2,2026-01-12 17:39:00,2026-01-12 21:13:00,3.14,3.57,6.67
A01867,S3,2026-01-12 23:28:00,2026-01-13 04:53:00,5.24,5.42,2.25
A01867,S4,2026-01-13 04:53:00,2026-01-13 10:06:00,4.19,5.21,0.0
A01867,S5,2026-01-13 12:15:00,2026-01-13 13:54:00,1.57,1.64,2.15
A01868,S1,2026-01-12 10:32:00,2026-01-12 12:48:00,2.12,2.28,3.53
A01868,S2,2026-01-12 14:22:00,2026-01-12 17:15:00,3.18,2.88,1.57
A01868,S3,2026-01-12 23:22:00,2026-01-13 04:46:00,5.3,5.4,6.12
A01868,S4,2026-01-13 13:54:00,2026-01-13 16:41:00,4.24,2.78,9.13
A01868,S5,2026-01-13 23:32:00,2026-01-14 01:22:00,1.59,1.83,6.86
A01869,S1,2026-01-13 09:37:00,2026-01-13 14:41:00,4.48,5.07,2.62
A01869,S2,2026-01-13 15:06:00,2026-01-14 00:11:00,6.72,9.09,0.41
A01869,S3,2026-01-14 00:39:00,2026-01-14 10:53:00,11.2,10.23,0.47
A01869,S4,2026-01-14 17:14:00,2026-01-15 06:32:00,8.96,13.31,6.35
A01869,S5,2026-01-15 09:04:00,2026-01-15 12:46:00,3.36,3.71,2.52
A01870,S1,2026-01-13 07:00:00,2026-01-13 12:29:00,5.32,5.48,0.0
A01870,S2,2026-01-13 12:45:00,2026-01-14 00:44:00,7.98,11.98,0.26
A01870,S3,2026-01-14 07:15:00,2026-01-15 00:05:00,13.3,16.83,6.53
A01870,S4,2026-01-15 01:38:00,2026-01-15 10:27:00,10.64,8.82,1.54
A01870,S5,2026-01-15 13:06:00,2026-01-15 16:32:00,3.99,3.42,2.66
A01871,S1,2026-01-13 07:50:00,2026-01-13 12:53:00,4.4,5.06,0.83
A01871,S2,2026-01-13 14:11:00,2026-01-13 21:15:00,6.6,7.07,1.29
A01871,S3,2026-01-13 22:52:00,2026-01-14 14:07:00,11.0,15.26,1.6
A01871,S4,2026-01-14 17:47:00,2026-01-15 02:56:00,8.8,9.16,3.66
A01871,S5,2026-01-15 05:39:00,2026-01-15 09:28:00,3.3,3.8,2.71
A01872,S1,2026-01-13 08:34:00,2026-01-13 13:45:00,4.36,5.18,1.57
A01872,S2,2026-01-13 14:34:00,2026-01-13 21:52:00,6.54,7.31,0.82
A01872,S3,2026-01-13 23:03:00,2026-01-14 12:18:00,10.9,13.24,1.18
A01872,S4,2026-01-14 21:04:00,2026-01-15 05:26:00,8.72,8.36,8.77
A01872,S5,2026-01-15 06:27:00,2026-01-15 09:25:00,3.27,2.97,1.02
A01873,S1,2026-01-13 08:44:00,2026-01-13 12:08:00,3.12,3.4,1.73
A01873,S2,2026-01-13 16:26:00,2026-01-13 21:00:00,4.68,4.56,4.31
A01873,S3,2026-01-13 22:36:00,2026-01-14 06:41:00,7.8,8.08,1.6
A01873,S4,2026-01-14 15:23:00,2026-01-14 20:19:00,6.24,4.94,8.69
A01873,S5,2026-01-15 02:57:00,2026-01-15 05:21:00,2.34,2.4,6.63
A01874,S1,2026-01-14 07:14:00,2026-01-14 09:28:00,2.28,2.23,0.24
A01874,S2,2026-01-14 10:30:00,2026-01-14 13:18:00,3.42,2.8,1.03
A01874,S3,2026-01-14 15:20:00,2026-01-14 21:16:00,5.7,5.94,2.04
A01874,S4,2026-01-15 04:23:00,2026-01-15 12:12:00,4.56,7.81,7.12
A01874,S5,2026-01-15 13:39:00,2026-01-15 15:29:00,1.71,1.83,1.45
A01875,S1,2026-01-14 08:28:00,2026-01-14 11:27:00,2.66,2.97,1.47
A01875,S2,2026-01-14 11:30:00,2026-01-14 15:49:00,3.99,4.32,0.06
A01875,S3,2026-01-14 15:54:00,2026-01-15 01:22:00,6.65,9.47,0.08
A01875,S4,2026-01-15 14:55:00,2026-01-15 20:44:00,5.32,5.83,13.54
A01875,S5,2026-01-15 21:51:00,2026-01-16 00:19:00,2.0,2.46,1.11
A01876,S1,2026-01-15 07:45:00,2026-01-15 11:54:00,3.82,4.16,0.74
A01876,S2,2026-01-15 13:56:00,2026-01-15 20:49:00,5.72,6.88,2.03
A01876,S3,2026-01-16 06:34:00,2026-01-16 17:06:00,9.54,10.53,9.76
A01876,S4,2026-01-16 17:20:00,2026-01-17 04:57:00,7.63,11.62,0.23
A01876,S5,2026-01-17 05:14:00,2026-01-17 07:47:00,2.86,2.55,0.28
A01877,S1,2026-01-15 07:44:00,2026-01-15 10:11:00,2.53,2.46,0.73
A01877,S2,2026-01-15 12:20:00,2026-01-15 16:25:00,3.79,4.09,2.15
A01877,S3,2026-01-15 18:12:00,2026-01-16 00:21:00,6.32,6.15,1.77
A01877,S4,2026-01-16 01:08:00,2026-01-16 07:01:00,5.06,5.88,0.79
A01877,S5,2026-01-16 08:21:00,2026-01-16 10:28:00,1.9,2.11,1.35
A01878,S1,2026-01-15 08:28:00,2026-01-15 13:58:00,4.76,5.49,1.47
A01878,S2,2026-01-15 14:17:00,2026-01-15 22:50:00,7.14,8.56,0.32
A01878,S3,2026-01-16 02:17:00,2026-01-16 15:45:00,11.9,13.47,3.44
A01878,S4,2026-01-17 13:02:00,2026-01-18 01:01:00,9.52,11.97,21.29
A01878,S5,2026-01-18 03:17:00,2026-01-18 06:39:00,3.57,3.37,2.27
A01879,S1,2026-01-15 08:46:00,2026-01-15 10:30:00,1.87,1.74,1.76
A01879,S2,2026-01-15 16:05:00,2026-01-15 19:19:00,2.81,3.23,5.59
A01879,S3,2026-01-15 23:22:00,2026-01-16 04:47:00,4.68,5.42,4.05
A01879,S4,2026-01-16 06:56:00,2026-01-16 11:33:00,3.74,4.63,2.14
A01879,S5,2026-01-16 17:21:00,2026-01-16 19:02:00,1.4,1.68,5.8
A01880,S1,2026-01-15 08:58:00,2026-01-15 11:58:00,2.86,3.0,1.96
A01880,S2,2026-01-15 15:03:00,2026-01-15 19:21:00,4.29,4.3,3.09
A01880,S3,2026-01-15 20:31:00,2026-01-16 05:15:00,7.15,8.73,1.15
A01880,S4,2026-01-16 15:33:00,2026-01-16 18:14:00,5.72,2.69,10.3
A01880,S5,2026-01-17 01:24:00,2026-01-17 04:05:00,2.14,2.69,7.17
A01881,S1,2026-01-16 07:19:00,2026-01-16 11:57:00,4.48,4.62,0.32
A01881,S2,2026-01-16 17:40:00,2026-01-17 02:02:00,6.72,8.36,5.72
A01881,S3,2026-01-17 03:24:00,2026-01-17 16:00:00,11.2,12.61,1.37
A01881,S4,2026-01-18 01:31:00,2026-01-18 09:05:00,8.96,7.57,9.5
A01881,S5,2026-01-18 11:43:00,2026-01-18 15:26:00,3.36,3.72,2.64
A01882,S1,2026-01-16 07:24:00,2026-01-16 12:14:00,5.28,4.83,0.4
A01882,S2,2026-01-16 18:03:00,2026-01-17 03:14:00,7.92,9.18,5.82
A01882,S3,2026-01-17 05:01:00,2026-01-17 19:45:00,13.2,14.74,1.78
A01882,S4,2026-01-18 06:15:00,2026-01-18 13:31:00,10.56,7.27,10.5
A01882,S5,2026-01-18 13:34:00,2026-01-18 17:53:00,3.96,4.31,0.04
A01883,S1,2026-01-16 07:38:00,2026-01-16 10:33:00,2.74,2.92,0.63
A01883,S2,2026-01-16 11:02:00,2026-01-16 15:51:00,4.1,4.81,0.49
A01883,S3,2026-01-16 18:28:00,2026-01-17 01:09:00,6.84,6.67,2.62
A01883,S4,2026-01-17 14:08:00,2026-01-17 19:07:00,5.47,4.98,13.0
A01883,S5,2026-01-17 20:39:00,2026-01-17 22:55:00,2.05,2.26,1.54
A01884,S1,2026-01-16 07:16:00,2026-01-16 09:46:00,2.54,2.51,0.26
A01884,S2,2026-01-16 12:50:00,2026-01-16 16:35:00,3.82,3.75,3.07
A01884,S3,2026-01-16 20:08:00,2026-01-17 03:53:00,6.36,7.75,3.55
A01884,S4,2026-01-17 14:02:00,2026-01-17 18:51:00,5.09,4.82,10.16
A01884,S5,2026-01-17 18:57:00,2026-01-17 20:47:00,1.91,1.83,0.09
A01885,S1,2026-01-16 08:44:00,2026-01-16 14:05:00,4.44,5.35,1.74
A01885,S2,2026-01-16 14:38:00,2026-01-16 19:53:00,6.66,5.24,0.56
A01885,S3,2026-01-16 23:15:00,2026-01-17 11:35:00,11.1,12.32,3.37
A01885,S4,2026-01-17 12:49:00,2026-01-17 20:24:00,8.88,7.59,1.24
A01885,S5,2026-01-18 00:57:00,2026-01-18 04:35:00,3.33,3.65,4.54
A01886,S1,2026-01-17 07:21:00,2026-01-17 09:18:00,1.78,1.95,0.34
A01886,S2,2026-01-17 12:04:00,2026-01-17 15:21:00,2.66,3.28,2.78
A01886,S3,2026-01-17 16:06:00,2026-01-17 20:21:00,4.44,4.25,0.75
A01886,S4,2026-01-18 07:10:00,2026-01-18 10:29:00,3.55,3.32,10.81
A01886,S5,2026-01-18 11:09:00,2026-01-18 12:37:00,1.33,1.46,0.67
A01887,S1,2026-01-17 07:29:00,2026-01-17 13:09:00,5.48,5.66,0.49
A01887,S2,2026-01-17 15:03:00,2026-01-18 01:42:00,8.22,10.64,1.9
A01887,S3,2026-01-18 02:34:00,2026-01-18 16:35:00,13.7,14.01,0.87
A01887,S4,2026-01-18 18:52:00,2026-01-19 07:57:00,10.96,13.08,2.29
A01887,S5,2026-01-19 08:36:00,2026-01-19 12:36:00,4.11,3.99,0.65
A01888,S1,2026-01-17 07:05:00,2026-01-17 09:20:00,2.16,2.24,0.09
A01888,S2,2026-01-17 09:39:00,2026-01-17 13:12:00,3.24,3.55,0.32
A01888,S3,2026-01-17 19:32:00,2026-01-18 01:15:00,5.4,5.71,6.34
A01888,S4,2026-01-18 03:05:00,2026-01-18 08:08:00,4.32,5.06,1.84
A01888,S5,2026-01-18 10:12:00,2026-01-18 12:08:00,1.62,1.93,2.05
A01889,S1,2026-01-17 09:00:00,2026-01-17 11:52:00,2.82,2.86,2.0
A01889,S2,2026-01-17 11:59:00,2026-01-17 16:39:00,4.23,4.66,0.13
A01889,S3,2026-01-17 16:44:00,2026-01-17 22:59:00,7.05,6.24,0.09
A01889,S4,2026-01-17 22:59:00,2026-01-18 06:36:00,5.64,7.62,0.01
A01889,S5,2026-01-18 08:29:00,2026-01-18 10:36:00,2.11,2.11,1.88
A01890,S1,2026-01-18 07:19:00,2026-01-18 10:41:00,3.05,3.38,0.31
A01890,S2,2026-01-18 10:42:00,2026-01-18 14:44:00,4.57,4.02,0.02
A01890,S3,2026-01-18 18:35:00,2026-01-19 04:31:00,7.62,9.92,3.86
A01890,S4,2026-01-19 09:05:00,2026-01-19 18:06:00,6.1,9.02,4.57
A01890,S5,2026-01-19 19:26:00,2026-01-19 22:02:00,2.29,2.61,1.32
A01891,S1,2026-01-18 07:22:00,2026-01-18 11:19:00,4.36,3.96,0.36
A01891,S2,2026-01-18 11:25:00,2026-01-18 19:04:00,6.54,7.65,0.1
A01891,S3,2026-01-18 22:36:00,2026-01-19 12:52:00,10.9,14.27,3.54
A01891,S4,2026-01-20 17:53:00,2026-01-21 01:27:00,8.72,7.57,29.0
A01891,S5,2026-01-21 03:29:00,2026-01-21 06:49:00,3.27,3.35,2.03
A01892,S1,2026-01-18 07:15:00,2026-01-18 09:32:00,1.94,2.29,0.25
A01892,S2,2026-01-18 14:03:00,2026-01-18 17:03:00,2.9,3.0,4.51
A01892,S3,2026-01-18 23:06:00,2026-01-19 04:38:00,4.84,5.53,6.05
A01892,S4,2026-01-19 14:14:00,2026-01-19 19:24:00,3.87,5.16,9.61
A01892,S5,2026-01-19 20:13:00,2026-01-19 21:48:00,1.45,1.59,0.81
A01893,S1,2026-01-18 07:09:00,2026-01-18 11:04:00,3.07,3.92,0.14
A01893,S2,2026-01-18 13:27:00,2026-01-18 19:02:00,4.61,5.58,2.38
A01893,S3,2026-01-18 20:36:00,2026-01-19 05:19:00,7.68,8.72,1.57
A01893,S4,2026-01-19 05:23:00,2026-01-19 10:28:00,6.14,5.09,0.06
A01893,S5,2026-01-19 11:04:00,2026-01-19 13:31:00,2.3,2.45,0.6
A01894,S1,2026-01-19 12:13:00,2026-01-19 15:30:00,2.92,3.29,5.21
A01894,S2,2026-01-19 15:43:00,2026-01-19 19:55:00,4.38,4.19,0.22
A01894,S3,2026-01-19 21:36:00,2026-01-20 06:56:00,7.3,9.33,1.7
A01894,S4,2026-01-20 17:03:00,2026-01-20 23:11:00,5.84,6.13,10.11
A01894,S5,2026-01-20 23:55:00,2026-01-21 02:20:00,2.19,2.42,0.73
A01895,S1,2026-01-19 07:12:00,2026-01-19 09:57:00,2.52,2.75,0.2
A01895,S2,2026-01-19 13:13:00,2026-01-19 18:27:00,3.78,5.24,3.26
A01895,S3,2026-01-19 18:32:00,2026-01-19 23:38:00,6.3,5.09,0.09
A01895,S4,2026-01-20 15:33:00,2026-01-20 21:19:00,5.04,5.77,15.93
A01895,S5,2026-01-20 22:21:00,2026-01-21 00:20:00,1.89,1.98,1.03
A01896,S1,2026-01-19 08:17:00,2026-01-19 14:01:00,5.08,5.72,1.29
A01896,S2,2026-01-19 18:04:00,2026-01-20 02:08:00,7.62,8.08,4.05
A01896,S3,2026-01-20 09:15:00,2026-01-20 20:58:00,12.7,11.72,7.11
A01896,S4,2026-01-20 21:51:00,2026-01-21 12:57:00,10.16,15.09,0.9
A01896,S5,2026-01-21 13:19:00,2026-01-21 17:27:00,3.81,4.13,0.37
A01897,S1,2026-01-19 08:02:00,2026-01-19 10:15:00,2.24,2.22,1.03
A01897,S2,2026-01-19 16:10:00,2026-01-19 20:15:00,3.36,4.08,5.91
A01897,S3,2026-01-19 22:32:00,2026-01-20 06:15:00,5.6,7.71,2.29
A01897,S4,2026-01-20 15:06:00,2026-01-20 19:18:00,4.48,4.2,8.85
A01897,S5,2026-01-20 21:46:00,2026-01-20 23:48:00,1.68,2.03,2.46
A01898,S1,2026-01-19 07:28:00,2026-01-19 09:58:00,2.4,2.5,0.47
A01898,S2,2026-01-19 10:13:00,2026-01-19 13:34:00,3.6,3.35,0.24
A01898,S3,2026-01-19 14:08:00,2026-01-19 19:41:00,6.0,5.55,0.57
A01898,S4,2026-01-20 01:01:00,2026-01-20 06:17:00,4.8,5.27,5.34
A01898,S5,2026-01-20 08:56:00,2026-01-20 10:37:00,1.8,1.68,2.65
A01899,S1,2026-01-20 08:57:00,2026-01-20 12:45:00,3.6,3.79,1.95
A01899,S2,2026-01-20 16:18:00,2026-01-20 22:24:00,5.4,6.1,3.56
A01899,S3,2026-01-21 01:48:00,2026-01-21 16:32:00,9.0,14.73,3.4
A01899,S4,2026-01-22 14:47:00,2026-01-22 20:06:00,7.2,5.32,22.24
A01899,S5,2026-01-22 21:11:00,2026-01-22 23:43:00,2.7,2.53,1.08
A01900,S1,2026-01-20 07:29:00,2026-01-20 10:58:00,3.67,3.49,0.48
A01900,S2,2026-01-20 12:46:00,2026-01-20 19:00:00,5.51,6.23,1.81
A01900,S3,2026-01-21 01:35:00,2026-01-21 08:28:00,9.18,6.88,6.58
A01900,S4,2026-01-21 16:01:00,2026-01-22 00:51:00,7.34,8.84,7.55
A01900,S5,2026-01-22 04:19:00,2026-01-22 07:09:00,2.75,2.83,3.46
A01901,S1,2026-01-20 09:24:00,2026-01-20 12:31:00,2.84,3.12,2.4
A01901,S2,2026-01-20 13:52:00,2026-01-20 17:46:00,4.26,3.91,1.34
A01901,S3,2026-01-20 18:14:00,2026-01-21 00:31:00,7.1,6.28,0.47
A01901,S4,2026-01-21 05:44:00,2026-01-21 13:11:00,5.68,7.46,5.21
A01901,S5,2026-01-21 14:35:00,2026-01-21 16:47:00,2.13,2.19,1.4
A01902,S1,2026-01-20 07:13:00,2026-01-20 10:59:00,3.12,3.77,0.22
A01902,S2,2026-01-20 12:19:00,2026-01-20 17:22:00,4.68,5.05,1.33
A01902,S3,2026-01-20 17:48:00,2026-01-21 01:12:00,7.8,7.39,0.44
A01902,S4,2026-01-21 15:48:00,2026-01-21 22:57:00,6.24,7.14,14.61
A01902,S5,2026-01-22 00:02:00,2026-01-22 02:24:00,2.34,2.37,1.09
A01903,S1,2026-01-20 09:24:00,2026-01-20 13:18:00,4.06,3.89,2.4
A01903,S2,2026-01-20 14:04:00,2026-01-20 20:17:00,6.1,6.21,0.77
A01903,S3,2026-01-20 23:24:00,2026-01-21 06:48:00,10.16,7.41,3.11
A01903,S4,2026-01-22 04:50:00,2026-01-22 18:20:00,8.13,13.51,22.03
A01903,S5,2026-01-22 19:43:00,2026-01-22 23:21:00,3.05,3.63,1.37
A01904,S1,2026-01-20 10:56:00,2026-01-20 13:52:00,2.32,2.94,3.93
A01904,S2,2026-01-20 14:50:00,2026-01-20 17:39:00,3.48,2.82,0.97
A01904,S3,2026-01-20 21:28:00,2026-01-21 04:49:00,5.8,7.35,3.81
A01904,S4,2026-01-21 06:09:00,2026-01-21 13:33:00,4.64,7.39,1.34
A01904,S5,2026-01-21 17:18:00,2026-01-21 19:11:00,1.74,1.88,3.75
A01905,S1,2026-01-20 07:13:00,2026-01-20 10:46:00,3.81,3.55,0.22
A01905,S2,2026-01-20 15:43:00,2026-01-20 20:52:00,5.71,5.15,4.95
A01905,S3,2026-01-20 22:31:00,2026-01-21 06:39:00,9.52,8.14,1.65
A01905,S4,2026-01-21 09:32:00,2026-01-21 16:33:00,7.62,7.02,2.87
A01905,S5,2026-01-21 17:34:00,2026-01-21 20:34:00,2.86,3.0,1.02
A01906,S1,2026-01-21 07:43:00,2026-01-21 10:58:00,3.14,3.25,0.72
A01906,S2,2026-01-21 11:42:00,2026-01-21 16:55:00,4.72,5.21,0.73
A01906,S3,2026-01-21 22:06:00,2026-01-22 05:00:00,7.86,6.89,5.19
A01906,S4,2026-01-22 08:31:00,2026-01-22 15:37:00,6.29,7.1,3.51
A01906,S5,2026-01-22 17:27:00,2026-01-22 20:02:00,2.36,2.58,1.84
A01907,S1,2026-01-21 07:57:00,2026-01-21 11:57:00,3.87,4.01,0.94
A01907,S2,2026-01-21 14:06:00,2026-01-21 19:59:00,5.81,5.87,2.15
A01907,S3,2026-01-21 22:23:00,2026-01-22 11:57:00,9.68,13.58,2.4
A01907,S4,2026-01-22 18:56:00,2026-01-22 23:25:00,7.74,4.49,6.97
A01907,S5,2026-01-22 23:39:00,2026-01-23 02:50:00,2.9,3.17,0.23
A01908,S1,2026-01-21 07:49:00,2026-01-21 12:06:00,4.44,4.29,0.81
A01908,S2,2026-01-21 13:47:00,2026-01-21 20:38:00,6.66,6.85,1.69
A01908,S3,2026-01-21 21:05:00,2026-01-22 16:10:00,11.1,19.08,0.46
A01908,S4,2026-01-23 01:48:00,2026-01-23 14:09:00,8.88,12.35,9.63
A01908,S5,2026-01-23 14:33:00,2026-01-23 18:16:00,3.33,3.72,0.4
A01909,S1,2026-01-21 08:39:00,2026-01-21 12:14:00,3.17,3.58,1.65
A01909,S2,2026-01-21 13:23:00,2026-01-21 18:22:00,4.75,4.98,1.15
A01909,S3,2026-01-21 18:41:00,2026-01-22 02:22:00,7.92,7.69,0.31
A01909,S4,2026-01-22 03:49:00,2026-01-22 11:46:00,6.34,7.94,1.46
A01909,S5,2026-01-22 13:13:00,2026-01-22 15:53:00,2.38,2.66,1.46
A01910,S1,2026-01-21 08:53:00,2026-01-21 11:35:00,2.46,2.71,1.88
A01910,S2,2026-01-21 18:23:00,2026-01-21 21:45:00,3.69,3.36,6.8
A01910,S3,2026-01-21 22:09:00,2026-01-22 03:41:00,6.15,5.54,0.4
A01910,S4,2026-01-22 04:58:00,2026-01-22 10:09:00,4.92,5.18,1.29
A01910,S5,2026-01-22 12:53:00,2026-01-22 14:35:00,1.84,1.7,2.72
A01911,S1,2026-01-21 07:43:00,2026-01-21 10:56:00,3.55,3.23,0.71
A01911,S2,2026-01-21 11:04:00,2026-01-21 18:24:00,5.33,7.33,0.13
A01911,S3,2026-01-22 00:00:00,2026-01-22 11:25:00,8.88,11.41,5.61
A01911,S4,2026-01-23 05:36:00,2026-01-23 12:50:00,7.1,7.23,18.19
A01911,S5,2026-01-23 13:35:00,2026-01-23 16:20:00,2.66,2.76,0.74
A01912,S1,2026-01-21 07:34:00,2026-01-21 10:13:00,2.24,2.65,0.56
A01912,S2,2026-01-21 10:58:00,2026-01-21 14:25:00,3.36,3.46,0.75
A01912,S3,2026-01-21 16:41:00,2026-01-22 01:17:00,5.6,8.6,2.26
A01912,S4,2026-01-22 09:48:00,2026-01-22 12:38:00,4.48,2.83,8.51
A01912,S5,2026-01-22 13:53:00,2026-01-22 15:30:00,1.68,1.63,1.25
A01913,S1,2026-01-21 07:27:00,2026-01-21 10:37:00,3.41,3.18,0.44
A01913,S2,2026-01-21 12:35:00,2026-01-21 18:06:00,5.11,5.51,1.96
A01913,S3,2026-01-21 21:17:00,2026-01-22 05:41:00,8.52,8.4,3.2
A01913,S4,2026-01-22 09:42:00,2026-01-22 15:16:00,6.82,5.57,4.01
A01913,S5,2026-01-22 16:47:00,2026-01-22 19:27:00,2.56,2.67,1.51
A01914,S1,2026-01-21 07:18:00,2026-01-21 11:42:00,4.22,4.39,0.3
A01914,S2,2026-01-21 16:33:00,2026-01-21 23:12:00,6.34,6.65,4.86
A01914,S3,2026-01-22 00:49:00,2026-01-22 12:23:00,10.56,11.55,1.62
A01914,S4,2026-01-22 15:54:00,2026-01-22 23:03:00,8.45,7.14,3.53
A01914,S5,2026-01-23 01:48:00,2026-01-23 05:02:00,3.17,3.24,2.75
A01915,S1,2026-01-22 07:26:00,2026-01-22 12:24:00,4.96,4.96,0.43
A01915,S2,2026-01-22 16:31:00,2026-01-22 23:48:00,7.44,7.27,4.13
A01915,S3,2026-01-23 02:04:00,2026-01-23 15:33:00,12.4,13.5,2.27
A01915,S4,2026-01-23 19:13:00,2026-01-24 12:50:00,9.92,17.62,3.66
A01915,S5,2026-01-24 12:56:00,2026-01-24 16:38:00,3.72,3.69,0.1
A01916,S1,2026-01-22 07:03:00,2026-01-22 10:33:00,3.67,3.49,0.05
A01916,S2,2026-01-22 13:19:00,2026-01-22 19:44:00,5.51,6.42,2.77
A01916,S3,2026-01-22 20:33:00,2026-01-23 09:27:00,9.18,12.9,0.82
A01916,S4,2026-01-24 16:35:00,2026-01-25 00:11:00,7.34,7.59,31.13
A01916,S5,2026-01-25 00:43:00,2026-01-25 03:28:00,2.75,2.76,0.54
A01917,S1,2026-01-22 08:44:00,2026-01-22 11:08:00,2.34,2.41,1.73
A01917,S2,2026-01-22 11:55:00,2026-01-22 15:31:00,3.51,3.6,0.77
A01917,S3,2026-01-22 15:53:00,2026-01-22 22:18:00,5.85,6.43,0.36
A01917,S4,2026-01-23 17:25:00,2026-01-23 23:49:00,4.68,6.4,19.11
A01917,S5,2026-01-24 06:10:00,2026-01-24 07:59:00,1.76,1.81,6.35
A01918,S1,2026-01-22 07:18:00,2026-01-22 11:23:00,3.78,4.09,0.29
A01918,S2,2026-01-22 12:38:00,2026-01-22 18:08:00,5.66,5.49,1.25
A01918,S3,2026-01-23 13:45:00,2026-01-23 23:47:00,9.44,10.03,19.63
A01918,S4,2026-01-24 06:32:00,2026-01-24 21:07:00,7.55,14.59,6.75
A01918,S5,2026-01-24 23:05:00,2026-01-25 02:45:00,2.83,3.68,1.96
A01919,S1,2026-01-22 07:48:00,2026-01-22 10:42:00,2.86,2.89,0.8
A01919,S2,2026-01-22 11:55:00,2026-01-22 18:08:00,4.29,6.22,1.22
A01919,S3,2026-01-22 18:53:00,2026-01-22 23:42:00,7.15,4.81,0.75
A01919,S4,2026-01-23 04:34:00,2026-01-23 07:33:00,5.72,2.98,4.87
A01919,S5,2026-01-23 07:36:00,2026-01-23 09:40:00,2.14,2.07,0.05
A01920,S1,2026-01-22 08:01:00,2026-01-22 10:39:00,3.02,2.63,1.02
A01920,S2,2026-01-22 12:41:00,2026-01-22 17:13:00,4.53,4.54,2.03
A01920,S3,2026-01-22 18:23:00,2026-01-23 02:54:00,7.55,8.52,1.17
A01920,S4,2026-01-23 09:12:00,2026-01-23 14:48:00,6.04,5.6,6.3
A01920,S5,2026-01-23 17:26:00,2026-01-23 19:55:00,2.26,2.48,2.64
A01921,S1,2026-01-23 07:10:00,2026-01-23 09:11:00,1.86,2.01,0.17
A01921,S2,2026-01-23 11:07:00,2026-01-23 14:02:00,2.78,2.91,1.93
A01921,S3,2026-01-23 14:52:00,2026-01-23 22:11:00,4.64,7.33,0.84
A01921,S4,2026-01-24 01:18:00,2026-01-24 04:45:00,3.71,3.43,3.12
A01921,S5,2026-01-24 05:42:00,2026-01-24 07:14:00,1.39,1.52,0.96
A01922,S1,2026-01-23 08:32:00,2026-01-23 10:14:00,2.02,1.69,1.54
A01922,S2,2026-01-23 14:49:00,2026-01-23 17:53:00,3.02,3.06,4.59
A01922,S3,2026-01-23 23:39:00,2026-01-24 05:04:00,5.04,5.41,5.78
A01922,S4,2026-01-24 07:08:00,2026-01-24 13:31:00,4.03,6.38,2.07
A01922,S5,2026-01-24 15:47:00,2026-01-24 17:20:00,1.51,1.56,2.27
A01923,S1,2026-01-23 08:25:00,2026-01-23 13:13:00,4.51,4.81,1.41
A01923,S2,2026-01-23 14:23:00,2026-01-23 21:35:00,6.77,7.2,1.15
A01923,S3,2026-01-23 22:11:00,2026-01-24 12:17:00,11.28,14.1,0.6
A01923,S4,2026-01-24 12:39:00,2026-01-24 22:59:00,9.02,10.32,0.38
A01923,S5,2026-01-24 23:19:00,2026-01-25 03:23:00,3.38,4.07,0.34
A01924,S1,2026-01-23 10:27:00,2026-01-23 12:33:00,2.13,2.1,3.44
A01924,S2,2026-01-23 14:54:00,2026-01-23 18:15:00,3.19,3.35,2.36
A01924,S3,2026-01-24 01:47:00,2026-01-24 05:12:00,5.32,3.42,7.53
A01924,S4,2026-01-24 09:53:00,2026-01-24 14:56:00,4.26,5.05,4.69
A01924,S5,2026-01-24 14:57:00,2026-01-24 16:30:00,1.6,1.55,0.01
A01925,S1,2026-01-23 07:28:00,2026-01-23 10:37:00,2.8,3.16,0.46
A01925,S2,2026-01-23 13:06:00,2026-01-23 18:08:00,4.2,5.03,2.48
A01925,S3,2026-01-23 19:07:00,2026-01-24 01:46:00,7.0,6.65,0.98
A01925,S4,2026-01-24 09:58:00,2026-01-24 14:05:00,5.6,4.11,8.19
A01925,S5,2026-01-24 17:18:00,2026-01-24 19:15:00,2.1,1.95,3.21
A01926,S1,2026-01-23 07:58:00,2026-01-23 09:46:00,1.71,1.8,0.97
A01926,S2,2026-01-23 10:25:00,2026-01-23 12:39:00,2.57,2.24,0.65
A01926,S3,2026-01-23 18:06:00,2026-01-23 21:24:00,4.28,3.3,5.44
A01926,S4,2026-01-24 01:57:00,2026-01-24 06:44:00,3.42,4.77,4.56
A01926,S5,2026-01-24 06:51:00,2026-01-24 08:16:00,1.28,1.41,0.13
A01927,S1,2026-01-24 07:22:00,2026-01-24 09:40:00,1.9,2.3,0.37
A01927,S2,2026-01-24 10:34:00,2026-01-24 13:25:00,2.86,2.85,0.89
A01927,S3,2026-01-24 14:58:00,2026-01-24 20:40:00,4.76,5.7,1.56
A01927,S4,2026-01-25 10:38:00,2026-01-25 17:17:00,3.81,6.65,13.97
A01927,S5,2026-01-25 18:06:00,2026-01-25 19:53:00,1.43,1.79,0.81
A01928,S1,2026-01-24 08:21:00,2026-01-24 10:33:00,1.89,2.2,1.35
A01928,S2,2026-01-24 11:14:00,2026-01-24 13:26:00,2.83,2.21,0.68
A01928,S3,2026-01-24 14:22:00,2026-01-24 19:35:00,4.72,5.23,0.92
A01928,S4,2026-01-25 03:33:00,2026-01-25 06:04:00,3.78,2.52,7.96
A01928,S5,2026-01-25 12:48:00,2026-01-25 14:15:00,1.42,1.44,6.74
A01929,S1,2026-01-25 08:04:00,2026-01-25 12:27:00,4.0,4.39,1.06
A01929,S2,2026-01-25 14:17:00,2026-01-25 21:28:00,6.0,7.19,1.83
A01929,S3,2026-01-25 21:57:00,2026-01-26 10:03:00,10.0,12.09,0.49
A01929,S4,2026-01-26 11:59:00,2026-01-26 19:54:00,8.0,7.92,1.94
A01929,S5,2026-01-26 20:27:00,2026-01-26 23:38:00,3.0,3.18,0.55
A01930,S1,2026-01-25 07:15:00,2026-01-25 09:53:00,3.1,2.62,0.26
A01930,S2,2026-01-25 10:54:00,2026-01-25 16:45:00,4.64,5.85,1.03
A01930,S3,2026-01-25 17:24:00,2026-01-26 02:12:00,7.74,8.8,0.65
A01930,S4,2026-01-26 06:44:00,2026-01-26 15:34:00,6.19,8.84,4.53
A01930,S5,2026-01-26 17:35:00,2026-01-26 20:17:00,2.32,2.69,2.02
A01931,S1,2026-01-26 10:13:00,2026-01-26 12:50:00,2.45,2.63,3.22
A01931,S2,2026-01-26 13:46:00,2026-01-26 17:13:00,3.67,3.45,0.92
A01931,S3,2026-01-26 20:08:00,2026-01-27 01:31:00,6.12,5.38,2.92
A01931,S4,2026-01-27 08:11:00,2026-01-27 14:30:00,4.9,6.31,6.67
A01931,S5,2026-01-27 15:08:00,2026-01-27 17:12:00,1.84,2.06,0.63
A01932,S1,2026-01-26 08:11:00,2026-01-26 10:31:00,2.34,2.33,1.18
A01932,S2,2026-01-26 10:54:00,2026-01-26 14:51:00,3.51,3.94,0.4
A01932,S3,2026-01-26 15:20:00,2026-01-26 21:55:00,5.85,6.59,0.49
A01932,S4,2026-01-27 03:23:00,2026-01-27 08:47:00,4.68,5.38,5.48
A01932,S5,2026-01-27 14:24:00,2026-01-27 16:06:00,1.76,1.7,5.62
A01933,S1,2026-01-27 07:53:00,2026-01-27 10:45:00,2.54,2.87,0.88
A01933,S2,2026-01-27 19:18:00,2026-01-27 23:04:00,3.82,3.76,8.55
A01933,S3,2026-01-27 23:30:00,2026-01-28 06:51:00,6.36,7.35,0.44
A01933,S4,2026-01-28 08:35:00,2026-01-28 12:14:00,5.09,3.65,1.74
A01933,S5,2026-01-28 16:35:00,2026-01-28 18:35:00,1.91,2.0,4.35
A01934,S1,2026-01-27 08:33:00,2026-01-27 12:25:00,3.84,3.85,1.56
A01934,S2,2026-01-27 13:23:00,2026-01-27 19:41:00,5.76,6.31,0.97
A01934,S3,2026-01-28 01:54:00,2026-01-28 15:04:00,9.6,13.17,6.21
A01934,S4,2026-01-29 06:51:00,2026-01-29 13:28:00,7.68,6.62,15.78
A01934,S5,2026-01-29 14:42:00,2026-01-29 17:48:00,2.88,3.1,1.24
A01935,S1,2026-01-28 07:07:00,2026-01-28 09:25:00,2.26,2.29,0.12
A01935,S2,2026-01-28 12:08:00,2026-01-28 15:57:00,3.38,3.83,2.72
A01935,S3,2026-01-28 17:24:00,2026-01-28 23:11:00,5.64,5.78,1.45
A01935,S4,2026-01-29 21:02:00,2026-01-30 02:16:00,4.51,5.23,21.85
A01935,S5,2026-01-30 03:09:00,2026-01-30 04:48:00,1.69,1.65,0.89
A01936,S1,2026-01-28 07:16:00,2026-01-28 12:20:00,4.92,5.07,0.26
A01936,S2,2026-01-28 12:38:00,2026-01-28 21:32:00,7.38,8.9,0.3
A01936,S3,2026-01-28 22:31:00,2026-01-29 12:06:00,12.3,13.58,0.99
A01936,S4,2026-01-29 15:00:00,2026-01-30 03:12:00,9.84,12.21,2.89
A01936,S5,2026-01-30 04:11:00,2026-01-30 07:55:00,3.69,3.74,0.97
A01937,S1,2026-01-28 09:08:00,2026-01-28 14:05:00,6.16,4.96,2.13
A01937,S2,2026-01-28 15:05:00,2026-01-29 01:16:00,9.24,10.18,0.99
A01937,S3,2026-01-29 04:42:00,2026-01-29 20:35:00,15.4,15.89,3.43
A01937,S4,2026-01-29 23:28:00,2026-01-30 20:30:00,12.32,21.03,2.88
A01937,S5,2026-01-30 20:38:00,2026-01-31 01:02:00,4.62,4.41,0.12
A01938,S1,2026-01-29 07:22:00,2026-01-29 10:19:00,2.81,2.95,0.36
A01938,S2,2026-01-29 10:53:00,2026-01-29 15:38:00,4.21,4.75,0.57
A01938,S3,2026-01-29 16:05:00,2026-01-30 00:50:00,7.02,8.75,0.45
A01938,S4,2026-01-30 02:02:00,2026-01-30 08:49:00,5.62,6.79,1.2
A01938,S5,2026-01-30 09:34:00,2026-01-30 11:55:00,2.11,2.35,0.74
A01939,S1,2026-01-29 07:26:00,2026-01-29 10:27:00,2.62,3.02,0.43
A01939,S2,2026-01-29 14:03:00,2026-01-29 17:34:00,3.93,3.51,3.61
A01939,S3,2026-01-29 18:32:00,2026-01-30 00:50:00,6.55,6.29,0.97
A01939,S4,2026-01-30 01:38:00,2026-01-30 07:39:00,5.24,6.01,0.81
A01939,S5,2026-01-30 13:53:00,2026-01-30 15:54:00,1.96,2.0,6.25
A01940,S1,2026-01-29 07:01:00,2026-01-29 12:07:00,4.84,5.11,0.01
A01940,S2,2026-01-29 16:30:00,2026-01-30 00:09:00,7.26,7.64,4.38
A01940,S3,2026-01-30 00:11:00,2026-01-30 10:52:00,12.1,10.68,0.04
A01940,S4,2026-01-30 20:06:00,2026-01-31 05:19:00,9.68,9.22,9.23
A01940,S5,2026-01-31 05:28:00,2026-01-31 09:38:00,3.63,4.16,0.15
A01941,S1,2026-01-29 11:45:00,2026-01-29 15:08:00,2.9,3.38,4.75
A01941,S2,2026-01-29 20:29:00,2026-01-30 01:05:00,4.36,4.6,5.35
A01941,S3,2026-01-30 07:20:00,2026-01-30 15:06:00,7.26,7.77,6.25
A01941,S4,2026-01-31 16:37:00,2026-01-31 22:34:00,5.81,5.94,25.52
A01941,S5,2026-02-01 02:23:00,2026-02-01 04:39:00,2.18,2.26,3.82
A01942,S1,2026-01-30 08:01:00,2026-01-30 10:13:00,2.24,2.21,1.01
A01942,S2,2026-01-30 11:26:00,2026-01-30 15:17:00,3.36,3.85,1.21
A01942,S3,2026-01-30 16:17:00,2026-01-31 00:02:00,5.6,7.76,0.99
A01942,S4,2026-01-31 03:06:00,2026-01-31 07:29:00,4.48,4.38,3.07
A01942,S5,2026-01-31 11:52:00,2026-01-31 13:28:00,1.68,1.6,4.37
A01943,S1,2026-01-30 07:10:00,2026-01-30 13:58:00,5.96,6.79,0.17
A01943,S2,2026-01-30 14:13:00,2026-01-30 23:26:00,8.94,9.22,0.25
A01943,S3,2026-01-31 07:03:00,2026-02-01 02:41:00,14.9,19.64,7.62
A01943,S4,2026-02-01 05:39:00,2026-02-01 14:53:00,11.92,9.23,2.96
A01943,S5,2026-02-01 15:06:00,2026-02-01 20:34:00,4.47,5.47,0.21
A01944,S1,2026-01-30 08:25:00,2026-01-30 11:12:00,2.51,2.79,1.41
A01944,S2,2026-01-30 12:23:00,2026-01-30 15:47:00,3.77,3.4,1.18
A01944,S3,2026-01-30 22:22:00,2026-01-31 03:44:00,6.28,5.36,6.59
A01944,S4,2026-01-31 13:39:00,2026-01-31 19:40:00,5.02,6.02,9.91
A01944,S5,2026-01-31 21:08:00,2026-01-31 23:14:00,1.88,2.1,1.47
A01945,S1,2026-01-30 07:43:00,2026-01-30 10:59:00,2.9,3.27,0.72
A01945,S2,2026-01-30 12:19:00,2026-01-30 16:31:00,4.36,4.2,1.33
A01945,S3,2026-01-30 22:49:00,2026-01-31 06:47:00,7.26,7.97,6.29
A01945,S4,2026-01-31 21:12:00,2026-02-01 06:47:00,5.81,9.57,14.43
A01945,S5,2026-02-01 08:58:00,2026-02-01 11:06:00,2.18,2.14,2.19
A01946,S1,2026-01-30 07:07:00,2026-01-30 10:58:00,3.49,3.85,0.12
A01946,S2,2026-01-30 11:07:00,2026-01-30 16:58:00,5.23,5.84,0.15
A01946,S3,2026-01-30 18:17:00,2026-01-31 05:25:00,8.72,11.12,1.33
A01946,S4,2026-01-31 12:42:00,2026-01-31 23:35:00,6.98,10.87,7.29
A01946,S5,2026-02-01 02:03:00,2026-02-01 04:53:00,2.62,2.82,2.47
A01947,S1,2026-01-30 07:48:00,2026-01-30 12:54:00,5.36,5.1,0.8
A01947,S2,2026-01-30 13:08:00,2026-01-30 22:23:00,8.04,9.26,0.23
A01947,S3,2026-01-30 23:40:00,2026-01-31 12:11:00,13.4,12.52,1.27
A01947,S4,2026-01-31 18:09:00,2026-02-01 04:33:00,10.72,10.4,5.97
A01947,S5,2026-02-01 04:55:00,2026-02-01 08:54:00,4.02,3.99,0.36
A01948,S1,2026-01-30 07:05:00,2026-01-30 12:15:00,3.67,5.16,0.09
A01948,S2,2026-01-30 13:04:00,2026-01-30 18:15:00,5.51,5.19,0.82
A01948,S3,2026-01-30 20:25:00,2026-01-31 03:19:00,9.18,6.91,2.16
A01948,S4,2026-01-31 10:00:00,2026-01-31 19:58:00,7.34,9.96,6.69
A01948,S5,2026-01-31 22:21:00,2026-02-01 00:45:00,2.75,2.4,2.38
A01949,S1,2026-01-31 08:21:00,2026-01-31 11:12:00,2.05,2.85,1.36
A01949,S2,2026-01-31 15:21:00,2026-01-31 18:46:00,3.07,3.42,4.14
A01949,S3,2026-01-31 19:12:00,2026-01-31 22:43:00,5.12,3.52,0.44
A01949,S4,2026-02-01 12:51:00,2026-02-01 17:01:00,4.1,4.16,14.13
A01949,S5,2026-02-01 18:09:00,2026-02-01 19:42:00,1.54,1.55,1.13
A01950,S1,2026-01-31 13:49:00,2026-01-31 15:46:00,2.03,1.95,6.82
A01950,S2,2026-01-31 20:33:00,2026-01-31 23:44:00,3.05,3.19,4.78
A01950,S3,2026-02-01 01:14:00,2026-02-01 05:44:00,5.08,4.5,1.49
A01950,S4,2026-02-01 06:23:00,2026-02-01 13:59:00,4.06,7.59,0.66
A01950,S5,2026-02-01 17:05:00,2026-02-01 18:48:00,1.52,1.72,3.1
A01951,S1,2026-01-31 08:40:00,2026-01-31 13:49:00,4.96,5.15,1.67
A01951,S2,2026-01-31 16:47:00,2026-02-01 00:35:00,7.44,7.81,2.97
A01951,S3,2026-02-01 09:05:00,2026-02-01 21:16:00,12.4,12.19,8.49
A01951,S4,2026-02-02 13:31:00,2026-02-03 04:08:00,9.92,14.61,16.25
A01951,S5,2026-02-03 06:04:00,2026-02-03 09:14:00,3.72,3.17,1.93
A01952,S1,2026-01-31 08:22:00,2026-01-31 11:01:00,2.51,2.64,1.37
A01952,S2,2026-01-31 14:09:00,2026-01-31 17:35:00,3.77,3.44,3.13
A01952,S3,2026-01-31 19:46:00,2026-02-01 01:56:00,6.28,6.17,2.18
A01952,S4,2026-02-01 05:14:00,2026-02-01 13:02:00,5.02,7.79,3.31
A01952,S5,2026-02-01 13:18:00,2026-02-01 15:30:00,1.88,2.21,0.26
A01953,S1,2026-01-31 09:27:00,2026-01-31 13:21:00,3.58,3.9,2.45
A01953,S2,2026-01-31 13:26:00,2026-01-31 18:45:00,5.38,5.32,0.09
A01953,S3,2026-02-01 01:47:00,2026-02-01 12:41:00,8.96,10.9,7.02
A01953,S4,2026-02-01 13:36:00,2026-02-01 22:07:00,7.17,8.51,0.93
A01953,S5,2026-02-02 02:27:00,2026-02-02 05:10:00,2.69,2.71,4.34
A01954,S1,2026-01-31 07:31:00,2026-01-31 10:04:00,2.68,2.55,0.52
A01954,S2,2026-01-31 14:43:00,2026-01-31 17:51:00,4.02,3.15,4.64
A01954,S3,2026-01-31 18:24:00,2026-02-01 00:53:00,6.7,6.47,0.55
A01954,S4,2026-02-01 05:14:00,2026-02-01 10:05:00,5.36,4.84,4.36
A01954,S5,2026-02-01 11:40:00,2026-02-01 13:46:00,2.01,2.09,1.6
A01955,S1,2026-01-31 07:23:00,2026-01-31 09:05:00,1.68,1.69,0.39
A01955,S2,2026-01-31 09:26:00,2026-01-31 12:24:00,2.52,2.97,0.35
A01955,S3,2026-01-31 13:41:00,2026-01-31 19:51:00,4.2,6.15,1.29
A01955,S4,2026-02-01 11:02:00,2026-02-01 13:46:00,3.36,2.73,15.19
A01955,S5,2026-02-01 13:56:00,2026-02-01 15:14:00,1.26,1.3,0.17
A01956,S1,2026-01-31 07:56:00,2026-01-31 10:43:00,2.64,2.79,0.94
A01956,S2,2026-01-31 12:16:00,2026-01-31 16:22:00,3.96,4.1,1.55
A01956,S3,2026-01-31 16:28:00,2026-02-01 00:35:00,6.6,8.11,0.1
A01956,S4,2026-02-01 17:58:00,2026-02-02 02:02:00,5.28,8.08,17.39
A01956,S5,2026-02-02 04:10:00,2026-02-02 06:02:00,1.98,1.86,2.13
A01957,S1,2026-02-01 07:11:00,2026-02-01 10:12:00,3.38,3.02,0.18
A01957,S2,2026-02-01 11:57:00,2026-02-01 17:02:00,5.08,5.08,1.76
A01957,S3,2026-02-01 19:37:00,2026-02-02 01:51:00,8.46,6.23,2.59
A01957,S4,2026-02-02 03:32:00,2026-02-02 07:11:00,6.77,3.65,1.67
A01957,S5,2026-02-02 12:18:00,2026-02-02 14:56:00,2.54,2.63,5.12
A01958,S1,2026-02-01 07:37:00,2026-02-01 09:55:00,2.26,2.29,0.62
A01958,S2,2026-02-01 10:17:00,2026-02-01 13:47:00,3.38,3.51,0.37
A01958,S3,2026-02-01 17:34:00,2026-02-02 00:02:00,5.64,6.46,3.78
A01958,S4,2026-02-02 07:39:00,2026-02-02 16:12:00,4.51,8.54,7.62
A01958,S5,2026-02-02 17:39:00,2026-02-02 19:24:00,1.69,1.75,1.45
A01959,S1,2026-02-01 07:13:00,2026-02-01 10:17:00,3.0,3.06,0.22
A01959,S2,2026-02-01 11:16:00,2026-02-01 14:36:00,4.5,3.33,0.98
A01959,S3,2026-02-01 15:47:00,2026-02-02 03:45:00,7.5,11.98,1.18
A01959,S4,2026-02-02 13:25:00,2026-02-02 17:52:00,6.0,4.45,9.67
A01959,S5,2026-02-02 18:06:00,2026-02-02 20:13:00,2.25,2.13,0.22
A01960,S1,2026-02-01 08:35:00,2026-02-01 11:04:00,2.46,2.48,1.58
A01960,S2,2026-02-01 11:31:00,2026-02-01 15:41:00,3.7,4.17,0.45
A01960,S3,2026-02-01 16:09:00,2026-02-01 22:36:00,6.16,6.44,0.48
A01960,S4,2026-02-02 04:33:00,2026-02-02 08:22:00,4.93,3.82,5.95
A01960,S5,2026-02-02 13:02:00,2026-02-02 15:03:00,1.85,2.02,4.66
A01961,S1,2026-02-01 08:05:00,2026-02-01 12:58:00,4.72,4.88,1.08
A01961,S2,2026-02-01 13:50:00,2026-02-01 22:53:00,7.08,9.05,0.86
A01961,S3,2026-02-02 00:14:00,2026-02-02 08:58:00,11.8,8.72,1.35
A01961,S4,2026-02-02 09:33:00,2026-02-02 16:48:00,9.44,7.25,0.59
A01961,S5,2026-02-02 18:12:00,2026-02-02 21:39:00,3.54,3.45,1.4
A01962,S1,2026-02-01 07:33:00,2026-02-01 09:38:00,1.84,2.09,0.55
A01962,S2,2026-02-01 10:14:00,2026-02-01 13:25:00,2.76,3.18,0.59
A01962,S3,2026-02-01 14:54:00,2026-02-01 19:10:00,4.6,4.27,1.49
A01962,S4,2026-02-02 04:09:00,2026-02-02 07:22:00,3.68,3.2,8.98
A01962,S5,2026-02-02 08:05:00,2026-02-02 09:39:00,1.38,1.57,0.72
A01963,S1,2026-02-01 07:14:00,2026-02-01 09:24:00,2.08,2.18,0.23
A01963,S2,2026-02-01 13:29:00,2026-02-01 17:30:00,3.12,4.02,4.07
A01963,S3,2026-02-02 04:42:00,2026-02-02 11:59:00,5.2,7.28,11.19
A01963,S4,2026-02-02 12:03:00,2026-02-02 16:41:00,4.16,4.63,0.08
A01963,S5,2026-02-02 17:25:00,2026-02-02 18:57:00,1.56,1.52,0.74
A01964,S1,2026-02-01 07:53:00,2026-02-01 12:35:00,4.68,4.69,0.89
A01964,S2,2026-02-01 13:27:00,2026-02-01 22:03:00,7.02,8.61,0.86
A01964,S3,2026-02-02 02:06:00,2026-02-02 14:05:00,11.7,11.97,4.05
A01964,S4,2026-02-02 16:22:00,2026-02-03 04:24:00,9.36,12.02,2.3
A01964,S5,2026-02-03 08:05:00,2026-02-03 11:14:00,3.51,3.15,3.68
A01965,S1,2026-02-01 07:04:00,2026-02-01 08:59:00,2.36,1.91,0.07
A01965,S2,2026-02-01 09:01:00,2026-02-01 12:37:00,3.54,3.59,0.04
A01965,S3,2026-02-01 15:23:00,2026-02-01 20:19:00,5.9,4.94,2.77
A01965,S4,2026-02-02 08:29:00,2026-02-02 13:49:00,4.72,5.33,12.16
A01965,S5,2026-02-02 14:07:00,2026-02-02 16:00:00,1.77,1.89,0.31
A01966,S1,2026-02-02 07:04:00,2026-02-02 11:45:00,4.36,4.69,0.07
A01966,S2,2026-02-02 12:54:00,2026-02-02 20:04:00,6.54,7.17,1.14
A01966,S3,2026-02-02 21:07:00,2026-02-03 09:11:00,10.9,12.06,1.05
A01966,S4,2026-02-04 08:49:00,2026-02-04 16:13:00,8.72,7.39,23.64
A01966,S5,2026-02-04 20:24:00,2026-02-05 00:00:00,3.27,3.59,4.2
A01967,S1,2026-02-02 09:15:00,2026-02-02 14:37:00,5.68,5.36,2.26
A01967,S2,2026-02-02 16:04:00,2026-02-03 00:00:00,8.52,7.94,1.46
A01967,S3,2026-02-03 04:18:00,2026-02-03 17:41:00,14.2,13.39,4.29
A01967,S4,2026-02-03 18:19:00,2026-02-04 08:04:00,11.36,13.75,0.63
A01967,S5,2026-02-04 08:07:00,2026-02-04 14:06:00,4.26,5.98,0.05
A01968,S1,2026-02-02 07:15:00,2026-02-02 11:32:00,4.42,4.28,0.25
A01968,S2,2026-02-02 16:18:00,2026-02-02 23:51:00,6.62,7.55,4.78
A01968,S3,2026-02-03 07:37:00,2026-02-03 16:37:00,11.04,9.0,7.76
A01968,S4,2026-02-04 09:49:00,2026-02-04 21:19:00,8.83,11.5,17.2
A01968,S5,2026-02-04 21:19:00,2026-02-05 00:21:00,3.31,3.03,0.01
A01969,S1,2026-02-02 07:15:00,2026-02-02 11:48:00,4.26,4.55,0.25
A01969,S2,2026-02-02 18:47:00,2026-02-03 01:59:00,6.38,7.2,6.98
A01969,S3,2026-02-03 03:08:00,2026-02-03 13:26:00,10.64,10.3,1.16
A01969,S4,2026-02-03 14:41:00,2026-02-03 22:05:00,8.51,7.4,1.25
A01969,S5,2026-02-03 22:57:00,2026-02-04 01:51:00,3.19,2.89,0.87
A01970,S1,2026-02-02 09:59:00,2026-02-02 13:10:00,2.71,3.17,2.99
A01970,S2,2026-02-02 13:41:00,2026-02-02 17:08:00,4.07,3.46,0.51
A01970,S3,2026-02-02 23:39:00,2026-02-03 04:31:00,6.78,4.86,6.52
A01970,S4,2026-02-03 11:03:00,2026-02-03 18:23:00,5.42,7.33,6.53
A01970,S5,2026-02-03 18:23:00,2026-02-03 20:26:00,2.03,2.05,0.01
A01971,S1,2026-02-03 08:24:00,2026-02-03 13:37:00,5.02,5.23,1.4
A01971,S2,2026-02-03 14:37:00,2026-02-04 00:01:00,7.54,9.41,0.99
A01971,S3,2026-02-04 07:41:00,2026-02-04 20:48:00,12.56,13.12,7.66
A01971,S4,2026-02-04 21:12:00,2026-02-05 06:43:00,10.05,9.52,0.39
A01971,S5,2026-02-05 06:54:00,2026-02-05 10:24:00,3.77,3.51,0.19
A01972,S1,2026-02-03 07:16:00,2026-02-03 14:12:00,6.12,6.93,0.27
A01972,S2,2026-02-03 16:49:00,2026-02-04 01:46:00,9.18,8.96,2.62
A01972,S3,2026-02-04 05:01:00,2026-02-04 19:42:00,15.3,14.69,3.24
A01972,S4,2026-02-04 21:02:00,2026-02-05 12:49:00,12.24,15.79,1.34
A01972,S5,2026-02-05 12:56:00,2026-02-05 18:31:00,4.59,5.58,0.11
A01973,S1,2026-02-03 07:07:00,2026-02-03 10:39:00,3.34,3.54,0.11
A01973,S2,2026-02-03 12:10:00,2026-02-03 17:44:00,5.0,5.58,1.51
A01973,S3,2026-02-03 21:43:00,2026-02-04 06:22:00,8.34,8.66,3.97
A01973,S4,2026-02-04 12:46:00,2026-02-04 21:57:00,6.67,9.18,6.4
A01973,S5,2026-02-05 04:31:00,2026-02-05 07:00:00,2.5,2.48,6.56
A01974,S1,2026-02-03 07:26:00,2026-02-03 13:03:00,3.97,5.62,0.43
A01974,S2,2026-02-03 13:26:00,2026-02-03 18:39:00,5.95,5.23,0.37
A01974,S3,2026-02-03 22:48:00,2026-02-04 11:48:00,9.92,12.99,4.15
A01974,S4,2026-02-04 11:54:00,2026-02-05 06:23:00,7.94,18.48,0.11
A01974,S5,2026-02-05 07:59:00,2026-02-05 11:16:00,2.98,3.29,1.61
A01975,S1,2026-02-04 07:17:00,2026-02-04 10:12:00,2.78,2.92,0.28
A01975,S2,2026-02-04 10:56:00,2026-02-04 15:46:00,4.18,4.83,0.73
A01975,S3,2026-02-04 16:45:00,2026-02-04 23:04:00,6.96,6.31,0.98
A01975,S4,2026-02-04 23:10:00,2026-02-05 05:50:00,5.57,6.67,0.11
A01975,S5,2026-02-05 08:09:00,2026-02-05 10:48:00,2.09,2.65,2.31
A01976,S1,2026-02-04 08:39:00,2026-02-04 16:26:00,6.2,7.77,1.66
A01976,S2,2026-02-04 17:32:00,2026-02-05 03:23:00,9.3,9.84,1.11
A01976,S3,2026-02-05 06:20:00,2026-02-05 20:39:00,15.5,14.32,2.95
A01976,S4,2026-02-06 04:12:00,2026-02-07 00:53:00,12.4,20.69,7.54
A01976,S5,2026-02-07 05:35:00,2026-02-07 10:12:00,4.65,4.62,4.7
A01977,S1,2026-02-04 09:36:00,2026-02-04 14:36:00,4.84,5.01,2.6
A01977,S2,2026-02-04 14:48:00,2026-02-04 21:30:00,7.26,6.71,0.2
A01977,S3,2026-02-04 21:32:00,2026-02-05 10:46:00,12.1,13.23,0.03
A01977,S4,2026-02-05 12:38:00,2026-02-06 03:13:00,9.68,14.57,1.87
A01977,S5,2026-02-06 03:55:00,2026-02-06 07:14:00,3.63,3.32,0.7
A01978,S1,2026-02-04 07:44:00,2026-02-04 13:14:00,4.56,5.49,0.73
A01978,S2,2026-02-04 17:20:00,2026-02-05 02:37:00,6.84,9.28,4.1
A01978,S3,2026-02-05 04:23:00,2026-02-05 15:09:00,11.4,10.76,1.78
A01978,S4,2026-02-05 22:48:00,2026-02-06 06:00:00,9.12,7.2,7.65
A01978,S5,2026-02-06 06:27:00,2026-02-06 09:10:00,3.42,2.73,0.45
A01979,S1,2026-02-04 07:19:00,2026-02-04 09:21:00,1.98,2.02,0.32
A01979,S2,2026-02-04 10:51:00,2026-02-04 15:12:00,2.98,4.35,1.51
A01979,S3,2026-02-04 17:40:00,2026-02-05 00:15:00,4.96,6.59,2.46
A01979,S4,2026-02-05 02:59:00,2026-02-05 07:47:00,3.97,4.8,2.73
A01979,S5,2026-02-05 12:20:00,2026-02-05 14:02:00,1.49,1.71,4.54
A01980,S1,2026-02-04 07:21:00,2026-02-04 10:18:00,2.36,2.95,0.35
A01980,S2,2026-02-04 11:19:00,2026-02-04 15:46:00,3.54,4.45,1.01
A01980,S3,2026-02-05 02:18:00,2026-02-05 11:15:00,5.9,8.94,10.54
A01980,S4,2026-02-05 12:22:00,2026-02-05 16:03:00,4.72,3.68,1.13
A01980,S5,2026-02-05 16:23:00,2026-02-05 18:03:00,1.77,1.66,0.34
A01981,S1,2026-02-05 07:25:00,2026-02-05 10:50:00,3.12,3.41,0.42
A01981,S2,2026-02-05 13:39:00,2026-02-05 18:33:00,4.68,4.9,2.82
A01981,S3,2026-02-06 04:54:00,2026-02-06 12:41:00,7.8,7.78,10.34
A01981,S4,2026-02-06 13:32:00,2026-02-06 20:16:00,6.24,6.72,0.86
A01981,S5,2026-02-07 00:52:00,2026-02-07 03:12:00,2.34,2.34,4.61
A01982,S1,2026-02-05 07:51:00,2026-02-05 11:23:00,2.94,3.54,0.85
A01982,S2,2026-02-05 17:18:00,2026-02-05 21:33:00,4.41,4.25,5.92
A01982,S3,2026-02-05 22:59:00,2026-02-06 06:04:00,7.35,7.1,1.43
A01982,S4,2026-02-08 00:28:00,2026-02-08 07:28:00,5.88,7.0,42.39
A01982,S5,2026-02-08 11:01:00,2026-02-08 13:27:00,2.2,2.43,3.56
A01983,S1,2026-02-05 07:11:00,2026-02-05 09:46:00,2.88,2.59,0.19
A01983,S2,2026-02-05 10:03:00,2026-02-05 14:19:00,4.32,4.28,0.27
A01983,S3,2026-02-05 19:29:00,2026-02-06 04:58:00,7.2,9.48,5.16
A01983,S4,2026-02-06 06:46:00,2026-02-06 13:04:00,5.76,6.29,1.81
A01983,S5,2026-02-06 13:42:00,2026-02-06 16:05:00,2.16,2.39,0.63
A01984,S1,2026-02-05 08:31:00,2026-02-05 12:05:00,3.0,3.56,1.52
A01984,S2,2026-02-05 13:48:00,2026-02-05 18:02:00,4.5,4.23,1.72
A01984,S3,2026-02-05 19:33:00,2026-02-06 05:16:00,7.5,9.72,1.53
A01984,S4,2026-02-06 05:29:00,2026-02-06 14:06:00,6.0,8.62,0.21
A01984,S5,2026-02-06 14:33:00,2026-02-06 16:49:00,2.25,2.26,0.44
A01985,S1,2026-02-05 08:58:00,2026-02-05 11:51:00,2.18,2.88,1.96
A01985,S2,2026-02-05 15:51:00,2026-02-05 19:22:00,3.27,3.52,4.0
A01985,S3,2026-02-05 19:58:00,2026-02-06 01:54:00,5.45,5.93,0.6
A01985,S4,2026-02-06 06:43:00,2026-02-06 09:02:00,4.36,2.31,4.82
A01985,S5,2026-02-06 12:08:00,2026-02-06 13:55:00,1.64,1.79,3.1
A01986,S1,2026-02-05 07:23:00,2026-02-05 11:18:00,3.36,3.93,0.38
A01986,S2,2026-02-05 11:40:00,2026-02-05 15:31:00,5.04,3.84,0.37
A01986,S3,2026-02-05 20:18:00,2026-02-06 03:46:00,8.4,7.47,4.78
A01986,S4,2026-02-06 03:50:00,2026-02-06 11:21:00,6.72,7.53,0.06
A01986,S5,2026-02-06 11:38:00,2026-02-06 14:00:00,2.52,2.37,0.27
A01987,S1,2026-02-05 08:32:00,2026-02-05 11:30:00,2.59,2.96,1.54
A01987,S2,2026-02-05 11:47:00,2026-02-05 15:22:00,3.89,3.58,0.29
A01987,S3,2026-02-05 17:20:00,2026-02-05 22:53:00,6.48,5.55,1.97
A01987,S4,2026-02-05 23:36:00,2026-02-06 05:12:00,5.18,5.61,0.72
A01987,S5,2026-02-06 06:05:00,2026-02-06 07:55:00,1.94,1.84,0.87
A01988,S1,2026-02-06 07:08:00,2026-02-06 10:28:00,3.1,3.33,0.14
A01988,S2,2026-02-06 11:05:00,2026-02-06 16:04:00,4.65,4.98,0.62
A01988,S3,2026-02-06 16:42:00,2026-02-07 00:33:00,7.75,7.87,0.63
A01988,S4,2026-02-07 01:05:00,2026-02-07 09:41:00,6.2,8.6,0.52
A01988,S5,2026-02-07 12:53:00,2026-02-07 15:26:00,2.33,2.54,3.21
A01989,S1,2026-02-06 07:45:00,2026-02-06 10:17:00,2.86,2.54,0.75
A01989,S2,2026-02-06 11:24:00,2026-02-06 15:45:00,4.28,4.36,1.1
A01989,S3,2026-02-06 18:18:00,2026-02-07 02:22:00,7.14,8.06,2.54
A01989,S4,2026-02-07 06:38:00,2026-02-07 18:46:00,5.71,12.13,4.27
A01989,S5,2026-02-07 22:43:00,2026-02-08 00:58:00,2.14,2.25,3.95
A01990,S1,2026-02-06 09:00:00,2026-02-06 11:31:00,2.38,2.51,2.0
A01990,S2,2026-02-06 17:29:00,2026-02-06 22:18:00,3.58,4.82,5.96
A01990,S3,2026-02-06 23:34:00,2026-02-07 05:44:00,5.96,6.16,1.27
A01990,S4,2026-02-07 06:07:00,2026-02-07 10:51:00,4.77,4.72,0.39
A01990,S5,2026-02-07 12:59:00,2026-02-07 14:39:00,1.79,1.65,2.15
A01991,S1,2026-02-07 08:01:00,2026-02-07 10:06:00,2.02,2.07,1.02
A01991,S2,2026-02-07 10:19:00,2026-02-07 13:34:00,3.02,3.24,0.23
A01991,S3,2026-02-07 13:58:00,2026-02-07 18:34:00,5.04,4.6,0.4
A01991,S4,2026-02-08 05:56:00,2026-02-08 10:30:00,4.03,4.57,11.37
A01991,S5,2026-02-08 13:47:00,2026-02-08 15:17:00,1.51,1.5,3.28
A01992,S1,2026-02-07 08:06:00,2026-02-07 13:54:00,6.04,5.8,1.1
A01992,S2,2026-02-07 14:48:00,2026-02-08 00:09:00,9.06,9.34,0.91
A01992,S3,2026-02-08 03:54:00,2026-02-08 21:40:00,15.1,17.78,3.75
A01992,S4,2026-02-08 22:30:00,2026-02-09 14:46:00,12.08,16.27,0.84
A01992,S5,2026-02-09 17:51:00,2026-02-09 22:37:00,4.53,4.76,3.09
A01993,S1,2026-02-07 07:48:00,2026-02-07 09:28:00,1.78,1.67,0.8
A01993,S2,2026-02-07 10:25:00,2026-02-07 12:57:00,2.66,2.53,0.96
A01993,S3,2026-02-07 16:12:00,2026-02-07 21:09:00,4.44,4.95,3.24
A01993,S4,2026-02-08 00:34:00,2026-02-08 05:22:00,3.55,4.8,3.42
A01993,S5,2026-02-08 07:19:00,2026-02-08 09:12:00,1.33,1.87,1.96
A01994,S1,2026-02-07 07:04:00,2026-02-07 10:09:00,2.76,3.09,0.07
A01994,S2,2026-02-07 10:25:00,2026-02-07 15:06:00,4.14,4.69,0.26
A01994,S3,2026-02-07 16:45:00,2026-02-08 01:23:00,6.9,8.63,1.65
A01994,S4,2026-02-09 00:41:00,2026-02-09 12:49:00,5.52,12.14,23.3
A01994,S5,2026-02-09 12:50:00,2026-02-09 15:12:00,2.07,2.36,0.02
A01995,S1,2026-02-07 07:25:00,2026-02-07 11:59:00,4.48,4.56,0.42
A01995,S2,2026-02-07 12:15:00,2026-02-07 17:20:00,6.72,5.09,0.27
A01995,S3,2026-02-07 18:59:00,2026-02-08 09:53:00,11.2,14.9,1.64
A01995,S4,2026-02-09 00:48:00,2026-02-09 13:39:00,8.96,12.86,14.92
A01995,S5,2026-02-09 15:26:00,2026-02-09 18:54:00,3.36,3.46,1.78
A01996,S1,2026-02-07 07:00:00,2026-02-07 09:33:00,2.4,2.54,0.01
A01996,S2,2026-02-07 10:38:00,2026-02-07 13:43:00,3.6,3.08,1.09
A01996,S3,2026-02-07 13:51:00,2026-02-07 21:39:00,6.0,7.8,0.14
A01996,S4,2026-02-08 06:28:00,2026-02-08 11:07:00,4.8,4.66,8.8
A01996,S5,2026-02-08 11:27:00,2026-02-08 13:11:00,1.8,1.73,0.33
A01997,S1,2026-02-07 07:36:00,2026-02-07 11:07:00,2.74,3.52,0.6
A01997,S2,2026-02-07 11:47:00,2026-02-07 16:31:00,4.1,4.72,0.67
A01997,S3,2026-02-07 19:33:00,2026-02-08 01:22:00,6.84,5.82,3.04
A01997,S4,2026-02-08 06:17:00,2026-02-08 11:30:00,5.47,5.22,4.91
A01997,S5,2026-02-08 13:48:00,2026-02-08 16:01:00,2.05,2.21,2.3
A01998,S1,2026-02-08 07:45:00,2026-02-08 12:04:00,4.67,4.31,0.75
A01998,S2,2026-02-08 14:23:00,2026-02-08 23:13:00,7.01,8.83,2.32
A01998,S3,2026-02-08 23:15:00,2026-02-09 14:09:00,11.68,14.9,0.03
A01998,S4,2026-02-10 03:28:00,2026-02-10 17:31:00,9.34,14.05,13.32
A01998,S5,2026-02-10 19:05:00,2026-02-10 22:55:00,3.5,3.84,1.56
A01999,S1,2026-02-08 07:11:00,2026-02-08 11:41:00,3.62,4.5,0.19
A01999,S2,2026-02-08 15:03:00,2026-02-08 20:42:00,5.42,5.64,3.37
A01999,S3,2026-02-08 21:32:00,2026-02-09 07:08:00,9.04,9.6,0.84
A01999,S4,2026-02-09 18:24:00,2026-02-10 00:42:00,7.23,6.31,11.26
A01999,S5,2026-02-10 01:23:00,2026-02-10 04:13:00,2.71,2.83,0.69
A02000,S1,2026-02-08 08:39:00,2026-02-08 15:16:00,5.96,6.62,1.65
A02000,S2,2026-02-08 15:47:00,2026-02-09 03:17:00,8.94,11.49,0.52
A02000,S3,2026-02-09 06:12:00,2026-02-09 17:07:00,14.9,10.93,2.91
A02000,S4,2026-02-12 03:56:00,2026-02-12 20:43:00,11.92,16.79,58.81
A02000,S5,2026-02-12 21:37:00,2026-02-13 02:39:00,4.47,5.03,0.9
A02001,S1,2026-02-09 07:39:00,2026-02-09 13:14:00,5.16,5.58,0.65
A02001,S2,2026-02-09 23:39:00,2026-02-10 08:00:00,7.74,8.35,10.42
A02001,S3,2026-02-10 09:43:00,2026-02-10 22:24:00,12.9,12.69,1.71
A02001,S4,2026-02-11 02:44:00,2026-02-11 23:05:00,10.32,20.34,4.34
A02001,S5,2026-02-11 23:41:00,2026-02-12 03:54:00,3.87,4.22,0.6
A02002,S1,2026-02-09 07:30:00,2026-02-09 10:20:00,2.76,2.83,0.51
A02002,S2,2026-02-09 11:00:00,2026-02-09 16:10:00,4.14,5.16,0.66
A02002,S3,2026-02-09 17:02:00,2026-02-09 22:36:00,6.9,5.55,0.87
A02002,S4,2026-02-10 05:17:00,2026-02-10 11:55:00,5.52,6.63,6.7
A02002,S5,2026-02-10 15:16:00,2026-02-10 17:38:00,2.07,2.36,3.35
A02003,S1,2026-02-09 08:45:00,2026-02-09 12:09:00,2.93,3.4,1.75
A02003,S2,2026-02-09 14:05:00,2026-02-09 18:37:00,4.39,4.53,1.94
A02003,S3,2026-02-10 08:03:00,2026-02-10 14:16:00,7.32,6.22,13.43
A02003,S4,2026-02-10 14:52:00,2026-02-10 19:05:00,5.86,4.23,0.6
A02003,S5,2026-02-10 19:35:00,2026-02-10 21:49:00,2.2,2.23,0.5
A02004,S1,2026-02-09 07:29:00,2026-02-09 09:51:00,2.64,2.36,0.49
A02004,S2,2026-02-09 10:33:00,2026-02-09 14:32:00,3.96,3.99,0.7
A02004,S3,2026-02-09 16:17:00,2026-02-09 21:16:00,6.6,4.99,1.74
A02004,S4,2026-02-09 21:52:00,2026-02-10 02:52:00,5.28,5.0,0.6
A02004,S5,2026-02-10 03:04:00,2026-02-10 04:48:00,1.98,1.73,0.2
A02005,S1,2026-02-10 07:28:00,2026-02-10 09:32:00,1.71,2.07,0.46
A02005,S2,2026-02-10 13:21:00,2026-02-10 16:06:00,2.57,2.75,3.82
A02005,S3,2026-02-10 19:05:00,2026-02-10 22:42:00,4.28,3.61,2.99
A02005,S4,2026-02-11 17:08:00,2026-02-11 21:44:00,3.42,4.6,18.43
A02005,S5,2026-02-11 22:11:00,2026-02-11 23:47:00,1.28,1.6,0.45
A02006,S1,2026-02-10 08:31:00,2026-02-10 13:28:00,4.61,4.95,1.52
A02006,S2,2026-02-10 13:34:00,2026-02-10 19:47:00,6.91,6.22,0.09
A02006,S3,2026-02-10 21:15:00,2026-02-11 13:25:00,11.52,16.16,1.48
A02006,S4,2026-02-11 18:50:00,2026-02-12 06:14:00,9.22,11.41,5.41
A02006,S5,2026-02-12 07:13:00,2026-02-12 10:56:00,3.46,3.72,0.98
A02007,S1,2026-02-10 07:33:00,2026-02-10 10:09:00,2.34,2.61,0.54
A02007,S2,2026-02-10 11:33:00,2026-02-10 14:35:00,3.51,3.02,1.4
A02007,S3,2026-02-10 19:19:00,2026-02-11 02:16:00,5.85,6.94,4.75
A02007,S4,2026-02-11 02:30:00,2026-02-11 09:45:00,4.68,7.26,0.23
A02007,S5,2026-02-11 09:51:00,2026-02-11 11:42:00,1.76,1.86,0.1
A02008,S1,2026-02-10 07:23:00,2026-02-10 11:37:00,3.81,4.22,0.39
A02008,S2,2026-02-10 16:30:00,2026-02-10 23:43:00,5.71,7.23,4.88
A02008,S3,2026-02-11 00:08:00,2026-02-11 10:57:00,9.52,10.81,0.41
A02008,S4,2026-02-12 04:25:00,2026-02-12 13:57:00,7.62,9.54,17.47
A02008,S5,2026-02-12 15:23:00,2026-02-12 18:27:00,2.86,3.08,1.43
A02009,S1,2026-02-10 08:06:00,2026-02-10 11:13:00,2.9,3.12,1.1
A02009,S2,2026-02-10 11:52:00,2026-02-10 16:03:00,4.35,4.18,0.65
A02009,S3,2026-02-10 16:43:00,2026-02-11 00:03:00,7.25,7.33,0.67
A02009,S4,2026-02-11 08:25:00,2026-02-11 12:55:00,5.8,4.51,8.36
A02009,S5,2026-02-11 13:02:00,2026-02-11 15:11:00,2.17,2.15,0.11
A02010,S1,2026-02-11 07:10:00,2026-02-11 10:57:00,4.44,3.79,0.16
A02010,S2,2026-02-11 13:06:00,2026-02-11 20:40:00,6.66,7.58,2.15
A02010,S3,2026-02-11 21:59:00,2026-02-12 08:14:00,11.1,10.24,1.31
A02010,S4,2026-02-12 17:04:00,2026-02-13 10:58:00,8.88,17.9,8.83
A02010,S5,2026-02-13 11:17:00,2026-02-13 15:13:00,3.33,3.93,0.32
A02011,S1,2026-02-11 07:07:00,2026-02-11 10:07:00,2.29,3.0,0.11
A02011,S2,2026-02-11 11:17:00,2026-02-11 14:27:00,3.43,3.16,1.17
A02011,S3,2026-02-11 17:08:00,2026-02-11 22:06:00,5.72,4.96,2.69
A02011,S4,2026-02-12 06:16:00,2026-02-12 09:39:00,4.58,3.38,8.18
A02011,S5,2026-02-12 09:49:00,2026-02-12 11:18:00,1.72,1.48,0.16
A02012,S1,2026-02-11 08:05:00,2026-02-11 11:29:00,2.9,3.39,1.09
A02012,S2,2026-02-11 13:21:00,2026-02-11 18:21:00,4.35,4.99,1.88
A02012,S3,2026-02-12 02:09:00,2026-02-12 09:28:00,7.25,7.31,7.8
A02012,S4,2026-02-13 14:24:00,2026-02-13 21:33:00,5.8,7.14,28.95
A02012,S5,2026-02-14 02:49:00,2026-02-14 04:45:00,2.17,1.93,5.27
A02013,S1,2026-02-11 07:19:00,2026-02-11 10:46:00,3.16,3.45,0.31
A02013,S2,2026-02-11 10:48:00,2026-02-11 14:52:00,4.74,4.06,0.04
A02013,S3,2026-02-11 14:59:00,2026-02-11 23:37:00,7.9,8.64,0.12
A02013,S4,2026-02-12 00:04:00,2026-02-12 05:21:00,6.32,5.29,0.44
A02013,S5,2026-02-12 05:31:00,2026-02-12 07:50:00,2.37,2.33,0.16
A02014,S1,2026-02-11 08:42:00,2026-02-11 13:40:00,4.44,4.96,1.7
A02014,S2,2026-02-11 16:32:00,2026-02-11 21:46:00,6.66,5.23,2.86
A02014,S3,2026-02-12 00:54:00,2026-02-12 08:47:00,11.1,7.89,3.13
A02014,S4,2026-02-12 11:04:00,2026-02-13 06:36:00,8.88,19.54,2.28
A02014,S5,2026-02-13 07:28:00,2026-02-13 11:05:00,3.33,3.6,0.87
A02015,S1,2026-02-12 07:36:00,2026-02-12 13:37:00,4.52,6.01,0.61
A02015,S2,2026-02-12 17:38:00,2026-02-12 23:47:00,6.78,6.16,4.01
A02015,S3,2026-02-13 10:03:00,2026-02-14 02:52:00,11.3,16.83,10.25
A02015,S4,2026-02-14 04:45:00,2026-02-14 15:48:00,9.04,11.05,1.88
A02015,S5,2026-02-14 16:15:00,2026-02-14 20:06:00,3.39,3.85,0.45
A02016,S1,2026-02-12 07:00:00,2026-02-12 08:44:00,1.73,1.74,0.0
A02016,S2,2026-02-12 09:26:00,2026-02-12 12:02:00,2.59,2.59,0.7
A02016,S3,2026-02-12 13:02:00,2026-02-12 17:07:00,4.32,4.08,1.0
A02016,S4,2026-02-12 18:25:00,2026-02-12 20:34:00,3.46,2.15,1.3
A02016,S5,2026-02-12 20:58:00,2026-02-12 22:17:00,1.3,1.32,0.4
A02017,S1,2026-02-12 07:32:00,2026-02-12 10:08:00,2.14,2.59,0.54
A02017,S2,2026-02-12 15:26:00,2026-02-12 18:46:00,3.21,3.34,5.3
A02017,S3,2026-02-12 18:53:00,2026-02-12 23:39:00,5.35,4.77,0.12
A02017,S4,2026-02-13 21:09:00,2026-02-14 01:55:00,4.28,4.75,21.5
A02017,S5,2026-02-14 04:46:00,2026-02-14 06:22:00,1.6,1.6,2.86
A02018,S1,2026-02-12 08:29:00,2026-02-12 10:13:00,1.84,1.74,1.49
A02018,S2,2026-02-12 10:15:00,2026-02-12 13:45:00,2.76,3.5,0.03
A02018,S3,2026-02-12 14:13:00,2026-02-12 19:09:00,4.6,4.93,0.46
A02018,S4,2026-02-12 20:48:00,2026-02-13 00:14:00,3.68,3.44,1.65
A02018,S5,2026-02-13 00:34:00,2026-02-13 02:04:00,1.38,1.49,0.34
A02019,S1,2026-02-12 07:52:00,2026-02-12 10:27:00,2.37,2.58,0.87
A02019,S2,2026-02-12 13:58:00,2026-02-12 18:30:00,3.55,4.53,3.52
A02019,S3,2026-02-12 19:47:00,2026-02-13 02:38:00,5.92,6.86,1.29
A02019,S4,2026-02-13 03:25:00,2026-02-13 08:17:00,4.74,4.87,0.78
A02019,S5,2026-02-13 11:45:00,2026-02-13 13:33:00,1.78,1.79,3.47
A02020,S1,2026-02-12 08:22:00,2026-02-12 12:25:00,3.46,4.05,1.36
A02020,S2,2026-02-12 12:29:00,2026-02-12 17:45:00,5.18,5.27,0.07
A02020,S3,2026-02-12 19:42:00,2026-02-13 05:57:00,8.64,10.26,1.94
A02020,S4,2026-02-13 10:32:00,2026-02-14 01:00:00,6.91,14.47,4.58
A02020,S5,2026-02-14 01:05:00,2026-02-14 03:18:00,2.59,2.23,0.07
A02021,S1,2026-02-13 07:06:00,2026-02-13 09:21:00,2.32,2.24,0.11
A02021,S2,2026-02-13 14:40:00,2026-02-13 18:05:00,3.48,3.41,5.32
A02021,S3,2026-02-14 01:33:00,2026-02-14 06:23:00,5.8,4.84,7.47
A02021,S4,2026-02-14 08:40:00,2026-02-14 11:22:00,4.64,2.7,2.28
A02021,S5,2026-02-14 12:45:00,2026-02-14 14:29:00,1.74,1.74,1.37
A02022,S1,2026-02-13 07:25:00,2026-02-13 10:12:00,2.9,2.77,0.42
A02022,S2,2026-02-13 10:16:00,2026-02-13 14:52:00,4.35,4.6,0.08
A02022,S3,2026-02-13 15:31:00,2026-02-14 00:26:00,7.25,8.93,0.64
A02022,S4,2026-02-14 17:27:00,2026-02-15 01:33:00,5.8,8.1,17.01
A02022,S5,2026-02-15 05:05:00,2026-02-15 07:33:00,2.17,2.47,3.53
A02023,S1,2026-02-13 07:31:00,2026-02-13 11:31:00,3.74,4.01,0.52
A02023,S2,2026-02-13 13:52:00,2026-02-13 21:10:00,5.62,7.3,2.34
A02023,S3,2026-02-13 22:28:00,2026-02-14 07:16:00,9.36,8.79,1.31
A02023,S4,2026-02-14 08:10:00,2026-02-14 23:27:00,7.49,15.29,0.9
A02023,S5,2026-02-14 23:58:00,2026-02-15 03:19:00,2.81,3.36,0.51
A02024,S1,2026-02-13 07:20:00,2026-02-13 10:15:00,2.46,2.93,0.33
A02024,S2,2026-02-13 10:21:00,2026-02-13 13:55:00,3.69,3.58,0.09
A02024,S3,2026-02-13 15:15:00,2026-02-13 20:57:00,6.15,5.69,1.33
A02024,S4,2026-02-14 02:49:00,2026-02-14 05:31:00,4.92,2.7,5.87
A02024,S5,2026-02-14 09:03:00,2026-02-14 11:07:00,1.84,2.06,3.54
A02025,S1,2026-02-14 07:08:00,2026-02-14 09:58:00,2.9,2.82,0.14
A02025,S2,2026-02-14 10:39:00,2026-02-14 16:25:00,4.35,5.77,0.69
A02025,S3,2026-02-14 22:21:00,2026-02-15 06:56:00,7.25,8.58,5.93
A02025,S4,2026-02-15 07:40:00,2026-02-15 22:51:00,5.8,15.19,0.73
A02025,S5,2026-02-16 00:10:00,2026-02-16 02:33:00,2.17,2.37,1.33
A02026,S1,2026-02-14 08:34:00,2026-02-14 12:25:00,4.1,3.83,1.57
A02026,S2,2026-02-14 13:07:00,2026-02-14 19:26:00,6.14,6.32,0.72
A02026,S3,2026-02-14 22:15:00,2026-02-15 07:50:00,10.24,9.58,2.81
A02026,S4,2026-02-15 19:32:00,2026-02-16 01:09:00,8.19,5.62,11.7
A02026,S5,2026-02-16 03:15:00,2026-02-16 06:42:00,3.07,3.45,2.1
A02027,S1,2026-02-14 07:35:00,2026-02-14 11:51:00,4.67,4.27,0.58
A02027,S2,2026-02-14 12:10:00,2026-02-14 19:24:00,7.01,7.23,0.32
A02027,S3,2026-02-14 20:48:00,2026-02-15 10:33:00,11.68,13.75,1.39
A02027,S4,2026-02-15 12:50:00,2026-02-16 01:35:00,9.34,12.75,2.29
A02027,S5,2026-02-16 07:43:00,2026-02-16 11:23:00,3.5,3.65,6.14
A02028,S1,2026-02-14 07:26:00,2026-02-14 12:54:00,5.12,5.47,0.43
A02028,S2,2026-02-14 13:37:00,2026-02-14 22:52:00,7.68,9.26,0.7
A02028,S3,2026-02-15 00:25:00,2026-02-15 12:43:00,12.8,12.29,1.55
A02028,S4,2026-02-15 19:24:00,2026-02-16 07:44:00,10.24,12.34,6.69
A02028,S5,2026-02-16 10:55:00,2026-02-16 15:43:00,3.84,4.8,3.18
A02029,S1,2026-02-14 07:05:00,2026-02-14 10:59:00,3.55,3.89,0.08
A02029,S2,2026-02-14 11:00:00,2026-02-14 15:19:00,5.33,4.31,0.03
A02029,S3,2026-02-14 16:44:00,2026-02-15 03:44:00,8.88,11.01,1.41
A02029,S4,2026-02-15 04:34:00,2026-02-15 07:17:00,7.1,2.72,0.83
A02029,S5,2026-02-15 09:18:00,2026-02-15 12:05:00,2.66,2.79,2.03
A02030,S1,2026-02-14 07:13:00,2026-02-14 09:27:00,1.97,2.22,0.22
A02030,S2,2026-02-14 10:27:00,2026-02-14 13:14:00,2.95,2.79,1.0
A02030,S3,2026-02-14 13:16:00,2026-02-14 17:56:00,4.92,4.66,0.04
A02030,S4,2026-02-15 14:13:00,2026-02-15 19:27:00,3.94,5.23,20.28
A02030,S5,2026-02-16 01:38:00,2026-02-16 03:14:00,1.48,1.6,6.18
A02031,S1,2026-02-15 08:18:00,2026-02-15 11:35:00,3.18,3.28,1.3
A02031,S2,2026-02-15 16:38:00,2026-02-15 22:00:00,4.77,5.36,5.05
A02031,S3,2026-02-16 00:27:00,2026-02-16 08:48:00,7.95,8.35,2.46
A02031,S4,2026-02-16 19:34:00,2026-02-17 00:17:00,6.36,4.72,10.77
A02031,S5,2026-02-17 06:30:00,2026-02-17 09:13:00,2.38,2.73,6.21
A02032,S1,2026-02-16 07:13:00,2026-02-16 11:57:00,4.42,4.73,0.22
A02032,S2,2026-02-16 13:08:00,2026-02-16 21:33:00,6.62,8.41,1.19
A02032,S3,2026-02-17 00:07:00,2026-02-17 13:55:00,11.04,13.81,2.57
A02032,S4,2026-02-17 19:51:00,2026-02-18 00:01:00,8.83,4.17,5.93
A02032,S5,2026-02-18 00:11:00,2026-02-18 03:44:00,3.31,3.55,0.15
A02033,S1,2026-02-16 07:07:00,2026-02-16 08:54:00,1.79,1.79,0.11
A02033,S2,2026-02-16 12:41:00,2026-02-16 15:05:00,2.69,2.39,3.79
A02033,S3,2026-02-16 15:49:00,2026-02-16 20:26:00,4.48,4.61,0.74
A02033,S4,2026-02-17 06:00:00,2026-02-17 11:30:00,3.58,5.5,9.57
A02033,S5,2026-02-17 13:57:00,2026-02-17 15:24:00,1.34,1.45,2.45
A02034,S1,2026-02-16 07:06:00,2026-02-16 11:12:00,3.74,4.11,0.09
A02034,S2,2026-02-16 12:08:00,2026-02-16 17:41:00,5.62,5.55,0.94
A02034,S3,2026-02-16 22:22:00,2026-02-17 09:35:00,9.36,11.21,4.68
A02034,S4,2026-02-17 14:22:00,2026-02-18 00:54:00,7.49,10.53,4.78
A02034,S5,2026-02-18 02:06:00,2026-02-18 05:03:00,2.81,2.95,1.2
A02035,S1,2026-02-16 09:01:00,2026-02-16 13:48:00,4.44,4.79,2.02
A02035,S2,2026-02-16 15:32:00,2026-02-16 22:10:00,6.66,6.64,1.72
A02035,S3,2026-02-17 01:37:00,2026-02-17 20:27:00,11.1,18.85,3.44
A02035,S4,2026-02-18 03:51:00,2026-02-18 17:30:00,8.88,13.64,7.4
A02035,S5,2026-02-18 17:41:00,2026-02-18 21:46:00,3.33,4.08,0.18
A02036,S1,2026-02-16 07:05:00,2026-02-16 10:03:00,2.76,2.97,0.09
A02036,S2,2026-02-16 12:00:00,2026-02-16 17:23:00,4.14,5.39,1.94
A02036,S3,2026-02-17 00:37:00,2026-02-17 07:17:00,6.9,6.66,7.23
A02036,S4,2026-02-17 08:47:00,2026-02-17 15:34:00,5.52,6.79,1.5
A02036,S5,2026-02-17 17:16:00,2026-02-17 19:23:00,2.07,2.1,1.7
A02037,S1,2026-02-16 07:34:00,2026-02-16 10:18:00,2.81,2.74,0.56
A02037,S2,2026-02-16 10:44:00,2026-02-16 14:29:00,4.21,3.75,0.43
A02037,S3,2026-02-16 16:05:00,2026-02-16 22:48:00,7.02,6.7,1.61
A02037,S4,2026-02-17 06:32:00,2026-02-17 12:06:00,5.62,5.58,7.73
A02037,S5,2026-02-17 14:46:00,2026-02-17 17:05:00,2.11,2.32,2.66
A02038,S1,2026-02-17 07:07:00,2026-02-17 12:27:00,4.8,5.33,0.12
A02038,S2,2026-02-17 12:50:00,2026-02-17 21:36:00,7.2,8.76,0.38
A02038,S3,2026-02-17 22:25:00,2026-02-18 09:54:00,12.0,11.47,0.82
A02038,S4,2026-02-18 12:46:00,2026-02-18 23:28:00,9.6,10.7,2.88
A02038,S5,2026-02-18 23:34:00,2026-02-19 03:32:00,3.6,3.97,0.1
A02039,S1,2026-02-17 07:05:00,2026-02-17 10:00:00,2.34,2.91,0.09
A02039,S2,2026-02-17 13:30:00,2026-02-17 17:13:00,3.51,3.72,3.49
A02039,S3,2026-02-18 01:01:00,2026-02-18 07:56:00,5.85,6.91,7.81
A02039,S4,2026-02-18 09:31:00,2026-02-18 14:54:00,4.68,5.38,1.58
A02039,S5,2026-02-18 17:03:00,2026-02-18 18:54:00,1.76,1.84,2.16
A02040,S1,2026-02-17 07:16:00,2026-02-17 10:17:00,2.83,3.03,0.26
A02040,S2,2026-02-17 11:11:00,2026-02-17 15:42:00,4.25,4.52,0.89
A02040,S3,2026-02-17 16:28:00,2026-02-17 23:36:00,7.08,7.14,0.76
A02040,S4,2026-02-18 03:36:00,2026-02-18 08:44:00,5.66,5.13,4.01
A02040,S5,2026-02-18 10:32:00,2026-02-18 12:39:00,2.12,2.11,1.8
A02041,S1,2026-02-18 07:44:00,2026-02-18 12:39:00,5.04,4.91,0.74
A02041,S2,2026-02-18 15:01:00,2026-02-18 22:41:00,7.56,7.67,2.37
A02041,S3,2026-02-19 11:29:00,2026-02-20 00:36:00,12.6,13.13,12.8
A02041,S4,2026-02-20 13:26:00,2026-02-21 02:03:00,10.08,12.62,12.83
A02041,S5,2026-02-21 03:04:00,2026-02-21 07:33:00,3.78,4.48,1.02
A02042,S1,2026-02-18 07:09:00,2026-02-18 12:54:00,5.48,5.75,0.16
A02042,S2,2026-02-18 15:16:00,2026-02-18 23:28:00,8.22,8.21,2.35
A02042,S3,2026-02-19 01:33:00,2026-02-19 18:58:00,13.7,17.42,2.08
A02042,S4,2026-02-19 21:01:00,2026-02-20 05:43:00,10.96,8.7,2.05
A02042,S5,2026-02-20 09:20:00,2026-02-20 13:56:00,4.11,4.59,3.61
A02043,S1,2026-02-18 09:02:00,2026-02-18 12:22:00,3.43,3.34,2.04
A02043,S2,2026-02-18 13:25:00,2026-02-18 18:29:00,5.15,5.06,1.04
A02043,S3,2026-02-18 19:24:00,2026-02-19 04:48:00,8.58,9.41,0.92
A02043,S4,2026-02-19 17:52:00,2026-02-20 02:24:00,6.86,8.53,13.06
A02043,S5,2026-02-20 02:44:00,2026-02-20 05:16:00,2.57,2.54,0.34
A02044,S1,2026-02-18 08:10:00,2026-02-18 10:48:00,2.62,2.63,1.17
A02044,S2,2026-02-18 12:04:00,2026-02-18 17:36:00,3.92,5.54,1.26
A02044,S3,2026-02-18 20:33:00,2026-02-19 06:34:00,6.54,10.03,2.95
A02044,S4,2026-02-19 06:38:00,2026-02-19 09:48:00,5.23,3.16,0.06
A02044,S5,2026-02-19 12:25:00,2026-02-19 14:39:00,1.96,2.24,2.62
A02045,S1,2026-02-18 07:01:00,2026-02-18 11:33:00,4.68,4.53,0.01
A02045,S2,2026-02-18 19:50:00,2026-02-19 03:28:00,7.02,7.64,8.28
A02045,S3,2026-02-19 07:41:00,2026-02-19 20:26:00,11.7,12.75,4.22
A02045,S4,2026-02-20 06:24:00,2026-02-20 14:52:00,9.36,8.48,9.96
A02045,S5,2026-02-20 22:17:00,2026-02-21 01:55:00,3.51,3.63,7.41
A02046,S1,2026-02-18 08:36:00,2026-02-18 10:33:00,1.9,1.96,1.6
A02046,S2,2026-02-18 15:03:00,2026-02-18 18:13:00,2.86,3.18,4.49
A02046,S3,2026-02-19 01:59:00,2026-02-19 06:26:00,4.76,4.45,7.76
A02046,S4,2026-02-19 18:32:00,2026-02-19 22:27:00,3.81,3.91,12.1
A02046,S5,2026-02-20 01:22:00,2026-02-20 02:36:00,1.43,1.24,2.92
A02047,S1,2026-02-19 07:10:00,2026-02-19 10:21:00,3.38,3.19,0.16
A02047,S2,2026-02-19 13:44:00,2026-02-19 19:13:00,5.08,5.48,3.38
A02047,S3,2026-02-19 21:21:00,2026-02-20 07:17:00,8.46,9.93,2.14
A02047,S4,2026-02-20 12:09:00,2026-02-20 19:09:00,6.77,7.0,4.86
A02047,S5,2026-02-20 19:11:00,2026-02-20 21:56:00,2.54,2.75,0.04
A02048,S1,2026-02-19 07:10:00,2026-02-19 09:37:00,2.34,2.45,0.17
A02048,S2,2026-02-19 10:49:00,2026-02-19 14:41:00,3.5,3.86,1.2
A02048,S3,2026-02-19 22:44:00,2026-02-20 05:53:00,5.84,7.15,8.05
A02048,S4,2026-02-20 19:48:00,2026-02-20 23:37:00,4.67,3.81,13.91
A02048,S5,2026-02-21 01:02:00,2026-02-21 02:46:00,1.75,1.73,1.42
A02049,S1,2026-02-19 08:08:00,2026-02-19 11:54:00,3.19,3.78,1.13
A02049,S2,2026-02-19 13:54:00,2026-02-19 18:10:00,4.79,4.27,1.99
A02049,S3,2026-02-19 22:03:00,2026-02-20 06:35:00,7.98,8.53,3.88
A02049,S4,2026-02-20 14:01:00,2026-02-20 20:00:00,6.38,5.97,7.44
A02049,S5,2026-02-20 20:29:00,2026-02-20 23:20:00,2.39,2.84,0.49
A02050,S1,2026-02-19 07:36:00,2026-02-19 09:23:00,1.95,1.78,0.61
A02050,S2,2026-02-19 10:04:00,2026-02-19 13:57:00,2.93,3.87,0.69
A02050,S3,2026-02-19 21:11:00,2026-02-20 03:20:00,4.88,6.15,7.25
A02050,S4,2026-02-21 13:53:00,2026-02-21 17:23:00,3.9,3.51,34.54
A02050,S5,2026-02-21 19:38:00,2026-02-21 21:00:00,1.46,1.37,2.25
A02051,S1,2026-02-19 07:38:00,2026-02-19 10:18:00,3.02,2.67,0.63
A02051,S2,2026-02-19 15:55:00,2026-02-19 19:34:00,4.54,3.65,5.62
A02051,S3,2026-02-19 20:50:00,2026-02-20 04:55:00,7.56,8.08,1.27
A02051,S4,2026-02-20 05:22:00,2026-02-20 13:50:00,6.05,8.46,0.45
A02051,S5,2026-02-20 14:20:00,2026-02-20 16:43:00,2.27,2.39,0.5
A02052,S1,2026-02-20 07:07:00,2026-02-20 10:40:00,3.46,3.54,0.12
A02052,S2,2026-02-20 13:34:00,2026-02-20 18:23:00,5.18,4.81,2.91
A02052,S3,2026-02-20 20:16:00,2026-02-21 07:26:00,8.64,11.15,1.89
A02052,S4,2026-02-21 21:05:00,2026-02-22 03:24:00,6.91,6.32,13.65
A02052,S5,2026-02-22 04:30:00,2026-02-22 07:16:00,2.59,2.77,1.09
A02053,S1,2026-02-20 07:03:00,2026-02-20 11:41:00,3.94,4.63,0.05
A02053,S2,2026-02-20 12:21:00,2026-02-20 18:30:00,5.9,6.15,0.67
A02053,S3,2026-02-20 19:49:00,2026-02-21 08:23:00,9.84,12.56,1.32
A02053,S4,2026-02-22 00:37:00,2026-02-22 07:50:00,7.87,7.2,16.25
A02053,S5,2026-02-22 08:10:00,2026-02-22 11:37:00,2.95,3.46,0.33
A02054,S1,2026-02-20 07:07:00,2026-02-20 13:23:00,4.96,6.26,0.12
A02054,S2,2026-02-20 13:56:00,2026-02-20 21:27:00,7.44,7.51,0.56
A02054,S3,2026-02-20 22:47:00,2026-02-21 15:47:00,12.4,17.01,1.33
A02054,S4,2026-02-21 22:22:00,2026-02-22 07:07:00,9.92,8.75,6.58
A02054,S5,2026-02-22 07:26:00,2026-02-22 10:42:00,3.72,3.26,0.32
A02055,S1,2026-02-21 07:07:00,2026-02-21 08:35:00,1.68,1.48,0.11
A02055,S2,2026-02-21 14:27:00,2026-02-21 16:58:00,2.52,2.52,5.87
A02055,S3,2026-02-21 17:47:00,2026-02-21 21:02:00,4.2,3.26,0.81
A02055,S4,2026-02-22 07:17:00,2026-02-22 11:29:00,3.36,4.21,10.24
A02055,S5,2026-02-22 11:46:00,2026-02-22 13:02:00,1.26,1.27,0.27
A02056,S1,2026-02-21 08:57:00,2026-02-21 13:28:00,4.0,4.51,1.95
A02056,S2,2026-02-21 14:27:00,2026-02-21 19:48:00,6.0,5.36,0.98
A02056,S3,2026-02-21 20:28:00,2026-02-22 08:20:00,10.0,11.87,0.67
A02056,S4,2026-02-22 13:00:00,2026-02-22 20:42:00,8.0,7.7,4.66
A02056,S5,2026-02-22 21:55:00,2026-02-23 01:21:00,3.0,3.43,1.22
A02057,S1,2026-02-21 09:26:00,2026-02-21 16:16:00,6.0,6.83,2.44
A02057,S2,2026-02-21 17:30:00,2026-02-22 02:31:00,9.0,9.02,1.23
A02057,S3,2026-02-22 04:47:00,2026-02-22 18:04:00,15.0,13.28,2.27
A02057,S4,2026-02-23 16:55:00,2026-02-24 00:27:00,12.0,7.54,22.85
A02057,S5,2026-02-24 01:30:00,2026-02-24 06:29:00,4.5,4.98,1.05
A02058,S1,2026-02-21 11:02:00,2026-02-21 14:31:00,3.1,3.47,4.04
A02058,S2,2026-02-21 14:49:00,2026-02-21 19:36:00,4.64,4.79,0.3
A02058,S3,2026-02-22 01:17:00,2026-02-22 10:31:00,7.74,9.24,5.69
A02058,S4,2026-02-22 11:26:00,2026-02-22 18:49:00,6.19,7.39,0.91
A02058,S5,2026-02-23 03:18:00,2026-02-23 05:43:00,2.32,2.42,8.48
A02059,S1,2026-02-21 07:47:00,2026-02-21 11:42:00,3.62,3.92,0.78
A02059,S2,2026-02-21 16:07:00,2026-02-21 21:10:00,5.44,5.05,4.42
A02059,S3,2026-02-21 22:20:00,2026-02-22 07:29:00,9.06,9.15,1.16
A02059,S4,2026-02-22 20:25:00,2026-02-23 19:47:00,7.25,23.37,12.93
A02059,S5,2026-02-23 20:39:00,2026-02-23 23:36:00,2.72,2.95,0.87
A02060,S1,2026-02-21 08:47:00,2026-02-21 13:49:00,4.7,5.02,1.79
A02060,S2,2026-02-21 14:58:00,2026-02-21 22:25:00,7.06,7.45,1.16
A02060,S3,2026-02-21 22:29:00,2026-02-22 12:02:00,11.76,13.56,0.06
A02060,S4,2026-02-22 18:22:00,2026-02-23 02:26:00,9.41,8.06,6.33
A02060,S5,2026-02-23 04:04:00,2026-02-23 07:54:00,3.53,3.84,1.63
A02061,S1,2026-02-22 09:15:00,2026-02-22 14:10:00,4.6,4.93,2.24
A02061,S2,2026-02-22 15:02:00,2026-02-22 20:29:00,6.9,5.45,0.86
A02061,S3,2026-02-22 23:33:00,2026-02-23 09:59:00,11.5,10.44,3.08
A02061,S4,2026-02-23 10:44:00,2026-02-23 17:23:00,9.2,6.65,0.74
A02061,S5,2026-02-23 18:08:00,2026-02-23 21:48:00,3.45,3.67,0.75
A02062,S1,2026-02-22 09:38:00,2026-02-22 11:54:00,2.5,2.28,2.63
A02062,S2,2026-02-22 13:20:00,2026-02-22 18:10:00,3.75,4.83,1.42
A02062,S3,2026-02-22 22:44:00,2026-02-23 05:25:00,6.25,6.67,4.58
A02062,S4,2026-02-23 12:44:00,2026-02-23 16:57:00,5.0,4.22,7.32
A02062,S5,2026-02-23 17:42:00,2026-02-23 19:33:00,1.88,1.84,0.76
A02063,S1,2026-02-23 07:10:00,2026-02-23 12:25:00,4.96,5.25,0.17
A02063,S2,2026-02-23 12:47:00,2026-02-23 21:29:00,7.44,8.7,0.36
A02063,S3,2026-02-23 21:55:00,2026-02-24 09:19:00,12.4,11.39,0.44
A02063,S4,2026-02-25 05:09:00,2026-02-25 12:15:00,9.92,7.09,19.85
A02063,S5,2026-02-25 17:33:00,2026-02-25 22:10:00,3.72,4.61,5.31
A02064,S1,2026-02-23 11:18:00,2026-02-23 13:49:00,2.44,2.53,4.29
A02064,S2,2026-02-23 13:50:00,2026-02-23 17:42:00,3.66,3.87,0.02
A02064,S3,2026-02-23 17:56:00,2026-02-24 00:23:00,6.1,6.45,0.23
A02064,S4,2026-02-24 16:00:00,2026-02-24 20:19:00,4.88,4.32,15.61
A02064,S5,2026-02-24 21:27:00,2026-02-24 23:21:00,1.83,1.89,1.14
A02065,S1,2026-02-23 07:32:00,2026-02-23 09:44:00,2.22,2.2,0.54
A02065,S2,2026-02-23 14:02:00,2026-02-23 17:07:00,3.34,3.09,4.29
A02065,S3,2026-02-23 20:18:00,2026-02-24 01:58:00,5.56,5.68,3.17
A02065,S4,2026-02-24 13:53:00,2026-02-24 23:57:00,4.45,10.07,11.91
A02065,S5,2026-02-25 00:44:00,2026-02-25 02:43:00,1.67,1.98,0.78
A02066,S1,2026-02-24 08:20:00,2026-02-24 12:04:00,3.71,3.73,1.34
A02066,S2,2026-02-24 14:10:00,2026-02-24 18:22:00,5.57,4.21,2.09
A02066,S3,2026-02-24 21:07:00,2026-02-25 07:15:00,9.28,10.13,2.74
A02066,S4,2026-02-25 11:10:00,2026-02-25 17:58:00,7.42,6.79,3.92
A02066,S5,2026-02-25 18:24:00,2026-02-25 21:33:00,2.78,3.16,0.44
A02067,S1,2026-02-24 07:16:00,2026-02-24 09:54:00,2.46,2.65,0.26
A02067,S2,2026-02-24 14:04:00,2026-02-24 18:17:00,3.69,4.21,4.16
A02067,S3,2026-02-24 20:48:00,2026-02-25 01:53:00,6.15,5.09,2.51
A02067,S4,2026-02-25 11:19:00,2026-02-25 18:17:00,4.92,6.97,9.44
A02067,S5,2026-02-25 19:33:00,2026-02-25 21:42:00,1.84,2.15,1.26
A02068,S1,2026-02-25 07:23:00,2026-02-25 09:46:00,2.14,2.38,0.39
A02068,S2,2026-02-25 12:44:00,2026-02-25 15:25:00,3.22,2.69,2.96
A02068,S3,2026-02-25 17:37:00,2026-02-25 22:20:00,5.36,4.72,2.2
A02068,S4,2026-02-26 02:25:00,2026-02-26 07:24:00,4.29,4.98,4.07
A02068,S5,2026-02-26 07:38:00,2026-02-26 09:35:00,1.61,1.96,0.23
A02069,S1,2026-02-25 07:55:00,2026-02-25 11:19:00,3.14,3.41,0.91
A02069,S2,2026-02-25 11:45:00,2026-02-25 16:52:00,4.71,5.13,0.42
A02069,S3,2026-02-25 17:02:00,2026-02-26 01:33:00,7.85,8.53,0.16
A02069,S4,2026-02-26 03:32:00,2026-02-26 12:22:00,6.28,8.84,1.98
A02069,S5,2026-02-26 16:17:00,2026-02-26 18:58:00,2.35,2.68,3.92
A02070,S1,2026-02-26 07:22:00,2026-02-26 12:12:00,4.93,4.82,0.37
A02070,S2,2026-02-26 12:41:00,2026-02-26 21:07:00,7.39,8.43,0.49
A02070,S3,2026-02-26 22:00:00,2026-02-27 11:08:00,12.32,13.14,0.89
A02070,S4,2026-02-27 13:59:00,2026-02-28 01:18:00,9.86,11.32,2.84
A02070,S5,2026-02-28 02:00:00,2026-02-28 05:52:00,3.7,3.86,0.7
A02071,S1,2026-02-26 07:34:00,2026-02-26 10:24:00,2.58,2.84,0.56
A02071,S2,2026-02-26 13:39:00,2026-02-26 17:50:00,3.87,4.2,3.24
A02071,S3,2026-02-26 18:25:00,2026-02-27 02:53:00,6.45,8.46,0.57
A02071,S4,2026-02-27 12:37:00,2026-02-27 18:06:00,5.16,5.48,9.73
A02071,S5,2026-02-27 18:54:00,2026-02-27 21:07:00,1.94,2.22,0.81
A02072,S1,2026-02-27 09:08:00,2026-02-27 13:04:00,3.43,3.93,2.14
A02072,S2,2026-02-27 13:14:00,2026-02-27 18:59:00,5.15,5.75,0.17
A02072,S3,2026-02-28 05:28:00,2026-02-28 16:05:00,8.58,10.63,10.47
A02072,S4,2026-02-28 20:46:00,2026-03-01 04:30:00,6.86,7.74,4.67
A02072,S5,2026-03-01 06:28:00,2026-03-01 09:22:00,2.57,2.91,1.96
A02073,S1,2026-02-27 07:08:00,2026-02-27 10:23:00,3.36,3.25,0.13
A02073,S2,2026-02-27 11:35:00,2026-02-27 17:16:00,5.04,5.68,1.2
A02073,S3,2026-02-27 21:39:00,2026-02-28 07:49:00,8.4,10.16,4.39
A02073,S4,2026-02-28 16:23:00,2026-02-28 23:05:00,6.72,6.7,8.57
A02073,S5,2026-03-01 02:43:00,2026-03-01 05:02:00,2.52,2.31,3.63
A02074,S1,2026-02-27 07:36:00,2026-02-27 12:56:00,4.2,5.34,0.6
A02074,S2,2026-02-27 13:16:00,2026-02-27 19:55:00,6.3,6.65,0.32
A02074,S3,2026-02-27 21:17:00,2026-02-28 07:35:00,10.5,10.3,1.37
A02074,S4,2026-03-02 00:59:00,2026-03-02 06:07:00,8.4,5.14,41.39
A02074,S5,2026-03-02 08:45:00,2026-03-02 12:05:00,3.15,3.34,2.63
A02075,S1,2026-02-28 07:30:00,2026-02-28 12:54:00,4.93,5.4,0.5
A02075,S2,2026-02-28 13:25:00,2026-02-28 21:17:00,7.39,7.87,0.52
A02075,S3,2026-02-28 22:08:00,2026-03-01 13:45:00,12.32,15.61,0.85
A02075,S4,2026-03-02 08:31:00,2026-03-02 18:42:00,9.86,10.17,18.77
A02075,S5,2026-03-02 19:04:00,2026-03-02 22:55:00,3.7,3.85,0.37
A02076,S1,2026-02-28 09:47:00,2026-02-28 13:12:00,3.07,3.42,2.78
A02076,S2,2026-02-28 13:16:00,2026-02-28 18:16:00,4.61,5.01,0.07
A02076,S3,2026-02-28 18:54:00,2026-03-01 02:20:00,7.68,7.43,0.62
A02076,S4,2026-03-01 03:51:00,2026-03-01 07:07:00,6.14,3.26,1.53
A02076,S5,2026-03-01 10:15:00,2026-03-01 12:33:00,2.3,2.31,3.13
A02077,S1,2026-02-28 08:48:00,2026-02-28 10:40:00,1.78,1.86,1.8
A02077,S2,2026-02-28 16:31:00,2026-02-28 19:39:00,2.66,3.13,5.86
A02077,S3,2026-03-01 01:10:00,2026-03-01 04:36:00,4.44,3.43,5.52
A02077,S4,2026-03-01 11:55:00,2026-03-01 16:44:00,3.55,4.82,7.31
A02077,S5,2026-03-01 21:10:00,2026-03-01 22:39:00,1.33,1.47,4.44
A02078,S1,2026-02-28 07:12:00,2026-02-28 10:06:00,2.84,2.9,0.2
A02078,S2,2026-02-28 11:58:00,2026-02-28 15:40:00,4.26,3.7,1.87
A02078,S3,2026-02-28 16:32:00,2026-02-28 23:08:00,7.1,6.61,0.86
A02078,S4,2026-02-28 23:10:00,2026-03-01 04:33:00,5.68,5.38,0.02
A02078,S5,2026-03-01 04:45:00,2026-03-01 07:08:00,2.13,2.38,0.21
A02079,S1,2026-03-01 07:16:00,2026-03-01 12:48:00,5.4,5.53,0.27
A02079,S2,2026-03-01 12:55:00,2026-03-01 18:38:00,8.1,5.73,0.12
A02079,S3,2026-03-01 19:04:00,2026-03-02 13:21:00,13.5,18.27,0.44
A02079,S4,2026-03-03 04:27:00,2026-03-03 19:56:00,10.8,15.48,15.1
A02079,S5,2026-03-03 20:04:00,2026-03-04 01:06:00,4.05,5.03,0.14
A02080,S1,2026-03-01 07:12:00,2026-03-01 10:38:00,2.98,3.44,0.2
A02080,S2,2026-03-01 16:13:00,2026-03-01 21:07:00,4.47,4.9,5.58
A02080,S3,2026-03-01 23:19:00,2026-03-02 07:56:00,7.45,8.62,2.19
A02080,S4,2026-03-02 08:34:00,2026-03-02 13:35:00,5.96,5.03,0.63
A02080,S5,2026-03-02 14:41:00,2026-03-02 16:52:00,2.24,2.18,1.1
A02081,S1,2026-03-01 07:39:00,2026-03-01 09:40:00,2.1,2.02,0.65
A02081,S2,2026-03-01 09:43:00,2026-03-01 12:11:00,3.14,2.47,0.05
A02081,S3,2026-03-01 12:25:00,2026-03-01 17:50:00,5.24,5.41,0.24
A02081,S4,2026-03-01 22:31:00,2026-03-02 02:30:00,4.19,3.97,4.69
A02081,S5,2026-03-02 04:58:00,2026-03-02 06:33:00,1.57,1.58,2.48
A02082,S1,2026-03-01 08:00:00,2026-03-01 14:32:00,6.04,6.53,1.0
A02082,S2,2026-03-01 15:34:00,2026-03-02 03:26:00,9.06,11.87,1.04
A02082,S3,2026-03-02 13:23:00,2026-03-03 07:21:00,15.1,17.97,9.95
A02082,S4,2026-03-03 15:34:00,2026-03-05 02:54:00,12.08,35.33,8.22
A02082,S5,2026-03-05 03:38:00,2026-03-05 09:17:00,4.53,5.65,0.73
A02083,S1,2026-03-01 07:33:00,2026-03-01 10:07:00,2.54,2.57,0.54
A02083,S2,2026-03-01 11:16:00,2026-03-01 14:49:00,3.82,3.56,1.15
A02083,S3,2026-03-01 19:41:00,2026-03-02 04:49:00,6.36,9.13,4.86
A02083,S4,2026-03-02 13:39:00,2026-03-02 17:48:00,5.09,4.15,8.83
A02083,S5,2026-03-02 19:35:00,2026-03-02 21:38:00,1.91,2.06,1.78
A02084,S1,2026-03-01 07:16:00,2026-03-01 09:17:00,1.84,2.02,0.27
A02084,S2,2026-03-01 10:52:00,2026-03-01 14:23:00,2.76,3.52,1.58
A02084,S3,2026-03-01 15:06:00,2026-03-01 19:31:00,4.6,4.43,0.71
A02084,S4,2026-03-02 06:08:00,2026-03-02 08:48:00,3.68,2.66,10.62
A02084,S5,2026-03-02 10:16:00,2026-03-02 11:49:00,1.38,1.55,1.47
A02085,S1,2026-03-01 07:34:00,2026-03-01 12:56:00,4.38,5.37,0.56
A02085,S2,2026-03-01 13:17:00,2026-03-01 21:48:00,6.58,8.52,0.35
A02085,S3,2026-03-01 23:14:00,2026-03-02 10:24:00,10.96,11.16,1.43
A02085,S4,2026-03-02 14:58:00,2026-03-03 01:52:00,8.77,10.9,4.58
A02085,S5,2026-03-03 08:30:00,2026-03-03 11:32:00,3.29,3.04,6.63
A02086,S1,2026-03-01 07:26:00,2026-03-01 09:44:00,1.94,2.31,0.43
A02086,S2,2026-03-01 14:29:00,2026-03-01 17:34:00,2.9,3.07,4.75
A02086,S3,2026-03-01 22:23:00,2026-03-02 04:10:00,4.84,5.79,4.82
A02086,S4,2026-03-02 05:25:00,2026-03-02 07:39:00,3.87,2.25,1.24
A02086,S5,2026-03-02 08:44:00,2026-03-02 10:22:00,1.45,1.62,1.08
A02087,S1,2026-03-02 09:56:00,2026-03-02 15:52:00,4.64,5.93,2.94
A02087,S2,2026-03-03 04:51:00,2026-03-03 11:00:00,6.96,6.17,12.97
A02087,S3,2026-03-03 12:17:00,2026-03-04 02:20:00,11.6,14.05,1.27
A02087,S4,2026-03-04 03:10:00,2026-03-04 14:39:00,9.28,11.47,0.85
A02087,S5,2026-03-04 16:41:00,2026-03-04 20:23:00,3.48,3.71,2.03
A02088,S1,2026-03-02 08:37:00,2026-03-02 11:31:00,2.6,2.89,1.62
A02088,S2,2026-03-02 12:59:00,2026-03-02 16:21:00,3.9,3.36,1.48
A02088,S3,2026-03-02 18:15:00,2026-03-03 02:29:00,6.5,8.23,1.9
A02088,S4,2026-03-04 03:19:00,2026-03-04 10:01:00,5.2,6.71,24.83
A02088,S5,2026-03-04 10:01:00,2026-03-04 11:55:00,1.95,1.89,0.01
A02089,S1,2026-03-02 07:03:00,2026-03-02 09:08:00,1.78,2.09,0.05
A02089,S2,2026-03-02 09:54:00,2026-03-02 12:32:00,2.66,2.64,0.76
A02089,S3,2026-03-02 14:03:00,2026-03-02 20:25:00,4.44,6.37,1.52
A02089,S4,2026-03-02 23:03:00,2026-03-03 05:17:00,3.55,6.24,2.63
A02089,S5,2026-03-03 06:22:00,2026-03-03 07:43:00,1.33,1.34,1.08
A02090,S1,2026-03-02 09:44:00,2026-03-02 12:31:00,2.62,2.78,2.74
A02090,S2,2026-03-02 13:28:00,2026-03-02 17:21:00,3.93,3.89,0.95
A02090,S3,2026-03-02 23:55:00,2026-03-03 06:55:00,6.55,7.0,6.56
A02090,S4,2026-03-04 02:26:00,2026-03-04 08:58:00,5.24,6.52,19.53
A02090,S5,2026-03-04 13:03:00,2026-03-04 14:58:00,1.96,1.92,4.08
A02091,S1,2026-03-02 07:26:00,2026-03-02 13:50:00,6.24,6.4,0.43
A02091,S2,2026-03-02 15:46:00,2026-03-03 05:13:00,9.36,13.46,1.92
A02091,S3,2026-03-03 06:20:00,2026-03-04 00:25:00,15.6,18.08,1.11
A02091,S4,2026-03-04 17:25:00,2026-03-05 05:35:00,12.48,12.16,17.01
A02091,S5,2026-03-05 07:02:00,2026-03-05 12:51:00,4.68,5.8,1.45
A02092,S1,2026-03-03 08:58:00,2026-03-03 11:16:00,2.48,2.3,1.97
A02092,S2,2026-03-03 11:54:00,2026-03-03 15:33:00,3.72,3.66,0.62
A02092,S3,2026-03-03 16:24:00,2026-03-04 00:41:00,6.2,8.27,0.86
A02092,S4,2026-03-04 12:50:00,2026-03-04 18:06:00,4.96,5.27,12.15
A02092,S5,2026-03-04 18:31:00,2026-03-04 20:46:00,1.86,2.25,0.41
A02093,S1,2026-03-03 08:37:00,2026-03-03 14:18:00,4.9,5.67,1.62
A02093,S2,2026-03-03 14:41:00,2026-03-03 23:39:00,7.34,8.98,0.39
A02093,S3,2026-03-04 01:26:00,2026-03-04 14:50:00,12.24,13.4,1.77
A02093,S4,2026-03-04 16:28:00,2026-03-04 23:25:00,9.79,6.95,1.63
A02093,S5,2026-03-05 00:03:00,2026-03-05 04:22:00,3.67,4.3,0.65
A02094,S1,2026-03-03 07:21:00,2026-03-03 11:41:00,4.06,4.34,0.35
A02094,S2,2026-03-03 14:35:00,2026-03-03 21:32:00,6.1,6.96,2.9
A02094,S3,2026-03-04 00:32:00,2026-03-04 12:42:00,10.16,12.16,3.0
A02094,S4,2026-03-05 11:42:00,2026-03-05 21:55:00,8.13,10.21,23.0
A02094,S5,2026-03-05 22:32:00,2026-03-06 01:29:00,3.05,2.94,0.63
A02095,S1,2026-03-04 08:20:00,2026-03-04 13:26:00,4.7,5.1,1.34
A02095,S2,2026-03-04 15:06:00,2026-03-04 21:22:00,7.06,6.27,1.66
A02095,S3,2026-03-05 00:24:00,2026-03-05 15:49:00,11.76,15.43,3.03
A02095,S4,2026-03-05 23:43:00,2026-03-06 07:35:00,9.41,7.88,7.89
A02095,S5,2026-03-06 09:17:00,2026-03-06 12:45:00,3.53,3.46,1.69
A02096,S1,2026-03-04 08:49:00,2026-03-04 10:42:00,1.68,1.88,1.82
A02096,S2,2026-03-04 10:49:00,2026-03-04 13:56:00,2.52,3.11,0.11
A02096,S3,2026-03-04 14:32:00,2026-03-04 17:50:00,4.2,3.29,0.62
A02096,S4,2026-03-04 23:48:00,2026-03-05 03:29:00,3.36,3.68,5.97
A02096,S5,2026-03-05 04:40:00,2026-03-05 06:12:00,1.26,1.52,1.19
A02097,S1,2026-03-04 07:45:00,2026-03-04 11:20:00,3.05,3.59,0.75
A02097,S2,2026-03-04 14:09:00,2026-03-04 18:33:00,4.57,4.41,2.81
A02097,S3,2026-03-04 22:46:00,2026-03-05 05:34:00,7.62,6.8,4.21
A02097,S4,2026-03-05 14:17:00,2026-03-05 22:15:00,6.1,7.96,8.72
A02097,S5,2026-03-05 22:19:00,2026-03-06 00:18:00,2.29,2.0,0.06
A02098,S1,2026-03-05 07:02:00,2026-03-05 10:30:00,2.9,3.47,0.04
A02098,S2,2026-03-05 10:53:00,2026-03-05 16:37:00,4.35,5.74,0.39
A02098,S3,2026-03-05 20:39:00,2026-03-06 05:58:00,7.25,9.32,4.02
A02098,S4,2026-03-06 07:13:00,2026-03-06 13:33:00,5.8,6.33,1.26
A02098,S5,2026-03-06 13:36:00,2026-03-06 15:43:00,2.17,2.11,0.05
A02099,S1,2026-03-05 08:43:00,2026-03-05 12:48:00,3.82,4.08,1.72
A02099,S2,2026-03-05 14:12:00,2026-03-05 20:26:00,5.72,6.23,1.42
A02099,S3,2026-03-05 22:35:00,2026-03-06 10:07:00,9.54,11.54,2.14
A02099,S4,2026-03-07 09:13:00,2026-03-07 22:43:00,7.63,13.5,23.1
A02099,S5,2026-03-08 02:17:00,2026-03-08 05:18:00,2.86,3.02,3.56
A02100,S1,2026-03-05 07:36:00,2026-03-05 11:48:00,4.76,4.2,0.59
A02100,S2,2026-03-05 16:04:00,2026-03-05 23:19:00,7.14,7.25,4.27
A02100,S3,2026-03-06 02:26:00,2026-03-06 13:44:00,11.9,11.3,3.11
A02100,S4,2026-03-06 23:50:00,2026-03-07 09:53:00,9.52,10.05,10.11
A02100,S5,2026-03-07 11:13:00,2026-03-07 15:31:00,3.57,4.3,1.33
A02101,S1,2026-03-05 09:19:00,2026-03-05 12:35:00,3.39,3.27,2.31
A02101,S2,2026-03-05 13:02:00,2026-03-05 17:57:00,5.09,4.92,0.46
A02101,S3,2026-03-05 21:10:00,2026-03-06 08:10:00,8.48,11.0,3.21
A02101,S4,2026-03-06 10:43:00,2026-03-06 22:40:00,6.78,11.94,2.56
A02101,S5,2026-03-06 22:58:00,2026-03-07 01:46:00,2.54,2.81,0.3
A02102,S1,2026-03-05 09:10:00,2026-03-05 12:42:00,2.95,3.53,2.16
A02102,S2,2026-03-05 14:57:00,2026-03-05 20:16:00,4.43,5.33,2.25
A02102,S3,2026-03-05 20:28:00,2026-03-06 08:41:00,7.38,12.22,0.2
A02102,S4,2026-03-06 09:22:00,2026-03-06 12:54:00,5.9,3.53,0.69
A02102,S5,2026-03-06 13:22:00,2026-03-06 15:43:00,2.21,2.34,0.47
A02103,S1,2026-03-05 07:31:00,2026-03-05 10:02:00,2.28,2.52,0.52
A02103,S2,2026-03-05 10:13:00,2026-03-05 14:27:00,3.42,4.23,0.18
A02103,S3,2026-03-05 18:12:00,2026-03-05 23:52:00,5.7,5.67,3.76
A02103,S4,2026-03-06 13:28:00,2026-03-06 20:26:00,4.56,6.97,13.6
A02103,S5,2026-03-07 04:29:00,2026-03-07 06:15:00,1.71,1.78,8.04
A02104,S1,2026-03-06 07:02:00,2026-03-06 09:51:00,3.22,2.81,0.04
A02104,S2,2026-03-06 12:02:00,2026-03-06 16:39:00,4.82,4.61,2.18
A02104,S3,2026-03-06 16:58:00,2026-03-07 00:17:00,8.04,7.31,0.33
A02104,S4,2026-03-07 14:32:00,2026-03-07 19:56:00,6.43,5.4,14.24
A02104,S5,2026-03-07 20:49:00,2026-03-07 23:31:00,2.41,2.7,0.88
A02105,S1,2026-03-06 09:01:00,2026-03-06 11:30:00,2.62,2.49,2.02
A02105,S2,2026-03-06 12:04:00,2026-03-06 16:36:00,3.93,4.54,0.57
A02105,S3,2026-03-06 23:44:00,2026-03-07 06:11:00,6.55,6.45,7.13
A02105,S4,2026-03-07 12:44:00,2026-03-07 16:43:00,5.24,3.99,6.55
A02105,S5,2026-03-07 18:12:00,2026-03-07 20:20:00,1.96,2.13,1.48
A02106,S1,2026-03-06 07:39:00,2026-03-06 10:35:00,2.58,2.95,0.64
A02106,S2,2026-03-06 11:56:00,2026-03-06 15:34:00,3.87,3.64,1.34
A02106,S3,2026-03-06 18:56:00,2026-03-07 01:38:00,6.45,6.71,3.36
A02106,S4,2026-03-07 06:05:00,2026-03-07 10:19:00,5.16,4.23,4.44
A02106,S5,2026-03-07 10:32:00,2026-03-07 12:21:00,1.94,1.81,0.23
A02107,S1,2026-03-07 07:11:00,2026-03-07 10:29:00,3.52,3.3,0.19
A02107,S2,2026-03-07 11:36:00,2026-03-07 16:05:00,5.28,4.49,1.1
A02107,S3,2026-03-07 18:47:00,2026-03-08 01:39:00,8.8,6.86,2.7
A02107,S4,2026-03-08 12:43:00,2026-03-08 22:16:00,7.04,9.55,11.07
A02107,S5,2026-03-08 22:25:00,2026-03-09 01:33:00,2.64,3.13,0.15
A02108,S1,2026-03-07 08:10:00,2026-03-07 13:18:00,4.51,5.13,1.17
A02108,S2,2026-03-07 14:23:00,2026-03-07 20:29:00,6.77,6.1,1.08
A02108,S3,2026-03-07 20:43:00,2026-03-08 04:48:00,11.28,8.08,0.24
A02108,S4,2026-03-08 14:01:00,2026-03-08 23:10:00,9.02,9.15,9.21
A02108,S5,2026-03-09 00:12:00,2026-03-09 03:46:00,3.38,3.57,1.03
A02109,S1,2026-03-07 07:09:00,2026-03-07 11:03:00,3.7,3.91,0.14
A02109,S2,2026-03-07 13:15:00,2026-03-07 20:38:00,5.54,7.4,2.19
A02109,S3,2026-03-07 22:49:00,2026-03-08 07:04:00,9.24,8.25,2.18
A02109,S4,2026-03-08 07:51:00,2026-03-08 21:55:00,7.39,14.08,0.77
A02109,S5,2026-03-09 00:13:00,2026-03-09 03:22:00,2.77,3.16,2.29
A02110,S1,2026-03-07 09:06:00,2026-03-07 16:00:00,5.76,6.9,2.1
A02110,S2,2026-03-07 18:55:00,2026-03-08 04:02:00,8.64,9.12,2.92
A02110,S3,2026-03-08 09:05:00,2026-03-08 23:50:00,14.4,14.75,5.04
A02110,S4,2026-03-09 11:19:00,2026-03-10 04:59:00,11.52,17.66,11.49
A02110,S5,2026-03-10 06:37:00,2026-03-10 10:05:00,4.32,3.47,1.63
A02111,S1,2026-03-07 07:44:00,2026-03-07 10:09:00,2.35,2.42,0.73
A02111,S2,2026-03-07 17:03:00,2026-03-07 20:54:00,3.53,3.85,6.9
A02111,S3,2026-03-08 01:30:00,2026-03-08 07:40:00,5.88,6.17,4.6
A02111,S4,2026-03-08 21:28:00,2026-03-09 01:20:00,4.7,3.87,13.8
A02111,S5,2026-03-09 02:54:00,2026-03-09 04:40:00,1.76,1.77,1.56
A02112,S1,2026-03-08 07:14:00,2026-03-08 13:46:00,5.68,6.53,0.23
A02112,S2,2026-03-08 14:51:00,2026-03-09 00:36:00,8.52,9.76,1.08
A02112,S3,2026-03-09 03:16:00,2026-03-09 21:30:00,14.2,18.23,2.66
A02112,S4,2026-03-10 07:37:00,2026-03-10 17:07:00,11.36,9.49,10.13
A02112,S5,2026-03-10 19:27:00,2026-03-10 23:46:00,4.26,4.31,2.34
A02113,S1,2026-03-08 07:13:00,2026-03-08 13:13:00,4.28,5.99,0.22
A02113,S2,2026-03-08 14:10:00,2026-03-08 23:03:00,6.42,8.89,0.95
A02113,S3,2026-03-09 00:51:00,2026-03-09 12:20:00,10.7,11.48,1.8
A02113,S4,2026-03-09 23:16:00,2026-03-10 07:43:00,8.56,8.45,10.94
A02113,S5,2026-03-10 14:41:00,2026-03-10 18:03:00,3.21,3.37,6.96
A02114,S1,2026-03-08 08:00:00,2026-03-08 13:15:00,4.61,5.25,1.0
A02114,S2,2026-03-08 13:23:00,2026-03-08 21:06:00,6.91,7.72,0.13
A02114,S3,2026-03-08 21:25:00,2026-03-09 10:21:00,11.52,12.94,0.32
A02114,S4,2026-03-10 06:19:00,2026-03-10 21:37:00,9.22,15.29,19.97
A02114,S5,2026-03-10 21:46:00,2026-03-11 01:42:00,3.46,3.94,0.14
A02115,S1,2026-03-08 09:02:00,2026-03-08 11:34:00,2.0,2.52,2.04
A02115,S2,2026-03-08 12:57:00,2026-03-08 16:14:00,3.0,3.28,1.39
A02115,S3,2026-03-08 17:41:00,2026-03-08 21:45:00,5.0,4.08,1.45
A02115,S4,2026-03-09 01:49:00,2026-03-09 07:05:00,4.0,5.27,4.06
A02115,S5,2026-03-09 08:23:00,2026-03-09 09:54:00,1.5,1.52,1.3
A02116,S1,2026-03-08 07:09:00,2026-03-08 11:27:00,4.29,4.29,0.15
A02116,S2,2026-03-08 16:10:00,2026-03-08 22:41:00,6.43,6.52,4.72
A02116,S3,2026-03-08 23:41:00,2026-03-09 10:51:00,10.72,11.16,1.0
A02116,S4,2026-03-09 21:07:00,2026-03-10 03:43:00,8.58,6.6,10.28
A02116,S5,2026-03-10 06:49:00,2026-03-10 11:09:00,3.22,4.34,3.09
A02117,S1,2026-03-09 08:14:00,2026-03-09 10:59:00,2.64,2.75,1.23
A02117,S2,2026-03-09 12:02:00,2026-03-09 15:18:00,3.96,3.27,1.05
A02117,S3,2026-03-09 17:45:00,2026-03-10 02:12:00,6.6,8.44,2.44
A02117,S4,2026-03-10 06:54:00,2026-03-10 12:30:00,5.28,5.61,4.7
A02117,S5,2026-03-10 14:03:00,2026-03-10 16:11:00,1.98,2.14,1.54
A02118,S1,2026-03-10 09:32:00,2026-03-10 11:40:00,2.13,2.13,2.53
A02118,S2,2026-03-10 12:58:00,2026-03-10 16:04:00,3.19,3.1,1.3
A02118,S3,2026-03-10 17:18:00,2026-03-10 22:44:00,5.32,5.43,1.24
A02118,S4,2026-03-11 14:06:00,2026-03-11 20:07:00,4.26,6.02,15.37
A02118,S5,2026-03-11 20:13:00,2026-03-11 21:53:00,1.6,1.67,0.1
A02119,S1,2026-03-10 07:12:00,2026-03-10 10:14:00,3.14,3.03,0.2
A02119,S2,2026-03-10 11:35:00,2026-03-10 17:53:00,4.72,6.3,1.34
A02119,S3,2026-03-10 22:59:00,2026-03-11 10:17:00,7.86,11.3,5.1
A02119,S4,2026-03-11 11:53:00,2026-03-11 19:53:00,6.29,7.99,1.61
A02119,S5,2026-03-11 19:59:00,2026-03-11 22:39:00,2.36,2.66,0.11
A02120,S1,2026-03-10 07:59:00,2026-03-10 10:17:00,2.3,2.31,0.98
A02120,S2,2026-03-10 11:46:00,2026-03-10 14:32:00,3.45,2.76,1.47
A02120,S3,2026-03-10 16:55:00,2026-03-10 22:46:00,5.75,5.85,2.39
A02120,S4,2026-03-11 01:27:00,2026-03-11 03:50:00,4.6,2.39,2.67
A02120,S5,2026-03-11 05:07:00,2026-03-11 06:55:00,1.72,1.79,1.28
A02121,S1,2026-03-10 09:22:00,2026-03-10 13:51:00,3.65,4.48,2.37
A02121,S2,2026-03-10 17:17:00,2026-03-10 22:22:00,5.47,5.09,3.43
A02121,S3,2026-03-11 01:15:00,2026-03-11 13:40:00,9.12,12.43,2.87
A02121,S4,2026-03-11 13:56:00,2026-03-11 20:26:00,7.3,6.5,0.25
A02121,S5,2026-03-11 21:31:00,2026-03-12 00:26:00,2.74,2.93,1.08
A02122,S1,2026-03-11 07:52:00,2026-03-11 12:47:00,4.44,4.92,0.86
A02122,S2,2026-03-11 17:32:00,2026-03-11 23:57:00,6.66,6.4,4.76
A02122,S3,2026-03-12 09:47:00,2026-03-12 20:54:00,11.1,11.11,9.84
A02122,S4,2026-03-14 00:59:00,2026-03-14 10:35:00,8.88,9.6,28.09
A02122,S5,2026-03-14 12:23:00,2026-03-14 15:41:00,3.33,3.3,1.8
A02123,S1,2026-03-11 10:01:00,2026-03-11 12:52:00,2.83,2.85,3.02
A02123,S2,2026-03-11 13:28:00,2026-03-11 17:57:00,4.25,4.49,0.6
A02123,S3,2026-03-11 20:09:00,2026-03-12 03:39:00,7.08,7.5,2.2
A02123,S4,2026-03-12 10:02:00,2026-03-12 18:46:00,5.66,8.73,6.39
A02123,S5,2026-03-12 19:23:00,2026-03-12 21:15:00,2.12,1.87,0.61
A02124,S1,2026-03-12 07:34:00,2026-03-12 11:28:00,3.12,3.89,0.57
A02124,S2,2026-03-12 13:02:00,2026-03-12 18:40:00,4.68,5.63,1.57
A02124,S3,2026-03-12 21:40:00,2026-03-13 04:07:00,7.8,6.46,2.99
A02124,S4,2026-03-14 19:42:00,2026-03-15 06:15:00,6.24,10.56,39.57
A02124,S5,2026-03-15 07:04:00,2026-03-15 09:48:00,2.34,2.74,0.81
A02125,S1,2026-03-12 09:19:00,2026-03-12 11:24:00,1.89,2.08,2.32
A02125,S2,2026-03-12 11:49:00,2026-03-12 14:38:00,2.83,2.82,0.42
A02125,S3,2026-03-12 15:59:00,2026-03-12 22:58:00,4.72,6.99,1.34
A02125,S4,2026-03-13 03:19:00,2026-03-13 09:16:00,3.78,5.96,4.34
A02125,S5,2026-03-13 09:24:00,2026-03-13 10:57:00,1.42,1.55,0.13
A02126,S1,2026-03-12 07:27:00,2026-03-12 11:47:00,4.48,4.34,0.45
A02126,S2,2026-03-12 15:17:00,2026-03-12 21:02:00,6.72,5.76,3.5
A02126,S3,2026-03-13 05:01:00,2026-03-13 15:30:00,11.2,10.49,7.98
A02126,S4,2026-03-13 16:32:00,2026-03-14 09:28:00,8.96,16.94,1.02
A02126,S5,2026-03-14 10:29:00,2026-03-14 13:54:00,3.36,3.41,1.01
A02127,S1,2026-03-12 07:20:00,2026-03-12 14:08:00,6.0,6.81,0.33
A02127,S2,2026-03-12 18:01:00,2026-03-13 03:35:00,9.0,9.57,3.88
A02127,S3,2026-03-13 03:55:00,2026-03-13 19:03:00,15.0,15.13,0.34
A02127,S4,2026-03-14 02:35:00,2026-03-14 14:41:00,12.0,12.1,7.53
A02127,S5,2026-03-14 14:56:00,2026-03-14 19:09:00,4.5,4.22,0.25
A02128,S1,2026-03-12 08:30:00,2026-03-12 11:11:00,2.46,2.68,1.49
A02128,S2,2026-03-12 11:14:00,2026-03-12 14:46:00,3.69,3.53,0.06
A02128,S3,2026-03-12 23:40:00,2026-03-13 06:53:00,6.15,7.22,8.9
A02128,S4,2026-03-13 14:59:00,2026-03-13 18:05:00,4.92,3.09,8.1
A02128,S5,2026-03-13 19:58:00,2026-03-13 21:55:00,1.84,1.94,1.89
A02129,S1,2026-03-12 07:01:00,2026-03-12 10:03:00,2.81,3.03,0.01
A02129,S2,2026-03-12 10:56:00,2026-03-12 14:59:00,4.21,4.05,0.89
A02129,S3,2026-03-12 23:36:00,2026-03-13 07:12:00,7.02,7.59,8.62
A02129,S4,2026-03-13 11:36:00,2026-03-13 15:35:00,5.62,3.98,4.41
A02129,S5,2026-03-13 19:15:00,2026-03-13 21:02:00,2.11,1.78,3.66
A02130,S1,2026-03-12 08:09:00,2026-03-12 09:40:00,1.73,1.52,1.15
A02130,S2,2026-03-12 09:56:00,2026-03-12 12:43:00,2.59,2.78,0.26
A02130,S3,2026-03-12 13:19:00,2026-03-12 18:01:00,4.32,4.7,0.59
A02130,S4,2026-03-13 06:48:00,2026-03-13 09:07:00,3.46,2.32,12.78
A02130,S5,2026-03-13 10:32:00,2026-03-13 11:44:00,1.3,1.21,1.42
A02131,S1,2026-03-12 07:46:00,2026-03-12 10:09:00,2.42,2.39,0.76
A02131,S2,2026-03-12 10:38:00,2026-03-12 14:41:00,3.63,4.05,0.48
A02131,S3,2026-03-12 18:15:00,2026-03-12 23:42:00,6.05,5.45,3.57
A02131,S4,2026-03-13 04:10:00,2026-03-13 08:05:00,4.84,3.91,4.47
A02131,S5,2026-03-13 12:43:00,2026-03-13 14:18:00,1.82,1.58,4.64
A02132,S1,2026-03-13 07:32:00,2026-03-13 09:56:00,2.36,2.4,0.53
A02132,S2,2026-03-13 11:11:00,2026-03-13 14:31:00,3.54,3.34,1.25
A02132,S3,2026-03-13 17:27:00,2026-03-14 01:10:00,5.9,7.73,2.93
A02132,S4,2026-03-14 19:34:00,2026-03-15 01:51:00,4.72,6.27,18.4
A02132,S5,2026-03-15 04:08:00,2026-03-15 06:00:00,1.77,1.87,2.29
A02133,S1,2026-03-13 07:46:00,2026-03-13 15:01:00,6.28,7.24,0.77
A02133,S2,2026-03-13 15:05:00,2026-03-14 00:42:00,9.42,9.62,0.07
A02133,S3,2026-03-14 05:18:00,2026-03-14 22:38:00,15.7,17.35,4.59
A02133,S4,2026-03-14 23:35:00,2026-03-15 10:16:00,12.56,10.68,0.95
A02133,S5,2026-03-15 10:57:00,2026-03-15 15:46:00,4.71,4.82,0.68
A02134,S1,2026-03-13 08:01:00,2026-03-13 10:47:00,2.71,2.77,1.01
A02134,S2,2026-03-13 14:46:00,2026-03-13 19:33:00,4.07,4.78,3.99
A02134,S3,2026-03-13 20:06:00,2026-03-14 01:39:00,6.78,5.56,0.54
A02134,S4,2026-03-14 02:54:00,2026-03-14 09:52:00,5.42,6.96,1.25
A02134,S5,2026-03-14 12:17:00,2026-03-14 14:15:00,2.03,1.96,2.42
A02135,S1,2026-03-13 08:50:00,2026-03-13 10:54:00,1.92,2.06,1.84
A02135,S2,2026-03-13 12:28:00,2026-03-13 16:02:00,2.88,3.57,1.56
A02135,S3,2026-03-13 18:10:00,2026-03-13 23:33:00,4.8,5.37,2.14
A02135,S4,2026-03-14 02:31:00,2026-03-14 07:47:00,3.84,5.26,2.97
A02135,S5,2026-03-14 09:35:00,2026-03-14 11:07:00,1.44,1.52,1.81
A02136,S1,2026-03-13 07:05:00,2026-03-13 11:53:00,4.83,4.81,0.08
A02136,S2,2026-03-13 12:21:00,2026-03-13 19:33:00,7.25,7.2,0.46
A02136,S3,2026-03-13 19:44:00,2026-03-14 12:04:00,12.08,16.34,0.17
A02136,S4,2026-03-15 05:39:00,2026-03-15 14:00:00,9.66,8.35,17.59
A02136,S5,2026-03-15 15:32:00,2026-03-15 19:51:00,3.62,4.32,1.53
A02137,S1,2026-03-13 08:59:00,2026-03-13 15:55:00,6.36,6.92,1.99
A02137,S2,2026-03-13 18:04:00,2026-03-14 05:28:00,9.54,11.4,2.15
A02137,S3,2026-03-14 08:26:00,2026-03-14 20:18:00,15.9,11.87,2.97
A02137,S4,2026-03-15 18:47:00,2026-03-16 09:11:00,12.72,14.39,22.48
A02137,S5,2026-03-16 09:22:00,2026-03-16 13:58:00,4.77,4.6,0.18
A02138,S1,2026-03-13 07:48:00,2026-03-13 11:34:00,3.52,3.78,0.8
A02138,S2,2026-03-13 11:52:00,2026-03-13 16:45:00,5.28,4.88,0.3
A02138,S3,2026-03-13 18:48:00,2026-03-14 04:41:00,8.8,9.88,2.04
A02138,S4,2026-03-14 09:29:00,2026-03-14 13:55:00,7.04,4.43,4.81
A02138,S5,2026-03-14 16:39:00,2026-03-14 18:55:00,2.64,2.27,2.74
A02139,S1,2026-03-14 07:31:00,2026-03-14 13:08:00,5.06,5.61,0.52
A02139,S2,2026-03-14 14:03:00,2026-03-14 23:18:00,7.58,9.25,0.92
A02139,S3,2026-03-15 00:12:00,2026-03-15 08:54:00,12.64,8.7,0.91
A02139,S4,2026-03-15 23:12:00,2026-03-16 06:58:00,10.11,7.78,14.29
A02139,S5,2026-03-16 08:05:00,2026-03-16 11:39:00,3.79,3.57,1.11
A02140,S1,2026-03-14 07:12:00,2026-03-14 12:35:00,5.12,5.38,0.2
A02140,S2,2026-03-14 13:10:00,2026-03-14 21:35:00,7.68,8.42,0.58
A02140,S3,2026-03-15 09:33:00,2026-03-15 23:54:00,12.8,14.34,11.97
A02140,S4,2026-03-16 02:50:00,2026-03-16 18:22:00,10.24,15.53,2.95
A02140,S5,2026-03-16 23:16:00,2026-03-17 03:00:00,3.84,3.74,4.89
A02141,S1,2026-03-14 07:11:00,2026-03-14 12:41:00,5.48,5.49,0.18
A02141,S2,2026-03-14 12:49:00,2026-03-14 22:19:00,8.22,9.5,0.15
A02141,S3,2026-03-14 23:54:00,2026-03-15 16:30:00,13.7,16.6,1.58
A02141,S4,2026-03-16 02:46:00,2026-03-16 09:09:00,10.96,6.38,10.28
A02141,S5,2026-03-16 11:07:00,2026-03-16 15:36:00,4.11,4.47,1.97
A02142,S1,2026-03-15 07:48:00,2026-03-15 10:56:00,3.26,3.13,0.8
A02142,S2,2026-03-15 12:16:00,2026-03-15 18:55:00,4.9,6.64,1.33
A02142,S3,2026-03-15 23:36:00,2026-03-16 08:58:00,8.16,9.36,4.68
A02142,S4,2026-03-16 11:31:00,2026-03-16 19:46:00,6.53,8.25,2.56
A02142,S5,2026-03-16 23:35:00,2026-03-17 02:02:00,2.45,2.44,3.82
A02143,S1,2026-03-15 07:22:00,2026-03-15 10:27:00,2.81,3.08,0.36
A02143,S2,2026-03-15 10:30:00,2026-03-15 15:12:00,4.21,4.7,0.05
A02143,S3,2026-03-15 18:28:00,2026-03-16 00:38:00,7.02,6.17,3.27
A02143,S4,2026-03-16 18:39:00,2026-03-17 01:42:00,5.62,7.05,18.01
A02143,S5,2026-03-17 01:54:00,2026-03-17 04:47:00,2.11,2.89,0.19
A02144,S1,2026-03-15 07:38:00,2026-03-15 12:13:00,4.76,4.57,0.64
A02144,S2,2026-03-15 16:07:00,2026-03-15 20:58:00,7.14,4.86,3.9
A02144,S3,2026-03-15 23:14:00,2026-03-16 13:41:00,11.9,14.44,2.27
A02144,S4,2026-03-16 20:38:00,2026-03-17 05:46:00,9.52,9.14,6.95
A02144,S5,2026-03-17 05:48:00,2026-03-17 09:58:00,3.57,4.17,0.03
A02145,S1,2026-03-15 11:42:00,2026-03-15 13:34:00,2.22,1.87,4.7
A02145,S2,2026-03-15 13:36:00,2026-03-15 17:20:00,3.33,3.74,0.03
A02145,S3,2026-03-15 20:10:00,2026-03-16 02:13:00,5.55,6.06,2.83
A02145,S4,2026-03-16 03:00:00,2026-03-16 07:56:00,4.44,4.93,0.78
A02145,S5,2026-03-16 09:36:00,2026-03-16 11:12:00,1.66,1.61,1.67
A02146,S1,2026-03-15 07:01:00,2026-03-15 09:47:00,2.5,2.76,0.01
A02146,S2,2026-03-15 14:31:00,2026-03-15 18:16:00,3.74,3.75,4.74
A02146,S3,2026-03-15 22:21:00,2026-03-16 05:26:00,6.24,7.08,4.09
A02146,S4,2026-03-16 09:32:00,2026-03-16 22:37:00,4.99,13.07,4.11
A02146,S5,2026-03-17 00:37:00,2026-03-17 03:20:00,1.87,2.72,2.01
A02147,S1,2026-03-15 07:10:00,2026-03-15 09:48:00,2.82,2.63,0.17
A02147,S2,2026-03-15 09:54:00,2026-03-15 15:04:00,4.23,5.15,0.11
A02147,S3,2026-03-15 16:53:00,2026-03-16 01:53:00,7.05,9.0,1.83
A02147,S4,2026-03-16 04:12:00,2026-03-16 07:05:00,5.64,2.89,2.3
A02147,S5,2026-03-16 09:00:00,2026-03-16 11:14:00,2.11,2.23,1.92
A02148,S1,2026-03-15 07:00:00,2026-03-15 12:54:00,6.08,5.89,0.01
A02148,S2,2026-03-15 13:42:00,2026-03-16 02:46:00,9.12,13.06,0.81
A02148,S3,2026-03-16 03:43:00,2026-03-16 20:13:00,15.2,16.5,0.94
A02148,S4,2026-03-17 10:43:00,2026-03-17 21:50:00,12.16,11.11,14.5
A02148,S5,2026-03-17 22:57:00,2026-03-18 04:11:00,4.56,5.23,1.13
A02149,S1,2026-03-15 07:25:00,2026-03-15 09:21:00,2.02,1.92,0.42
A02149,S2,2026-03-15 13:16:00,2026-03-15 17:00:00,3.02,3.74,3.92
A02149,S3,2026-03-15 17:31:00,2026-03-15 22:04:00,5.04,4.55,0.5
A02149,S4,2026-03-15 22:37:00,2026-03-16 02:01:00,4.03,3.4,0.55
A02149,S5,2026-03-16 02:08:00,2026-03-16 03:34:00,1.51,1.43,0.12
A02150,S1,2026-03-16 08:05:00,2026-03-16 10:08:00,2.08,2.05,1.08
A02150,S2,2026-03-16 12:58:00,2026-03-16 16:58:00,3.12,4.0,2.84
A02150,S3,2026-03-16 20:19:00,2026-03-17 02:45:00,5.2,6.44,3.35
A02150,S4,2026-03-17 04:40:00,2026-03-17 09:59:00,4.16,5.31,1.91
A02150,S5,2026-03-17 14:38:00,2026-03-17 16:40:00,1.56,2.03,4.65
A02151,S1,2026-03-16 08:49:00,2026-03-16 11:05:00,2.27,2.27,1.81
A02151,S2,2026-03-16 14:09:00,2026-03-16 17:36:00,3.41,3.45,3.07
A02151,S3,2026-03-16 17:59:00,2026-03-17 00:06:00,5.68,6.12,0.37
A02151,S4,2026-03-17 03:05:00,2026-03-17 08:02:00,4.54,4.96,2.98
A02151,S5,2026-03-17 08:10:00,2026-03-17 09:48:00,1.7,1.63,0.13
A02152,S1,2026-03-16 07:27:00,2026-03-16 10:37:00,3.07,3.17,0.46
A02152,S2,2026-03-16 11:44:00,2026-03-16 16:35:00,4.61,4.84,1.12
A02152,S3,2026-03-16 23:58:00,2026-03-17 07:39:00,7.68,7.69,7.39
A02152,S4,2026-03-17 08:26:00,2026-03-17 12:10:00,6.14,3.73,0.78
A02152,S5,2026-03-17 14:06:00,2026-03-17 16:32:00,2.3,2.43,1.93
A02153,S1,2026-03-16 07:53:00,2026-03-16 11:07:00,3.1,3.24,0.88
A02153,S2,2026-03-16 17:25:00,2026-03-16 22:24:00,4.65,4.98,6.3
A02153,S3,2026-03-17 00:29:00,2026-03-17 06:46:00,7.75,6.29,2.08
A02153,S4,2026-03-17 07:46:00,2026-03-17 11:17:00,6.2,3.52,1.0
A02153,S5,2026-03-17 11:31:00,2026-03-17 14:05:00,2.33,2.57,0.23
A02154,S1,2026-03-16 07:19:00,2026-03-16 10:40:00,3.48,3.36,0.31
A02154,S2,2026-03-16 12:07:00,2026-03-16 19:23:00,5.22,7.26,1.44
A02154,S3,2026-03-16 21:45:00,2026-03-17 05:11:00,8.7,7.44,2.37
A02154,S4,2026-03-18 04:16:00,2026-03-18 14:07:00,6.96,9.85,23.08
A02154,S5,2026-03-18 14:23:00,2026-03-18 17:17:00,2.61,2.91,0.26
A02155,S1,2026-03-17 10:52:00,2026-03-17 15:09:00,3.71,4.28,3.87
A02155,S2,2026-03-17 15:39:00,2026-03-17 22:27:00,5.57,6.79,0.5
A02155,S3,2026-03-17 23:24:00,2026-03-18 11:09:00,9.28,11.74,0.96
A02155,S4,2026-03-19 03:11:00,2026-03-19 13:42:00,7.42,10.51,16.04
A02155,S5,2026-03-19 16:53:00,2026-03-19 19:49:00,2.78,2.92,3.19
A02156,S1,2026-03-17 07:22:00,2026-03-17 10:10:00,2.4,2.79,0.36
A02156,S2,2026-03-17 10:13:00,2026-03-17 13:30:00,3.6,3.29,0.06
A02156,S3,2026-03-17 17:23:00,2026-03-18 01:07:00,6.0,7.73,3.87
A02156,S4,2026-03-18 05:36:00,2026-03-18 12:54:00,4.8,7.3,4.49
A02156,S5,2026-03-18 13:32:00,2026-03-18 15:08:00,1.8,1.6,0.64
A02157,S1,2026-03-17 07:26:00,2026-03-17 10:44:00,3.71,3.3,0.43
A02157,S2,2026-03-17 16:18:00,2026-03-17 22:06:00,5.57,5.8,5.57
A02157,S3,2026-03-17 23:55:00,2026-03-18 10:02:00,9.28,10.12,1.81
A02157,S4,2026-03-18 11:12:00,2026-03-18 20:32:00,7.42,9.33,1.17
A02157,S5,2026-03-18 20:42:00,2026-03-18 23:22:00,2.78,2.68,0.17
A02158,S1,2026-03-17 10:44:00,2026-03-17 13:00:00,2.1,2.26,3.73
A02158,S2,2026-03-17 13:37:00,2026-03-17 16:45:00,3.14,3.14,0.62
A02158,S3,2026-03-17 21:11:00,2026-03-18 01:06:00,5.24,3.93,4.43
A02158,S4,2026-03-18 05:52:00,2026-03-18 12:40:00,4.19,6.81,4.76
A02158,S5,2026-03-18 16:09:00,2026-03-18 18:09:00,1.57,2.01,3.47
A02159,S1,2026-03-17 07:12:00,2026-03-17 10:02:00,2.82,2.83,0.21
A02159,S2,2026-03-17 10:02:00,2026-03-17 14:58:00,4.23,4.93,0.0
A02159,S3,2026-03-17 21:07:00,2026-03-18 03:30:00,7.05,6.39,6.15
A02159,S4,2026-03-18 15:15:00,2026-03-18 21:35:00,5.64,6.33,11.75
A02159,S5,2026-03-19 00:15:00,2026-03-19 02:00:00,2.11,1.74,2.68
A02160,S1,2026-03-17 08:08:00,2026-03-17 14:12:00,4.8,6.06,1.14
A02160,S2,2026-03-17 14:33:00,2026-03-17 22:41:00,7.2,8.13,0.35
A02160,S3,2026-03-18 02:41:00,2026-03-18 14:26:00,12.0,11.76,4.0
A02160,S4,2026-03-18 14:48:00,2026-03-19 00:24:00,9.6,9.61,0.35
A02160,S5,2026-03-19 06:30:00,2026-03-19 10:31:00,3.6,4.03,6.1
A02161,S1,2026-03-18 07:26:00,2026-03-18 11:11:00,3.65,3.75,0.43
A02161,S2,2026-03-18 12:59:00,2026-03-18 17:57:00,5.47,4.97,1.8
A02161,S3,2026-03-18 18:24:00,2026-03-19 09:10:00,9.12,14.76,0.46
A02161,S4,2026-03-19 21:57:00,2026-03-20 06:54:00,7.3,8.94,12.78
A02161,S5,2026-03-20 07:04:00,2026-03-20 09:22:00,2.74,2.31,0.17
A02162,S1,2026-03-18 07:43:00,2026-03-18 12:42:00,4.29,4.98,0.72
A02162,S2,2026-03-18 13:33:00,2026-03-18 20:40:00,6.43,7.1,0.86
A02162,S3,2026-03-18 22:34:00,2026-03-19 11:33:00,10.72,12.98,1.91
A02162,S4,2026-03-19 22:30:00,2026-03-20 02:59:00,8.58,4.48,10.94
A02162,S5,2026-03-20 06:51:00,2026-03-20 10:38:00,3.22,3.79,3.88
A02163,S1,2026-03-18 07:15:00,2026-03-18 12:17:00,4.44,5.04,0.25
A02163,S2,2026-03-18 12:47:00,2026-03-18 21:02:00,6.66,8.25,0.5
A02163,S3,2026-03-19 06:55:00,2026-03-19 15:16:00,11.1,8.35,9.88
A02163,S4,2026-03-20 18:54:00,2026-03-21 09:30:00,8.88,14.6,27.63
A02163,S5,2026-03-21 10:03:00,2026-03-21 13:43:00,3.33,3.67,0.54
A02164,S1,2026-03-18 10:48:00,2026-03-18 15:09:00,4.0,4.35,3.8
A02164,S2,2026-03-18 16:27:00,2026-03-19 00:36:00,6.0,8.14,1.3
A02164,S3,2026-03-19 06:37:00,2026-03-19 16:21:00,10.0,9.73,6.02
A02164,S4,2026-03-20 01:58:00,2026-03-20 11:27:00,8.0,9.49,9.63
A02164,S5,2026-03-20 12:41:00,2026-03-20 15:49:00,3.0,3.13,1.23
A02165,S1,2026-03-18 07:32:00,2026-03-18 11:50:00,4.61,4.3,0.53
A02165,S2,2026-03-18 13:12:00,2026-03-18 20:23:00,6.91,7.18,1.38
A02165,S3,2026-03-18 22:47:00,2026-03-19 08:15:00,11.52,9.47,2.39
A02165,S4,2026-03-20 03:54:00,2026-03-21 01:04:00,9.22,21.16,19.64
A02165,S5,2026-03-21 01:30:00,2026-03-21 05:07:00,3.46,3.62,0.43
A02166,S1,2026-03-19 07:24:00,2026-03-19 10:42:00,3.41,3.3,0.4
A02166,S2,2026-03-19 12:27:00,2026-03-19 17:20:00,5.11,4.89,1.75
A02166,S3,2026-03-19 17:36:00,2026-03-20 06:07:00,8.52,12.53,0.26
A02166,S4,2026-03-20 07:07:00,2026-03-20 13:26:00,6.82,6.32,0.99
A02166,S5,2026-03-20 16:37:00,2026-03-20 19:10:00,2.56,2.55,3.18
A02167,S1,2026-03-19 07:13:00,2026-03-19 10:57:00,3.55,3.73,0.22
A02167,S2,2026-03-19 12:08:00,2026-03-19 18:36:00,5.33,6.46,1.19
A02167,S3,2026-03-20 00:47:00,2026-03-20 12:28:00,8.88,11.67,6.19
A02167,S4,2026-03-20 17:31:00,2026-03-20 22:26:00,7.1,4.9,5.06
A02167,S5,2026-03-20 23:34:00,2026-03-21 02:49:00,2.66,3.25,1.13
A02168,S1,2026-03-19 08:09:00,2026-03-19 13:27:00,4.9,5.3,1.15
A02168,S2,2026-03-19 17:45:00,2026-03-20 03:14:00,7.34,9.48,4.31
A02168,S3,2026-03-20 04:31:00,2026-03-20 16:51:00,12.24,12.34,1.28
A02168,S4,2026-03-20 17:13:00,2026-03-21 07:06:00,9.79,13.89,0.36
A02168,S5,2026-03-21 07:40:00,2026-03-21 11:53:00,3.67,4.22,0.56
A02169,S1,2026-03-20 09:13:00,2026-03-20 10:51:00,1.73,1.64,2.21
A02169,S2,2026-03-20 11:05:00,2026-03-20 13:40:00,2.59,2.58,0.22
A02169,S3,2026-03-20 16:30:00,2026-03-20 20:46:00,4.32,4.27,2.84
A02169,S4,2026-03-21 09:03:00,2026-03-21 14:00:00,3.46,4.95,12.29
A02169,S5,2026-03-21 14:22:00,2026-03-21 15:38:00,1.3,1.27,0.36
A02170,S1,2026-03-20 07:57:00,2026-03-20 10:58:00,2.54,3.03,0.94
A02170,S2,2026-03-20 12:04:00,2026-03-20 15:45:00,3.82,3.69,1.1
A02170,S3,2026-03-20 15:57:00,2026-03-20 21:53:00,6.36,5.92,0.2
A02170,S4,2026-03-21 08:59:00,2026-03-21 15:59:00,5.09,7.0,11.11
A02170,S5,2026-03-21 17:20:00,2026-03-21 19:27:00,1.91,2.12,1.34
A02171,S1,2026-03-20 07:50:00,2026-03-20 10:09:00,2.19,2.32,0.83
A02171,S2,2026-03-20 17:07:00,2026-03-20 20:31:00,3.29,3.4,6.96
A02171,S3,2026-03-20 22:44:00,2026-03-21 04:23:00,5.48,5.65,2.22
A02171,S4,2026-03-21 06:00:00,2026-03-21 11:41:00,4.38,5.69,1.61
A02171,S5,2026-03-21 12:21:00,2026-03-21 14:16:00,1.64,1.91,0.67
A02172,S1,2026-03-20 07:16:00,2026-03-20 10:08:00,2.27,2.85,0.27
A02172,S2,2026-03-20 12:56:00,2026-03-20 15:34:00,3.41,2.64,2.81
A02172,S3,2026-03-20 16:22:00,2026-03-20 21:32:00,5.68,5.18,0.79
A02172,S4,2026-03-21 00:51:00,2026-03-21 04:11:00,4.54,3.33,3.31
A02172,S5,2026-03-21 09:34:00,2026-03-21 11:43:00,1.7,2.15,5.38
A02173,S1,2026-03-20 07:34:00,2026-03-20 10:19:00,2.38,2.76,0.56
A02173,S2,2026-03-20 10:55:00,2026-03-20 13:21:00,3.57,2.44,0.6
A02173,S3,2026-03-20 14:46:00,2026-03-20 20:32:00,5.95,5.76,1.41
A02173,S4,2026-03-20 21:22:00,2026-03-21 01:48:00,4.76,4.43,0.84
A02173,S5,2026-03-21 03:58:00,2026-03-21 05:53:00,1.78,1.91,2.17
A02174,S1,2026-03-20 07:32:00,2026-03-20 12:49:00,4.64,5.28,0.54
A02174,S2,2026-03-20 19:42:00,2026-03-21 03:06:00,6.96,7.4,6.88
A02174,S3,2026-03-21 06:47:00,2026-03-21 22:04:00,11.6,15.28,3.68
A02174,S4,2026-03-22 13:15:00,2026-03-22 22:48:00,9.28,9.55,15.19
A02174,S5,2026-03-23 00:53:00,2026-03-23 04:18:00,3.48,3.41,2.09
A02175,S1,2026-03-21 07:54:00,2026-03-21 11:10:00,3.87,3.27,0.89
A02175,S2,2026-03-21 11:36:00,2026-03-21 16:13:00,5.81,4.62,0.43
A02175,S3,2026-03-21 18:10:00,2026-03-22 09:55:00,9.68,15.76,1.96
A02175,S4,2026-03-22 16:36:00,2026-03-23 01:55:00,7.74,9.32,6.67
A02175,S5,2026-03-23 11:19:00,2026-03-23 14:38:00,2.9,3.32,9.39
A02176,S1,2026-03-21 07:24:00,2026-03-21 12:11:00,4.58,4.79,0.4
A02176,S2,2026-03-21 12:26:00,2026-03-21 21:08:00,6.86,8.69,0.24
A02176,S3,2026-03-21 22:06:00,2026-03-22 10:19:00,11.44,12.22,0.98
A02176,S4,2026-03-22 16:21:00,2026-03-23 02:23:00,9.15,10.03,6.03
A02176,S5,2026-03-23 03:37:00,2026-03-23 07:30:00,3.43,3.88,1.22
A02177,S1,2026-03-22 07:00:00,2026-03-22 13:14:00,5.8,6.23,0.01
A02177,S2,2026-03-22 16:16:00,2026-03-23 01:45:00,8.7,9.49,3.03
A02177,S3,2026-03-23 02:09:00,2026-03-23 18:04:00,14.5,15.91,0.41
A02177,S4,2026-03-24 12:00:00,2026-03-24 18:17:00,11.6,6.28,17.94
A02177,S5,2026-03-24 19:53:00,2026-03-25 00:12:00,4.35,4.32,1.6
A02178,S1,2026-03-22 09:09:00,2026-03-22 10:59:00,1.94,1.83,2.15
A02178,S2,2026-03-22 11:31:00,2026-03-22 15:10:00,2.9,3.65,0.53
A02178,S3,2026-03-22 17:25:00,2026-03-22 22:00:00,4.84,4.57,2.26
A02178,S4,2026-03-24 03:42:00,2026-03-24 09:05:00,3.87,5.38,29.71
A02178,S5,2026-03-24 10:31:00,2026-03-24 11:53:00,1.45,1.37,1.45
A02179,S1,2026-03-22 07:49:00,2026-03-22 12:04:00,4.7,4.25,0.82
A02179,S2,2026-03-22 12:12:00,2026-03-22 20:00:00,7.06,7.8,0.13
A02179,S3,2026-03-22 22:04:00,2026-03-23 11:46:00,11.76,13.69,2.07
A02179,S4,2026-03-23 14:23:00,2026-03-24 04:40:00,9.41,14.27,2.63
A02179,S5,2026-03-24 07:21:00,2026-03-24 11:08:00,3.53,3.8,2.68
A02180,S1,2026-03-22 07:45:00,2026-03-22 13:08:00,6.04,5.38,0.75
A02180,S2,2026-03-22 14:06:00,2026-03-22 21:29:00,9.06,7.38,0.98
A02180,S3,2026-03-23 02:39:00,2026-03-23 18:03:00,15.1,15.39,5.17
A02180,S4,2026-03-24 02:33:00,2026-03-24 14:35:00,12.08,12.03,8.5
A02180,S5,2026-03-24 19:43:00,2026-03-24 23:48:00,4.53,4.08,5.14
A02181,S1,2026-03-22 07:15:00,2026-03-22 11:40:00,3.84,4.41,0.25
A02181,S2,2026-03-22 12:13:00,2026-03-22 19:29:00,5.76,7.26,0.56
A02181,S3,2026-03-22 21:31:00,2026-03-23 06:51:00,9.6,9.33,2.02
A02181,S4,2026-03-23 19:13:00,2026-03-24 09:00:00,7.68,13.79,12.37
A02181,S5,2026-03-24 10:32:00,2026-03-24 13:03:00,2.88,2.53,1.52
A02182,S1,2026-03-22 07:22:00,2026-03-22 12:12:00,5.04,4.84,0.36
A02182,S2,2026-03-22 12:23:00,2026-03-22 23:04:00,7.56,10.67,0.18
A02182,S3,2026-03-22 23:42:00,2026-03-23 09:16:00,12.6,9.57,0.63
A02182,S4,2026-03-23 13:54:00,2026-03-24 02:06:00,10.08,12.21,4.63
A02182,S5,2026-03-24 04:34:00,2026-03-24 09:05:00,3.78,4.52,2.46
A02183,S1,2026-03-22 07:35:00,2026-03-22 10:03:00,2.62,2.47,0.58
A02183,S2,2026-03-22 13:01:00,2026-03-22 16:38:00,3.92,3.61,2.97
A02183,S3,2026-03-22 17:42:00,2026-03-23 02:56:00,6.54,9.24,1.07
A02183,S4,2026-03-23 14:25:00,2026-03-23 17:49:00,5.23,3.41,11.48
A02183,S5,2026-03-23 22:12:00,2026-03-24 00:16:00,1.96,2.06,4.39
A02184,S1,2026-03-22 07:17:00,2026-03-22 13:46:00,5.76,6.49,0.29
A02184,S2,2026-03-22 14:29:00,2026-03-22 21:26:00,8.64,6.95,0.71
A02184,S3,2026-03-22 21:58:00,2026-03-23 13:46:00,14.4,15.79,0.54
A02184,S4,2026-03-24 10:50:00,2026-03-25 00:21:00,11.52,13.52,21.08
A02184,S5,2026-03-25 01:05:00,2026-03-25 06:06:00,4.32,5.02,0.72
A02185,S1,2026-03-22 07:20:00,2026-03-22 09:22:00,2.3,2.04,0.34
A02185,S2,2026-03-22 09:32:00,2026-03-22 12:22:00,3.45,2.83,0.17
A02185,S3,2026-03-22 13:01:00,2026-03-22 18:14:00,5.75,5.22,0.65
A02185,S4,2026-03-22 23:04:00,2026-03-23 02:54:00,4.6,3.84,4.82
A02185,S5,2026-03-23 04:23:00,2026-03-23 06:03:00,1.72,1.67,1.47
A02186,S1,2026-03-23 07:43:00,2026-03-23 13:45:00,6.08,6.02,0.72
A02186,S2,2026-03-23 14:06:00,2026-03-23 23:44:00,9.12,9.64,0.35
A02186,S3,2026-03-24 00:11:00,2026-03-24 13:28:00,15.2,13.28,0.45
A02186,S4,2026-03-24 14:51:00,2026-03-25 02:28:00,12.16,11.63,1.38
A02186,S5,2026-03-25 03:23:00,2026-03-25 08:10:00,4.56,4.79,0.92
A02187,S1,2026-03-23 08:12:00,2026-03-23 13:29:00,5.44,5.28,1.2
A02187,S2,2026-03-23 15:20:00,2026-03-23 23:18:00,8.16,7.97,1.85
A02187,S3,2026-03-24 02:46:00,2026-03-24 17:16:00,13.6,14.49,3.47
A02187,S4,2026-03-25 04:14:00,2026-03-25 13:33:00,10.88,9.32,10.98
A02187,S5,2026-03-25 13:43:00,2026-03-25 18:30:00,4.08,4.77,0.17
A02188,S1,2026-03-23 07:37:00,2026-03-23 10:37:00,2.88,3.0,0.61
A02188,S2,2026-03-23 13:56:00,2026-03-23 18:51:00,4.32,4.91,3.33
A02188,S3,2026-03-23 20:28:00,2026-03-24 03:46:00,7.2,7.28,1.62
A02188,S4,2026-03-24 19:05:00,2026-03-25 02:44:00,5.76,7.64,15.33
A02188,S5,2026-03-25 03:51:00,2026-03-25 06:24:00,2.16,2.54,1.13
A02189,S1,2026-03-23 07:16:00,2026-03-23 10:12:00,3.08,2.94,0.26
A02189,S2,2026-03-23 12:06:00,2026-03-23 18:05:00,4.62,5.97,1.9
A02189,S3,2026-03-23 20:03:00,2026-03-24 06:59:00,7.7,10.94,1.97
A02189,S4,2026-03-24 16:57:00,2026-03-25 05:39:00,6.16,12.7,9.97
A02189,S5,2026-03-25 06:19:00,2026-03-25 08:56:00,2.31,2.61,0.68
A02190,S1,2026-03-23 08:23:00,2026-03-23 11:56:00,3.62,3.55,1.38
A02190,S2,2026-03-23 13:12:00,2026-03-23 18:38:00,5.44,5.44,1.26
A02190,S3,2026-03-23 19:31:00,2026-03-24 02:56:00,9.06,7.42,0.88
A02190,S4,2026-03-24 13:51:00,2026-03-24 22:46:00,7.25,8.92,10.92
A02190,S5,2026-03-24 23:11:00,2026-03-25 02:00:00,2.72,2.81,0.41
A02191,S1,2026-03-24 07:39:00,2026-03-24 13:31:00,4.61,5.88,0.64
A02191,S2,2026-03-24 19:28:00,2026-03-25 02:58:00,6.91,7.49,5.95
A02191,S3,2026-03-25 05:50:00,2026-03-25 22:28:00,11.52,16.63,2.88
A02191,S4,2026-03-27 19:24:00,2026-03-28 03:00:00,9.22,7.6,44.94
A02191,S5,2026-03-28 05:27:00,2026-03-28 08:53:00,3.46,3.43,2.45
A02192,S1,2026-03-24 08:03:00,2026-03-24 10:23:00,2.46,2.33,1.04
A02192,S2,2026-03-24 12:30:00,2026-03-24 16:24:00,3.7,3.9,2.13
A02192,S3,2026-03-24 16:57:00,2026-03-24 23:07:00,6.16,6.16,0.55
A02192,S4,2026-03-25 18:38:00,2026-03-25 23:41:00,4.93,5.05,19.52
A02192,S5,2026-03-26 03:22:00,2026-03-26 05:09:00,1.85,1.78,3.68
A02193,S1,2026-03-24 08:19:00,2026-03-24 13:04:00,4.86,4.75,1.32
A02193,S2,2026-03-24 13:36:00,2026-03-24 19:22:00,7.3,5.76,0.54
A02193,S3,2026-03-25 07:37:00,2026-03-25 22:51:00,12.16,15.24,12.26
A02193,S4,2026-03-25 23:33:00,2026-03-26 10:52:00,9.73,11.32,0.69
A02193,S5,2026-03-26 14:42:00,2026-03-26 19:05:00,3.65,4.39,3.84
A02194,S1,2026-03-24 07:21:00,2026-03-24 09:41:00,2.06,2.34,0.34
A02194,S2,2026-03-24 10:36:00,2026-03-24 13:50:00,3.1,3.23,0.92
A02194,S3,2026-03-24 16:17:00,2026-03-25 01:03:00,5.16,8.77,2.45
A02194,S4,2026-03-25 16:30:00,2026-03-25 19:20:00,4.13,2.82,15.46
A02194,S5,2026-03-25 19:59:00,2026-03-25 21:47:00,1.55,1.8,0.65
A02195,S1,2026-03-24 11:34:00,2026-03-24 14:56:00,3.77,3.37,4.56
A02195,S2,2026-03-24 15:01:00,2026-03-24 20:43:00,5.65,5.7,0.08
A02195,S3,2026-03-24 21:36:00,2026-03-25 08:51:00,9.42,11.25,0.88
A02195,S4,2026-03-25 13:08:00,2026-03-25 19:19:00,7.54,6.18,4.29
A02195,S5,2026-03-25 23:30:00,2026-03-26 02:50:00,2.83,3.33,4.19
A02196,S1,2026-03-24 08:26:00,2026-03-24 13:41:00,4.51,5.26,1.43
A02196,S2,2026-03-24 14:55:00,2026-03-24 20:43:00,6.77,5.8,1.23
A02196,S3,2026-03-24 21:01:00,2026-03-25 03:54:00,11.28,6.88,0.3
A02196,S4,2026-03-25 07:30:00,2026-03-25 13:57:00,9.02,6.45,3.61
A02196,S5,2026-03-25 14:07:00,2026-03-25 17:57:00,3.38,3.84,0.16
A02197,S1,2026-03-25 09:01:00,2026-03-25 11:39:00,2.5,2.64,2.02
A02197,S2,2026-03-25 13:51:00,2026-03-25 17:45:00,3.74,3.89,2.2
A02197,S3,2026-03-25 18:08:00,2026-03-26 00:25:00,6.24,6.29,0.38
A02197,S4,2026-03-26 02:02:00,2026-03-26 06:01:00,4.99,3.98,1.61
A02197,S5,2026-03-26 11:44:00,2026-03-26 13:28:00,1.87,1.73,5.73
A02198,S1,2026-03-25 07:51:00,2026-03-25 09:57:00,1.92,2.09,0.85
A02198,S2,2026-03-25 15:36:00,2026-03-25 18:44:00,2.88,3.14,5.65
A02198,S3,2026-03-25 21:45:00,2026-03-26 01:45:00,4.8,3.99,3.02
A02198,S4,2026-03-26 17:38:00,2026-03-26 23:28:00,3.84,5.83,15.89
A02198,S5,2026-03-26 23:53:00,2026-03-27 01:24:00,1.44,1.53,0.41
A02199,S1,2026-03-25 07:45:00,2026-03-25 11:46:00,3.46,4.02,0.75
A02199,S2,2026-03-25 11:53:00,2026-03-25 17:08:00,5.18,5.25,0.12
A02199,S3,2026-03-26 05:06:00,2026-03-26 16:13:00,8.64,11.12,11.97
A02199,S4,2026-03-27 02:13:00,2026-03-27 08:34:00,6.91,6.34,10.0
A02199,S5,2026-03-27 08:53:00,2026-03-27 11:37:00,2.59,2.74,0.32
A02200,S1,2026-03-25 09:04:00,2026-03-25 13:40:00,4.06,4.6,2.06
A02200,S2,2026-03-25 14:33:00,2026-03-25 20:14:00,6.1,5.69,0.89
A02200,S3,2026-03-25 22:03:00,2026-03-26 07:54:00,10.16,9.85,1.81
A02200,S4,2026-03-27 05:40:00,2026-03-27 20:01:00,8.13,14.36,21.76
A02200,S5,2026-03-27 22:41:00,2026-03-28 02:29:00,3.05,3.8,2.67
A02201,S1,2026-03-25 07:13:00,2026-03-25 11:53:00,5.32,4.66,0.22
A02201,S2,2026-03-25 21:58:00,2026-03-26 06:21:00,7.98,8.38,10.09
A02201,S3,2026-03-26 09:39:00,2026-03-27 02:41:00,13.3,17.04,3.29
A02201,S4,2026-03-27 03:18:00,2026-03-27 11:23:00,10.64,8.07,0.63
A02201,S5,2026-03-27 20:31:00,2026-03-27 23:46:00,3.99,3.25,9.13
A02202,S1,2026-03-25 07:13:00,2026-03-25 09:35:00,1.81,2.38,0.21
A02202,S2,2026-03-25 10:27:00,2026-03-25 13:30:00,2.71,3.05,0.86
A02202,S3,2026-03-25 17:11:00,2026-03-25 21:57:00,4.52,4.76,3.69
A02202,S4,2026-03-26 01:26:00,2026-03-26 03:53:00,3.62,2.47,3.48
A02202,S5,2026-03-26 07:37:00,2026-03-26 08:56:00,1.36,1.33,3.72
A02203,S1,2026-03-25 07:13:00,2026-03-25 09:00:00,1.7,1.8,0.21
A02203,S2,2026-03-25 11:54:00,2026-03-25 14:40:00,2.54,2.77,2.89
A02203,S3,2026-03-25 16:23:00,2026-03-25 23:25:00,4.24,7.03,1.71
A02203,S4,2026-03-26 09:12:00,2026-03-26 12:14:00,3.39,3.05,9.78
A02203,S5,2026-03-26 13:36:00,2026-03-26 15:21:00,1.27,1.75,1.36
A02204,S1,2026-03-25 09:29:00,2026-03-25 13:08:00,2.78,3.64,2.49
A02204,S2,2026-03-25 16:18:00,2026-03-25 20:00:00,4.17,3.71,3.16
A02204,S3,2026-03-25 20:10:00,2026-03-26 04:55:00,6.95,8.75,0.16
A02204,S4,2026-03-26 16:31:00,2026-03-27 02:31:00,5.56,10.0,11.6
A02204,S5,2026-03-27 07:33:00,2026-03-27 10:07:00,2.08,2.56,5.03
A02205,S1,2026-03-25 08:40:00,2026-03-25 11:52:00,2.88,3.19,1.67
A02205,S2,2026-03-25 19:32:00,2026-03-25 23:56:00,4.32,4.4,7.67
A02205,S3,2026-03-26 12:37:00,2026-03-26 20:35:00,7.2,7.98,12.67
A02205,S4,2026-03-26 20:58:00,2026-03-27 04:01:00,5.76,7.05,0.38
A02205,S5,2026-03-27 06:21:00,2026-03-27 08:40:00,2.16,2.32,2.32
A02206,S1,2026-03-26 08:09:00,2026-03-26 10:25:00,2.54,2.26,1.15
A02206,S2,2026-03-26 10:31:00,2026-03-26 13:59:00,3.82,3.46,0.11
A02206,S3,2026-03-26 18:45:00,2026-03-27 00:33:00,6.36,5.8,4.77
A02206,S4,2026-03-27 06:25:00,2026-03-27 18:11:00,5.09,11.77,5.86
A02206,S5,2026-03-27 18:15:00,2026-03-27 20:34:00,1.91,2.32,0.08
A02207,S1,2026-03-26 07:03:00,2026-03-26 11:45:00,5.02,4.71,0.04
A02207,S2,2026-03-26 12:02:00,2026-03-26 18:45:00,7.54,6.73,0.28
A02207,S3,2026-03-26 19:51:00,2026-03-27 08:24:00,12.56,12.56,1.09
A02207,S4,2026-03-27 11:48:00,2026-03-28 00:10:00,10.05,12.37,3.4
A02207,S5,2026-03-28 00:20:00,2026-03-28 04:30:00,3.77,4.17,0.16
A02208,S1,2026-03-27 07:19:00,2026-03-27 10:07:00,2.53,2.8,0.32
A02208,S2,2026-03-27 10:44:00,2026-03-27 14:28:00,3.79,3.74,0.61
A02208,S3,2026-03-27 15:41:00,2026-03-27 21:15:00,6.32,5.57,1.2
A02208,S4,2026-03-28 03:45:00,2026-03-28 09:02:00,5.06,5.27,6.51
A02208,S5,2026-03-28 11:00:00,2026-03-28 13:02:00,1.9,2.04,1.97
A02209,S1,2026-03-27 07:44:00,2026-03-27 13:09:00,4.88,5.41,0.73
A02209,S2,2026-03-27 14:00:00,2026-03-27 22:44:00,7.32,8.74,0.85
A02209,S3,2026-03-28 00:14:00,2026-03-28 16:53:00,12.2,16.65,1.5
A02209,S4,2026-03-28 21:32:00,2026-03-29 11:06:00,9.76,13.57,4.66
A02209,S5,2026-03-29 13:59:00,2026-03-29 17:32:00,3.66,3.56,2.87
A02210,S1,2026-03-27 07:28:00,2026-03-27 10:06:00,2.53,2.62,0.47
A02210,S2,2026-03-27 16:41:00,2026-03-27 19:35:00,3.79,2.89,6.59
A02210,S3,2026-03-27 21:28:00,2026-03-28 04:22:00,6.32,6.91,1.88
A02210,S4,2026-03-28 10:12:00,2026-03-28 17:13:00,5.06,7.02,5.82
A02210,S5,2026-03-28 19:06:00,2026-03-28 20:58:00,1.9,1.86,1.89
A02211,S1,2026-03-27 08:07:00,2026-03-27 11:23:00,3.84,3.27,1.12
A02211,S2,2026-03-27 12:52:00,2026-03-27 20:18:00,5.76,7.44,1.48
A02211,S3,2026-03-27 20:34:00,2026-03-28 08:18:00,9.6,11.73,0.26
A02211,S4,2026-03-28 11:34:00,2026-03-28 16:31:00,7.68,4.96,3.26
A02211,S5,2026-03-28 16:47:00,2026-03-28 20:01:00,2.88,3.22,0.27
A02212,S1,2026-03-27 07:33:00,2026-03-27 11:29:00,3.08,3.93,0.55
A02212,S2,2026-03-27 12:05:00,2026-03-27 19:29:00,4.62,7.4,0.6
A02212,S3,2026-03-27 23:12:00,2026-03-28 08:14:00,7.7,9.03,3.72
A02212,S4,2026-03-29 00:15:00,2026-03-29 05:42:00,6.16,5.44,16.01
A02212,S5,2026-03-29 09:01:00,2026-03-29 11:19:00,2.31,2.3,3.32
A02213,S1,2026-03-27 07:15:00,2026-03-27 13:32:00,5.48,6.27,0.26
A02213,S2,2026-03-27 14:38:00,2026-03-27 23:32:00,8.22,8.9,1.11
A02213,S3,2026-03-28 01:08:00,2026-03-28 15:47:00,13.7,14.65,1.61
A02213,S4,2026-03-28 23:34:00,2026-03-29 12:06:00,10.96,12.54,7.78
A02213,S5,2026-03-29 12:30:00,2026-03-29 17:18:00,4.11,4.81,0.39
A02214,S1,2026-03-28 07:43:00,2026-03-28 15:02:00,6.32,7.32,0.72
A02214,S2,2026-03-28 15:04:00,2026-03-28 23:55:00,9.48,8.84,0.03
A02214,S3,2026-03-29 01:10:00,2026-03-29 21:49:00,15.8,20.65,1.26
A02214,S4,2026-03-31 22:43:00,2026-04-01 08:41:00,12.64,9.96,48.89
A02214,S5,2026-04-01 08:58:00,2026-04-01 14:14:00,4.74,5.27,0.3
A02215,S1,2026-03-28 09:41:00,2026-03-28 12:20:00,2.4,2.66,2.68
A02215,S2,2026-03-28 13:30:00,2026-03-28 18:43:00,3.6,5.22,1.16
A02215,S3,2026-03-28 20:05:00,2026-03-29 01:02:00,6.0,4.95,1.35
A02215,S4,2026-03-29 08:08:00,2026-03-29 15:26:00,4.8,7.3,7.11
A02215,S5,2026-03-29 16:40:00,2026-03-29 18:23:00,1.8,1.71,1.23
A02216,S1,2026-03-28 09:35:00,2026-03-28 14:28:00,4.7,4.89,2.58
A02216,S2,2026-03-28 21:08:00,2026-03-29 05:35:00,7.06,8.45,6.67
A02216,S3,2026-03-29 15:32:00,2026-03-30 01:21:00,11.76,9.82,9.95
A02216,S4,2026-03-30 07:58:00,2026-03-30 11:51:00,9.41,3.88,6.62
A02216,S5,2026-03-30 14:46:00,2026-03-30 18:34:00,3.53,3.79,2.93
A02217,S1,2026-03-28 07:08:00,2026-03-28 11:18:00,3.94,4.18,0.13
A02217,S2,2026-03-28 11:51:00,2026-03-28 17:42:00,5.9,5.84,0.55
A02217,S3,2026-03-28 19:27:00,2026-03-29 08:50:00,9.84,13.39,1.75
A02217,S4,2026-03-29 20:42:00,2026-03-30 07:30:00,7.87,10.8,11.86
A02217,S5,2026-03-30 08:26:00,2026-03-30 11:40:00,2.95,3.24,0.94
A02218,S1,2026-03-28 07:46:00,2026-03-28 09:49:00,1.76,2.04,0.77
A02218,S2,2026-03-28 15:01:00,2026-03-28 18:07:00,2.64,3.09,5.21
A02218,S3,2026-03-28 23:58:00,2026-03-29 04:00:00,4.4,4.02,5.86
A02218,S4,2026-03-30 00:15:00,2026-03-30 07:13:00,3.52,6.97,20.25
A02218,S5,2026-03-30 07:42:00,2026-03-30 08:55:00,1.32,1.21,0.49
A02219,S1,2026-03-29 07:40:00,2026-03-29 10:11:00,2.29,2.51,0.67
A02219,S2,2026-03-29 11:22:00,2026-03-29 14:34:00,3.43,3.2,1.19
A02219,S3,2026-03-29 15:17:00,2026-03-29 22:11:00,5.72,6.89,0.72
A02219,S4,2026-03-30 00:58:00,2026-03-30 06:34:00,4.58,5.6,2.78
A02219,S5,2026-03-30 07:03:00,2026-03-30 08:41:00,1.72,1.62,0.5
A02220,S1,2026-03-29 07:19:00,2026-03-29 13:08:00,5.24,5.82,0.31
A02220,S2,2026-03-29 15:29:00,2026-03-29 23:10:00,7.86,7.67,2.36
A02220,S3,2026-03-30 04:19:00,2026-03-30 18:26:00,13.1,14.12,5.15
A02220,S4,2026-03-31 06:18:00,2026-03-31 17:53:00,10.48,11.58,11.87
A02220,S5,2026-03-31 18:50:00,2026-03-31 23:09:00,3.93,4.31,0.97
A02221,S1,2026-03-29 07:20:00,2026-03-29 11:41:00,3.67,4.35,0.34
A02221,S2,2026-03-29 14:39:00,2026-03-29 20:49:00,5.51,6.17,2.96
A02221,S3,2026-03-29 20:53:00,2026-03-30 06:51:00,9.18,9.96,0.06
A02221,S4,2026-03-30 09:28:00,2026-03-30 21:50:00,7.34,12.37,2.62
A02221,S5,2026-03-31 02:56:00,2026-03-31 06:31:00,2.75,3.57,5.11
A02222,S1,2026-03-29 09:26:00,2026-03-29 12:30:00,2.5,3.06,2.44
A02222,S2,2026-03-29 14:25:00,2026-03-29 18:19:00,3.74,3.89,1.92
A02222,S3,2026-03-30 00:08:00,2026-03-30 05:23:00,6.24,5.24,5.83
A02222,S4,2026-03-30 08:16:00,2026-03-30 13:50:00,4.99,5.58,2.88
A02222,S5,2026-03-30 17:21:00,2026-03-30 19:16:00,1.87,1.9,3.52
A02223,S1,2026-03-29 08:09:00,2026-03-29 13:33:00,4.24,5.39,1.16
A02223,S2,2026-03-29 18:19:00,2026-03-30 00:05:00,6.36,5.78,4.76
A02223,S3,2026-03-30 08:11:00,2026-03-30 21:04:00,10.6,12.88,8.1
A02223,S4,2026-03-31 12:49:00,2026-03-31 20:03:00,8.48,7.24,15.75
A02223,S5,2026-03-31 21:08:00,2026-04-01 01:02:00,3.18,3.9,1.08
A02224,S1,2026-03-29 08:06:00,2026-03-29 14:32:00,5.88,6.43,1.1
A02224,S2,2026-03-29 18:33:00,2026-03-30 04:31:00,8.82,9.96,4.03
A02224,S3,2026-03-30 05:45:00,2026-03-31 02:11:00,14.7,20.43,1.24
A02224,S4,2026-03-31 13:01:00,2026-04-02 09:53:00,11.76,44.86,10.83
A02224,S5,2026-04-02 11:56:00,2026-04-02 15:50:00,4.41,3.9,2.06
A02225,S1,2026-03-30 07:48:00,2026-03-30 12:06:00,3.78,4.3,0.8
A02225,S2,2026-03-30 12:17:00,2026-03-30 18:17:00,5.66,6.0,0.18
A02225,S3,2026-03-30 19:07:00,2026-03-31 04:01:00,9.44,8.9,0.83
A02225,S4,2026-03-31 05:35:00,2026-03-31 10:31:00,7.55,4.93,1.58
A02225,S5,2026-03-31 13:29:00,2026-03-31 16:55:00,2.83,3.44,2.96
A02226,S1,2026-03-30 07:06:00,2026-03-30 11:01:00,4.26,3.92,0.1
A02226,S2,2026-03-30 12:04:00,2026-03-30 18:50:00,6.38,6.77,1.04
A02226,S3,2026-03-31 00:04:00,2026-03-31 15:04:00,10.64,15.0,5.24
A02226,S4,2026-04-02 03:07:00,2026-04-02 12:59:00,8.51,9.87,36.05
A02226,S5,2026-04-02 13:19:00,2026-04-02 16:55:00,3.19,3.6,0.33
A02227,S1,2026-03-30 07:07:00,2026-03-30 10:29:00,3.19,3.36,0.12
A02227,S2,2026-03-30 11:03:00,2026-03-30 15:54:00,4.79,4.85,0.57
A02227,S3,2026-03-30 21:01:00,2026-03-31 08:16:00,7.98,11.26,5.11
A02227,S4,2026-03-31 11:49:00,2026-03-31 20:35:00,6.38,8.77,3.55
A02227,S5,2026-03-31 22:37:00,2026-04-01 01:36:00,2.39,2.99,2.03
A02228,S1,2026-03-30 08:07:00,2026-03-30 11:26:00,3.24,3.32,1.12
A02228,S2,2026-03-30 12:30:00,2026-03-30 16:49:00,4.86,4.32,1.06
A02228,S3,2026-03-30 23:18:00,2026-03-31 08:32:00,8.1,9.23,6.49
A02228,S4,2026-03-31 15:39:00,2026-03-31 19:50:00,6.48,4.19,7.12
A02228,S5,2026-03-31 21:14:00,2026-03-31 23:52:00,2.43,2.62,1.4
A02229,S1,2026-03-30 10:16:00,2026-03-30 15:13:00,4.68,4.95,3.27
A02229,S2,2026-03-30 15:36:00,2026-03-30 23:01:00,7.02,7.42,0.38
A02229,S3,2026-03-31 00:24:00,2026-03-31 13:39:00,11.7,13.24,1.38
A02229,S4,2026-03-31 16:55:00,2026-04-01 02:48:00,9.36,9.88,3.28
A02229,S5,2026-04-01 05:06:00,2026-04-01 08:28:00,3.51,3.37,2.29
A02230,S1,2026-03-30 07:45:00,2026-03-30 10:22:00,2.29,2.61,0.75
A02230,S2,2026-03-30 12:17:00,2026-03-30 16:05:00,3.43,3.79,1.93
A02230,S3,2026-03-30 21:22:00,2026-03-31 03:12:00,5.72,5.83,5.29
A02230,S4,2026-03-31 11:50:00,2026-03-31 14:07:00,4.58,2.29,8.63
A02230,S5,2026-03-31 18:07:00,2026-03-31 19:50:00,1.72,1.72,4.0
A02231,S1,2026-03-31 07:51:00,2026-03-31 12:15:00,4.2,4.4,0.85
A02231,S2,2026-03-31 15:36:00,2026-03-31 22:23:00,6.3,6.78,3.35
A02231,S3,2026-04-01 00:41:00,2026-04-01 08:01:00,10.5,7.33,2.31
A02231,S4,2026-04-01 09:04:00,2026-04-01 21:09:00,8.4,12.08,1.06
A02231,S5,2026-04-01 22:37:00,2026-04-02 02:01:00,3.15,3.41,1.45
A02232,S1,2026-03-31 08:26:00,2026-03-31 10:18:00,1.79,1.86,1.44
A02232,S2,2026-03-31 12:22:00,2026-03-31 15:08:00,2.69,2.76,2.08
A02232,S3,2026-03-31 16:02:00,2026-03-31 21:31:00,4.48,5.48,0.9
A02232,S4,2026-04-01 08:33:00,2026-04-01 11:38:00,3.58,3.09,11.03
A02232,S5,2026-04-01 11:49:00,2026-04-01 13:06:00,1.34,1.28,0.18
A02233,S1,2026-03-31 07:38:00,2026-03-31 11:40:00,3.55,4.02,0.64
A02233,S2,2026-03-31 14:09:00,2026-03-31 20:58:00,5.33,6.81,2.49
A02233,S3,2026-04-01 08:22:00,2026-04-01 13:31:00,8.88,5.16,11.4
A02233,S4,2026-04-01 16:42:00,2026-04-02 05:37:00,7.1,12.92,3.17
A02233,S5,2026-04-02 05:59:00,2026-04-02 08:18:00,2.66,2.31,0.37
A02234,S1,2026-03-31 07:03:00,2026-03-31 09:15:00,2.14,2.2,0.05
A02234,S2,2026-03-31 13:36:00,2026-03-31 17:15:00,3.22,3.66,4.34
A02234,S3,2026-04-01 00:03:00,2026-04-01 04:31:00,5.36,4.46,6.8
A02234,S4,2026-04-01 07:59:00,2026-04-01 11:28:00,4.29,3.49,3.48
A02234,S5,2026-04-01 12:06:00,2026-04-01 13:57:00,1.61,1.85,0.63
A02235,S1,2026-04-01 08:55:00,2026-04-01 16:02:00,6.12,7.12,1.91
A02235,S2,2026-04-01 18:22:00,2026-04-02 05:11:00,9.18,10.81,2.34
A02235,S3,2026-04-02 06:53:00,2026-04-02 21:28:00,15.3,14.58,1.7
A02235,S4,2026-04-02 22:42:00,2026-04-03 19:22:00,12.24,20.68,1.22
A02235,S5,2026-04-03 22:47:00,2026-04-04 03:24:00,4.59,4.62,3.41
A02236,S1,2026-04-01 08:27:00,2026-04-01 11:37:00,2.86,3.17,1.44
A02236,S2,2026-04-01 12:03:00,2026-04-01 16:20:00,4.28,4.28,0.44
A02236,S3,2026-04-01 19:25:00,2026-04-02 01:08:00,7.14,5.71,3.08
A02236,S4,2026-04-02 01:27:00,2026-04-02 06:59:00,5.71,5.54,0.32
A02236,S5,2026-04-02 11:51:00,2026-04-02 14:03:00,2.14,2.2,4.87
A02237,S1,2026-04-01 08:00:00,2026-04-01 10:11:00,2.06,2.18,1.0
A02237,S2,2026-04-01 13:41:00,2026-04-01 17:19:00,3.1,3.64,3.5
A02237,S3,2026-04-01 20:15:00,2026-04-02 04:29:00,5.16,8.25,2.92
A02237,S4,2026-04-03 00:32:00,2026-04-03 03:36:00,4.13,3.07,20.04
A02237,S5,2026-04-03 09:47:00,2026-04-03 11:30:00,1.55,1.72,6.18
A02238,S1,2026-04-01 07:14:00,2026-04-01 09:44:00,2.16,2.49,0.24
A02238,S2,2026-04-01 13:23:00,2026-04-01 17:18:00,3.24,3.91,3.66
A02238,S3,2026-04-01 19:55:00,2026-04-02 00:56:00,5.4,5.03,2.61
A02238,S4,2026-04-02 03:44:00,2026-04-02 09:05:00,4.32,5.36,2.8
A02238,S5,2026-04-02 09:53:00,2026-04-02 11:38:00,1.62,1.76,0.79
A02239,S1,2026-04-01 08:32:00,2026-04-01 13:25:00,4.61,4.88,1.53
A02239,S2,2026-04-01 13:41:00,2026-04-01 20:23:00,6.91,6.7,0.26
A02239,S3,2026-04-01 20:24:00,2026-04-02 05:18:00,11.52,8.91,0.01
A02239,S4,2026-04-02 09:04:00,2026-04-02 21:23:00,9.22,12.3,3.78
A02239,S5,2026-04-02 23:09:00,2026-04-03 02:29:00,3.46,3.33,1.77
A02240,S1,2026-04-02 07:29:00,2026-04-02 09:28:00,1.89,1.98,0.49
A02240,S2,2026-04-02 15:26:00,2026-04-02 19:54:00,2.83,4.46,5.97
A02240,S3,2026-04-02 20:10:00,2026-04-03 00:53:00,4.72,4.72,0.26
A02240,S4,2026-04-03 05:34:00,2026-04-03 08:27:00,3.78,2.88,4.69
A02240,S5,2026-04-03 10:08:00,2026-04-03 11:38:00,1.42,1.5,1.68
A02241,S1,2026-04-02 07:38:00,2026-04-02 09:50:00,2.28,2.22,0.63
A02241,S2,2026-04-02 14:58:00,2026-04-02 19:27:00,3.42,4.49,5.12
A02241,S3,2026-04-02 20:55:00,2026-04-03 03:46:00,5.7,6.86,1.46
A02241,S4,2026-04-03 04:13:00,2026-04-03 06:21:00,4.56,2.14,0.45
A02241,S5,2026-04-03 13:15:00,2026-04-03 15:00:00,1.71,1.75,6.88
A02242,S1,2026-04-02 08:05:00,2026-04-02 12:45:00,4.42,4.67,1.09
A02242,S2,2026-04-02 17:47:00,2026-04-03 00:13:00,6.62,6.43,5.03
A02242,S3,2026-04-03 03:11:00,2026-04-03 20:43:00,11.04,17.53,2.97
A02242,S4,2026-04-03 21:40:00,2026-04-04 06:23:00,8.83,8.73,0.94
A02242,S5,2026-04-04 06:35:00,2026-04-04 09:33:00,3.31,2.97,0.19
A02243,S1,2026-04-02 09:30:00,2026-04-02 11:39:00,1.89,2.15,2.5
A02243,S2,2026-04-02 12:36:00,2026-04-02 15:07:00,2.83,2.51,0.95
A02243,S3,2026-04-02 16:17:00,2026-04-02 20:09:00,4.72,3.87,1.16
A02243,S4,2026-04-03 01:28:00,2026-04-03 08:18:00,3.78,6.83,5.32
A02243,S5,2026-04-03 08:37:00,2026-04-03 10:23:00,1.42,1.78,0.31
A02244,S1,2026-04-02 07:02:00,2026-04-02 10:46:00,3.26,3.75,0.03
A02244,S2,2026-04-02 11:26:00,2026-04-02 17:24:00,4.9,5.97,0.65
A02244,S3,2026-04-02 19:38:00,2026-04-03 02:32:00,8.16,6.9,2.24
A02244,S4,2026-04-04 15:09:00,2026-04-04 21:46:00,6.53,6.62,36.62
A02244,S5,2026-04-05 00:31:00,2026-04-05 03:16:00,2.45,2.76,2.74
A02245,S1,2026-04-03 07:23:00,2026-04-03 09:39:00,2.24,2.27,0.38
A02245,S2,2026-04-03 14:41:00,2026-04-03 17:22:00,3.36,2.69,5.02
A02245,S3,2026-04-03 20:45:00,2026-04-04 03:38:00,5.6,6.9,3.37
A02245,S4,2026-04-04 06:31:00,2026-04-04 14:17:00,4.48,7.76,2.88
A02245,S5,2026-04-04 14:23:00,2026-04-04 16:06:00,1.68,1.73,0.1
A02246,S1,2026-04-03 07:03:00,2026-04-03 09:30:00,2.37,2.46,0.05
A02246,S2,2026-04-03 10:02:00,2026-04-03 13:28:00,3.55,3.43,0.54
A02246,S3,2026-04-03 14:37:00,2026-04-03 20:42:00,5.92,6.08,1.15
A02246,S4,2026-04-04 12:38:00,2026-04-04 17:36:00,4.74,4.96,15.93
A02246,S5,2026-04-04 18:29:00,2026-04-04 20:23:00,1.78,1.9,0.89
A02247,S1,2026-04-03 07:19:00,2026-04-03 10:22:00,3.04,3.05,0.32
A02247,S2,2026-04-03 12:13:00,2026-04-03 17:34:00,4.56,5.36,1.84
A02247,S3,2026-04-03 19:54:00,2026-04-04 04:43:00,7.6,8.83,2.32
A02247,S4,2026-04-04 13:49:00,2026-04-04 18:21:00,6.08,4.54,9.1
A02247,S5,2026-04-04 23:40:00,2026-04-05 01:57:00,2.28,2.28,5.31
A02248,S1,2026-04-03 10:31:00,2026-04-03 14:07:00,3.49,3.61,3.51
A02248,S2,2026-04-03 17:31:00,2026-04-03 22:27:00,5.23,4.94,3.39
A02248,S3,2026-04-03 23:13:00,2026-04-04 08:03:00,8.72,8.84,0.78
A02248,S4,2026-04-04 13:09:00,2026-04-04 17:37:00,6.98,4.48,5.09
A02248,S5,2026-04-04 18:13:00,2026-04-04 21:20:00,2.62,3.12,0.59
A02249,S1,2026-04-03 07:36:00,2026-04-03 10:29:00,2.11,2.87,0.61
A02249,S2,2026-04-03 12:20:00,2026-04-03 15:37:00,3.17,3.29,1.86
A02249,S3,2026-04-03 16:45:00,2026-04-03 21:53:00,5.28,5.12,1.13
A02249,S4,2026-04-04 09:53:00,2026-04-04 13:47:00,4.22,3.91,12.0
A02249,S5,2026-04-04 16:00:00,2026-04-04 17:49:00,1.58,1.82,2.22
A02250,S1,2026-04-03 09:42:00,2026-04-03 14:04:00,4.6,4.37,2.7
A02250,S2,2026-04-03 16:16:00,2026-04-04 00:09:00,6.9,7.88,2.19
A02250,S3,2026-04-04 04:35:00,2026-04-04 17:39:00,11.5,13.07,4.44
A02250,S4,2026-04-04 22:31:00,2026-04-05 09:44:00,9.2,11.22,4.86
A02250,S5,2026-04-05 12:20:00,2026-04-05 15:42:00,3.45,3.38,2.59
A02251,S1,2026-04-04 07:47:00,2026-04-04 12:32:00,4.24,4.74,0.79
A02251,S2,2026-04-04 12:53:00,2026-04-04 20:05:00,6.36,7.21,0.35
A02251,S3,2026-04-04 21:18:00,2026-04-05 06:29:00,10.6,9.19,1.2
A02251,S4,2026-04-05 08:28:00,2026-04-05 15:13:00,8.48,6.75,1.99
A02251,S5,2026-04-05 18:35:00,2026-04-05 22:15:00,3.18,3.67,3.37
A02252,S1,2026-04-04 07:34:00,2026-04-04 10:26:00,2.64,2.87,0.57
A02252,S2,2026-04-04 14:09:00,2026-04-04 19:06:00,3.96,4.95,3.72
A02252,S3,2026-04-04 21:11:00,2026-04-05 04:12:00,6.6,7.01,2.09
A02252,S4,2026-04-05 07:56:00,2026-04-05 11:50:00,5.28,3.91,3.73
A02252,S5,2026-04-05 12:37:00,2026-04-05 14:30:00,1.98,1.89,0.77
A02253,S1,2026-04-04 10:07:00,2026-04-04 15:36:00,5.36,5.48,3.12
A02253,S2,2026-04-04 16:56:00,2026-04-05 03:58:00,8.04,11.03,1.33
A02253,S3,2026-04-05 04:51:00,2026-04-05 15:50:00,13.4,10.98,0.88
A02253,S4,2026-04-06 10:34:00,2026-04-06 21:34:00,10.72,10.99,18.74
A02253,S5,2026-04-06 23:48:00,2026-04-07 04:18:00,4.02,4.5,2.24
A02254,S1,2026-04-05 10:45:00,2026-04-05 15:11:00,3.58,4.43,3.76
A02254,S2,2026-04-05 16:55:00,2026-04-05 22:36:00,5.36,5.69,1.73
A02254,S3,2026-04-06 00:17:00,2026-04-06 13:57:00,8.94,13.67,1.68
A02254,S4,2026-04-06 20:52:00,2026-04-07 03:21:00,7.15,6.49,6.91
A02254,S5,2026-04-07 04:03:00,2026-04-07 06:24:00,2.68,2.36,0.69
A02255,S1,2026-04-05 10:47:00,2026-04-05 14:18:00,2.95,3.5,3.79
A02255,S2,2026-04-05 17:18:00,2026-04-05 22:26:00,4.43,5.14,3.0
A02255,S3,2026-04-06 00:22:00,2026-04-06 09:03:00,7.38,8.67,1.93
A02255,S4,2026-04-06 09:44:00,2026-04-06 15:32:00,5.9,5.8,0.68
A02255,S5,2026-04-06 16:12:00,2026-04-06 18:16:00,2.21,2.06,0.67
A02256,S1,2026-04-06 07:18:00,2026-04-06 10:09:00,3.04,2.84,0.31
A02256,S2,2026-04-06 12:09:00,2026-04-06 17:10:00,4.56,5.02,2.01
A02256,S3,2026-04-06 17:18:00,2026-04-07 01:29:00,7.6,8.18,0.14
A02256,S4,2026-04-07 08:53:00,2026-04-07 12:57:00,6.08,4.06,7.4
A02256,S5,2026-04-07 13:39:00,2026-04-07 15:41:00,2.28,2.02,0.7
A02257,S1,2026-04-06 07:08:00,2026-04-06 12:24:00,3.58,5.25,0.14
A02257,S2,2026-04-06 17:46:00,2026-04-06 23:42:00,5.36,5.93,5.38
A02257,S3,2026-04-07 01:56:00,2026-04-07 10:46:00,8.94,8.82,2.24
A02257,S4,2026-04-07 18:17:00,2026-04-08 02:34:00,7.15,8.28,7.52
A02257,S5,2026-04-08 07:07:00,2026-04-08 10:00:00,2.68,2.88,4.55
A02258,S1,2026-04-06 07:18:00,2026-04-06 09:36:00,2.36,2.3,0.29
A02258,S2,2026-04-06 12:32:00,2026-04-06 16:18:00,3.54,3.76,2.94
A02258,S3,2026-04-06 16:57:00,2026-04-06 21:45:00,5.9,4.8,0.65
A02258,S4,2026-04-07 17:26:00,2026-04-07 21:29:00,4.72,4.05,19.69
A02258,S5,2026-04-07 21:34:00,2026-04-07 23:35:00,1.77,2.0,0.09
A02259,S1,2026-04-06 07:44:00,2026-04-06 10:19:00,2.34,2.59,0.73
A02259,S2,2026-04-06 11:24:00,2026-04-06 16:51:00,3.5,5.45,1.08
A02259,S3,2026-04-06 18:00:00,2026-04-06 22:47:00,5.84,4.79,1.15
A02259,S4,2026-04-06 23:47:00,2026-04-07 03:19:00,4.67,3.53,1.0
A02259,S5,2026-04-07 05:45:00,2026-04-07 07:42:00,1.75,1.94,2.43
A02260,S1,2026-04-06 07:12:00,2026-04-06 12:04:00,4.88,4.87,0.2
A02260,S2,2026-04-06 13:28:00,2026-04-06 19:26:00,7.32,5.98,1.39
A02260,S3,2026-04-06 22:09:00,2026-04-07 08:53:00,12.2,10.74,2.71
A02260,S4,2026-04-07 10:03:00,2026-04-07 17:12:00,9.76,7.14,1.16
A02260,S5,2026-04-07 17:41:00,2026-04-07 20:57:00,3.66,3.27,0.49
A02261,S1,2026-04-07 07:40:00,2026-04-07 11:44:00,3.74,4.06,0.67
A02261,S2,2026-04-07 15:31:00,2026-04-07 23:19:00,5.62,7.8,3.79
A02261,S3,2026-04-07 23:26:00,2026-04-08 08:53:00,9.36,9.44,0.12
A02261,S4,2026-04-09 17:14:00,2026-04-09 23:43:00,7.49,6.49,32.35
A02261,S5,2026-04-10 00:16:00,2026-04-10 03:22:00,2.81,3.09,0.55
A02262,S1,2026-04-07 08:29:00,2026-04-07 14:25:00,5.48,5.93,1.49
A02262,S2,2026-04-07 14:45:00,2026-04-07 22:34:00,8.22,7.82,0.33
A02262,S3,2026-04-08 01:42:00,2026-04-08 21:34:00,13.7,19.87,3.13
A02262,S4,2026-04-09 07:50:00,2026-04-09 22:58:00,10.96,15.14,10.27
A02262,S5,2026-04-09 23:34:00,2026-04-10 03:43:00,4.11,4.15,0.6
A02263,S1,2026-04-07 07:54:00,2026-04-07 11:27:00,3.31,3.55,0.89
A02263,S2,2026-04-07 11:35:00,2026-04-07 16:47:00,4.97,5.19,0.14
A02263,S3,2026-04-07 23:30:00,2026-04-08 08:18:00,8.28,8.81,6.71
A02263,S4,2026-04-08 09:57:00,2026-04-08 20:57:00,6.62,10.99,1.66
A02263,S5,2026-04-08 21:02:00,2026-04-08 23:34:00,2.48,2.52,0.09
A02264,S1,2026-04-07 08:03:00,2026-04-07 13:19:00,4.86,5.26,1.05
A02264,S2,2026-04-07 15:51:00,2026-04-08 02:37:00,7.3,10.77,2.53
A02264,S3,2026-04-08 02:46:00,2026-04-08 17:20:00,12.16,14.56,0.15
A02264,S4,2026-04-09 09:51:00,2026-04-09 18:57:00,9.73,9.11,16.51
A02264,S5,2026-04-09 19:52:00,2026-04-09 23:49:00,3.65,3.94,0.91
A02265,S1,2026-04-08 08:56:00,2026-04-08 12:30:00,3.67,3.57,1.93
A02265,S2,2026-04-08 13:21:00,2026-04-08 18:14:00,5.51,4.88,0.85
A02265,S3,2026-04-09 01:26:00,2026-04-09 12:30:00,9.18,11.06,7.21
A02265,S4,2026-04-09 18:45:00,2026-04-09 21:13:00,7.34,2.47,6.24
A02265,S5,2026-04-09 22:10:00,2026-04-10 00:55:00,2.75,2.75,0.94
A02266,S1,2026-04-08 09:49:00,2026-04-08 12:17:00,2.43,2.45,2.82
A02266,S2,2026-04-08 15:48:00,2026-04-08 20:13:00,3.65,4.42,3.52
A02266,S3,2026-04-08 22:40:00,2026-04-09 04:25:00,6.08,5.76,2.44
A02266,S4,2026-04-09 17:53:00,2026-04-09 22:44:00,4.86,4.86,13.46
A02266,S5,2026-04-09 23:07:00,2026-04-10 00:56:00,1.82,1.83,0.37
A02267,S1,2026-04-08 07:50:00,2026-04-08 12:33:00,4.76,4.72,0.83
A02267,S2,2026-04-08 19:36:00,2026-04-09 01:02:00,7.14,5.43,7.06
A02267,S3,2026-04-09 06:54:00,2026-04-09 18:25:00,11.9,11.52,5.86
A02267,S4,2026-04-09 21:57:00,2026-04-10 07:10:00,9.52,9.21,3.54
A02267,S5,2026-04-10 07:25:00,2026-04-10 11:48:00,3.57,4.37,0.25
A02268,S1,2026-04-08 09:09:00,2026-04-08 11:59:00,2.84,2.84,2.15
A02268,S2,2026-04-08 13:18:00,2026-04-08 18:29:00,4.26,5.17,1.32
A02268,S3,2026-04-08 18:48:00,2026-04-09 03:49:00,7.1,9.01,0.32
A02268,S4,2026-04-09 05:38:00,2026-04-09 10:03:00,5.68,4.41,1.82
A02268,S5,2026-04-09 10:19:00,2026-04-09 12:53:00,2.13,2.56,0.27
A02269,S1,2026-04-08 07:12:00,2026-04-08 10:19:00,2.68,3.12,0.2
A02269,S2,2026-04-08 11:24:00,2026-04-08 15:54:00,4.02,4.49,1.08
A02269,S3,2026-04-08 16:58:00,2026-04-08 23:55:00,6.7,6.95,1.07
A02269,S4,2026-04-09 01:42:00,2026-04-09 06:59:00,5.36,5.3,1.78
A02269,S5,2026-04-09 09:24:00,2026-04-09 11:22:00,2.01,1.97,2.41
A02270,S1,2026-04-08 07:03:00,2026-04-08 09:03:00,2.13,2.0,0.05
A02270,S2,2026-04-08 09:07:00,2026-04-08 11:15:00,3.19,2.13,0.07
A02270,S3,2026-04-08 14:11:00,2026-04-08 20:34:00,5.32,6.39,2.93
A02270,S4,2026-04-08 23:16:00,2026-04-09 04:32:00,4.26,5.28,2.7
A02270,S5,2026-04-09 12:58:00,2026-04-09 14:35:00,1.6,1.61,8.42
A02271,S1,2026-04-09 07:09:00,2026-04-09 09:57:00,2.57,2.79,0.16
A02271,S2,2026-04-09 14:21:00,2026-04-09 18:54:00,3.85,4.56,4.4
A02271,S3,2026-04-09 19:36:00,2026-04-10 00:26:00,6.42,4.84,0.69
A02271,S4,2026-04-12 18:44:00,2026-04-12 22:31:00,5.14,3.78,66.3
A02271,S5,2026-04-12 23:07:00,2026-04-13 01:24:00,1.93,2.28,0.61
A02272,S1,2026-04-09 07:20:00,2026-04-09 10:40:00,3.52,3.33,0.34
A02272,S2,2026-04-09 11:10:00,2026-04-09 16:56:00,5.28,5.78,0.49
A02272,S3,2026-04-09 19:22:00,2026-04-10 04:30:00,8.8,9.13,2.43
A02272,S4,2026-04-10 17:29:00,2026-04-11 02:23:00,7.04,8.9,12.99
A02272,S5,2026-04-11 04:02:00,2026-04-11 06:45:00,2.64,2.72,1.66
A02273,S1,2026-04-09 11:44:00,2026-04-09 15:55:00,3.74,4.18,4.73
A02273,S2,2026-04-09 16:25:00,2026-04-09 21:51:00,5.62,5.44,0.5
A02273,S3,2026-04-10 03:59:00,2026-04-10 11:44:00,9.36,7.75,6.13
A02273,S4,2026-04-10 12:39:00,2026-04-10 19:00:00,7.49,6.35,0.92
A02273,S5,2026-04-10 21:35:00,2026-04-11 00:36:00,2.81,3.02,2.58
A02274,S1,2026-04-09 08:15:00,2026-04-09 11:11:00,2.71,2.93,1.25
A02274,S2,2026-04-09 12:02:00,2026-04-09 16:15:00,4.07,4.22,0.85
A02274,S3,2026-04-09 22:32:00,2026-04-10 06:25:00,6.78,7.89,6.28
A02274,S4,2026-04-10 08:58:00,2026-04-10 14:23:00,5.42,5.41,2.55
A02274,S5,2026-04-10 14:23:00,2026-04-10 16:28:00,2.03,2.07,0.01
A02275,S1,2026-04-09 08:36:00,2026-04-09 11:42:00,3.19,3.12,1.59
A02275,S2,2026-04-09 14:27:00,2026-04-09 20:00:00,4.79,5.56,2.74
A02275,S3,2026-04-09 22:20:00,2026-04-10 04:35:00,7.98,6.26,2.32
A02275,S4,2026-04-10 05:25:00,2026-04-10 11:29:00,6.38,6.07,0.84
A02275,S5,2026-04-10 12:05:00,2026-04-10 14:25:00,2.39,2.34,0.59
A02276,S1,2026-04-09 07:17:00,2026-04-09 10:04:00,2.52,2.79,0.28
A02276,S2,2026-04-09 10:19:00,2026-04-09 14:08:00,3.78,3.83,0.24
A02276,S3,2026-04-09 14:10:00,2026-04-09 20:47:00,6.3,6.63,0.02
A02276,S4,2026-04-10 12:15:00,2026-04-11 04:00:00,5.04,15.74,15.46
A02276,S5,2026-04-11 04:25:00,2026-04-11 06:16:00,1.89,1.85,0.42
A02277,S1,2026-04-09 07:27:00,2026-04-09 11:28:00,3.71,4.02,0.45
A02277,S2,2026-04-09 16:12:00,2026-04-09 23:31:00,5.57,7.31,4.73
A02277,S3,2026-04-10 01:54:00,2026-04-10 11:25:00,9.28,9.53,2.39
A02277,S4,2026-04-10 15:09:00,2026-04-11 00:13:00,7.42,9.07,3.73
A02277,S5,2026-04-11 00:30:00,2026-04-11 03:41:00,2.78,3.2,0.27
A02278,S1,2026-04-10 07:30:00,2026-04-10 12:00:00,4.77,4.5,0.49
A02278,S2,2026-04-10 13:05:00,2026-04-10 18:43:00,7.15,5.64,1.09
A02278,S3,2026-04-10 22:57:00,2026-04-11 11:46:00,11.92,12.82,4.22
A02278,S4,2026-04-12 02:08:00,2026-04-12 19:56:00,9.54,17.81,14.37
A02278,S5,2026-04-12 21:13:00,2026-04-13 00:52:00,3.58,3.66,1.28
A02279,S1,2026-04-10 08:57:00,2026-04-10 13:03:00,3.29,4.1,1.95
A02279,S2,2026-04-10 13:31:00,2026-04-10 17:57:00,4.93,4.42,0.47
A02279,S3,2026-04-10 19:47:00,2026-04-11 05:12:00,8.22,9.42,1.83
A02279,S4,2026-04-11 09:57:00,2026-04-11 18:03:00,6.58,8.1,4.75
A02279,S5,2026-04-11 22:21:00,2026-04-12 00:37:00,2.47,2.25,4.31
A02280,S1,2026-04-10 07:38:00,2026-04-10 12:27:00,4.72,4.82,0.64
A02280,S2,2026-04-10 12:41:00,2026-04-10 20:44:00,7.08,8.05,0.22
A02280,S3,2026-04-10 22:25:00,2026-04-11 11:35:00,11.8,13.17,1.69
A02280,S4,2026-04-11 22:25:00,2026-04-12 07:38:00,9.44,9.21,10.83
A02280,S5,2026-04-12 13:19:00,2026-04-12 16:56:00,3.54,3.63,5.68
A02281,S1,2026-04-10 08:01:00,2026-04-10 12:07:00,3.79,4.1,1.02
A02281,S2,2026-04-10 12:38:00,2026-04-10 18:19:00,5.69,5.68,0.52
A02281,S3,2026-04-10 19:57:00,2026-04-11 05:13:00,9.48,9.28,1.62
A02281,S4,2026-04-11 14:03:00,2026-04-11 23:24:00,7.58,9.36,8.82
A02281,S5,2026-04-12 00:43:00,2026-04-12 03:50:00,2.84,3.11,1.31
A02282,S1,2026-04-10 07:17:00,2026-04-10 10:25:00,3.67,3.14,0.28
A02282,S2,2026-04-10 13:11:00,2026-04-10 19:12:00,5.51,6.03,2.76
A02282,S3,2026-04-10 20:15:00,2026-04-11 04:49:00,9.18,8.56,1.05
A02282,S4,2026-04-11 18:35:00,2026-04-12 03:12:00,7.34,8.62,13.76
A02282,S5,2026-04-12 03:33:00,2026-04-12 06:51:00,2.75,3.29,0.35
A02283,S1,2026-04-11 09:21:00,2026-04-11 11:56:00,2.7,2.59,2.34
A02283,S2,2026-04-11 12:36:00,2026-04-11 17:32:00,4.05,4.92,0.68
A02283,S3,2026-04-11 17:59:00,2026-04-12 04:00:00,6.75,10.02,0.46
A02283,S4,2026-04-12 06:18:00,2026-04-12 09:35:00,5.4,3.29,2.29
A02283,S5,2026-04-12 12:24:00,2026-04-12 15:15:00,2.03,2.84,2.82
A02284,S1,2026-04-11 09:38:00,2026-04-11 11:36:00,1.95,1.95,2.64
A02284,S2,2026-04-11 11:49:00,2026-04-11 15:07:00,2.93,3.3,0.23
A02284,S3,2026-04-11 19:25:00,2026-04-12 01:40:00,4.88,6.25,4.3
A02284,S4,2026-04-12 06:46:00,2026-04-12 09:47:00,3.9,3.02,5.1
A02284,S5,2026-04-12 10:54:00,2026-04-12 12:36:00,1.46,1.7,1.11
A02285,S1,2026-04-11 12:42:00,2026-04-11 16:23:00,3.58,3.69,5.7
A02285,S2,2026-04-11 20:00:00,2026-04-12 01:15:00,5.38,5.24,3.62
A02285,S3,2026-04-12 04:00:00,2026-04-12 11:00:00,8.96,7.0,2.75
A02285,S4,2026-04-12 11:17:00,2026-04-12 20:10:00,7.17,8.88,0.28
A02285,S5,2026-04-12 23:11:00,2026-04-13 02:01:00,2.69,2.83,3.03
A02286,S1,2026-04-12 07:42:00,2026-04-12 12:10:00,4.54,4.48,0.69
A02286,S2,2026-04-12 12:26:00,2026-04-12 18:42:00,6.82,6.26,0.27
A02286,S3,2026-04-13 01:57:00,2026-04-13 15:13:00,11.36,13.27,7.24
A02286,S4,2026-04-13 18:37:00,2026-04-14 00:13:00,9.09,5.61,3.4
A02286,S5,2026-04-14 00:21:00,2026-04-14 03:43:00,3.41,3.38,0.13
A02287,S1,2026-04-12 07:06:00,2026-04-12 12:49:00,4.74,5.72,0.1
A02287,S2,2026-04-12 14:58:00,2026-04-12 22:40:00,7.1,7.7,2.15
A02287,S3,2026-04-13 00:18:00,2026-04-13 11:15:00,11.84,10.95,1.63
A02287,S4,2026-04-13 11:58:00,2026-04-14 03:00:00,9.47,15.03,0.7
A02287,S5,2026-04-14 05:14:00,2026-04-14 09:28:00,3.55,4.23,2.24
A02288,S1,2026-04-12 07:04:00,2026-04-12 10:28:00,2.62,3.4,0.07
A02288,S2,2026-04-12 11:15:00,2026-04-12 15:08:00,3.92,3.89,0.77
A02288,S3,2026-04-12 17:00:00,2026-04-12 22:51:00,6.54,5.85,1.86
A02288,S4,2026-04-13 02:04:00,2026-04-13 07:24:00,5.23,5.33,3.22
A02288,S5,2026-04-13 08:12:00,2026-04-13 10:32:00,1.96,2.35,0.79
A02289,S1,2026-04-12 07:26:00,2026-04-12 10:43:00,3.5,3.28,0.44
A02289,S2,2026-04-12 11:51:00,2026-04-12 15:49:00,5.26,3.96,1.13
A02289,S3,2026-04-12 16:14:00,2026-04-12 23:10:00,8.76,6.94,0.42
A02289,S4,2026-04-13 00:34:00,2026-04-13 12:38:00,7.01,12.08,1.39
A02289,S5,2026-04-13 14:43:00,2026-04-13 17:31:00,2.63,2.8,2.08
A02290,S1,2026-04-12 07:20:00,2026-04-12 10:26:00,3.43,3.09,0.33
A02290,S2,2026-04-12 10:54:00,2026-04-12 16:39:00,5.15,5.77,0.47
A02290,S3,2026-04-12 18:52:00,2026-04-13 01:54:00,8.58,7.03,2.21
A02290,S4,2026-04-13 04:50:00,2026-04-13 13:07:00,6.86,8.28,2.94
A02290,S5,2026-04-13 16:09:00,2026-04-13 18:17:00,2.57,2.14,3.04
A02291,S1,2026-04-13 07:07:00,2026-04-13 11:39:00,4.36,4.52,0.12
A02291,S2,2026-04-13 17:28:00,2026-04-14 00:46:00,6.54,7.3,5.81
A02291,S3,2026-04-14 02:44:00,2026-04-14 14:31:00,10.9,11.77,1.97
A02291,S4,2026-04-15 02:21:00,2026-04-15 08:53:00,8.72,6.54,11.83
A02291,S5,2026-04-15 09:26:00,2026-04-15 12:30:00,3.27,3.05,0.55
A02292,S1,2026-04-13 07:13:00,2026-04-13 12:53:00,5.52,5.66,0.22
A02292,S2,2026-04-13 15:35:00,2026-04-14 01:44:00,8.28,10.15,2.7
A02292,S3,2026-04-14 11:36:00,2026-04-15 00:33:00,13.8,12.96,9.87
A02292,S4,2026-04-16 05:54:00,2026-04-17 00:16:00,11.04,18.37,29.34
A02292,S5,2026-04-17 01:54:00,2026-04-17 05:49:00,4.14,3.91,1.63
A02293,S1,2026-04-13 07:11:00,2026-04-13 13:15:00,6.32,6.07,0.18
A02293,S2,2026-04-13 15:29:00,2026-04-14 01:24:00,9.48,9.92,2.23
A02293,S3,2026-04-14 03:03:00,2026-04-14 20:53:00,15.8,17.83,1.66
A02293,S4,2026-04-15 04:29:00,2026-04-15 15:01:00,12.64,10.54,7.6
A02293,S5,2026-04-15 22:16:00,2026-04-16 03:26:00,4.74,5.16,7.26
A02294,S1,2026-04-13 07:03:00,2026-04-13 12:58:00,5.52,5.91,0.06
A02294,S2,2026-04-13 14:09:00,2026-04-13 23:43:00,8.28,9.56,1.19
A02294,S3,2026-04-14 13:08:00,2026-04-15 02:28:00,13.8,13.34,13.42
A02294,S4,2026-04-15 04:47:00,2026-04-15 14:31:00,11.04,9.74,2.3
A02294,S5,2026-04-15 14:33:00,2026-04-15 18:24:00,4.14,3.84,0.04
A02295,S1,2026-04-13 08:02:00,2026-04-13 13:13:00,5.0,5.19,1.03
A02295,S2,2026-04-13 15:13:00,2026-04-13 21:30:00,7.5,6.29,1.99
A02295,S3,2026-04-14 00:34:00,2026-04-14 10:49:00,12.5,10.24,3.07
A02295,S4,2026-04-14 16:21:00,2026-04-14 22:54:00,10.0,6.56,5.53
A02295,S5,2026-04-14 23:43:00,2026-04-15 03:26:00,3.75,3.72,0.8
A02296,S1,2026-04-14 07:07:00,2026-04-14 10:51:00,3.97,3.73,0.12
A02296,S2,2026-04-14 14:17:00,2026-04-14 22:17:00,5.95,8.0,3.43
A02296,S3,2026-04-15 00:46:00,2026-04-15 08:47:00,9.92,8.02,2.48
A02296,S4,2026-04-15 21:19:00,2026-04-16 05:59:00,7.94,8.67,12.53
A02296,S5,2026-04-16 06:24:00,2026-04-16 10:26:00,2.98,4.03,0.43
A02297,S1,2026-04-14 08:15:00,2026-04-14 10:27:00,2.22,2.2,1.25
A02297,S2,2026-04-14 11:14:00,2026-04-14 15:32:00,3.34,4.32,0.77
A02297,S3,2026-04-15 00:23:00,2026-04-15 05:59:00,5.56,5.59,8.85
A02297,S4,2026-04-15 06:49:00,2026-04-15 13:57:00,4.45,7.14,0.83
A02297,S5,2026-04-15 15:57:00,2026-04-15 17:40:00,1.67,1.72,2.0
A02298,S1,2026-04-14 07:54:00,2026-04-14 11:47:00,4.44,3.89,0.9
A02298,S2,2026-04-14 15:52:00,2026-04-14 22:19:00,6.66,6.46,4.07
A02298,S3,2026-04-15 00:31:00,2026-04-15 16:00:00,11.1,15.48,2.19
A02298,S4,2026-04-16 14:04:00,2026-04-17 05:08:00,8.88,15.08,22.07
A02298,S5,2026-04-17 05:19:00,2026-04-17 08:38:00,3.33,3.31,0.18
A02299,S1,2026-04-14 12:28:00,2026-04-14 16:27:00,3.65,3.98,5.46
A02299,S2,2026-04-14 17:43:00,2026-04-14 23:50:00,5.47,6.12,1.27
A02299,S3,2026-04-15 07:48:00,2026-04-15 16:00:00,9.12,8.2,7.96
A02299,S4,2026-04-15 20:52:00,2026-04-16 01:44:00,7.3,4.87,4.86
A02299,S5,2026-04-16 02:49:00,2026-04-16 05:29:00,2.74,2.67,1.08
A02300,S1,2026-04-14 08:03:00,2026-04-14 12:20:00,3.65,4.28,1.06
A02300,S2,2026-04-14 12:53:00,2026-04-14 20:06:00,5.47,7.21,0.55
A02300,S3,2026-04-15 07:51:00,2026-04-15 17:34:00,9.12,9.72,11.76
A02300,S4,2026-04-15 19:23:00,2026-04-16 04:54:00,7.3,9.51,1.82
A02300,S5,2026-04-16 06:39:00,2026-04-16 09:47:00,2.74,3.13,1.76
A02301,S1,2026-04-14 09:39:00,2026-04-14 14:48:00,4.6,5.14,2.66
A02301,S2,2026-04-14 16:09:00,2026-04-14 23:56:00,6.9,7.77,1.36
A02301,S3,2026-04-15 00:52:00,2026-04-15 11:59:00,11.5,11.13,0.93
A02301,S4,2026-04-15 18:54:00,2026-04-16 02:43:00,9.2,7.83,6.9
A02301,S5,2026-04-16 03:49:00,2026-04-16 07:24:00,3.45,3.59,1.09
A02302,S1,2026-04-15 07:05:00,2026-04-15 11:24:00,4.03,4.31,0.09
A02302,S2,2026-04-15 15:33:00,2026-04-15 21:59:00,6.05,6.42,4.15
A02302,S3,2026-04-16 01:45:00,2026-04-16 14:09:00,10.08,12.38,3.78
A02302,S4,2026-04-16 22:44:00,2026-04-17 08:24:00,8.06,9.67,8.58
A02302,S5,2026-04-17 09:54:00,2026-04-17 13:18:00,3.02,3.41,1.5
A02303,S1,2026-04-15 07:42:00,2026-04-15 10:25:00,2.9,2.72,0.7
A02303,S2,2026-04-15 11:19:00,2026-04-15 15:34:00,4.35,4.25,0.89
A02303,S3,2026-04-15 16:32:00,2026-04-15 23:14:00,7.25,6.7,0.96
A02303,S4,2026-04-16 02:05:00,2026-04-16 09:01:00,5.8,6.93,2.86
A02303,S5,2026-04-16 09:54:00,2026-04-16 12:23:00,2.17,2.48,0.89
A02304,S1,2026-04-15 08:26:00,2026-04-15 12:24:00,3.55,3.97,1.43
A02304,S2,2026-04-15 16:46:00,2026-04-15 21:31:00,5.33,4.75,4.37
A02304,S3,2026-04-15 21:51:00,2026-04-16 13:34:00,8.88,15.71,0.34
A02304,S4,2026-04-17 02:00:00,2026-04-17 13:15:00,7.1,11.25,12.43
A02304,S5,2026-04-17 13:20:00,2026-04-17 15:51:00,2.66,2.51,0.08
A02305,S1,2026-04-15 07:14:00,2026-04-15 13:57:00,6.08,6.71,0.24
A02305,S2,2026-04-15 16:28:00,2026-04-16 03:18:00,9.12,10.83,2.52
A02305,S3,2026-04-16 04:01:00,2026-04-16 16:00:00,15.2,11.98,0.72
A02305,S4,2026-04-16 19:21:00,2026-04-17 01:06:00,12.16,5.75,3.35
A02305,S5,2026-04-17 05:09:00,2026-04-17 09:56:00,4.56,4.79,4.05
A02306,S1,2026-04-15 08:11:00,2026-04-15 11:01:00,2.86,2.82,1.19
A02306,S2,2026-04-15 15:07:00,2026-04-15 19:23:00,4.29,4.27,4.1
A02306,S3,2026-04-16 01:02:00,2026-04-16 07:45:00,7.15,6.71,5.65
A02306,S4,2026-04-17 04:20:00,2026-04-17 07:27:00,5.72,3.11,20.59
A02306,S5,2026-04-17 07:51:00,2026-04-17 10:08:00,2.14,2.28,0.4
A02307,S1,2026-04-15 08:01:00,2026-04-15 11:34:00,3.31,3.54,1.02
A02307,S2,2026-04-15 11:49:00,2026-04-15 17:27:00,4.97,5.63,0.25
A02307,S3,2026-04-15 19:25:00,2026-04-16 04:34:00,8.28,9.16,1.98
A02307,S4,2026-04-16 07:22:00,2026-04-16 15:28:00,6.62,8.1,2.79
A02307,S5,2026-04-16 18:39:00,2026-04-16 20:48:00,2.48,2.15,3.18
A02308,S1,2026-04-16 07:02:00,2026-04-16 08:42:00,1.73,1.66,0.03
A02308,S2,2026-04-16 10:55:00,2026-04-16 13:19:00,2.59,2.39,2.23
A02308,S3,2026-04-16 13:38:00,2026-04-16 17:34:00,4.32,3.94,0.32
A02308,S4,2026-04-16 19:26:00,2026-04-16 21:39:00,3.46,2.22,1.86
A02308,S5,2026-04-17 03:20:00,2026-04-17 04:52:00,1.3,1.54,5.68
A02309,S1,2026-04-16 07:03:00,2026-04-16 11:19:00,3.81,4.26,0.05
A02309,S2,2026-04-16 12:20:00,2026-04-16 20:07:00,5.71,7.78,1.02
A02309,S3,2026-04-16 20:19:00,2026-04-17 08:12:00,9.52,11.89,0.2
A02309,S4,2026-04-17 09:13:00,2026-04-17 14:37:00,7.62,5.41,1.01
A02309,S5,2026-04-17 14:44:00,2026-04-17 18:32:00,2.86,3.81,0.11
A02310,S1,2026-04-16 07:10:00,2026-04-16 09:34:00,2.36,2.41,0.17
A02310,S2,2026-04-16 10:20:00,2026-04-16 13:24:00,3.54,3.07,0.76
A02310,S3,2026-04-16 14:55:00,2026-04-16 21:04:00,5.9,6.15,1.51
A02310,S4,2026-04-17 11:39:00,2026-04-17 15:24:00,4.72,3.74,14.59
A02310,S5,2026-04-17 15:31:00,2026-04-17 17:07:00,1.77,1.6,0.12
A02311,S1,2026-04-16 07:56:00,2026-04-16 11:15:00,2.76,3.3,0.94
A02311,S2,2026-04-16 15:03:00,2026-04-16 18:41:00,4.14,3.65,3.8
A02311,S3,2026-04-16 21:12:00,2026-04-17 03:16:00,6.9,6.07,2.51
A02311,S4,2026-04-17 03:38:00,2026-04-17 11:48:00,5.52,8.17,0.35
A02311,S5,2026-04-17 15:38:00,2026-04-17 17:43:00,2.07,2.09,3.83
A02312,S1,2026-04-16 07:27:00,2026-04-16 09:48:00,2.38,2.36,0.45
A02312,S2,2026-04-16 10:24:00,2026-04-16 14:39:00,3.57,4.25,0.6
A02312,S3,2026-04-16 15:31:00,2026-04-16 21:59:00,5.95,6.47,0.87
A02312,S4,2026-04-16 22:01:00,2026-04-17 03:31:00,4.76,5.51,0.02
A02312,S5,2026-04-17 05:46:00,2026-04-17 07:37:00,1.78,1.85,2.25
A02313,S1,2026-04-17 10:06:00,2026-04-17 12:43:00,2.34,2.61,3.11
A02313,S2,2026-04-17 13:25:00,2026-04-17 16:53:00,3.51,3.46,0.71
A02313,S3,2026-04-17 18:56:00,2026-04-18 02:05:00,5.85,7.16,2.04
A02313,S4,2026-04-18 02:37:00,2026-04-18 07:33:00,4.68,4.93,0.53
A02313,S5,2026-04-18 10:38:00,2026-04-18 12:25:00,1.76,1.79,3.08
A02314,S1,2026-04-17 07:06:00,2026-04-17 09:51:00,3.06,2.75,0.1
A02314,S2,2026-04-17 12:34:00,2026-04-17 17:35:00,4.59,5.01,2.71
A02314,S3,2026-04-17 19:54:00,2026-04-18 01:41:00,7.65,5.77,2.33
A02314,S4,2026-04-18 04:15:00,2026-04-18 15:07:00,6.12,10.88,2.57
A02314,S5,2026-04-18 16:41:00,2026-04-18 19:07:00,2.3,2.42,1.57
A02315,S1,2026-04-17 07:07:00,2026-04-17 09:41:00,2.52,2.57,0.12
A02315,S2,2026-04-17 11:07:00,2026-04-17 15:07:00,3.78,4.0,1.44
A02315,S3,2026-04-17 15:18:00,2026-04-17 21:59:00,6.3,6.69,0.18
A02315,S4,2026-04-18 08:18:00,2026-04-18 14:34:00,5.04,6.26,10.31
A02315,S5,2026-04-18 16:25:00,2026-04-18 18:17:00,1.89,1.87,1.87
A02316,S1,2026-04-17 07:22:00,2026-04-17 12:42:00,4.51,5.33,0.37
A02316,S2,2026-04-17 19:02:00,2026-04-18 02:42:00,6.77,7.67,6.34
A02316,S3,2026-04-18 06:29:00,2026-04-18 21:27:00,11.28,14.98,3.77
A02316,S4,2026-04-19 12:31:00,2026-04-19 20:05:00,9.02,7.58,15.06
A02316,S5,2026-04-20 01:42:00,2026-04-20 05:34:00,3.38,3.86,5.61
A02317,S1,2026-04-17 07:09:00,2026-04-17 11:09:00,3.62,4.0,0.14
A02317,S2,2026-04-17 11:27:00,2026-04-17 17:16:00,5.44,5.81,0.31
A02317,S3,2026-04-17 17:28:00,2026-04-18 06:31:00,9.06,13.06,0.2
A02317,S4,2026-04-18 17:21:00,2026-04-19 01:39:00,7.25,8.3,10.83
A02317,S5,2026-04-19 02:45:00,2026-04-19 05:23:00,2.72,2.64,1.09
A02318,S1,2026-04-17 09:36:00,2026-04-17 13:32:00,4.4,3.94,2.6
A02318,S2,2026-04-17 15:06:00,2026-04-17 22:31:00,6.6,7.42,1.56
A02318,S3,2026-04-18 00:36:00,2026-04-18 16:23:00,11.0,15.79,2.08
A02318,S4,2026-04-19 02:33:00,2026-04-19 12:41:00,8.8,10.12,10.17
A02318,S5,2026-04-19 17:33:00,2026-04-19 21:04:00,3.3,3.51,4.88
A02319,S1,2026-04-18 07:30:00,2026-04-18 12:05:00,4.06,4.59,0.5
A02319,S2,2026-04-18 14:52:00,2026-04-18 20:10:00,6.1,5.29,2.79
A02319,S3,2026-04-18 22:05:00,2026-04-19 06:43:00,10.16,8.64,1.92
A02319,S4,2026-04-19 07:53:00,2026-04-19 15:26:00,8.13,7.56,1.15
A02319,S5,2026-04-19 16:40:00,2026-04-19 19:43:00,3.05,3.05,1.23
A02320,S1,2026-04-18 07:13:00,2026-04-18 09:31:00,2.2,2.31,0.21
A02320,S2,2026-04-18 16:04:00,2026-04-18 19:54:00,3.3,3.84,6.54
A02320,S3,2026-04-18 23:41:00,2026-04-19 05:30:00,5.5,5.83,3.78
A02320,S4,2026-04-19 05:31:00,2026-04-19 12:47:00,4.4,7.27,0.01
A02320,S5,2026-04-19 13:05:00,2026-04-19 14:51:00,1.65,1.76,0.3
A02321,S1,2026-04-18 08:08:00,2026-04-18 13:15:00,5.16,5.1,1.14
A02321,S2,2026-04-18 21:23:00,2026-04-19 03:38:00,7.74,6.25,8.15
A02321,S3,2026-04-19 09:40:00,2026-04-19 21:10:00,12.9,11.51,6.02
A02321,S4,2026-04-20 03:09:00,2026-04-20 12:46:00,10.32,9.62,5.98
A02321,S5,2026-04-20 12:52:00,2026-04-20 17:15:00,3.87,4.39,0.11
A02322,S1,2026-04-18 07:33:00,2026-04-18 09:43:00,2.06,2.16,0.55
A02322,S2,2026-04-18 09:51:00,2026-04-18 13:19:00,3.1,3.46,0.15
A02322,S3,2026-04-18 14:41:00,2026-04-18 21:12:00,5.16,6.52,1.36
A02322,S4,2026-04-18 21:15:00,2026-04-19 04:37:00,4.13,7.36,0.06
A02322,S5,2026-04-19 10:05:00,2026-04-19 11:37:00,1.55,1.53,5.47
A02323,S1,2026-04-18 07:27:00,2026-04-18 10:21:00,3.06,2.89,0.46
A02323,S2,2026-04-18 11:40:00,2026-04-18 15:44:00,4.59,4.07,1.33
A02323,S3,2026-04-18 16:48:00,2026-04-19 01:26:00,7.65,8.63,1.06
A02323,S4,2026-04-19 07:47:00,2026-04-19 12:54:00,6.12,5.12,6.35
A02323,S5,2026-04-19 12:56:00,2026-04-19 15:30:00,2.3,2.57,0.02
A02324,S1,2026-04-18 07:07:00,2026-04-18 09:57:00,2.7,2.83,0.12
A02324,S2,2026-04-18 10:08:00,2026-04-18 14:05:00,4.05,3.95,0.18
A02324,S3,2026-04-18 16:16:00,2026-04-18 21:33:00,6.75,5.27,2.19
A02324,S4,2026-04-18 23:55:00,2026-04-19 05:12:00,5.4,5.29,2.37
A02324,S5,2026-04-19 08:37:00,2026-04-19 10:40:00,2.03,2.07,3.4
A02325,S1,2026-04-18 08:21:00,2026-04-18 11:32:00,2.46,3.18,1.35
A02325,S2,2026-04-18 11:48:00,2026-04-18 16:23:00,3.69,4.6,0.26
A02325,S3,2026-04-18 19:02:00,2026-04-19 01:51:00,6.15,6.82,2.64
A02325,S4,2026-04-19 12:43:00,2026-04-19 16:28:00,4.92,3.76,10.86
A02325,S5,2026-04-19 21:06:00,2026-04-19 23:09:00,1.84,2.07,4.62
A02326,S1,2026-04-19 07:50:00,2026-04-19 12:22:00,4.6,4.54,0.83
A02326,S2,2026-04-19 12:27:00,2026-04-19 20:11:00,6.9,7.74,0.08
A02326,S3,2026-04-19 20:31:00,2026-04-20 07:48:00,11.5,11.28,0.34
A02326,S4,2026-04-20 11:15:00,2026-04-20 16:20:00,9.2,5.09,3.45
A02326,S5,2026-04-20 17:41:00,2026-04-20 20:53:00,3.45,3.2,1.34
A02327,S1,2026-04-19 07:28:00,2026-04-19 10:06:00,2.38,2.63,0.46
A02327,S2,2026-04-19 10:45:00,2026-04-19 14:08:00,3.58,3.38,0.66
A02327,S3,2026-04-19 15:15:00,2026-04-20 00:36:00,5.96,9.35,1.12
A02327,S4,2026-04-20 11:45:00,2026-04-20 17:08:00,4.77,5.38,11.15
A02327,S5,2026-04-20 17:08:00,2026-04-20 18:48:00,1.79,1.67,0.0
A02328,S1,2026-04-19 07:16:00,2026-04-19 09:53:00,2.46,2.62,0.26
A02328,S2,2026-04-19 12:02:00,2026-04-19 14:58:00,3.69,2.93,2.15
A02328,S3,2026-04-19 17:35:00,2026-04-19 23:56:00,6.15,6.34,2.63
A02328,S4,2026-04-20 01:17:00,2026-04-20 05:55:00,4.92,4.64,1.35
A02328,S5,2026-04-20 08:39:00,2026-04-20 10:24:00,1.84,1.75,2.73
A02329,S1,2026-04-19 07:27:00,2026-04-19 11:11:00,3.36,3.73,0.45
A02329,S2,2026-04-19 21:22:00,2026-04-20 03:16:00,5.04,5.9,10.19
A02329,S3,2026-04-20 04:21:00,2026-04-20 12:12:00,8.4,7.85,1.08
A02329,S4,2026-04-20 17:43:00,2026-04-20 22:56:00,6.72,5.22,5.51
A02329,S5,2026-04-21 00:16:00,2026-04-21 02:53:00,2.52,2.62,1.34
A02330,S1,2026-04-19 10:20:00,2026-04-19 13:39:00,3.07,3.32,3.33
A02330,S2,2026-04-19 13:45:00,2026-04-19 17:39:00,4.61,3.9,0.09
A02330,S3,2026-04-19 20:37:00,2026-04-20 03:19:00,7.68,6.71,2.97
A02330,S4,2026-04-20 03:55:00,2026-04-20 11:25:00,6.14,7.5,0.6
A02330,S5,2026-04-20 11:50:00,2026-04-20 14:19:00,2.3,2.48,0.41
A02331,S1,2026-04-19 07:48:00,2026-04-19 10:56:00,2.66,3.13,0.8
A02331,S2,2026-04-19 16:22:00,2026-04-19 19:52:00,3.99,3.5,5.44
A02331,S3,2026-04-19 23:48:00,2026-04-20 09:14:00,6.65,9.44,3.93
A02331,S4,2026-04-20 10:28:00,2026-04-20 13:25:00,5.32,2.96,1.23
A02331,S5,2026-04-20 19:11:00,2026-04-20 21:23:00,2.0,2.2,5.76
A02332,S1,2026-04-19 07:49:00,2026-04-19 09:31:00,1.68,1.7,0.82
A02332,S2,2026-04-19 10:05:00,2026-04-19 12:31:00,2.52,2.44,0.56
A02332,S3,2026-04-19 17:12:00,2026-04-19 22:10:00,4.2,4.96,4.68
A02332,S4,2026-04-20 13:10:00,2026-04-20 15:50:00,3.36,2.67,15.0
A02332,S5,2026-04-20 17:14:00,2026-04-20 18:30:00,1.26,1.26,1.4
A02333,S1,2026-04-19 07:23:00,2026-04-19 09:23:00,1.81,2.0,0.38
A02333,S2,2026-04-19 12:12:00,2026-04-19 15:32:00,2.71,3.34,2.82
A02333,S3,2026-04-19 15:51:00,2026-04-20 00:15:00,4.52,8.39,0.32
A02333,S4,2026-04-20 07:33:00,2026-04-20 10:34:00,3.62,3.02,7.3
A02333,S5,2026-04-20 12:38:00,2026-04-20 13:48:00,1.36,1.17,2.07
A02334,S1,2026-04-19 08:30:00,2026-04-19 10:22:00,1.81,1.88,1.5
A02334,S2,2026-04-19 12:51:00,2026-04-19 15:58:00,2.71,3.12,2.47
A02334,S3,2026-04-19 19:17:00,2026-04-19 23:11:00,4.52,3.9,3.31
A02334,S4,2026-04-19 23:52:00,2026-04-20 03:16:00,3.62,3.4,0.69
A02334,S5,2026-04-20 10:49:00,2026-04-20 12:12:00,1.36,1.38,7.55
A02335,S1,2026-04-20 07:42:00,2026-04-20 09:44:00,2.29,2.04,0.7
A02335,S2,2026-04-20 10:44:00,2026-04-20 14:43:00,3.43,3.99,1.0
A02335,S3,2026-04-20 21:48:00,2026-04-21 04:41:00,5.72,6.89,7.08
A02335,S4,2026-04-21 14:30:00,2026-04-21 18:24:00,4.58,3.89,9.82
A02335,S5,2026-04-21 18:44:00,2026-04-21 20:11:00,1.72,1.44,0.34
A02336,S1,2026-04-20 07:19:00,2026-04-20 12:58:00,6.28,5.64,0.32
A02336,S2,2026-04-20 13:43:00,2026-04-20 23:16:00,9.42,9.54,0.76
A02336,S3,2026-04-20 23:55:00,2026-04-21 19:00:00,15.7,19.08,0.66
A02336,S4,2026-04-21 20:57:00,2026-04-22 10:37:00,12.56,13.67,1.94
A02336,S5,2026-04-22 11:05:00,2026-04-22 16:35:00,4.71,5.51,0.46
A02337,S1,2026-04-20 07:31:00,2026-04-20 10:21:00,2.03,2.84,0.51
A02337,S2,2026-04-20 14:49:00,2026-04-20 18:32:00,3.05,3.73,4.46
A02337,S3,2026-04-20 23:48:00,2026-04-21 06:02:00,5.08,6.23,5.25
A02337,S4,2026-04-21 11:27:00,2026-04-21 14:27:00,4.06,3.0,5.43
A02337,S5,2026-04-21 15:38:00,2026-04-21 17:34:00,1.52,1.93,1.19
A02338,S1,2026-04-20 07:36:00,2026-04-20 12:50:00,5.0,5.23,0.6
A02338,S2,2026-04-20 16:37:00,2026-04-21 01:33:00,7.5,8.93,3.79
A02338,S3,2026-04-21 01:34:00,2026-04-21 17:57:00,12.5,16.39,0.02
A02338,S4,2026-04-21 21:52:00,2026-04-22 08:37:00,10.0,10.75,3.92
A02338,S5,2026-04-22 11:31:00,2026-04-22 15:05:00,3.75,3.57,2.89
A02339,S1,2026-04-21 07:26:00,2026-04-21 10:57:00,3.46,3.5,0.44
A02339,S2,2026-04-21 11:10:00,2026-04-21 16:49:00,5.18,5.66,0.22
A02339,S3,2026-04-21 18:27:00,2026-04-22 04:19:00,8.64,9.87,1.63
A02339,S4,2026-04-22 07:00:00,2026-04-22 13:59:00,6.91,6.97,2.7
A02339,S5,2026-04-22 16:36:00,2026-04-22 19:00:00,2.59,2.4,2.62
A02340,S1,2026-04-21 07:19:00,2026-04-21 09:03:00,2.06,1.73,0.31
A02340,S2,2026-04-21 12:52:00,2026-04-21 15:35:00,3.1,2.71,3.82
A02340,S3,2026-04-21 16:27:00,2026-04-21 21:28:00,5.16,5.02,0.86
A02340,S4,2026-04-22 07:31:00,2026-04-22 10:21:00,4.13,2.83,10.06
A02340,S5,2026-04-22 11:22:00,2026-04-22 13:00:00,1.55,1.63,1.01
A02341,S1,2026-04-21 08:44:00,2026-04-21 11:43:00,2.53,2.97,1.74
A02341,S2,2026-04-21 13:19:00,2026-04-21 17:28:00,3.79,4.16,1.6
A02341,S3,2026-04-21 21:06:00,2026-04-22 03:28:00,6.32,6.37,3.63
A02341,S4,2026-04-22 22:19:00,2026-04-23 00:20:00,5.06,2.02,18.84
A02341,S5,2026-04-23 00:34:00,2026-04-23 02:36:00,1.9,2.04,0.24
A02342,S1,2026-04-21 07:52:00,2026-04-21 10:16:00,2.66,2.4,0.87
A02342,S2,2026-04-21 11:26:00,2026-04-21 14:46:00,3.99,3.33,1.16
A02342,S3,2026-04-21 17:02:00,2026-04-21 23:40:00,6.65,6.64,2.27
A02342,S4,2026-04-22 08:35:00,2026-04-22 13:47:00,5.32,5.2,8.91
A02342,S5,2026-04-22 15:55:00,2026-04-22 18:03:00,2.0,2.13,2.12
A02343,S1,2026-04-21 07:42:00,2026-04-21 10:39:00,2.88,2.94,0.71
A02343,S2,2026-04-21 14:27:00,2026-04-21 18:13:00,4.32,3.76,3.81
A02343,S3,2026-04-21 20:46:00,2026-04-22 02:34:00,7.2,5.8,2.56
A02343,S4,2026-04-23 06:12:00,2026-04-23 15:00:00,5.76,8.81,27.63
A02343,S5,2026-04-23 15:50:00,2026-04-23 17:57:00,2.16,2.11,0.83
A02344,S1,2026-04-21 07:07:00,2026-04-21 12:48:00,5.16,5.68,0.11
A02344,S2,2026-04-21 15:38:00,2026-04-22 01:55:00,7.74,10.27,2.85
A02344,S3,2026-04-22 07:23:00,2026-04-22 17:50:00,12.9,10.45,5.47
A02344,S4,2026-04-22 18:32:00,2026-04-23 13:46:00,10.32,19.23,0.7
A02344,S5,2026-04-23 16:15:00,2026-04-23 20:24:00,3.87,4.15,2.49
A02345,S1,2026-04-21 11:07:00,2026-04-21 12:58:00,1.68,1.84,4.12
A02345,S2,2026-04-21 14:10:00,2026-04-21 17:17:00,2.52,3.1,1.21
A02345,S3,2026-04-21 19:14:00,2026-04-21 22:55:00,4.2,3.69,1.95
A02345,S4,2026-04-21 23:13:00,2026-04-22 02:28:00,3.36,3.25,0.31
A02345,S5,2026-04-22 02:50:00,2026-04-22 04:06:00,1.26,1.27,0.37
A02346,S1,2026-04-22 08:17:00,2026-04-22 11:54:00,3.0,3.61,1.29
A02346,S2,2026-04-22 14:43:00,2026-04-22 20:41:00,4.5,5.97,2.81
A02346,S3,2026-04-22 22:25:00,2026-04-23 04:32:00,7.5,6.11,1.74
A02346,S4,2026-04-23 08:29:00,2026-04-23 13:20:00,6.0,4.84,3.95
A02346,S5,2026-04-23 16:27:00,2026-04-23 18:48:00,2.25,2.35,3.12
A02347,S1,2026-04-22 08:55:00,2026-04-22 11:03:00,2.13,2.12,1.92
A02347,S2,2026-04-22 11:10:00,2026-04-22 14:13:00,3.19,3.04,0.13
A02347,S3,2026-04-22 16:15:00,2026-04-22 20:31:00,5.32,4.28,2.04
A02347,S4,2026-04-22 20:34:00,2026-04-23 00:13:00,4.26,3.65,0.05
A02347,S5,2026-04-23 01:58:00,2026-04-23 03:34:00,1.6,1.61,1.74
A02348,S1,2026-04-23 11:49:00,2026-04-23 14:58:00,3.26,3.16,4.81
A02348,S2,2026-04-23 16:52:00,2026-04-23 23:08:00,4.9,6.26,1.91
A02348,S3,2026-04-24 00:40:00,2026-04-24 11:22:00,8.16,10.7,1.53
A02348,S4,2026-04-25 16:49:00,2026-04-26 02:55:00,6.53,10.11,29.45
A02348,S5,2026-04-26 03:46:00,2026-04-26 06:00:00,2.45,2.24,0.84
A02349,S1,2026-04-23 07:17:00,2026-04-23 13:42:00,5.92,6.42,0.29
A02349,S2,2026-04-23 16:26:00,2026-04-24 00:27:00,8.88,8.01,2.73
A02349,S3,2026-04-24 00:33:00,2026-04-24 16:05:00,14.8,15.54,0.1
A02349,S4,2026-04-24 20:40:00,2026-04-25 14:09:00,11.84,17.47,4.59
A02349,S5,2026-04-25 14:11:00,2026-04-25 18:48:00,4.44,4.62,0.04
A02350,S1,2026-04-23 09:26:00,2026-04-23 13:06:00,3.41,3.66,2.44
A02350,S2,2026-04-23 13:28:00,2026-04-23 18:26:00,5.11,4.97,0.38
A02350,S3,2026-04-23 18:29:00,2026-04-24 00:53:00,8.52,6.4,0.04
A02350,S4,2026-04-24 19:56:00,2026-04-25 02:09:00,6.82,6.22,19.06
A02350,S5,2026-04-25 02:41:00,2026-04-25 05:27:00,2.56,2.77,0.53
A02351,S1,2026-04-23 08:39:00,2026-04-23 11:23:00,2.98,2.73,1.65
A02351,S2,2026-04-23 13:43:00,2026-04-23 17:44:00,4.46,4.01,2.34
A02351,S3,2026-04-23 17:53:00,2026-04-24 03:28:00,7.44,9.58,0.16
A02351,S4,2026-04-24 07:03:00,2026-04-24 17:31:00,5.95,10.48,3.58
A02351,S5,2026-04-24 19:42:00,2026-04-24 22:13:00,2.23,2.51,2.18
A02352,S1,2026-04-23 07:26:00,2026-04-23 09:39:00,2.5,2.22,0.43
A02352,S2,2026-04-23 09:55:00,2026-04-23 13:46:00,3.74,3.85,0.27
A02352,S3,2026-04-23 13:59:00,2026-04-23 19:41:00,6.24,5.71,0.21
A02352,S4,2026-04-24 13:51:00,2026-04-24 17:58:00,4.99,4.12,18.16
A02352,S5,2026-04-24 18:03:00,2026-04-24 20:02:00,1.87,1.99,0.08
A02353,S1,2026-04-23 07:50:00,2026-04-23 10:10:00,2.46,2.32,0.84
A02353,S2,2026-04-23 10:41:00,2026-04-23 14:53:00,3.69,4.19,0.53
A02353,S3,2026-04-23 18:30:00,2026-04-24 01:50:00,6.15,7.32,3.63
A02353,S4,2026-04-24 03:09:00,2026-04-24 07:30:00,4.92,4.35,1.33
A02353,S5,2026-04-24 15:16:00,2026-04-24 17:08:00,1.84,1.88,7.76
A02354,S1,2026-04-23 07:17:00,2026-04-23 12:12:00,4.8,4.92,0.28
A02354,S2,2026-04-23 14:46:00,2026-04-24 01:55:00,7.2,11.14,2.57
A02354,S3,2026-04-24 07:34:00,2026-04-24 19:57:00,12.0,12.37,5.66
A02354,S4,2026-04-24 22:42:00,2026-04-25 06:35:00,9.6,7.89,2.75
A02354,S5,2026-04-25 07:59:00,2026-04-25 11:35:00,3.6,3.59,1.4
A02355,S1,2026-04-24 07:41:00,2026-04-24 11:14:00,2.98,3.55,0.68
A02355,S2,2026-04-24 12:31:00,2026-04-24 17:35:00,4.46,5.07,1.29
A02355,S3,2026-04-24 18:01:00,2026-04-25 02:17:00,7.44,8.27,0.43
A02355,S4,2026-04-25 08:38:00,2026-04-25 12:01:00,5.95,3.4,6.34
A02355,S5,2026-04-25 16:08:00,2026-04-25 18:19:00,2.23,2.18,4.11
A02356,S1,2026-04-24 07:07:00,2026-04-24 09:39:00,2.81,2.53,0.12
A02356,S2,2026-04-24 10:15:00,2026-04-24 14:36:00,4.21,4.35,0.6
A02356,S3,2026-04-24 14:43:00,2026-04-24 22:56:00,7.02,8.22,0.12
A02356,S4,2026-04-25 04:14:00,2026-04-25 12:13:00,5.62,7.98,5.31
A02356,S5,2026-04-25 15:51:00,2026-04-25 18:13:00,2.11,2.35,3.64
A02357,S1,2026-04-24 07:22:00,2026-04-24 10:52:00,3.39,3.5,0.37
A02357,S2,2026-04-24 10:57:00,2026-04-24 16:14:00,5.09,5.3,0.07
A02357,S3,2026-04-24 17:55:00,2026-04-25 01:40:00,8.48,7.74,1.68
A02357,S4,2026-04-25 04:24:00,2026-04-25 11:56:00,6.78,7.53,2.74
A02357,S5,2026-04-25 14:10:00,2026-04-25 16:57:00,2.54,2.79,2.23
A02358,S1,2026-04-25 07:46:00,2026-04-25 10:11:00,2.08,2.43,0.76
A02358,S2,2026-04-25 14:48:00,2026-04-25 17:36:00,3.12,2.8,4.61
A02358,S3,2026-04-25 21:09:00,2026-04-26 04:27:00,5.2,7.3,3.55
A02358,S4,2026-04-26 07:27:00,2026-04-26 10:41:00,4.16,3.23,3.0
A02358,S5,2026-04-26 18:21:00,2026-04-26 19:47:00,1.56,1.44,7.66
A02359,S1,2026-04-25 08:08:00,2026-04-25 10:28:00,2.05,2.32,1.14
A02359,S2,2026-04-25 11:00:00,2026-04-25 14:06:00,3.07,3.09,0.54
A02359,S3,2026-04-25 21:15:00,2026-04-26 04:01:00,5.12,6.77,7.15
A02359,S4,2026-04-26 18:08:00,2026-04-26 20:46:00,4.1,2.63,14.11
A02359,S5,2026-04-27 01:52:00,2026-04-27 03:35:00,1.54,1.73,5.1
A02360,S1,2026-04-25 07:25:00,2026-04-25 11:00:00,3.49,3.58,0.42
A02360,S2,2026-04-25 15:44:00,2026-04-25 20:59:00,5.23,5.26,4.73
A02360,S3,2026-04-25 22:02:00,2026-04-26 07:10:00,8.72,9.13,1.04
A02360,S4,2026-04-26 10:55:00,2026-04-26 19:41:00,6.98,8.78,3.74
A02360,S5,2026-04-26 20:28:00,2026-04-26 23:04:00,2.62,2.59,0.78
A02361,S1,2026-04-26 07:11:00,2026-04-26 08:58:00,1.94,1.8,0.18
A02361,S2,2026-04-26 10:08:00,2026-04-26 13:01:00,2.9,2.87,1.17
A02361,S3,2026-04-26 14:59:00,2026-04-26 19:45:00,4.84,4.77,1.97
A02361,S4,2026-04-27 14:29:00,2026-04-27 19:13:00,3.87,4.74,18.72
A02361,S5,2026-04-27 23:12:00,2026-04-28 00:55:00,1.45,1.71,3.99
A02362,S1,2026-04-26 07:19:00,2026-04-26 10:28:00,2.7,3.16,0.31
A02362,S2,2026-04-26 13:08:00,2026-04-26 16:40:00,4.05,3.53,2.67
A02362,S3,2026-04-26 18:31:00,2026-04-27 00:39:00,6.75,6.14,1.85
A02362,S4,2026-04-27 22:54:00,2026-04-28 01:15:00,5.4,2.35,22.23
A02362,S5,2026-04-28 02:26:00,2026-04-28 04:50:00,2.03,2.39,1.19
A02363,S1,2026-04-26 09:04:00,2026-04-26 11:04:00,2.08,2.0,2.07
A02363,S2,2026-04-26 12:08:00,2026-04-26 15:25:00,3.12,3.28,1.07
A02363,S3,2026-04-26 21:18:00,2026-04-27 05:31:00,5.2,8.22,5.87
A02363,S4,2026-04-27 10:26:00,2026-04-27 16:12:00,4.16,5.77,4.92
A02363,S5,2026-04-27 18:48:00,2026-04-27 20:18:00,1.56,1.5,2.6
A02364,S1,2026-04-27 07:34:00,2026-04-27 11:01:00,3.58,3.44,0.57
A02364,S2,2026-04-27 12:20:00,2026-04-27 17:01:00,5.36,4.69,1.31
A02364,S3,2026-04-27 17:55:00,2026-04-28 03:02:00,8.94,9.11,0.9
A02364,S4,2026-04-28 15:49:00,2026-04-29 04:39:00,7.15,12.82,12.79
A02364,S5,2026-04-29 07:16:00,2026-04-29 10:03:00,2.68,2.78,2.62
A02365,S1,2026-04-27 11:16:00,2026-04-27 17:35:00,5.02,6.33,4.26
A02365,S2,2026-04-27 18:12:00,2026-04-28 00:55:00,7.54,6.71,0.62
A02365,S3,2026-04-28 06:17:00,2026-04-28 18:35:00,12.56,12.3,5.36
A02365,S4,2026-04-29 14:00:00,2026-04-29 21:40:00,10.05,7.67,19.42
A02365,S5,2026-04-29 23:52:00,2026-04-30 03:44:00,3.77,3.87,2.2
A02366,S1,2026-04-27 08:37:00,2026-04-27 13:45:00,4.6,5.12,1.62
A02366,S2,2026-04-27 17:00:00,2026-04-28 00:10:00,6.9,7.17,3.25
A02366,S3,2026-04-28 02:51:00,2026-04-28 12:44:00,11.5,9.88,2.68
A02366,S4,2026-04-30 00:27:00,2026-04-30 10:11:00,9.2,9.73,35.73
A02366,S5,2026-04-30 11:52:00,2026-04-30 15:07:00,3.45,3.25,1.69
A02367,S1,2026-04-27 07:40:00,2026-04-27 12:28:00,4.22,4.79,0.67
A02367,S2,2026-04-27 14:27:00,2026-04-27 21:25:00,6.34,6.97,1.99
A02367,S3,2026-04-28 00:53:00,2026-04-28 11:56:00,10.56,11.05,3.46
A02367,S4,2026-04-28 13:57:00,2026-04-28 22:22:00,8.45,8.43,2.01
A02367,S5,2026-04-29 00:30:00,2026-04-29 03:34:00,3.17,3.05,2.13
A02368,S1,2026-04-27 08:31:00,2026-04-27 13:30:00,4.77,4.99,1.52
A02368,S2,2026-04-27 15:06:00,2026-04-27 22:18:00,7.15,7.2,1.6
A02368,S3,2026-04-27 23:27:00,2026-04-28 08:35:00,11.92,9.14,1.14
A02368,S4,2026-04-28 09:25:00,2026-04-28 20:31:00,9.54,11.1,0.83
A02368,S5,2026-04-29 03:31:00,2026-04-29 07:24:00,3.58,3.89,6.99
A02369,S1,2026-04-27 09:44:00,2026-04-27 12:23:00,2.68,2.65,2.73
A02369,S2,2026-04-27 15:38:00,2026-04-27 18:37:00,4.02,2.99,3.25
A02369,S3,2026-04-27 21:21:00,2026-04-28 04:32:00,6.7,7.18,2.74
A02369,S4,2026-04-28 09:24:00,2026-04-28 15:12:00,5.36,5.81,4.86
A02369,S5,2026-04-28 16:00:00,2026-04-28 18:11:00,2.01,2.19,0.79
A02370,S1,2026-04-28 08:37:00,2026-04-28 13:30:00,5.44,4.88,1.62
A02370,S2,2026-04-28 14:11:00,2026-04-28 23:03:00,8.16,8.87,0.68
A02370,S3,2026-04-29 00:07:00,2026-04-29 12:50:00,13.6,12.72,1.06
A02370,S4,2026-04-29 14:20:00,2026-04-30 02:39:00,10.88,12.31,1.51
A02370,S5,2026-04-30 05:47:00,2026-04-30 09:37:00,4.08,3.84,3.13
A02371,S1,2026-04-28 07:44:00,2026-04-28 12:00:00,4.64,4.26,0.73
A02371,S2,2026-04-28 12:53:00,2026-04-28 22:09:00,6.96,9.26,0.89
A02371,S3,2026-04-28 22:26:00,2026-04-29 11:50:00,11.6,13.4,0.29
A02371,S4,2026-04-30 09:34:00,2026-04-30 23:21:00,9.28,13.78,21.75
A02371,S5,2026-05-01 02:13:00,2026-05-01 06:23:00,3.48,4.17,2.86
A02372,S1,2026-04-28 07:46:00,2026-04-28 11:23:00,3.53,3.62,0.76
A02372,S2,2026-04-28 11:33:00,2026-04-28 17:31:00,5.29,5.96,0.17
A02372,S3,2026-04-28 17:49:00,2026-04-29 06:11:00,8.82,12.36,0.31
A02372,S4,2026-04-29 07:02:00,2026-04-29 16:10:00,7.06,9.12,0.86
A02372,S5,2026-04-29 16:47:00,2026-04-29 19:31:00,2.65,2.73,0.62
A02373,S1,2026-04-28 09:34:00,2026-04-28 14:40:00,4.52,5.09,2.57
A02373,S2,2026-04-28 16:53:00,2026-04-28 23:51:00,6.78,6.97,2.22
A02373,S3,2026-04-29 00:02:00,2026-04-29 10:21:00,11.3,10.32,0.18
A02373,S4,2026-04-29 12:21:00,2026-04-29 22:19:00,9.04,9.96,2.0
A02373,S5,2026-04-30 00:10:00,2026-04-30 03:36:00,3.39,3.43,1.86
A02374,S1,2026-04-28 07:26:00,2026-04-28 10:40:00,2.86,3.23,0.44
A02374,S2,2026-04-28 10:54:00,2026-04-28 16:35:00,4.28,5.7,0.22
A02374,S3,2026-04-28 17:04:00,2026-04-29 02:05:00,7.14,9.02,0.47
A02374,S4,2026-04-29 03:59:00,2026-04-29 10:20:00,5.71,6.36,1.89
A02374,S5,2026-04-29 15:25:00,2026-04-29 17:31:00,2.14,2.09,5.09
A02375,S1,2026-04-28 08:04:00,2026-04-28 10:32:00,2.35,2.46,1.07
A02375,S2,2026-04-28 17:07:00,2026-04-28 20:34:00,3.53,3.46,6.57
A02375,S3,2026-04-28 21:08:00,2026-04-29 01:34:00,5.88,4.43,0.56
A02375,S4,2026-04-29 06:36:00,2026-04-29 12:36:00,4.7,6.0,5.03
A02375,S5,2026-04-29 12:38:00,2026-04-29 14:42:00,1.76,2.06,0.05
A02376,S1,2026-04-28 07:22:00,2026-04-28 11:55:00,4.0,4.54,0.37
A02376,S2,2026-04-28 12:07:00,2026-04-28 17:28:00,6.0,5.35,0.2
A02376,S3,2026-04-28 18:51:00,2026-04-29 08:24:00,10.0,13.55,1.38
A02376,S4,2026-04-29 13:53:00,2026-04-29 20:39:00,8.0,6.76,5.49
A02376,S5,2026-04-29 23:29:00,2026-04-30 02:16:00,3.0,2.78,2.84
A02377,S1,2026-04-28 09:06:00,2026-04-28 15:02:00,6.36,5.94,2.1
A02377,S2,2026-04-28 15:17:00,2026-04-28 23:36:00,9.54,8.32,0.24
A02377,S3,2026-04-29 04:18:00,2026-04-29 21:10:00,15.9,16.87,4.7
A02377,S4,2026-04-30 01:03:00,2026-04-30 16:12:00,12.72,15.16,3.88
A02377,S5,2026-04-30 16:40:00,2026-04-30 21:13:00,4.77,4.54,0.46
A02378,S1,2026-04-28 07:36:00,2026-04-28 10:44:00,2.74,3.13,0.61
A02378,S2,2026-04-28 10:59:00,2026-04-28 15:30:00,4.11,4.51,0.24
A02378,S3,2026-04-28 17:06:00,2026-04-29 02:11:00,6.85,9.09,1.6
A02378,S4,2026-04-29 05:36:00,2026-04-29 11:03:00,5.48,5.44,3.42
A02378,S5,2026-04-29 12:03:00,2026-04-29 13:50:00,2.06,1.79,1.0
A02379,S1,2026-04-29 07:43:00,2026-04-29 13:53:00,5.06,6.18,0.71
A02379,S2,2026-04-29 15:40:00,2026-04-30 00:53:00,7.58,9.21,1.78
A02379,S3,2026-04-30 02:07:00,2026-04-30 13:39:00,12.64,11.54,1.23
A02379,S4,2026-05-01 18:04:00,2026-05-02 01:32:00,10.11,7.47,28.41
A02379,S5,2026-05-02 04:28:00,2026-05-02 08:31:00,3.79,4.05,2.94
A02380,S1,2026-04-29 08:30:00,2026-04-29 12:30:00,4.06,4.0,1.5
A02380,S2,2026-04-29 14:37:00,2026-04-29 20:02:00,6.1,5.43,2.12
A02380,S3,2026-04-29 21:47:00,2026-04-30 08:31:00,10.16,10.73,1.75
A02380,S4,2026-05-01 05:37:00,2026-05-01 11:12:00,8.13,5.58,21.11
A02380,S5,2026-05-01 12:04:00,2026-05-01 15:27:00,3.05,3.39,0.86
A02381,S1,2026-04-29 07:01:00,2026-04-29 09:09:00,2.29,2.12,0.02
A02381,S2,2026-04-29 20:49:00,2026-04-30 00:59:00,3.43,4.16,11.68
A02381,S3,2026-04-30 02:09:00,2026-04-30 07:58:00,5.72,5.8,1.17
A02381,S4,2026-04-30 11:12:00,2026-04-30 14:49:00,4.58,3.61,3.24
A02381,S5,2026-04-30 15:01:00,2026-04-30 16:45:00,1.72,1.74,0.19
A02382,S1,2026-04-29 07:00:00,2026-04-29 10:11:00,3.22,3.18,0.0
A02382,S2,2026-04-29 11:15:00,2026-04-29 16:09:00,4.82,4.9,1.07
A02382,S3,2026-04-29 16:26:00,2026-04-30 00:51:00,8.04,8.42,0.28
A02382,S4,2026-04-30 03:23:00,2026-04-30 12:57:00,6.43,9.56,2.54
A02382,S5,2026-04-30 16:57:00,2026-04-30 19:52:00,2.41,2.91,4.0
A02383,S1,2026-04-29 07:37:00,2026-04-29 10:43:00,2.71,3.1,0.62
A02383,S2,2026-04-29 10:45:00,2026-04-29 14:13:00,4.07,3.48,0.02
A02383,S3,2026-04-29 21:48:00,2026-04-30 04:07:00,6.78,6.31,7.58
A02383,S4,2026-04-30 04:16:00,2026-04-30 08:38:00,5.42,4.36,0.16
A02383,S5,2026-04-30 09:15:00,2026-04-30 11:26:00,2.03,2.18,0.61
A02384,S1,2026-04-29 07:46:00,2026-04-29 14:52:00,5.88,7.11,0.76
A02384,S2,2026-04-29 15:34:00,2026-04-30 02:02:00,8.82,10.47,0.7
A02384,S3,2026-04-30 03:46:00,2026-04-30 22:46:00,14.7,18.99,1.73
A02384,S4,2026-05-01 08:44:00,2026-05-01 18:35:00,11.76,9.85,9.97
A02384,S5,2026-05-01 18:44:00,2026-05-01 22:56:00,4.41,4.2,0.15
A02385,S1,2026-04-30 07:39:00,2026-04-30 11:19:00,3.9,3.66,0.66
A02385,S2,2026-04-30 12:11:00,2026-04-30 19:43:00,5.86,7.53,0.87
A02385,S3,2026-04-30 20:21:00,2026-05-01 04:32:00,9.76,8.18,0.63
A02385,S4,2026-05-01 06:04:00,2026-05-01 12:20:00,7.81,6.26,1.54
A02385,S5,2026-05-01 13:27:00,2026-05-01 16:27:00,2.93,3.0,1.12
A02386,S1,2026-04-30 09:00:00,2026-04-30 11:14:00,2.35,2.23,2.0
A02386,S2,2026-04-30 12:05:00,2026-04-30 15:42:00,3.53,3.63,0.84
A02386,S3,2026-04-30 20:29:00,2026-05-01 01:39:00,5.88,5.18,4.77
A02386,S4,2026-05-01 01:50:00,2026-05-01 05:24:00,4.7,3.56,0.19
A02386,S5,2026-05-01 05:44:00,2026-05-01 07:41:00,1.76,1.95,0.33
A02387,S1,2026-04-30 09:07:00,2026-04-30 12:09:00,2.38,3.04,2.11
A02387,S2,2026-04-30 13:58:00,2026-04-30 17:54:00,3.57,3.94,1.81
A02387,S3,2026-05-01 05:49:00,2026-05-01 11:15:00,5.95,5.44,11.92
A02387,S4,2026-05-01 15:57:00,2026-05-01 20:11:00,4.76,4.25,4.69
A02387,S5,2026-05-01 22:56:00,2026-05-02 00:30:00,1.78,1.56,2.75
A02388,S1,2026-04-30 08:56:00,2026-04-30 11:12:00,2.11,2.28,1.93
A02388,S2,2026-04-30 11:21:00,2026-04-30 14:05:00,3.17,2.73,0.15
A02388,S3,2026-04-30 17:29:00,2026-04-30 23:42:00,5.28,6.21,3.4
A02388,S4,2026-05-01 02:14:00,2026-05-01 09:39:00,4.22,7.41,2.55
A02388,S5,2026-05-01 10:10:00,2026-05-01 11:39:00,1.58,1.49,0.52
A02389,S1,2026-05-01 08:02:00,2026-05-01 13:10:00,4.52,5.14,1.03
A02389,S2,2026-05-01 13:13:00,2026-05-01 19:48:00,6.78,6.59,0.04
A02389,S3,2026-05-01 19:49:00,2026-05-02 06:58:00,11.3,11.15,0.02
A02389,S4,2026-05-02 07:11:00,2026-05-02 16:55:00,9.04,9.73,0.22
A02389,S5,2026-05-02 17:24:00,2026-05-02 20:51:00,3.39,3.44,0.48
A02390,S1,2026-05-01 08:29:00,2026-05-01 10:29:00,2.4,2.0,1.49
A02390,S2,2026-05-01 11:28:00,2026-05-01 15:13:00,3.6,3.75,0.98
A02390,S3,2026-05-01 20:10:00,2026-05-02 01:18:00,6.0,5.14,4.94
A02390,S4,2026-05-03 12:38:00,2026-05-03 16:17:00,4.8,3.64,35.34
A02390,S5,2026-05-03 18:43:00,2026-05-03 20:58:00,1.8,2.24,2.44
A02391,S1,2026-05-01 08:39:00,2026-05-01 11:55:00,3.04,3.27,1.65
A02391,S2,2026-05-01 12:44:00,2026-05-01 16:56:00,4.56,4.2,0.81
A02391,S3,2026-05-01 19:26:00,2026-05-02 03:17:00,7.6,7.86,2.5
A02391,S4,2026-05-02 12:58:00,2026-05-02 19:15:00,6.08,6.28,9.68
A02391,S5,2026-05-02 22:09:00,2026-05-03 00:38:00,2.28,2.47,2.91
A02392,S1,2026-05-01 07:17:00,2026-05-01 12:23:00,4.36,5.11,0.28
A02392,S2,2026-05-01 13:02:00,2026-05-01 20:16:00,6.54,7.22,0.65
A02392,S3,2026-05-01 21:33:00,2026-05-02 11:43:00,10.9,14.17,1.29
A02392,S4,2026-05-02 18:16:00,2026-05-03 04:27:00,8.72,10.19,6.54
A02392,S5,2026-05-03 05:39:00,2026-05-03 09:14:00,3.27,3.57,1.2
A02393,S1,2026-05-02 07:03:00,2026-05-02 10:18:00,3.0,3.26,0.04
A02393,S2,2026-05-02 14:16:00,2026-05-02 18:50:00,4.5,4.57,3.95
A02393,S3,2026-05-02 22:10:00,2026-05-03 07:04:00,7.5,8.9,3.34
A02393,S4,2026-05-04 05:21:00,2026-05-04 14:53:00,6.0,9.53,22.28
A02393,S5,2026-05-04 18:10:00,2026-05-04 20:47:00,2.25,2.62,3.29
A02394,S1,2026-05-02 07:45:00,2026-05-02 12:57:00,5.28,5.19,0.75
A02394,S2,2026-05-02 14:20:00,2026-05-02 22:37:00,7.92,8.28,1.39
A02394,S3,2026-05-03 10:49:00,2026-05-04 05:12:00,13.2,18.38,12.21
A02394,S4,2026-05-04 13:13:00,2026-05-04 21:56:00,10.56,8.72,8.01
A02394,S5,2026-05-04 22:37:00,2026-05-05 03:18:00,3.96,4.69,0.69
A02395,S1,2026-05-02 07:12:00,2026-05-02 12:55:00,5.48,5.71,0.2
A02395,S2,2026-05-02 19:22:00,2026-05-03 07:03:00,8.22,11.69,6.45
A02395,S3,2026-05-03 07:08:00,2026-05-03 23:45:00,13.7,16.61,0.09
A02395,S4,2026-05-04 01:26:00,2026-05-04 17:00:00,10.96,15.56,1.68
A02395,S5,2026-05-04 18:43:00,2026-05-04 23:01:00,4.11,4.3,1.72
A02396,S1,2026-05-02 07:18:00,2026-05-02 10:28:00,2.59,3.17,0.3
A02396,S2,2026-05-02 10:38:00,2026-05-02 15:13:00,3.89,4.58,0.17
A02396,S3,2026-05-02 17:02:00,2026-05-03 00:37:00,6.48,7.59,1.81
A02396,S4,2026-05-03 07:57:00,2026-05-03 16:33:00,5.18,8.59,7.34
A02396,S5,2026-05-03 18:22:00,2026-05-03 20:20:00,1.94,1.95,1.83
A02397,S1,2026-05-02 08:06:00,2026-05-02 10:14:00,2.05,2.12,1.11
A02397,S2,2026-05-02 12:33:00,2026-05-02 15:22:00,3.07,2.82,2.32
A02397,S3,2026-05-02 19:14:00,2026-05-03 00:09:00,5.12,4.91,3.86
A02397,S4,2026-05-03 04:42:00,2026-05-03 10:52:00,4.1,6.17,4.55
A02397,S5,2026-05-03 11:12:00,2026-05-03 13:02:00,1.54,1.83,0.34
A02398,S1,2026-05-02 07:09:00,2026-05-02 10:58:00,3.36,3.83,0.14
A02398,S2,2026-05-02 12:41:00,2026-05-02 17:34:00,5.04,4.89,1.71
A02398,S3,2026-05-02 21:25:00,2026-05-03 03:44:00,8.4,6.31,3.85
A02398,S4,2026-05-03 05:15:00,2026-05-03 09:40:00,6.72,4.42,1.52
A02398,S5,2026-05-03 12:30:00,2026-05-03 15:28:00,2.52,2.97,2.84
A02399,S1,2026-05-02 07:47:00,2026-05-02 09:40:00,1.87,1.88,0.79
A02399,S2,2026-05-02 09:48:00,2026-05-02 13:05:00,2.81,3.27,0.13
A02399,S3,2026-05-02 16:19:00,2026-05-02 19:29:00,4.68,3.17,3.23
A02399,S4,2026-05-03 06:57:00,2026-05-03 13:20:00,3.74,6.37,11.48
A02399,S5,2026-05-03 14:26:00,2026-05-03 15:56:00,1.4,1.51,1.1
A02400,S1,2026-05-02 08:24:00,2026-05-02 10:14:00,1.78,1.83,1.4
A02400,S2,2026-05-02 11:15:00,2026-05-02 14:03:00,2.66,2.8,1.02
A02400,S3,2026-05-02 14:37:00,2026-05-02 17:54:00,4.44,3.28,0.57
A02400,S4,2026-05-02 20:58:00,2026-05-03 02:36:00,3.55,5.63,3.07
A02400,S5,2026-05-03 04:24:00,2026-05-03 05:56:00,1.33,1.54,1.8
A02401,S1,2026-05-02 08:30:00,2026-05-02 12:29:00,3.36,3.98,1.5
A02401,S2,2026-05-02 13:41:00,2026-05-02 20:19:00,5.04,6.62,1.21
A02401,S3,2026-05-03 02:21:00,2026-05-03 10:04:00,8.4,7.71,6.05
A02401,S4,2026-05-03 12:20:00,2026-05-03 17:25:00,6.72,5.08,2.27
A02401,S5,2026-05-03 17:44:00,2026-05-03 20:31:00,2.52,2.78,0.33
A02402,S1,2026-05-02 07:15:00,2026-05-02 08:57:00,1.87,1.7,0.24
A02402,S2,2026-05-02 12:27:00,2026-05-02 15:17:00,2.81,2.82,3.51
A02402,S3,2026-05-02 22:30:00,2026-05-03 02:10:00,4.68,3.67,7.21
A02402,S4,2026-05-03 08:19:00,2026-05-03 11:42:00,3.74,3.38,6.15
A02402,S5,2026-05-03 13:45:00,2026-05-03 15:16:00,1.4,1.52,2.06
A02403,S1,2026-05-02 07:11:00,2026-05-02 11:39:00,4.24,4.46,0.19
A02403,S2,2026-05-02 13:05:00,2026-05-02 19:36:00,6.36,6.51,1.45
A02403,S3,2026-05-02 21:56:00,2026-05-03 06:12:00,10.6,8.27,2.33
A02403,S4,2026-05-03 13:46:00,2026-05-04 01:43:00,8.48,11.95,7.56
A02403,S5,2026-05-04 09:39:00,2026-05-04 12:45:00,3.18,3.09,7.94
A02404,S1,2026-05-02 08:00:00,2026-05-02 10:38:00,2.86,2.63,1.01
A02404,S2,2026-05-02 13:33:00,2026-05-02 17:27:00,4.29,3.9,2.91
A02404,S3,2026-05-02 21:29:00,2026-05-03 03:28:00,7.15,5.97,4.04
A02404,S4,2026-05-04 00:39:00,2026-05-04 05:11:00,5.72,4.52,21.19
A02404,S5,2026-05-04 05:40:00,2026-05-04 08:32:00,2.14,2.86,0.49
A02405,S1,2026-05-02 07:02:00,2026-05-02 09:29:00,2.35,2.45,0.03
A02405,S2,2026-05-02 12:56:00,2026-05-02 16:57:00,3.53,4.02,3.45
A02405,S3,2026-05-03 01:50:00,2026-05-03 07:31:00,5.88,5.69,8.87
A02405,S4,2026-05-03 11:35:00,2026-05-03 16:04:00,4.7,4.48,4.06
A02405,S5,2026-05-03 16:05:00,2026-05-03 18:04:00,1.76,1.97,0.03
A02406,S1,2026-05-02 08:10:00,2026-05-02 10:54:00,3.06,2.73,1.16
A02406,S2,2026-05-02 21:30:00,2026-05-03 02:13:00,4.59,4.71,10.61
A02406,S3,2026-05-03 03:20:00,2026-05-03 09:10:00,7.65,5.84,1.12
A02406,S4,2026-05-03 12:23:00,2026-05-03 22:42:00,6.12,10.32,3.21
A02406,S5,2026-05-04 01:18:00,2026-05-04 03:52:00,2.3,2.55,2.61
A02407,S1,2026-05-03 09:28:00,2026-05-03 14:41:00,4.7,5.21,2.47
A02407,S2,2026-05-03 20:40:00,2026-05-04 04:02:00,7.06,7.38,5.99
A02407,S3,2026-05-04 11:31:00,2026-05-05 00:48:00,11.76,13.28,7.47
A02407,S4,2026-05-05 01:03:00,2026-05-05 14:45:00,9.41,13.7,0.25
A02407,S5,2026-05-05 15:32:00,2026-05-05 19:25:00,3.53,3.89,0.79
A02408,S1,2026-05-03 09:50:00,2026-05-03 13:14:00,3.02,3.4,2.84
A02408,S2,2026-05-03 13:27:00,2026-05-03 20:25:00,4.53,6.98,0.21
A02408,S3,2026-05-03 21:22:00,2026-05-04 03:51:00,7.55,6.48,0.94
A02408,S4,2026-05-04 05:13:00,2026-05-04 09:46:00,6.04,4.55,1.36
A02408,S5,2026-05-04 11:19:00,2026-05-04 13:57:00,2.26,2.63,1.55
A02409,S1,2026-05-04 07:35:00,2026-05-04 10:39:00,2.57,3.07,0.58
A02409,S2,2026-05-04 11:15:00,2026-05-04 14:42:00,3.85,3.45,0.6
A02409,S3,2026-05-04 14:48:00,2026-05-04 20:11:00,6.42,5.39,0.1
A02409,S4,2026-05-05 05:27:00,2026-05-05 10:46:00,5.14,5.31,9.28
A02409,S5,2026-05-05 12:29:00,2026-05-05 14:10:00,1.93,1.69,1.71
A02410,S1,2026-05-04 07:11:00,2026-05-04 10:04:00,2.44,2.87,0.19
A02410,S2,2026-05-04 11:49:00,2026-05-04 15:04:00,3.66,3.25,1.76
A02410,S3,2026-05-04 21:05:00,2026-05-05 05:53:00,6.1,8.8,6.02
A02410,S4,2026-05-05 10:48:00,2026-05-05 15:15:00,4.88,4.45,4.91
A02410,S5,2026-05-05 16:05:00,2026-05-05 17:57:00,1.83,1.87,0.82
A02411,S1,2026-05-04 08:32:00,2026-05-04 10:48:00,2.27,2.28,1.53
A02411,S2,2026-05-04 10:49:00,2026-05-04 14:27:00,3.41,3.64,0.01
A02411,S3,2026-05-04 21:40:00,2026-05-05 01:44:00,5.68,4.08,7.21
A02411,S4,2026-05-05 01:57:00,2026-05-05 08:24:00,4.54,6.46,0.2
A02411,S5,2026-05-05 13:36:00,2026-05-05 15:31:00,1.7,1.92,5.2
A02412,S1,2026-05-04 07:02:00,2026-05-04 10:08:00,3.05,3.1,0.03
A02412,S2,2026-05-04 11:06:00,2026-05-04 15:46:00,4.57,4.66,0.98
A02412,S3,2026-05-04 18:15:00,2026-05-05 03:35:00,7.62,9.34,2.49
A02412,S4,2026-05-05 06:35:00,2026-05-05 15:16:00,6.1,8.68,2.99
A02412,S5,2026-05-05 18:43:00,2026-05-05 21:15:00,2.29,2.54,3.44
A02413,S1,2026-05-04 08:08:00,2026-05-04 10:14:00,2.26,2.1,1.13
A02413,S2,2026-05-04 11:30:00,2026-05-04 15:15:00,3.38,3.75,1.27
A02413,S3,2026-05-04 17:15:00,2026-05-04 22:34:00,5.64,5.32,1.99
A02413,S4,2026-05-04 23:12:00,2026-05-05 01:59:00,4.51,2.77,0.64
A02413,S5,2026-05-05 02:03:00,2026-05-05 03:46:00,1.69,1.71,0.08
A02414,S1,2026-05-04 08:05:00,2026-05-04 11:05:00,2.76,3.0,1.08
A02414,S2,2026-05-04 11:36:00,2026-05-04 16:06:00,4.14,4.5,0.52
A02414,S3,2026-05-04 19:15:00,2026-05-05 01:01:00,6.9,5.77,3.14
A02414,S4,2026-05-05 09:11:00,2026-05-05 17:30:00,5.52,8.32,8.17
A02414,S5,2026-05-05 18:33:00,2026-05-05 21:03:00,2.07,2.51,1.04
A02415,S1,2026-05-04 07:29:00,2026-05-04 09:55:00,2.5,2.43,0.49
A02415,S2,2026-05-04 14:26:00,2026-05-04 19:54:00,3.74,5.46,4.52
A02415,S3,2026-05-04 21:35:00,2026-05-05 03:36:00,6.24,6.01,1.69
A02415,S4,2026-05-05 14:30:00,2026-05-05 18:25:00,4.99,3.9,10.91
A02415,S5,2026-05-05 20:21:00,2026-05-05 22:12:00,1.87,1.84,1.94
A02416,S1,2026-05-04 07:29:00,2026-05-04 10:26:00,3.1,2.95,0.48
A02416,S2,2026-05-04 13:18:00,2026-05-04 19:03:00,4.65,5.75,2.88
A02416,S3,2026-05-05 08:57:00,2026-05-05 19:26:00,7.75,10.47,13.9
A02416,S4,2026-05-06 05:06:00,2026-05-06 14:59:00,6.2,9.88,9.68
A02416,S5,2026-05-06 15:52:00,2026-05-06 17:55:00,2.33,2.06,0.87
A02417,S1,2026-05-05 07:31:00,2026-05-05 09:42:00,2.14,2.18,0.52
A02417,S2,2026-05-05 10:31:00,2026-05-05 14:07:00,3.21,3.61,0.81
A02417,S3,2026-05-05 21:21:00,2026-05-06 04:22:00,5.35,7.02,7.24
A02417,S4,2026-05-06 10:47:00,2026-05-06 14:22:00,4.28,3.59,6.41
A02417,S5,2026-05-07 02:25:00,2026-05-07 04:24:00,1.6,1.97,12.05
A02418,S1,2026-05-06 08:24:00,2026-05-06 10:20:00,2.1,1.92,1.4
A02418,S2,2026-05-06 12:07:00,2026-05-06 15:10:00,3.14,3.05,1.79
A02418,S3,2026-05-06 16:06:00,2026-05-07 00:22:00,5.24,8.28,0.93
A02418,S4,2026-05-07 19:10:00,2026-05-08 00:29:00,4.19,5.31,18.8
A02418,S5,2026-05-08 00:48:00,2026-05-08 02:26:00,1.57,1.64,0.31
A02419,S1,2026-05-06 09:58:00,2026-05-06 15:42:00,4.72,5.73,2.96
A02419,S2,2026-05-07 01:43:00,2026-05-07 09:07:00,7.08,7.41,10.02
A02419,S3,2026-05-07 13:21:00,2026-05-07 23:30:00,11.8,10.15,4.22
A02419,S4,2026-05-08 10:47:00,2026-05-08 23:00:00,9.44,12.22,11.28
A02419,S5,2026-05-09 02:19:00,2026-05-09 06:04:00,3.54,3.75,3.32
A02420,S1,2026-05-06 08:07:00,2026-05-06 10:51:00,2.74,2.73,1.12
A02420,S2,2026-05-06 11:03:00,2026-05-06 16:56:00,4.11,5.87,0.21
A02420,S3,2026-05-06 22:39:00,2026-05-07 05:18:00,6.85,6.66,5.71
A02420,S4,2026-05-07 08:36:00,2026-05-07 15:22:00,5.48,6.78,3.29
A02420,S5,2026-05-07 15:23:00,2026-05-07 17:26:00,2.06,2.05,0.01
A02421,S1,2026-05-06 07:08:00,2026-05-06 10:29:00,2.95,3.36,0.13
A02421,S2,2026-05-06 10:29:00,2026-05-06 15:48:00,4.43,5.3,0.0
A02421,S3,2026-05-06 16:17:00,2026-05-07 00:35:00,7.38,8.31,0.49
A02421,S4,2026-05-07 04:16:00,2026-05-07 07:14:00,5.9,2.97,3.68
A02421,S5,2026-05-07 07:21:00,2026-05-07 09:44:00,2.21,2.38,0.12
A02422,S1,2026-05-06 07:50:00,2026-05-06 09:56:00,1.82,2.1,0.83
A02422,S2,2026-05-06 14:43:00,2026-05-06 17:56:00,2.74,3.23,4.77
A02422,S3,2026-05-06 18:21:00,2026-05-06 22:20:00,4.56,3.99,0.4
A02422,S4,2026-05-07 03:12:00,2026-05-07 07:55:00,3.65,4.71,4.87
A02422,S5,2026-05-07 08:14:00,2026-05-07 09:41:00,1.37,1.45,0.32
A02423,S1,2026-05-06 08:58:00,2026-05-06 11:29:00,2.14,2.51,1.97
A02423,S2,2026-05-06 11:58:00,2026-05-06 15:21:00,3.22,3.38,0.48
A02423,S3,2026-05-06 18:39:00,2026-05-06 23:00:00,5.36,4.35,3.3
A02423,S4,2026-05-07 02:33:00,2026-05-07 06:06:00,4.29,3.55,3.54
A02423,S5,2026-05-07 07:14:00,2026-05-07 09:08:00,1.61,1.9,1.14
A02424,S1,2026-05-06 09:32:00,2026-05-06 12:08:00,2.38,2.59,2.53
A02424,S2,2026-05-06 15:03:00,2026-05-06 18:49:00,3.57,3.78,2.91
A02424,S3,2026-05-07 01:50:00,2026-05-07 09:35:00,5.95,7.74,7.02
A02424,S4,2026-05-08 19:15:00,2026-05-08 21:57:00,4.76,2.69,33.67
A02424,S5,2026-05-09 04:06:00,2026-05-09 06:16:00,1.78,2.17,6.15
A02425,S1,2026-05-07 07:26:00,2026-05-07 10:28:00,2.66,3.04,0.43
A02425,S2,2026-05-07 12:39:00,2026-05-07 16:50:00,4.0,4.18,2.19
A02425,S3,2026-05-07 17:02:00,2026-05-08 01:24:00,6.66,8.37,0.19
A02425,S4,2026-05-09 05:16:00,2026-05-09 13:09:00,5.33,7.89,27.87
A02425,S5,2026-05-09 15:24:00,2026-05-09 17:28:00,2.0,2.06,2.25
A02426,S1,2026-05-07 07:22:00,2026-05-07 12:54:00,4.64,5.53,0.37
A02426,S2,2026-05-07 19:31:00,2026-05-08 03:40:00,6.96,8.15,6.61
A02426,S3,2026-05-08 04:41:00,2026-05-08 21:05:00,11.6,16.39,1.02
A02426,S4,2026-05-09 04:05:00,2026-05-09 17:45:00,9.28,13.67,7.0
A02426,S5,2026-05-09 21:54:00,2026-05-10 02:27:00,3.48,4.55,4.14
A02427,S1,2026-05-07 07:25:00,2026-05-07 11:03:00,3.07,3.63,0.42
A02427,S2,2026-05-07 14:31:00,2026-05-07 18:32:00,4.61,4.0,3.47
A02427,S3,2026-05-08 03:55:00,2026-05-08 10:38:00,7.68,6.72,9.39
A02427,S4,2026-05-09 00:32:00,2026-05-09 09:51:00,6.14,9.32,13.89
A02427,S5,2026-05-09 13:21:00,2026-05-09 15:49:00,2.3,2.47,3.5
A02428,S1,2026-05-08 07:14:00,2026-05-08 10:23:00,3.49,3.15,0.23
A02428,S2,2026-05-08 13:29:00,2026-05-08 19:18:00,5.23,5.81,3.1
A02428,S3,2026-05-08 19:29:00,2026-05-09 04:29:00,8.72,8.99,0.19
A02428,S4,2026-05-09 16:19:00,2026-05-10 00:33:00,6.98,8.22,11.84
A02428,S5,2026-05-10 02:15:00,2026-05-10 05:27:00,2.62,3.19,1.71
A02429,S1,2026-05-09 07:22:00,2026-05-09 09:17:00,1.68,1.92,0.36
A02429,S2,2026-05-09 09:20:00,2026-05-09 12:19:00,2.52,2.98,0.05
A02429,S3,2026-05-09 18:57:00,2026-05-09 23:44:00,4.2,4.78,6.64
A02429,S4,2026-05-10 02:23:00,2026-05-10 05:39:00,3.36,3.26,2.64
A02429,S5,2026-05-10 08:56:00,2026-05-10 10:14:00,1.26,1.29,3.29
A02430,S1,2026-05-09 08:34:00,2026-05-09 11:36:00,2.84,3.05,1.56
A02430,S2,2026-05-09 11:53:00,2026-05-09 15:40:00,4.26,3.77,0.28
A02430,S3,2026-05-09 19:39:00,2026-05-10 05:00:00,7.1,9.35,3.99
A02430,S4,2026-05-10 14:31:00,2026-05-10 21:43:00,5.68,7.2,9.52
A02430,S5,2026-05-10 22:01:00,2026-05-10 23:53:00,2.13,1.86,0.3
A02431,S1,2026-05-09 07:08:00,2026-05-09 10:07:00,2.95,3.0,0.13
A02431,S2,2026-05-09 14:04:00,2026-05-09 19:12:00,4.43,5.12,3.95
A02431,S3,2026-05-09 19:22:00,2026-05-10 04:05:00,7.38,8.72,0.17
A02431,S4,2026-05-10 14:28:00,2026-05-10 21:22:00,5.9,6.89,10.39
A02431,S5,2026-05-11 01:07:00,2026-05-11 03:18:00,2.21,2.19,3.75
A02432,S1,2026-05-10 07:07:00,2026-05-10 09:54:00,2.2,2.77,0.12
A02432,S2,2026-05-10 11:30:00,2026-05-10 15:13:00,3.3,3.72,1.61
A02432,S3,2026-05-10 15:49:00,2026-05-10 20:15:00,5.5,4.43,0.6
A02432,S4,2026-05-11 00:14:00,2026-05-11 10:52:00,4.4,10.64,3.98
A02432,S5,2026-05-11 16:12:00,2026-05-11 18:03:00,1.65,1.85,5.32
A02433,S1,2026-05-10 08:46:00,2026-05-10 11:22:00,2.86,2.61,1.76
A02433,S2,2026-05-10 11:46:00,2026-05-10 15:44:00,4.29,3.96,0.4
A02433,S3,2026-05-11 12:33:00,2026-05-11 19:18:00,7.15,6.76,20.81
A02433,S4,2026-05-12 04:53:00,2026-05-12 11:50:00,5.72,6.94,9.59
A02433,S5,2026-05-12 12:47:00,2026-05-12 15:05:00,2.14,2.3,0.95
A02434,S1,2026-05-11 09:43:00,2026-05-11 13:44:00,4.16,4.03,2.71
A02434,S2,2026-05-11 15:40:00,2026-05-11 23:46:00,6.24,8.11,1.92
A02434,S3,2026-05-12 05:09:00,2026-05-12 13:42:00,10.4,8.54,5.39
A02434,S4,2026-05-13 11:32:00,2026-05-13 17:40:00,8.32,6.13,21.85
A02434,S5,2026-05-13 18:16:00,2026-05-13 21:12:00,3.12,2.94,0.59
A02435,S1,2026-05-11 07:16:00,2026-05-11 10:59:00,3.19,3.71,0.27
A02435,S2,2026-05-11 16:57:00,2026-05-11 20:49:00,4.79,3.87,5.97
A02435,S3,2026-05-11 23:22:00,2026-05-12 06:38:00,7.98,7.26,2.56
A02435,S4,2026-05-12 06:47:00,2026-05-12 13:02:00,6.38,6.25,0.15
A02435,S5,2026-05-12 14:52:00,2026-05-12 17:20:00,2.39,2.48,1.82
A02436,S1,2026-05-11 08:57:00,2026-05-11 12:17:00,2.78,3.34,1.94
A02436,S2,2026-05-11 14:30:00,2026-05-11 18:51:00,4.17,4.36,2.22
A02436,S3,2026-05-11 19:56:00,2026-05-12 04:06:00,6.95,8.16,1.08
A02436,S4,2026-05-12 09:50:00,2026-05-12 15:30:00,5.56,5.66,5.74
A02436,S5,2026-05-12 22:52:00,2026-05-13 00:56:00,2.08,2.07,7.38
A02437,S1,2026-05-11 07:22:00,2026-05-11 12:17:00,6.24,4.92,0.36
A02437,S2,2026-05-11 14:28:00,2026-05-12 00:30:00,9.36,10.03,2.19
A02437,S3,2026-05-12 12:55:00,2026-05-13 10:31:00,15.6,21.6,12.42
A02437,S4,2026-05-14 00:22:00,2026-05-14 18:25:00,12.48,18.06,13.84
A02437,S5,2026-05-14 19:04:00,2026-05-15 01:11:00,4.68,6.12,0.65
A02438,S1,2026-05-11 07:35:00,2026-05-11 10:22:00,2.24,2.79,0.58
A02438,S2,2026-05-11 11:34:00,2026-05-11 15:28:00,3.36,3.89,1.21
A02438,S3,2026-05-11 17:19:00,2026-05-11 22:57:00,5.6,5.64,1.85
A02438,S4,2026-05-12 09:06:00,2026-05-12 13:21:00,4.48,4.25,10.14
A02438,S5,2026-05-12 15:51:00,2026-05-12 17:54:00,1.68,2.06,2.5
A02439,S1,2026-05-11 07:57:00,2026-05-11 09:57:00,2.03,2.01,0.94
A02439,S2,2026-05-11 10:28:00,2026-05-11 13:42:00,3.05,3.23,0.51
A02439,S3,2026-05-11 14:29:00,2026-05-11 20:07:00,5.08,5.63,0.78
A02439,S4,2026-05-12 01:31:00,2026-05-12 03:15:00,4.06,1.72,5.4
A02439,S5,2026-05-12 03:15:00,2026-05-12 04:57:00,1.52,1.7,0.01
A02440,S1,2026-05-12 07:19:00,2026-05-12 09:51:00,2.22,2.53,0.31
A02440,S2,2026-05-12 10:53:00,2026-05-12 14:52:00,3.33,3.98,1.04
A02440,S3,2026-05-12 17:01:00,2026-05-12 23:03:00,5.55,6.03,2.14
A02440,S4,2026-05-13 06:28:00,2026-05-13 13:06:00,4.44,6.63,7.42
A02440,S5,2026-05-13 15:19:00,2026-05-13 16:56:00,1.66,1.61,2.22
A02441,S1,2026-05-12 08:53:00,2026-05-12 12:22:00,3.24,3.49,1.88
A02441,S2,2026-05-12 14:33:00,2026-05-12 19:19:00,4.86,4.78,2.17
A02441,S3,2026-05-12 19:44:00,2026-05-13 04:04:00,8.1,8.34,0.41
A02441,S4,2026-05-13 12:58:00,2026-05-13 16:59:00,6.48,4.02,8.89
A02441,S5,2026-05-13 18:46:00,2026-05-13 21:16:00,2.43,2.5,1.78
A02442,S1,2026-05-13 07:23:00,2026-05-13 11:40:00,4.2,4.28,0.39
A02442,S2,2026-05-13 13:50:00,2026-05-13 19:30:00,6.3,5.67,2.16
A02442,S3,2026-05-14 00:24:00,2026-05-14 09:02:00,10.5,8.64,4.9
A02442,S4,2026-05-14 10:41:00,2026-05-15 03:21:00,8.4,16.66,1.66
A02442,S5,2026-05-15 03:54:00,2026-05-15 07:23:00,3.15,3.48,0.55
A02443,S1,2026-05-13 07:21:00,2026-05-13 09:38:00,2.38,2.29,0.35
A02443,S2,2026-05-13 11:23:00,2026-05-13 15:28:00,3.57,4.09,1.74
A02443,S3,2026-05-13 15:58:00,2026-05-13 23:17:00,5.95,7.32,0.5
A02443,S4,2026-05-14 17:50:00,2026-05-14 22:34:00,4.76,4.73,18.54
A02443,S5,2026-05-14 23:41:00,2026-05-15 01:14:00,1.78,1.55,1.12
A02444,S1,2026-05-13 09:09:00,2026-05-13 13:44:00,4.54,4.58,2.15
A02444,S2,2026-05-13 19:19:00,2026-05-14 02:14:00,6.82,6.92,5.59
A02444,S3,2026-05-14 03:24:00,2026-05-14 10:40:00,11.36,7.27,1.17
A02444,S4,2026-05-14 14:41:00,2026-05-15 02:15:00,9.09,11.56,4.01
A02444,S5,2026-05-15 05:39:00,2026-05-15 09:24:00,3.41,3.75,3.41
A02445,S1,2026-05-13 07:13:00,2026-05-13 12:44:00,5.04,5.52,0.22
A02445,S2,2026-05-13 14:22:00,2026-05-13 20:46:00,7.56,6.41,1.62
A02445,S3,2026-05-14 01:39:00,2026-05-14 15:54:00,12.6,14.25,4.88
A02445,S4,2026-05-15 03:37:00,2026-05-15 16:30:00,10.08,12.88,11.72
A02445,S5,2026-05-15 18:01:00,2026-05-15 21:53:00,3.78,3.86,1.52
A02446,S1,2026-05-14 08:30:00,2026-05-14 10:39:00,2.1,2.16,1.5
A02446,S2,2026-05-14 14:03:00,2026-05-14 17:58:00,3.15,3.92,3.39
A02446,S3,2026-05-14 19:03:00,2026-05-15 00:09:00,5.25,5.09,1.08
A02446,S4,2026-05-15 19:54:00,2026-05-15 22:19:00,4.2,2.41,19.76
A02446,S5,2026-05-16 00:21:00,2026-05-16 02:02:00,1.58,1.67,2.04
A02447,S1,2026-05-14 08:52:00,2026-05-14 12:38:00,3.52,3.78,1.86
A02447,S2,2026-05-14 13:11:00,2026-05-14 19:04:00,5.28,5.89,0.54
A02447,S3,2026-05-14 20:48:00,2026-05-15 06:49:00,8.8,10.02,1.74
A02447,S4,2026-05-16 09:48:00,2026-05-16 19:49:00,7.04,10.02,26.97
A02447,S5,2026-05-16 21:48:00,2026-05-17 00:55:00,2.64,3.11,1.99
A02448,S1,2026-05-14 11:14:00,2026-05-14 13:36:00,2.08,2.36,4.23
A02448,S2,2026-05-14 14:02:00,2026-05-14 17:05:00,3.12,3.05,0.44
A02448,S3,2026-05-14 17:49:00,2026-05-15 02:01:00,5.2,8.2,0.73
A02448,S4,2026-05-15 05:22:00,2026-05-15 13:08:00,4.16,7.76,3.35
A02448,S5,2026-05-15 14:07:00,2026-05-15 15:45:00,1.56,1.63,0.98
A02449,S1,2026-05-14 07:05:00,2026-05-14 12:13:00,4.68,5.13,0.08
A02449,S2,2026-05-14 13:43:00,2026-05-14 20:09:00,7.02,6.43,1.51
A02449,S3,2026-05-14 20:51:00,2026-05-15 06:14:00,11.7,9.38,0.69
A02449,S4,2026-05-15 06:46:00,2026-05-15 18:45:00,9.36,11.99,0.53
A02449,S5,2026-05-15 23:49:00,2026-05-16 04:12:00,3.51,4.39,5.06
A02450,S1,2026-05-15 09:20:00,2026-05-15 11:34:00,1.9,2.25,2.33
A02450,S2,2026-05-15 12:07:00,2026-05-15 15:20:00,2.86,3.21,0.55
A02450,S3,2026-05-15 15:29:00,2026-05-15 21:04:00,4.76,5.58,0.15
A02450,S4,2026-05-16 21:06:00,2026-05-16 23:42:00,3.81,2.61,24.03
A02450,S5,2026-05-17 01:34:00,2026-05-17 03:02:00,1.43,1.47,1.86
A02451,S1,2026-05-15 07:37:00,2026-05-15 09:36:00,2.24,1.99,0.62
A02451,S2,2026-05-15 11:52:00,2026-05-15 15:49:00,3.36,3.95,2.27
A02451,S3,2026-05-15 17:01:00,2026-05-15 22:39:00,5.6,5.62,1.2
A02451,S4,2026-05-16 05:55:00,2026-05-16 09:20:00,4.48,3.42,7.27
A02451,S5,2026-05-16 10:12:00,2026-05-16 12:09:00,1.68,1.96,0.87
A02452,S1,2026-05-15 07:37:00,2026-05-15 09:37:00,1.86,2.01,0.61
A02452,S2,2026-05-15 12:38:00,2026-05-15 15:34:00,2.78,2.93,3.0
A02452,S3,2026-05-15 18:09:00,2026-05-15 23:55:00,4.64,5.75,2.6
A02452,S4,2026-05-16 06:33:00,2026-05-16 09:22:00,3.71,2.81,6.64
A02452,S5,2026-05-16 10:24:00,2026-05-16 11:37:00,1.39,1.22,1.03
A02453,S1,2026-05-15 07:10:00,2026-05-15 12:37:00,5.44,5.45,0.17
A02453,S2,2026-05-15 16:37:00,2026-05-16 01:09:00,8.16,8.53,3.99
A02453,S3,2026-05-16 01:21:00,2026-05-16 21:56:00,13.6,20.59,0.21
A02453,S4,2026-05-17 02:25:00,2026-05-17 11:58:00,10.88,9.55,4.48
A02453,S5,2026-05-17 12:36:00,2026-05-17 16:01:00,4.08,3.41,0.63
A02454,S1,2026-05-15 07:56:00,2026-05-15 11:31:00,3.9,3.59,0.93
A02454,S2,2026-05-15 12:03:00,2026-05-15 18:05:00,5.86,6.02,0.53
A02454,S3,2026-05-15 23:43:00,2026-05-16 07:26:00,9.76,7.72,5.64
A02454,S4,2026-05-16 07:39:00,2026-05-16 18:38:00,7.81,10.98,0.22
A02454,S5,2026-05-16 21:08:00,2026-05-17 00:21:00,2.93,3.22,2.5
A02455,S1,2026-05-15 07:56:00,2026-05-15 10:56:00,2.76,3.0,0.94
A02455,S2,2026-05-15 11:24:00,2026-05-15 15:36:00,4.14,4.2,0.46
A02455,S3,2026-05-15 19:39:00,2026-05-16 01:05:00,6.9,5.43,4.05
A02455,S4,2026-05-16 04:02:00,2026-05-16 10:08:00,5.52,6.09,2.95
A02455,S5,2026-05-16 11:02:00,2026-05-16 13:05:00,2.07,2.05,0.9
A02456,S1,2026-05-15 07:05:00,2026-05-15 12:43:00,5.56,5.65,0.08
A02456,S2,2026-05-15 14:50:00,2026-05-15 23:25:00,8.34,8.59,2.1
A02456,S3,2026-05-16 05:08:00,2026-05-16 17:32:00,13.9,12.4,5.72
A02456,S4,2026-05-16 23:43:00,2026-05-17 09:26:00,11.12,9.73,6.18
A02456,S5,2026-05-17 12:12:00,2026-05-17 15:50:00,4.17,3.64,2.76
A02457,S1,2026-05-15 09:25:00,2026-05-15 11:46:00,2.5,2.36,2.41
A02457,S2,2026-05-15 13:16:00,2026-05-15 17:14:00,3.75,3.97,1.5
A02457,S3,2026-05-15 18:40:00,2026-05-16 03:17:00,6.25,8.62,1.43
A02457,S4,2026-05-17 05:11:00,2026-05-17 09:53:00,5.0,4.69,25.9
A02457,S5,2026-05-17 13:23:00,2026-05-17 15:01:00,1.88,1.63,3.51
A02458,S1,2026-05-16 07:37:00,2026-05-16 13:12:00,5.28,5.57,0.62
A02458,S2,2026-05-16 13:26:00,2026-05-16 20:27:00,7.92,7.02,0.24
A02458,S3,2026-05-16 23:23:00,2026-05-17 11:17:00,13.2,11.89,2.93
A02458,S4,2026-05-18 10:53:00,2026-05-18 19:58:00,10.56,9.08,23.6
A02458,S5,2026-05-18 22:44:00,2026-05-19 02:49:00,3.96,4.08,2.78
A02459,S1,2026-05-17 08:07:00,2026-05-17 14:03:00,6.12,5.93,1.12
A02459,S2,2026-05-17 14:19:00,2026-05-17 22:31:00,9.18,8.19,0.27
A02459,S3,2026-05-17 23:25:00,2026-05-18 17:59:00,15.3,18.58,0.9
A02459,S4,2026-05-19 21:12:00,2026-05-20 08:30:00,12.24,11.3,27.22
A02459,S5,2026-05-20 11:12:00,2026-05-20 16:10:00,4.59,4.98,2.69
A02460,S1,2026-05-17 10:36:00,2026-05-17 14:40:00,2.98,4.08,3.59
A02460,S2,2026-05-17 16:15:00,2026-05-17 19:24:00,4.47,3.15,1.58
A02460,S3,2026-05-18 01:48:00,2026-05-18 07:22:00,7.45,5.56,6.4
A02460,S4,2026-05-18 14:03:00,2026-05-18 18:02:00,5.96,3.98,6.69
A02460,S5,2026-05-18 18:19:00,2026-05-18 20:26:00,2.24,2.11,0.29
A02461,S1,2026-05-17 07:06:00,2026-05-17 09:53:00,2.38,2.79,0.1
A02461,S2,2026-05-17 12:58:00,2026-05-17 17:17:00,3.57,4.31,3.09
A02461,S3,2026-05-17 18:06:00,2026-05-18 02:42:00,5.95,8.6,0.81
A02461,S4,2026-05-18 12:57:00,2026-05-18 16:45:00,4.76,3.81,10.25
A02461,S5,2026-05-18 17:39:00,2026-05-18 19:32:00,1.78,1.88,0.9
A02462,S1,2026-05-17 07:17:00,2026-05-17 12:09:00,5.72,4.87,0.29
A02462,S2,2026-05-17 14:00:00,2026-05-18 00:00:00,8.58,9.99,1.85
A02462,S3,2026-05-18 02:23:00,2026-05-18 14:23:00,14.3,12.0,2.39
A02462,S4,2026-05-18 14:53:00,2026-05-19 12:42:00,11.44,21.81,0.5
A02462,S5,2026-05-19 13:55:00,2026-05-19 19:10:00,4.29,5.25,1.22
A02463,S1,2026-05-17 07:56:00,2026-05-17 09:47:00,2.26,1.85,0.94
A02463,S2,2026-05-17 10:11:00,2026-05-17 13:44:00,3.39,3.54,0.4
A02463,S3,2026-05-17 15:02:00,2026-05-17 19:48:00,5.65,4.76,1.31
A02463,S4,2026-05-18 04:53:00,2026-05-18 09:57:00,4.52,5.06,9.09
A02463,S5,2026-05-18 11:41:00,2026-05-18 13:25:00,1.69,1.73,1.74
A02464,S1,2026-05-17 12:37:00,2026-05-17 14:58:00,2.42,2.34,5.62
A02464,S2,2026-05-17 17:29:00,2026-05-17 21:10:00,3.63,3.68,2.53
A02464,S3,2026-05-17 23:23:00,2026-05-18 04:26:00,6.05,5.05,2.21
A02464,S4,2026-05-18 10:32:00,2026-05-18 14:42:00,4.84,4.16,6.11
A02464,S5,2026-05-18 17:54:00,2026-05-18 19:50:00,1.82,1.93,3.21
A02465,S1,2026-05-17 09:00:00,2026-05-17 14:59:00,5.09,5.99,2.0
A02465,S2,2026-05-17 15:21:00,2026-05-17 23:22:00,7.63,8.02,0.36
A02465,S3,2026-05-18 01:07:00,2026-05-18 14:28:00,12.72,13.36,1.74
A02465,S4,2026-05-19 04:11:00,2026-05-19 12:48:00,10.18,8.62,13.72
A02465,S5,2026-05-19 14:18:00,2026-05-19 17:59:00,3.82,3.68,1.49
A02466,S1,2026-05-17 09:32:00,2026-05-17 12:48:00,3.16,3.26,2.54
A02466,S2,2026-05-17 13:23:00,2026-05-17 17:54:00,4.74,4.53,0.58
A02466,S3,2026-05-17 23:34:00,2026-05-18 08:31:00,7.9,8.95,5.66
A02466,S4,2026-05-19 10:34:00,2026-05-19 16:22:00,6.32,5.79,26.06
A02466,S5,2026-05-19 17:28:00,2026-05-19 19:21:00,2.37,1.88,1.11
A02467,S1,2026-05-18 07:01:00,2026-05-18 11:26:00,4.51,4.4,0.02
A02467,S2,2026-05-18 14:50:00,2026-05-18 22:30:00,6.77,7.67,3.4
A02467,S3,2026-05-19 00:41:00,2026-05-19 14:43:00,11.28,14.03,2.19
A02467,S4,2026-05-19 15:15:00,2026-05-20 00:14:00,9.02,8.99,0.52
A02467,S5,2026-05-20 01:12:00,2026-05-20 05:01:00,3.38,3.82,0.96
A02468,S1,2026-05-18 07:46:00,2026-05-18 10:53:00,2.9,3.11,0.77
A02468,S2,2026-05-18 12:40:00,2026-05-18 16:21:00,4.35,3.67,1.79
A02468,S3,2026-05-18 21:37:00,2026-05-19 05:28:00,7.25,7.86,5.27
A02468,S4,2026-05-19 12:34:00,2026-05-19 15:03:00,5.8,2.48,7.1
A02468,S5,2026-05-19 19:21:00,2026-05-19 21:36:00,2.17,2.25,4.3
A02469,S1,2026-05-18 09:47:00,2026-05-18 13:57:00,4.74,4.16,2.79
A02469,S2,2026-05-18 15:34:00,2026-05-18 22:11:00,7.1,6.62,1.63
A02469,S3,2026-05-19 03:25:00,2026-05-19 16:50:00,11.84,13.42,5.24
A02469,S4,2026-05-19 18:11:00,2026-05-20 04:39:00,9.47,10.47,1.34
A02469,S5,2026-05-20 05:15:00,2026-05-20 09:50:00,3.55,4.58,0.6
A02470,S1,2026-05-18 07:00:00,2026-05-18 11:40:00,4.0,4.65,0.01
A02470,S2,2026-05-18 13:56:00,2026-05-18 20:04:00,6.0,6.14,2.28
A02470,S3,2026-05-18 23:54:00,2026-05-19 10:28:00,10.0,10.57,3.83
A02470,S4,2026-05-19 17:18:00,2026-05-20 10:02:00,8.0,16.74,6.82
A02470,S5,2026-05-20 10:35:00,2026-05-20 13:14:00,3.0,2.65,0.56
A02471,S1,2026-05-18 08:04:00,2026-05-18 10:11:00,1.94,2.13,1.06
A02471,S2,2026-05-18 10:32:00,2026-05-18 13:01:00,2.9,2.48,0.35
A02471,S3,2026-05-18 13:05:00,2026-05-18 19:55:00,4.84,6.85,0.06
A02471,S4,2026-05-18 22:22:00,2026-05-19 02:11:00,3.87,3.82,2.45
A02471,S5,2026-05-19 02:34:00,2026-05-19 04:05:00,1.45,1.51,0.38
A02472,S1,2026-05-18 07:04:00,2026-05-18 10:17:00,2.69,3.23,0.06
A02472,S2,2026-05-18 12:16:00,2026-05-18 17:21:00,4.03,5.1,1.97
A02472,S3,2026-05-18 18:40:00,2026-05-19 00:45:00,6.72,6.09,1.3
A02472,S4,2026-05-19 02:13:00,2026-05-19 08:16:00,5.38,6.04,1.48
A02472,S5,2026-05-19 12:03:00,2026-05-19 14:15:00,2.02,2.2,3.78
A02473,S1,2026-05-19 07:23:00,2026-05-19 10:00:00,2.5,2.61,0.39
A02473,S2,2026-05-19 10:23:00,2026-05-19 13:55:00,3.74,3.54,0.39
A02473,S3,2026-05-19 14:22:00,2026-05-19 20:24:00,6.24,6.03,0.44
A02473,S4,2026-05-19 23:37:00,2026-05-20 03:40:00,4.99,4.05,3.23
A02473,S5,2026-05-20 07:10:00,2026-05-20 08:50:00,1.87,1.66,3.49
A02474,S1,2026-05-19 09:30:00,2026-05-19 13:20:00,3.0,3.84,2.5
A02474,S2,2026-05-19 13:52:00,2026-05-19 18:33:00,4.5,4.69,0.54
A02474,S3,2026-05-19 19:29:00,2026-05-20 02:57:00,7.5,7.48,0.92
A02474,S4,2026-05-20 10:33:00,2026-05-20 19:36:00,6.0,9.05,7.6
A02474,S5,2026-05-20 22:45:00,2026-05-21 00:41:00,2.25,1.94,3.14
A02475,S1,2026-05-19 07:08:00,2026-05-19 09:52:00,2.68,2.73,0.13
A02475,S2,2026-05-19 09:58:00,2026-05-19 15:40:00,4.02,5.7,0.1
A02475,S3,2026-05-19 18:31:00,2026-05-20 01:15:00,6.7,6.74,2.85
A02475,S4,2026-05-21 22:31:00,2026-05-22 03:04:00,5.36,4.55,45.26
A02475,S5,2026-05-22 03:41:00,2026-05-22 05:54:00,2.01,2.22,0.62
A02476,S1,2026-05-19 07:04:00,2026-05-19 08:59:00,2.32,1.92,0.07
A02476,S2,2026-05-19 13:41:00,2026-05-19 17:59:00,3.48,4.29,4.7
A02476,S3,2026-05-19 23:10:00,2026-05-20 05:59:00,5.8,6.81,5.18
A02476,S4,2026-05-20 06:10:00,2026-05-20 13:59:00,4.64,7.83,0.19
A02476,S5,2026-05-20 22:16:00,2026-05-21 00:19:00,1.74,2.05,8.28
A02477,S1,2026-05-19 07:57:00,2026-05-19 11:29:00,2.82,3.54,0.95
A02477,S2,2026-05-19 11:34:00,2026-05-19 16:42:00,4.23,5.13,0.08
A02477,S3,2026-05-19 21:11:00,2026-05-20 04:45:00,7.05,7.57,4.48
A02477,S4,2026-05-20 07:53:00,2026-05-20 12:34:00,5.64,4.69,3.14
A02477,S5,2026-05-20 13:01:00,2026-05-20 15:08:00,2.11,2.12,0.44
A02478,S1,2026-05-20 07:15:00,2026-05-20 13:10:00,5.72,5.92,0.26
A02478,S2,2026-05-20 13:20:00,2026-05-20 19:54:00,8.58,6.56,0.17
A02478,S3,2026-05-21 00:38:00,2026-05-21 20:16:00,14.3,19.64,4.72
A02478,S4,2026-05-21 21:59:00,2026-05-22 10:08:00,11.44,12.15,1.71
A02478,S5,2026-05-22 11:13:00,2026-05-22 16:21:00,4.29,5.12,1.09
A02479,S1,2026-05-20 07:12:00,2026-05-20 11:03:00,3.1,3.85,0.2
A02479,S2,2026-05-20 11:39:00,2026-05-20 15:59:00,4.65,4.34,0.59
A02479,S3,2026-05-20 16:35:00,2026-05-21 02:15:00,7.75,9.68,0.6
A02479,S4,2026-05-21 04:06:00,2026-05-21 10:21:00,6.2,6.24,1.85
A02479,S5,2026-05-21 10:32:00,2026-05-21 13:01:00,2.33,2.47,0.19
A02480,S1,2026-05-21 07:47:00,2026-05-21 14:47:00,5.6,7.0,0.78
A02480,S2,2026-05-21 14:54:00,2026-05-22 01:47:00,8.4,10.9,0.11
A02480,S3,2026-05-22 03:07:00,2026-05-22 16:28:00,14.0,13.34,1.33
A02480,S4,2026-05-23 03:14:00,2026-05-23 12:49:00,11.2,9.58,10.77
A02480,S5,2026-05-23 13:01:00,2026-05-23 16:55:00,4.2,3.89,0.2
A02481,S1,2026-05-21 07:07:00,2026-05-21 11:10:00,3.71,4.05,0.12
A02481,S2,2026-05-21 11:57:00,2026-05-21 17:48:00,5.57,5.85,0.78
A02481,S3,2026-05-21 18:32:00,2026-05-22 02:29:00,9.28,7.94,0.74
A02481,S4,2026-05-22 06:46:00,2026-05-22 16:05:00,7.42,9.32,4.29
A02481,S5,2026-05-22 18:32:00,2026-05-22 21:33:00,2.78,3.01,2.46
A02482,S1,2026-05-21 07:11:00,2026-05-21 11:07:00,3.43,3.94,0.19
A02482,S2,2026-05-21 11:27:00,2026-05-21 17:12:00,5.15,5.75,0.34
A02482,S3,2026-05-21 19:45:00,2026-05-22 03:30:00,8.58,7.75,2.55
A02482,S4,2026-05-22 12:31:00,2026-05-22 19:48:00,6.86,7.28,9.01
A02482,S5,2026-05-22 23:06:00,2026-05-23 01:55:00,2.57,2.83,3.3
A02483,S1,2026-05-21 09:05:00,2026-05-21 13:28:00,4.2,4.38,2.09
A02483,S2,2026-05-21 15:29:00,2026-05-21 22:06:00,6.3,6.61,2.01
A02483,S3,2026-05-21 23:37:00,2026-05-22 09:11:00,10.5,9.56,1.53
A02483,S4,2026-05-22 21:52:00,2026-05-23 10:20:00,8.4,12.45,12.7
A02483,S5,2026-05-23 13:21:00,2026-05-23 17:07:00,3.15,3.76,3.03
A02484,S1,2026-05-21 08:18:00,2026-05-21 12:25:00,4.13,4.12,1.3
A02484,S2,2026-05-21 13:53:00,2026-05-21 19:40:00,6.19,5.78,1.46
A02484,S3,2026-05-21 20:52:00,2026-05-22 07:06:00,10.32,10.23,1.2
A02484,S4,2026-05-22 11:59:00,2026-05-22 20:37:00,8.26,8.64,4.89
A02484,S5,2026-05-22 22:37:00,2026-05-23 01:21:00,3.1,2.74,1.99
A02485,S1,2026-05-21 08:15:00,2026-05-21 11:12:00,2.92,2.94,1.25
A02485,S2,2026-05-21 16:01:00,2026-05-21 21:11:00,4.38,5.16,4.83
A02485,S3,2026-05-21 21:30:00,2026-05-22 03:26:00,7.3,5.94,0.32
A02485,S4,2026-05-22 08:00:00,2026-05-22 14:12:00,5.84,6.19,4.56
A02485,S5,2026-05-22 14:12:00,2026-05-22 16:15:00,2.19,2.04,0.01
A02486,S1,2026-05-22 08:03:00,2026-05-22 10:36:00,2.42,2.55,1.05
A02486,S2,2026-05-22 12:57:00,2026-05-22 17:23:00,3.62,4.43,2.36
A02486,S3,2026-05-22 23:07:00,2026-05-23 06:03:00,6.04,6.93,5.74
A02486,S4,2026-05-24 01:33:00,2026-05-24 08:23:00,4.83,6.85,19.49
A02486,S5,2026-05-24 16:26:00,2026-05-24 18:22:00,1.81,1.93,8.05
A02487,S1,2026-05-22 07:08:00,2026-05-22 10:50:00,3.81,3.71,0.13
A02487,S2,2026-05-22 11:05:00,2026-05-22 15:52:00,5.71,4.77,0.25
A02487,S3,2026-05-22 22:29:00,2026-05-23 08:25:00,9.52,9.94,6.62
A02487,S4,2026-05-23 17:27:00,2026-05-24 03:32:00,7.62,10.08,9.04
A02487,S5,2026-05-24 05:34:00,2026-05-24 08:35:00,2.86,3.03,2.03
A02488,S1,2026-05-22 07:27:00,2026-05-22 14:14:00,6.12,6.78,0.45
A02488,S2,2026-05-22 14:59:00,2026-05-23 00:23:00,9.18,9.4,0.76
A02488,S3,2026-05-23 01:24:00,2026-05-23 18:04:00,15.3,16.67,1.01
A02488,S4,2026-05-24 09:30:00,2026-05-24 20:56:00,12.24,11.42,15.44
A02488,S5,2026-05-24 21:51:00,2026-05-25 02:39:00,4.59,4.8,0.92
A02489,S1,2026-05-22 07:48:00,2026-05-22 09:35:00,1.95,1.77,0.8
A02489,S2,2026-05-22 10:57:00,2026-05-22 14:29:00,2.93,3.53,1.37
A02489,S3,2026-05-22 16:02:00,2026-05-22 21:39:00,4.88,5.61,1.55
A02489,S4,2026-05-23 00:51:00,2026-05-23 04:55:00,3.9,4.07,3.2
A02489,S5,2026-05-23 05:46:00,2026-05-23 07:16:00,1.46,1.49,0.85
A02490,S1,2026-05-22 08:23:00,2026-05-22 13:35:00,4.48,5.2,1.38
A02490,S2,2026-05-22 14:37:00,2026-05-22 19:51:00,6.72,5.24,1.03
A02490,S3,2026-05-22 22:20:00,2026-05-23 08:02:00,11.2,9.7,2.48
A02490,S4,2026-05-23 15:47:00,2026-05-23 23:01:00,8.96,7.24,7.75
A02490,S5,2026-05-24 00:00:00,2026-05-24 03:28:00,3.36,3.47,0.98
A02491,S1,2026-05-23 07:30:00,2026-05-23 11:14:00,3.46,3.73,0.5
A02491,S2,2026-05-23 11:15:00,2026-05-23 16:58:00,5.18,5.72,0.01
A02491,S3,2026-05-23 19:04:00,2026-05-24 03:47:00,8.64,8.71,2.1
A02491,S4,2026-05-24 09:22:00,2026-05-24 23:24:00,6.91,14.03,5.59
A02491,S5,2026-05-25 00:19:00,2026-05-25 03:27:00,2.59,3.12,0.92
A02492,S1,2026-05-23 11:13:00,2026-05-23 13:06:00,1.86,1.89,4.21
A02492,S2,2026-05-23 13:06:00,2026-05-23 15:51:00,2.78,2.74,0.01
A02492,S3,2026-05-23 17:37:00,2026-05-23 22:49:00,4.64,5.2,1.77
A02492,S4,2026-05-24 08:32:00,2026-05-24 11:54:00,3.71,3.37,9.71
A02492,S5,2026-05-24 13:12:00,2026-05-24 14:38:00,1.39,1.43,1.3
A02493,S1,2026-05-23 07:19:00,2026-05-23 13:55:00,5.76,6.59,0.32
A02493,S2,2026-05-23 14:12:00,2026-05-23 22:53:00,8.64,8.7,0.28
A02493,S3,2026-05-24 06:06:00,2026-05-24 18:03:00,14.4,11.95,7.2
A02493,S4,2026-05-24 20:01:00,2026-05-25 08:25:00,11.52,12.39,1.98
A02493,S5,2026-05-25 11:31:00,2026-05-25 15:57:00,4.32,4.43,3.1
A02494,S1,2026-05-23 08:18:00,2026-05-23 16:30:00,6.28,8.2,1.3
A02494,S2,2026-05-23 19:49:00,2026-05-24 06:53:00,9.42,11.05,3.32
A02494,S3,2026-05-24 08:19:00,2026-05-25 01:02:00,15.7,16.71,1.45
A02494,S4,2026-05-25 02:28:00,2026-05-25 12:08:00,12.56,9.66,1.44
A02494,S5,2026-05-25 13:58:00,2026-05-25 18:50:00,4.71,4.87,1.84
A02495,S1,2026-05-24 09:18:00,2026-05-24 12:34:00,3.55,3.27,2.3
A02495,S2,2026-05-24 13:27:00,2026-05-24 20:15:00,5.33,6.81,0.88
A02495,S3,2026-05-24 20:50:00,2026-05-25 09:43:00,8.88,12.89,0.57
A02495,S4,2026-05-25 10:06:00,2026-05-25 15:14:00,7.1,5.14,0.38
A02495,S5,2026-05-25 16:17:00,2026-05-25 19:17:00,2.66,3.0,1.04
A02496,S1,2026-05-24 10:11:00,2026-05-24 14:07:00,3.71,3.94,3.18
A02496,S2,2026-05-24 14:40:00,2026-05-24 19:19:00,5.57,4.64,0.56
A02496,S3,2026-05-24 21:38:00,2026-05-25 10:14:00,9.28,12.59,2.33
A02496,S4,2026-05-25 21:21:00,2026-05-26 04:18:00,7.42,6.96,11.12
A02496,S5,2026-05-26 04:20:00,2026-05-26 07:56:00,2.78,3.59,0.04
A02497,S1,2026-05-24 07:32:00,2026-05-24 10:28:00,2.8,2.94,0.53
A02497,S2,2026-05-24 11:59:00,2026-05-24 16:10:00,4.2,4.19,1.52
A02497,S3,2026-05-24 17:43:00,2026-05-25 02:33:00,7.0,8.83,1.55
A02497,S4,2026-05-25 15:54:00,2026-05-26 01:22:00,5.6,9.47,13.35
A02497,S5,2026-05-26 03:14:00,2026-05-26 05:21:00,2.1,2.13,1.86
A02498,S1,2026-05-24 07:43:00,2026-05-24 12:37:00,4.64,4.89,0.72
A02498,S2,2026-05-24 12:54:00,2026-05-24 20:34:00,6.96,7.66,0.29
A02498,S3,2026-05-24 20:41:00,2026-05-25 07:51:00,11.6,11.15,0.13
A02498,S4,2026-05-25 13:37:00,2026-05-26 03:54:00,9.28,14.28,5.78
A02498,S5,2026-05-26 08:10:00,2026-05-26 12:10:00,3.48,4.0,4.26
A02499,S1,2026-05-24 08:45:00,2026-05-24 10:36:00,1.74,1.85,1.76
A02499,S2,2026-05-24 15:00:00,2026-05-24 18:16:00,2.62,3.25,4.4
A02499,S3,2026-05-24 18:36:00,2026-05-24 23:16:00,4.36,4.68,0.33
A02499,S4,2026-05-25 01:38:00,2026-05-25 04:33:00,3.49,2.91,2.37
A02499,S5,2026-05-25 07:27:00,2026-05-25 08:47:00,1.31,1.34,2.9
A02500,S1,2026-05-25 08:00:00,2026-05-25 11:22:00,3.81,3.37,1.0
A02500,S2,2026-05-25 15:31:00,2026-05-25 20:21:00,5.71,4.83,4.15
A02500,S3,2026-05-25 21:41:00,2026-05-26 07:04:00,9.52,9.37,1.34
A02500,S4,2026-05-27 01:13:00,2026-05-27 06:52:00,7.62,5.64,18.15
A02500,S5,2026-05-27 12:17:00,2026-05-27 15:04:00,2.86,2.78,5.43
A02501,S1,2026-05-25 09:55:00,2026-05-25 15:25:00,4.93,5.51,2.91
A02501,S2,2026-05-25 15:32:00,2026-05-25 23:30:00,7.39,7.97,0.12
A02501,S3,2026-05-26 01:19:00,2026-05-26 15:32:00,12.32,14.22,1.82
A02501,S4,2026-05-26 17:17:00,2026-05-27 03:00:00,9.86,9.72,1.74
A02501,S5,2026-05-27 05:52:00,2026-05-27 10:51:00,3.7,4.98,2.86
A02502,S1,2026-05-25 08:49:00,2026-05-25 15:12:00,6.28,6.38,1.81
A02502,S2,2026-05-25 19:33:00,2026-05-26 04:52:00,9.42,9.32,4.35
A02502,S3,2026-05-26 18:02:00,2026-05-27 13:47:00,15.7,19.76,13.16
A02502,S4,2026-05-28 11:42:00,2026-05-30 02:56:00,12.56,39.22,21.92
A02502,S5,2026-05-30 04:34:00,2026-05-30 10:15:00,4.71,5.68,1.65
A02503,S1,2026-05-25 07:38:00,2026-05-25 13:38:00,4.93,6.0,0.63
A02503,S2,2026-05-25 14:05:00,2026-05-25 22:22:00,7.39,8.28,0.45
A02503,S3,2026-05-25 23:40:00,2026-05-26 11:32:00,12.32,11.87,1.3
A02503,S4,2026-05-27 11:02:00,2026-05-27 18:26:00,9.86,7.39,23.5
A02503,S5,2026-05-27 18:27:00,2026-05-27 22:29:00,3.7,4.04,0.01
A02504,S1,2026-05-25 07:06:00,2026-05-25 13:07:00,5.48,6.03,0.1
A02504,S2,2026-05-25 16:11:00,2026-05-26 05:50:00,8.22,13.66,3.06
A02504,S3,2026-05-26 05:55:00,2026-05-27 05:24:00,13.7,23.48,0.08
A02504,S4,2026-05-28 19:53:00,2026-05-29 08:27:00,10.96,12.57,38.48
A02504,S5,2026-05-29 09:39:00,2026-05-29 13:50:00,4.11,4.18,1.2
A02505,S1,2026-05-25 08:15:00,2026-05-25 13:26:00,5.28,5.18,1.25
A02505,S2,2026-05-25 18:04:00,2026-05-26 00:45:00,7.92,6.69,4.63
A02505,S3,2026-05-26 01:56:00,2026-05-26 13:32:00,13.2,11.59,1.18
A02505,S4,2026-05-26 14:17:00,2026-05-26 20:13:00,10.56,5.94,0.76
A02505,S5,2026-05-26 21:37:00,2026-05-27 01:04:00,3.96,3.46,1.39
A02506,S1,2026-05-25 08:23:00,2026-05-25 11:15:00,2.86,2.86,1.39
A02506,S2,2026-05-25 12:37:00,2026-05-25 18:52:00,4.29,6.25,1.36
A02506,S3,2026-05-25 22:03:00,2026-05-26 04:22:00,7.15,6.33,3.18
A02506,S4,2026-05-26 07:18:00,2026-05-26 12:37:00,5.72,5.31,2.93
A02506,S5,2026-05-26 19:44:00,2026-05-26 22:03:00,2.14,2.32,7.11
A02507,S1,2026-05-25 07:18:00,2026-05-25 09:57:00,2.29,2.65,0.31
A02507,S2,2026-05-25 11:47:00,2026-05-25 15:07:00,3.43,3.34,1.83
A02507,S3,2026-05-25 19:30:00,2026-05-26 00:15:00,5.72,4.74,4.38
A02507,S4,2026-05-26 04:59:00,2026-05-26 09:37:00,4.58,4.63,4.74
A02507,S5,2026-05-26 12:41:00,2026-05-26 14:22:00,1.72,1.69,3.07
A02508,S1,2026-05-26 09:28:00,2026-05-26 17:06:00,6.32,7.64,2.46
A02508,S2,2026-05-27 01:20:00,2026-05-27 11:30:00,9.48,10.17,8.23
A02508,S3,2026-05-27 12:15:00,2026-05-28 06:40:00,15.8,18.43,0.74
A02508,S4,2026-05-28 20:26:00,2026-05-29 15:01:00,12.64,18.58,13.76
A02508,S5,2026-05-29 16:47:00,2026-05-29 21:59:00,4.74,5.2,1.78
A02509,S1,2026-05-26 09:07:00,2026-05-26 12:14:00,2.86,3.12,2.11
A02509,S2,2026-05-26 19:23:00,2026-05-26 23:17:00,4.28,3.91,7.15
A02509,S3,2026-05-26 23:52:00,2026-05-27 07:40:00,7.14,7.8,0.58
A02509,S4,2026-05-28 15:12:00,2026-05-28 21:53:00,5.71,6.68,31.54
A02509,S5,2026-05-28 23:43:00,2026-05-29 02:25:00,2.14,2.71,1.83
A02510,S1,2026-05-26 08:59:00,2026-05-26 14:04:00,4.7,5.07,1.99
A02510,S2,2026-05-26 16:50:00,2026-05-26 23:56:00,7.06,7.1,2.77
A02510,S3,2026-05-27 01:53:00,2026-05-27 19:21:00,11.76,17.47,1.95
A02510,S4,2026-05-27 19:23:00,2026-05-28 10:36:00,9.41,15.21,0.03
A02510,S5,2026-05-28 11:02:00,2026-05-28 14:50:00,3.53,3.8,0.44
A02511,S1,2026-05-26 09:59:00,2026-05-26 14:48:00,4.22,4.82,2.98
A02511,S2,2026-05-26 17:47:00,2026-05-26 23:48:00,6.34,6.01,2.98
A02511,S3,2026-05-27 00:09:00,2026-05-27 15:34:00,10.56,15.41,0.36
A02511,S4,2026-05-28 04:40:00,2026-05-28 14:57:00,8.45,10.28,13.11
A02511,S5,2026-05-28 16:04:00,2026-05-28 19:32:00,3.17,3.47,1.11
A02512,S1,2026-05-26 09:14:00,2026-05-26 11:40:00,2.5,2.44,2.23
A02512,S2,2026-05-26 11:58:00,2026-05-26 15:56:00,3.74,3.96,0.3
A02512,S3,2026-05-26 18:16:00,2026-05-27 01:38:00,6.24,7.36,2.34
A02512,S4,2026-05-27 03:24:00,2026-05-27 09:22:00,4.99,5.96,1.78
A02512,S5,2026-05-27 09:42:00,2026-05-27 11:31:00,1.87,1.82,0.33
A02513,S1,2026-05-26 07:13:00,2026-05-26 10:40:00,3.07,3.44,0.22
A02513,S2,2026-05-26 10:43:00,2026-05-26 14:49:00,4.61,4.1,0.06
A02513,S3,2026-05-26 15:09:00,2026-05-26 23:40:00,7.68,8.51,0.33
A02513,S4,2026-05-27 05:10:00,2026-05-27 09:45:00,6.14,4.57,5.51
A02513,S5,2026-05-27 10:38:00,2026-05-27 13:18:00,2.3,2.65,0.89
A02514,S1,2026-05-27 10:47:00,2026-05-27 15:50:00,4.72,5.05,3.79
A02514,S2,2026-05-27 17:20:00,2026-05-28 00:58:00,7.08,7.64,1.5
A02514,S3,2026-05-28 01:56:00,2026-05-28 13:35:00,11.8,11.66,0.96
A02514,S4,2026-05-29 12:28:00,2026-05-30 03:25:00,9.44,14.95,22.88
A02514,S5,2026-05-30 05:22:00,2026-05-30 09:08:00,3.54,3.76,1.95
A02515,S1,2026-05-27 07:30:00,2026-05-27 10:33:00,2.86,3.05,0.5
A02515,S2,2026-05-27 11:37:00,2026-05-27 17:10:00,4.28,5.55,1.06
A02515,S3,2026-05-27 18:33:00,2026-05-28 06:05:00,7.14,11.52,1.39
A02515,S4,2026-05-28 14:24:00,2026-05-28 19:36:00,5.71,5.2,8.33
A02515,S5,2026-05-28 23:15:00,2026-05-29 01:23:00,2.14,2.14,3.64
A02516,S1,2026-05-27 07:50:00,2026-05-27 10:12:00,2.4,2.36,0.84
A02516,S2,2026-05-27 13:28:00,2026-05-27 18:32:00,3.6,5.08,3.26
A02516,S3,2026-05-27 20:49:00,2026-05-28 05:11:00,6.0,8.37,2.28
A02516,S4,2026-05-28 11:17:00,2026-05-28 15:11:00,4.8,3.9,6.1
A02516,S5,2026-05-28 16:56:00,2026-05-28 18:42:00,1.8,1.77,1.74
A02517,S1,2026-05-27 07:33:00,2026-05-27 12:58:00,4.42,5.42,0.55
A02517,S2,2026-05-27 14:46:00,2026-05-27 22:30:00,6.62,7.74,1.79
A02517,S3,2026-05-28 10:44:00,2026-05-29 02:47:00,11.04,16.05,12.24
A02517,S4,2026-05-29 07:03:00,2026-05-29 16:41:00,8.83,9.64,4.26
A02517,S5,2026-05-29 17:04:00,2026-05-29 20:35:00,3.31,3.52,0.38
A02518,S1,2026-05-28 08:17:00,2026-05-28 10:31:00,2.02,2.23,1.28
A02518,S2,2026-05-28 12:01:00,2026-05-28 15:25:00,3.02,3.4,1.51
A02518,S3,2026-05-28 16:46:00,2026-05-28 21:17:00,5.04,4.52,1.34
A02518,S4,2026-05-28 22:34:00,2026-05-29 02:50:00,4.03,4.26,1.3
A02518,S5,2026-05-29 05:11:00,2026-05-29 06:59:00,1.51,1.79,2.35
A02519,S1,2026-05-28 07:48:00,2026-05-28 11:38:00,3.12,3.83,0.8
A02519,S2,2026-05-28 12:18:00,2026-05-28 17:15:00,4.68,4.95,0.66
A02519,S3,2026-05-28 17:26:00,2026-05-29 01:37:00,7.8,8.18,0.19
A02519,S4,2026-05-29 02:25:00,2026-05-29 09:14:00,6.24,6.82,0.8
A02519,S5,2026-05-29 13:25:00,2026-05-29 15:44:00,2.34,2.32,4.19
A02520,S1,2026-05-28 10:14:00,2026-05-28 15:10:00,5.04,4.93,3.23
A02520,S2,2026-05-28 18:02:00,2026-05-29 04:04:00,7.56,10.04,2.87
A02520,S3,2026-05-29 04:25:00,2026-05-29 20:28:00,12.6,16.04,0.35
A02520,S4,2026-05-29 23:55:00,2026-05-30 15:02:00,10.08,15.12,3.45
A02520,S5,2026-05-30 15:56:00,2026-05-30 20:45:00,3.78,4.83,0.9
A02521,S1,2026-05-28 07:36:00,2026-05-28 09:13:00,1.74,1.62,0.6
A02521,S2,2026-05-28 10:15:00,2026-05-28 12:22:00,2.62,2.13,1.03
A02521,S3,2026-05-28 14:37:00,2026-05-28 18:10:00,4.36,3.55,2.24
A02521,S4,2026-05-28 19:08:00,2026-05-28 23:17:00,3.49,4.15,0.97
A02521,S5,2026-05-29 00:01:00,2026-05-29 01:22:00,1.31,1.36,0.72
A02522,S1,2026-05-28 07:09:00,2026-05-28 10:43:00,3.34,3.56,0.16
A02522,S2,2026-05-28 15:31:00,2026-05-28 20:00:00,5.0,4.49,4.79
A02522,S3,2026-05-29 01:44:00,2026-05-29 11:16:00,8.34,9.53,5.73
A02522,S4,2026-05-29 16:05:00,2026-05-30 03:11:00,6.67,11.1,4.82
A02522,S5,2026-05-30 03:45:00,2026-05-30 06:08:00,2.5,2.37,0.57
A02523,S1,2026-05-29 08:44:00,2026-05-29 11:44:00,2.92,3.01,1.73
A02523,S2,2026-05-29 12:09:00,2026-05-29 17:21:00,4.38,5.2,0.42
A02523,S3,2026-05-29 20:25:00,2026-05-30 02:18:00,7.3,5.88,3.06
A02523,S4,2026-05-30 06:08:00,2026-05-30 11:40:00,5.84,5.54,3.83
A02523,S5,2026-05-30 13:35:00,2026-05-30 15:54:00,2.19,2.31,1.92
A02524,S1,2026-05-29 07:02:00,2026-05-29 09:29:00,2.46,2.47,0.03
A02524,S2,2026-05-29 13:55:00,2026-05-29 17:42:00,3.69,3.78,4.42
A02524,S3,2026-05-29 19:44:00,2026-05-30 00:55:00,6.15,5.19,2.04
A02524,S4,2026-05-31 00:43:00,2026-05-31 05:31:00,4.92,4.79,23.79
A02524,S5,2026-05-31 06:58:00,2026-05-31 08:56:00,1.84,1.97,1.46
A02525,S1,2026-05-29 07:56:00,2026-05-29 13:02:00,4.61,5.11,0.94
A02525,S2,2026-05-29 14:55:00,2026-05-29 22:14:00,6.91,7.32,1.87
A02525,S3,2026-05-30 02:48:00,2026-05-30 14:37:00,11.52,11.81,4.57
A02525,S4,2026-05-30 16:32:00,2026-05-31 07:07:00,9.22,14.59,1.91
A02525,S5,2026-05-31 07:16:00,2026-05-31 10:12:00,3.46,2.92,0.15
A02526,S1,2026-05-29 07:32:00,2026-05-29 10:27:00,3.65,2.91,0.54
A02526,S2,2026-05-29 15:37:00,2026-05-29 22:12:00,5.47,6.58,5.17
A02526,S3,2026-05-29 23:02:00,2026-05-30 09:01:00,9.12,9.99,0.83
A02526,S4,2026-05-30 10:55:00,2026-05-30 18:58:00,7.3,8.05,1.9
A02526,S5,2026-05-30 21:13:00,2026-05-31 00:09:00,2.74,2.92,2.25
A02527,S1,2026-05-29 09:47:00,2026-05-29 12:48:00,2.98,3.01,2.79
A02527,S2,2026-05-29 17:27:00,2026-05-29 22:10:00,4.47,4.7,4.66
A02527,S3,2026-05-30 00:42:00,2026-05-30 10:07:00,7.45,9.42,2.54
A02527,S4,2026-05-30 14:09:00,2026-05-30 20:16:00,5.96,6.12,4.02
A02527,S5,2026-05-30 22:33:00,2026-05-31 00:45:00,2.24,2.21,2.28
A02528,S1,2026-05-29 08:48:00,2026-05-29 13:30:00,3.36,4.7,1.81
A02528,S2,2026-05-30 02:23:00,2026-05-30 07:49:00,5.04,5.42,12.88
A02528,S3,2026-05-30 09:14:00,2026-05-30 15:24:00,8.4,6.18,1.42
A02528,S4,2026-05-31 02:48:00,2026-05-31 07:51:00,6.72,5.04,11.4
A02528,S5,2026-05-31 10:03:00,2026-05-31 12:34:00,2.52,2.51,2.21
A02529,S1,2026-05-29 07:37:00,2026-05-29 11:28:00,3.42,3.85,0.62
A02529,S2,2026-05-29 14:00:00,2026-05-29 18:59:00,5.14,4.98,2.54
A02529,S3,2026-05-29 19:42:00,2026-05-30 02:10:00,8.56,6.48,0.71
A02529,S4,2026-05-30 03:59:00,2026-05-30 13:30:00,6.85,9.53,1.8
A02529,S5,2026-05-30 13:43:00,2026-05-30 16:24:00,2.57,2.69,0.21
A02530,S1,2026-05-30 07:34:00,2026-05-30 09:34:00,2.13,1.99,0.57
A02530,S2,2026-05-30 18:00:00,2026-05-30 20:52:00,3.19,2.86,8.44
A02530,S3,2026-05-30 23:08:00,2026-05-31 04:40:00,5.32,5.54,2.27
A02530,S4,2026-05-31 06:46:00,2026-05-31 10:03:00,4.26,3.27,2.1
A02530,S5,2026-05-31 11:38:00,2026-05-31 13:22:00,1.6,1.73,1.59
A02531,S1,2026-05-30 07:39:00,2026-05-30 11:14:00,3.62,3.58,0.65
A02531,S2,2026-05-30 11:20:00,2026-05-30 15:52:00,5.42,4.53,0.1
A02531,S3,2026-05-30 20:09:00,2026-05-31 07:17:00,9.04,11.14,4.29
A02531,S4,2026-05-31 18:50:00,2026-06-01 03:08:00,7.23,8.31,11.54
A02531,S5,2026-06-01 04:26:00,2026-06-01 07:30:00,2.71,3.06,1.29
A02532,S1,2026-05-30 08:15:00,2026-05-30 13:07:00,4.51,4.86,1.26
A02532,S2,2026-05-30 13:11:00,2026-05-30 19:47:00,6.77,6.6,0.07
A02532,S3,2026-05-30 22:27:00,2026-05-31 09:11:00,11.28,10.72,2.67
A02532,S4,2026-05-31 13:16:00,2026-05-31 20:41:00,9.02,7.41,4.1
A02532,S5,2026-06-01 01:41:00,2026-06-01 05:45:00,3.38,4.07,5.0
A02533,S1,2026-05-30 07:35:00,2026-05-30 10:07:00,2.32,2.53,0.59
A02533,S2,2026-05-30 13:10:00,2026-05-30 16:17:00,3.48,3.12,3.04
A02533,S3,2026-05-30 17:53:00,2026-05-31 03:09:00,5.8,9.26,1.61
A02533,S4,2026-05-31 05:05:00,2026-05-31 08:59:00,4.64,3.9,1.93
A02533,S5,2026-05-31 09:21:00,2026-05-31 11:15:00,1.74,1.91,0.37
A02534,S1,2026-05-30 07:07:00,2026-05-30 10:00:00,2.59,2.88,0.12
A02534,S2,2026-05-30 10:06:00,2026-05-30 13:47:00,3.89,3.68,0.1
A02534,S3,2026-05-30 14:51:00,2026-05-30 18:56:00,6.48,4.07,1.07
A02534,S4,2026-05-30 21:10:00,2026-05-31 06:50:00,5.18,9.66,2.25
A02534,S5,2026-05-31 07:58:00,2026-05-31 10:11:00,1.94,2.22,1.13
A02535,S1,2026-05-30 07:06:00,2026-05-30 13:10:00,5.48,6.07,0.1
A02535,S2,2026-05-30 15:51:00,2026-05-30 23:06:00,8.22,7.24,2.68
A02535,S3,2026-05-31 04:20:00,2026-05-31 18:49:00,13.7,14.48,5.24
A02535,S4,2026-05-31 20:51:00,2026-06-01 08:12:00,10.96,11.35,2.03
A02535,S5,2026-06-01 11:17:00,2026-06-01 15:37:00,4.11,4.33,3.09
A02536,S1,2026-05-31 07:55:00,2026-05-31 10:34:00,2.54,2.67,0.91
A02536,S2,2026-05-31 11:00:00,2026-05-31 14:27:00,3.82,3.46,0.43
A02536,S3,2026-05-31 16:21:00,2026-06-01 01:37:00,6.36,9.28,1.88
A02536,S4,2026-06-01 10:11:00,2026-06-01 16:44:00,5.09,6.56,8.56
A02536,S5,2026-06-01 17:05:00,2026-06-01 18:51:00,1.91,1.78,0.34
A02537,S1,2026-05-31 07:25:00,2026-05-31 10:41:00,2.56,3.25,0.42
A02537,S2,2026-05-31 17:10:00,2026-05-31 20:41:00,3.84,3.52,6.49
A02537,S3,2026-05-31 21:24:00,2026-06-01 05:15:00,6.4,7.85,0.72
A02537,S4,2026-06-01 05:50:00,2026-06-01 14:09:00,5.12,8.32,0.58
A02537,S5,2026-06-01 14:16:00,2026-06-01 16:27:00,1.92,2.17,0.12
A02538,S1,2026-05-31 08:14:00,2026-05-31 13:22:00,4.03,5.13,1.24
A02538,S2,2026-05-31 15:39:00,2026-05-31 21:43:00,6.05,6.07,2.28
A02538,S3,2026-06-01 01:54:00,2026-06-01 12:17:00,10.08,10.39,4.19
A02538,S4,2026-06-02 07:38:00,2026-06-03 00:15:00,8.06,16.63,19.34
A02538,S5,2026-06-03 00:37:00,2026-06-03 03:45:00,3.02,3.12,0.36
A02539,S1,2026-05-31 07:05:00,2026-05-31 11:33:00,4.29,4.47,0.09
A02539,S2,2026-05-31 11:45:00,2026-05-31 19:20:00,6.43,7.6,0.19
A02539,S3,2026-05-31 23:47:00,2026-06-01 14:15:00,10.72,14.47,4.44
A02539,S4,2026-06-02 01:39:00,2026-06-02 11:51:00,8.58,10.2,11.4
A02539,S5,2026-06-02 15:37:00,2026-06-02 19:07:00,3.22,3.49,3.77
A02540,S1,2026-05-31 08:38:00,2026-05-31 11:43:00,2.78,3.08,1.63
A02540,S2,2026-05-31 12:18:00,2026-05-31 16:56:00,4.18,4.65,0.58
A02540,S3,2026-05-31 21:19:00,2026-06-01 06:06:00,6.96,8.78,4.38
A02540,S4,2026-06-01 12:05:00,2026-06-01 17:43:00,5.57,5.64,5.98
A02540,S5,2026-06-01 18:01:00,2026-06-01 20:34:00,2.09,2.55,0.3
A02541,S1,2026-06-01 07:30:00,2026-06-01 11:13:00,3.79,3.71,0.5
A02541,S2,2026-06-01 13:28:00,2026-06-01 19:06:00,5.69,5.63,2.26
A02541,S3,2026-06-02 03:40:00,2026-06-02 18:07:00,9.48,14.45,8.57
A02541,S4,2026-06-03 05:54:00,2026-06-03 11:28:00,7.58,5.55,11.78
A02541,S5,2026-06-03 13:49:00,2026-06-03 16:41:00,2.84,2.87,2.35
A02542,S1,2026-06-01 07:23:00,2026-06-01 10:13:00,2.34,2.83,0.38
A02542,S2,2026-06-01 10:38:00,2026-06-01 14:34:00,3.51,3.94,0.42
A02542,S3,2026-06-01 15:43:00,2026-06-02 00:37:00,5.85,8.9,1.13
A02542,S4,2026-06-02 19:59:00,2026-06-03 02:51:00,4.68,6.86,19.38
A02542,S5,2026-06-03 03:19:00,2026-06-03 04:51:00,1.76,1.53,0.47
A02543,S1,2026-06-01 08:17:00,2026-06-01 14:28:00,5.96,6.18,1.29
A02543,S2,2026-06-01 16:07:00,2026-06-02 02:26:00,8.94,10.32,1.65
A02543,S3,2026-06-02 04:32:00,2026-06-02 19:16:00,14.9,14.73,2.09
A02543,S4,2026-06-02 21:33:00,2026-06-03 06:14:00,11.92,8.68,2.29
A02543,S5,2026-06-03 07:40:00,2026-06-03 13:04:00,4.47,5.39,1.45
A02544,S1,2026-06-01 07:26:00,2026-06-01 09:51:00,2.38,2.41,0.43
A02544,S2,2026-06-01 10:52:00,2026-06-01 13:55:00,3.57,3.06,1.02
A02544,S3,2026-06-01 15:21:00,2026-06-01 22:02:00,5.95,6.69,1.43
A02544,S4,2026-06-02 09:02:00,2026-06-02 13:03:00,4.76,4.01,11.0
A02544,S5,2026-06-02 15:04:00,2026-06-02 16:45:00,1.78,1.68,2.01
A02545,S1,2026-06-01 09:03:00,2026-06-01 11:20:00,1.82,2.3,2.04
A02545,S2,2026-06-01 14:53:00,2026-06-01 18:04:00,2.74,3.19,3.54
A02545,S3,2026-06-01 18:18:00,2026-06-01 22:29:00,4.56,4.19,0.22
A02545,S4,2026-06-02 19:33:00,2026-06-02 23:04:00,3.65,3.52,21.06
A02545,S5,2026-06-02 23:36:00,2026-06-03 01:21:00,1.37,1.74,0.54
A02546,S1,2026-06-01 08:15:00,2026-06-01 12:45:00,4.1,4.5,1.24
A02546,S2,2026-06-01 12:53:00,2026-06-01 18:27:00,6.14,5.57,0.14
A02546,S3,2026-06-01 18:51:00,2026-06-02 09:28:00,10.24,14.62,0.39
A02546,S4,2026-06-02 10:59:00,2026-06-02 20:56:00,8.19,9.95,1.51
A02546,S5,2026-06-03 01:49:00,2026-06-03 05:12:00,3.07,3.39,4.89
A02547,S1,2026-06-01 08:22:00,2026-06-01 12:17:00,3.65,3.92,1.37
A02547,S2,2026-06-01 12:45:00,2026-06-01 18:24:00,5.47,5.64,0.47
A02547,S3,2026-06-01 19:58:00,2026-06-02 08:37:00,9.12,12.66,1.57
A02547,S4,2026-06-02 10:53:00,2026-06-02 17:18:00,7.3,6.41,2.27
A02547,S5,2026-06-02 19:05:00,2026-06-02 22:33:00,2.74,3.46,1.79
A02548,S1,2026-06-01 10:44:00,2026-06-01 15:33:00,4.7,4.81,3.74
A02548,S2,2026-06-01 16:17:00,2026-06-02 00:57:00,7.06,8.67,0.74
A02548,S3,2026-06-02 02:52:00,2026-06-02 15:54:00,11.76,13.05,1.91
A02548,S4,2026-06-02 16:11:00,2026-06-03 00:07:00,9.41,7.92,0.28
A02548,S5,2026-06-03 04:51:00,2026-06-03 08:24:00,3.53,3.54,4.74
A02549,S1,2026-06-01 09:49:00,2026-06-01 12:56:00,3.46,3.12,2.82
A02549,S2,2026-06-01 15:19:00,2026-06-01 20:44:00,5.18,5.42,2.38
A02549,S3,2026-06-01 20:44:00,2026-06-02 07:30:00,8.64,10.76,0.0
A02549,S4,2026-06-02 11:42:00,2026-06-02 20:04:00,6.91,8.37,4.21
A02549,S5,2026-06-02 20:41:00,2026-06-02 23:43:00,2.59,3.03,0.62
A02550,S1,2026-06-02 07:43:00,2026-06-02 12:24:00,4.84,4.69,0.71
A02550,S2,2026-06-02 15:55:00,2026-06-03 00:08:00,7.26,8.22,3.51
A02550,S3,2026-06-03 01:51:00,2026-06-03 10:43:00,12.1,8.86,1.72
A02550,S4,2026-06-03 14:41:00,2026-06-04 00:35:00,9.68,9.9,3.98
A02550,S5,2026-06-04 02:43:00,2026-06-04 07:15:00,3.63,4.54,2.13
A02551,S1,2026-06-02 08:10:00,2026-06-02 11:07:00,2.4,2.94,1.17
A02551,S2,2026-06-02 11:26:00,2026-06-02 15:22:00,3.6,3.94,0.31
A02551,S3,2026-06-02 15:55:00,2026-06-02 22:02:00,6.0,6.12,0.55
A02551,S4,2026-06-04 02:01:00,2026-06-04 09:10:00,4.8,7.15,27.98
A02551,S5,2026-06-04 09:57:00,2026-06-04 11:42:00,1.8,1.75,0.78
A02552,S1,2026-06-02 08:14:00,2026-06-02 15:24:00,6.08,7.17,1.23
A02552,S2,2026-06-02 15:27:00,2026-06-03 02:32:00,9.12,11.08,0.05
A02552,S3,2026-06-03 02:42:00,2026-06-03 15:13:00,15.2,12.52,0.18
A02552,S4,2026-06-03 15:52:00,2026-06-04 00:07:00,12.16,8.25,0.65
A02552,S5,2026-06-04 00:21:00,2026-06-04 04:57:00,4.56,4.59,0.24
A02553,S1,2026-06-02 07:26:00,2026-06-02 10:53:00,3.46,3.45,0.43
A02553,S2,2026-06-02 11:34:00,2026-06-02 17:40:00,5.18,6.1,0.69
A02553,S3,2026-06-02 18:33:00,2026-06-03 01:46:00,8.64,7.22,0.88
A02553,S4,2026-06-03 06:35:00,2026-06-03 11:45:00,6.91,5.16,4.82
A02553,S5,2026-06-03 12:13:00,2026-06-03 15:24:00,2.59,3.19,0.47
A02554,S1,2026-06-02 07:31:00,2026-06-02 10:12:00,2.24,2.68,0.52
A02554,S2,2026-06-02 21:59:00,2026-06-03 01:01:00,3.36,3.03,11.79
A02554,S3,2026-06-03 02:19:00,2026-06-03 08:14:00,5.6,5.91,1.3
A02554,S4,2026-06-04 15:14:00,2026-06-04 17:33:00,4.48,2.32,31.01
A02554,S5,2026-06-04 18:50:00,2026-06-04 20:39:00,1.68,1.81,1.28
A02555,S1,2026-06-02 09:39:00,2026-06-02 11:24:00,1.89,1.75,2.66
A02555,S2,2026-06-02 14:35:00,2026-06-02 17:04:00,2.83,2.48,3.19
A02555,S3,2026-06-02 21:34:00,2026-06-03 01:22:00,4.72,3.81,4.49
A02555,S4,2026-06-03 02:33:00,2026-06-03 04:31:00,3.78,1.96,1.18
A02555,S5,2026-06-03 04:33:00,2026-06-03 06:11:00,1.42,1.64,0.04
A02556,S1,2026-06-02 07:13:00,2026-06-02 11:53:00,4.54,4.67,0.22
A02556,S2,2026-06-02 14:38:00,2026-06-02 21:41:00,6.82,7.06,2.75
A02556,S3,2026-06-02 22:49:00,2026-06-03 09:49:00,11.36,10.98,1.13
A02556,S4,2026-06-03 12:16:00,2026-06-03 18:50:00,9.09,6.57,2.45
A02556,S5,2026-06-03 19:19:00,2026-06-03 22:43:00,3.41,3.4,0.48
A02557,S1,2026-06-02 08:42:00,2026-06-02 12:21:00,3.53,3.65,1.7
A02557,S2,2026-06-02 12:36:00,2026-06-02 17:24:00,5.29,4.8,0.25
A02557,S3,2026-06-02 17:44:00,2026-06-03 02:00:00,8.82,8.28,0.33
A02557,S4,2026-06-03 02:46:00,2026-06-03 10:54:00,7.06,8.14,0.76
A02557,S5,2026-06-03 11:03:00,2026-06-03 14:09:00,2.65,3.1,0.15
A02558,S1,2026-06-03 07:01:00,2026-06-03 11:44:00,5.12,4.71,0.01
A02558,S2,2026-06-03 12:50:00,2026-06-03 22:04:00,7.68,9.23,1.11
A02558,S3,2026-06-03 22:45:00,2026-06-04 14:06:00,12.8,15.35,0.7
A02558,S4,2026-06-04 16:45:00,2026-06-05 10:02:00,10.24,17.28,2.64
A02558,S5,2026-06-05 10:46:00,2026-06-05 14:59:00,3.84,4.22,0.73
A02559,S1,2026-06-03 10:17:00,2026-06-03 12:47:00,2.71,2.5,3.28
A02559,S2,2026-06-03 15:34:00,2026-06-03 20:12:00,4.07,4.64,2.78
A02559,S3,2026-06-03 21:18:00,2026-06-04 03:47:00,6.78,6.48,1.11
A02559,S4,2026-06-04 18:01:00,2026-06-04 23:21:00,5.42,5.32,14.24
A02559,S5,2026-06-04 23:23:00,2026-06-05 01:22:00,2.03,1.97,0.04
A02560,S1,2026-06-03 07:13:00,2026-06-03 11:01:00,3.67,3.8,0.22
A02560,S2,2026-06-03 12:11:00,2026-06-03 17:10:00,5.51,4.97,1.17
A02560,S3,2026-06-03 18:23:00,2026-06-04 04:50:00,9.18,10.45,1.23
A02560,S4,2026-06-04 05:42:00,2026-06-04 19:03:00,7.34,13.34,0.87
A02560,S5,2026-06-04 19:03:00,2026-06-04 22:16:00,2.75,3.21,0.0
A02561,S1,2026-06-03 09:54:00,2026-06-03 16:33:00,5.52,6.64,2.9
A02561,S2,2026-06-03 16:47:00,2026-06-04 03:35:00,8.28,10.8,0.23
A02561,S3,2026-06-04 21:25:00,2026-06-05 11:22:00,13.8,13.95,17.84
A02561,S4,2026-06-05 21:31:00,2026-06-06 07:59:00,11.04,10.47,10.15
A02561,S5,2026-06-06 12:03:00,2026-06-06 16:20:00,4.14,4.28,4.06
A02562,S1,2026-06-03 10:12:00,2026-06-03 13:07:00,3.08,2.91,3.2
A02562,S2,2026-06-03 16:21:00,2026-06-03 21:22:00,4.62,5.02,3.23
A02562,S3,2026-06-04 02:23:00,2026-06-04 10:26:00,7.7,8.05,5.02
A02562,S4,2026-06-04 13:06:00,2026-06-04 20:07:00,6.16,7.02,2.66
A02562,S5,2026-06-04 20:28:00,2026-06-04 23:00:00,2.31,2.54,0.35
A02563,S1,2026-06-03 07:48:00,2026-06-03 09:29:00,1.84,1.69,0.8
A02563,S2,2026-06-03 11:10:00,2026-06-03 14:25:00,2.76,3.25,1.67
A02563,S3,2026-06-03 18:18:00,2026-06-04 00:27:00,4.6,6.15,3.89
A02563,S4,2026-06-04 11:02:00,2026-06-04 14:34:00,3.68,3.53,10.58
A02563,S5,2026-06-04 17:26:00,2026-06-04 18:43:00,1.38,1.28,2.88
A02564,S1,2026-06-03 07:30:00,2026-06-03 10:32:00,2.86,3.03,0.5
A02564,S2,2026-06-03 10:42:00,2026-06-03 14:29:00,4.29,3.79,0.16
A02564,S3,2026-06-03 16:02:00,2026-06-03 22:24:00,7.15,6.36,1.55
A02564,S4,2026-06-04 06:49:00,2026-06-04 13:02:00,5.72,6.22,8.41
A02564,S5,2026-06-04 14:03:00,2026-06-04 16:35:00,2.14,2.52,1.03
A02565,S1,2026-06-04 08:17:00,2026-06-04 12:50:00,4.67,4.56,1.28
A02565,S2,2026-06-04 15:38:00,2026-06-04 22:29:00,7.01,6.84,2.8
A02565,S3,2026-06-05 00:23:00,2026-06-05 16:03:00,11.68,15.68,1.9
A02565,S4,2026-06-05 16:54:00,2026-06-06 00:36:00,9.34,7.7,0.84
A02565,S5,2026-06-06 02:01:00,2026-06-06 06:17:00,3.5,4.27,1.41
A02566,S1,2026-06-04 07:41:00,2026-06-04 10:32:00,2.42,2.86,0.68
A02566,S2,2026-06-04 11:59:00,2026-06-04 16:07:00,3.62,4.14,1.43
A02566,S3,2026-06-04 19:11:00,2026-06-04 23:48:00,6.04,4.63,3.06
A02566,S4,2026-06-05 06:03:00,2026-06-05 13:24:00,4.83,7.36,6.25
A02566,S5,2026-06-05 14:19:00,2026-06-05 15:57:00,1.81,1.64,0.91
A02567,S1,2026-06-04 08:15:00,2026-06-04 13:45:00,5.64,5.51,1.25
A02567,S2,2026-06-04 17:10:00,2026-06-05 02:35:00,8.46,9.42,3.41
A02567,S3,2026-06-05 03:47:00,2026-06-05 18:42:00,14.1,14.92,1.19
A02567,S4,2026-06-06 00:31:00,2026-06-06 18:07:00,11.28,17.6,5.81
A02567,S5,2026-06-06 18:13:00,2026-06-06 22:52:00,4.23,4.65,0.1
A02568,S1,2026-06-04 07:18:00,2026-06-04 10:44:00,3.62,3.42,0.3
A02568,S2,2026-06-04 11:55:00,2026-06-04 17:16:00,5.42,5.35,1.19
A02568,S3,2026-06-04 19:18:00,2026-06-05 04:44:00,9.04,9.43,2.03
A02568,S4,2026-06-05 21:48:00,2026-06-06 04:25:00,7.23,6.61,17.07
A02568,S5,2026-06-06 05:18:00,2026-06-06 07:56:00,2.71,2.63,0.88
A02569,S1,2026-06-04 09:04:00,2026-06-04 11:18:00,2.54,2.23,2.07
A02569,S2,2026-06-04 12:27:00,2026-06-04 16:33:00,3.82,4.1,1.14
A02569,S3,2026-06-04 17:51:00,2026-06-05 01:58:00,6.36,8.12,1.3
A02569,S4,2026-06-05 05:30:00,2026-06-05 09:52:00,5.09,4.37,3.53
A02569,S5,2026-06-05 12:09:00,2026-06-05 14:35:00,1.91,2.43,2.29
A02570,S1,2026-06-04 09:15:00,2026-06-04 12:57:00,4.24,3.7,2.24
A02570,S2,2026-06-04 14:06:00,2026-06-04 21:16:00,6.36,7.16,1.15
A02570,S3,2026-06-04 21:50:00,2026-06-05 15:10:00,10.6,17.32,0.58
A02570,S4,2026-06-05 20:04:00,2026-06-06 08:28:00,8.48,12.4,4.9
A02570,S5,2026-06-06 13:38:00,2026-06-06 17:01:00,3.18,3.39,5.17
A02571,S1,2026-06-04 07:15:00,2026-06-04 09:07:00,2.16,1.86,0.25
A02571,S2,2026-06-04 10:13:00,2026-06-04 13:51:00,3.24,3.63,1.11
A02571,S3,2026-06-04 15:24:00,2026-06-04 21:09:00,5.4,5.75,1.55
A02571,S4,2026-06-05 10:39:00,2026-06-05 14:00:00,4.32,3.35,13.49
A02571,S5,2026-06-05 15:44:00,2026-06-05 17:16:00,1.62,1.54,1.73
A02572,S1,2026-06-04 08:38:00,2026-06-04 13:56:00,4.67,5.29,1.64
A02572,S2,2026-06-04 22:54:00,2026-06-05 06:23:00,7.01,7.5,8.96
A02572,S3,2026-06-05 06:48:00,2026-06-05 17:45:00,11.68,10.94,0.41
A02572,S4,2026-06-07 00:04:00,2026-06-07 07:24:00,9.34,7.32,30.33
A02572,S5,2026-06-07 07:25:00,2026-06-07 10:49:00,3.5,3.4,0.02
A02573,S1,2026-06-04 07:37:00,2026-06-04 11:48:00,3.58,4.17,0.62
A02573,S2,2026-06-05 02:19:00,2026-06-05 07:42:00,5.38,5.39,14.52
A02573,S3,2026-06-05 12:48:00,2026-06-05 22:09:00,8.96,9.36,5.1
A02573,S4,2026-06-05 22:51:00,2026-06-06 05:28:00,7.17,6.63,0.69
A02573,S5,2026-06-06 06:30:00,2026-06-06 09:25:00,2.69,2.92,1.03
A02574,S1,2026-06-05 07:59:00,2026-06-05 13:38:00,5.52,5.65,0.98
A02574,S2,2026-06-05 15:00:00,2026-06-06 00:42:00,8.28,9.71,1.37
A02574,S3,2026-06-06 01:16:00,2026-06-06 16:09:00,13.8,14.89,0.57
A02574,S4,2026-06-06 20:48:00,2026-06-07 06:30:00,11.04,9.7,4.64
A02574,S5,2026-06-07 09:36:00,2026-06-07 14:32:00,4.14,4.93,3.11
A02575,S1,2026-06-05 07:06:00,2026-06-05 12:40:00,5.52,5.57,0.1
A02575,S2,2026-06-05 15:38:00,2026-06-05 21:50:00,8.28,6.19,2.97
A02575,S3,2026-06-06 01:30:00,2026-06-06 14:16:00,13.8,12.78,3.66
A02575,S4,2026-06-06 23:38:00,2026-06-07 09:55:00,11.04,10.27,9.36
A02575,S5,2026-06-07 10:55:00,2026-06-07 15:18:00,4.14,4.38,1.01
A02576,S1,2026-06-05 07:01:00,2026-06-05 09:28:00,2.42,2.45,0.01
A02576,S2,2026-06-05 11:41:00,2026-06-05 15:51:00,3.63,4.16,2.22
A02576,S3,2026-06-05 18:06:00,2026-06-06 00:46:00,6.05,6.67,2.26
A02576,S4,2026-06-06 05:49:00,2026-06-06 10:13:00,4.84,4.39,5.05
A02576,S5,2026-06-06 10:34:00,2026-06-06 12:22:00,1.82,1.79,0.36
A02577,S1,2026-06-06 07:01:00,2026-06-06 09:33:00,2.16,2.55,0.01
A02577,S2,2026-06-06 11:09:00,2026-06-06 14:01:00,3.24,2.87,1.59
A02577,S3,2026-06-06 14:36:00,2026-06-06 19:05:00,5.4,4.48,0.58
A02577,S4,2026-06-07 05:18:00,2026-06-07 09:32:00,4.32,4.22,10.22
A02577,S5,2026-06-07 18:38:00,2026-06-07 20:36:00,1.62,1.97,9.11
A02578,S1,2026-06-06 07:59:00,2026-06-06 14:22:00,4.9,6.39,0.98
A02578,S2,2026-06-06 16:52:00,2026-06-06 23:13:00,7.34,6.34,2.51
A02578,S3,2026-06-07 01:49:00,2026-06-07 12:57:00,12.24,11.13,2.61
A02578,S4,2026-06-08 03:34:00,2026-06-08 10:26:00,9.79,6.86,14.62
A02578,S5,2026-06-08 12:05:00,2026-06-08 15:58:00,3.67,3.88,1.66
A02579,S1,2026-06-06 08:05:00,2026-06-06 12:37:00,4.29,4.53,1.09
A02579,S2,2026-06-06 16:06:00,2026-06-06 23:12:00,6.43,7.11,3.48
A02579,S3,2026-06-07 05:37:00,2026-06-07 16:23:00,10.72,10.77,6.42
A02579,S4,2026-06-07 20:24:00,2026-06-08 12:38:00,8.58,16.23,4.02
A02579,S5,2026-06-08 16:41:00,2026-06-08 20:28:00,3.22,3.78,4.04
A02580,S1,2026-06-07 09:19:00,2026-06-07 15:37:00,5.24,6.29,2.32
A02580,S2,2026-06-07 15:52:00,2026-06-07 23:27:00,7.86,7.59,0.24
A02580,S3,2026-06-08 01:54:00,2026-06-08 11:32:00,13.1,9.64,2.44
A02580,S4,2026-06-08 14:44:00,2026-06-09 01:39:00,10.48,10.91,3.2
A02580,S5,2026-06-09 03:20:00,2026-06-09 07:33:00,3.93,4.22,1.69
A02581,S1,2026-06-07 07:07:00,2026-06-07 10:34:00,3.65,3.44,0.12
A02581,S2,2026-06-07 15:45:00,2026-06-07 20:58:00,5.47,5.22,5.18
A02581,S3,2026-06-07 22:10:00,2026-06-08 09:52:00,9.12,11.7,1.2
A02581,S4,2026-06-08 16:19:00,2026-06-08 22:42:00,7.3,6.39,6.45
A02581,S5,2026-06-09 00:36:00,2026-06-09 03:37:00,2.74,3.01,1.9
A02582,S1,2026-06-07 07:56:00,2026-06-07 10:44:00,2.54,2.79,0.94
A02582,S2,2026-06-07 15:08:00,2026-06-07 18:33:00,3.82,3.42,4.4
A02582,S3,2026-06-08 00:09:00,2026-06-08 07:35:00,6.36,7.44,5.6
A02582,S4,2026-06-08 09:38:00,2026-06-08 13:50:00,5.09,4.21,2.04
A02582,S5,2026-06-08 14:08:00,2026-06-08 15:51:00,1.91,1.72,0.3
A02583,S1,2026-06-07 08:02:00,2026-06-07 10:59:00,2.9,2.95,1.04
A02583,S2,2026-06-07 11:18:00,2026-06-07 17:02:00,4.35,5.73,0.31
A02583,S3,2026-06-08 00:29:00,2026-06-08 08:31:00,7.25,8.04,7.45
A02583,S4,2026-06-09 05:09:00,2026-06-09 12:19:00,5.8,7.16,20.63
A02583,S5,2026-06-09 12:33:00,2026-06-09 14:41:00,2.17,2.15,0.24
A02584,S1,2026-06-07 07:23:00,2026-06-07 12:14:00,4.32,4.84,0.39
A02584,S2,2026-06-07 12:36:00,2026-06-07 19:20:00,6.48,6.73,0.37
A02584,S3,2026-06-08 00:41:00,2026-06-08 13:10:00,10.8,12.48,5.36
A02584,S4,2026-06-09 00:04:00,2026-06-09 04:53:00,8.64,4.82,10.9
A02584,S5,2026-06-09 08:33:00,2026-06-09 12:12:00,3.24,3.66,3.65
A02585,S1,2026-06-07 07:29:00,2026-06-07 11:41:00,3.87,4.18,0.49
A02585,S2,2026-06-07 15:38:00,2026-06-07 22:41:00,5.81,7.05,3.95
A02585,S3,2026-06-08 00:01:00,2026-06-08 09:13:00,9.68,9.19,1.35
A02585,S4,2026-06-08 10:37:00,2026-06-08 19:20:00,7.74,8.72,1.4
A02585,S5,2026-06-08 23:06:00,2026-06-09 01:59:00,2.9,2.87,3.78
A02586,S1,2026-06-07 07:39:00,2026-06-07 14:13:00,5.92,6.56,0.65
A02586,S2,2026-06-07 14:35:00,2026-06-08 01:15:00,8.88,10.65,0.38
A02586,S3,2026-06-08 04:41:00,2026-06-08 17:08:00,14.8,12.45,3.44
A02586,S4,2026-06-10 13:04:00,2026-06-11 08:16:00,11.84,19.19,43.94
A02586,S5,2026-06-11 12:17:00,2026-06-11 17:09:00,4.44,4.86,4.02
A02587,S1,2026-06-07 07:02:00,2026-06-07 09:18:00,2.37,2.28,0.03
A02587,S2,2026-06-07 13:31:00,2026-06-07 17:59:00,3.55,4.47,4.21
A02587,S3,2026-06-07 19:09:00,2026-06-08 01:28:00,5.92,6.31,1.17
A02587,S4,2026-06-08 12:02:00,2026-06-08 15:33:00,4.74,3.51,10.58
A02587,S5,2026-06-08 16:22:00,2026-06-08 18:22:00,1.78,1.99,0.83
A02588,S1,2026-06-08 07:18:00,2026-06-08 10:48:00,2.8,3.51,0.3
A02588,S2,2026-06-08 11:59:00,2026-06-08 16:00:00,4.2,4.01,1.18
A02588,S3,2026-06-08 17:26:00,2026-06-09 00:09:00,7.0,6.71,1.43
A02588,S4,2026-06-10 01:46:00,2026-06-10 09:40:00,5.6,7.91,25.62
A02588,S5,2026-06-10 18:10:00,2026-06-10 20:37:00,2.1,2.44,8.5
A02589,S1,2026-06-08 07:16:00,2026-06-08 11:30:00,4.32,4.24,0.27
A02589,S2,2026-06-08 15:39:00,2026-06-08 21:49:00,6.48,6.15,4.16
A02589,S3,2026-06-09 02:09:00,2026-06-09 15:04:00,10.8,12.91,4.35
A02589,S4,2026-06-09 15:12:00,2026-06-10 05:07:00,8.64,13.92,0.14
A02589,S5,2026-06-10 05:16:00,2026-06-10 08:27:00,3.24,3.18,0.15
A02590,S1,2026-06-08 07:39:00,2026-06-08 09:56:00,2.03,2.28,0.65
A02590,S2,2026-06-08 11:45:00,2026-06-08 14:59:00,3.05,3.24,1.82
A02590,S3,2026-06-08 19:24:00,2026-06-08 23:29:00,5.08,4.08,4.41
A02590,S4,2026-06-09 00:22:00,2026-06-09 05:26:00,4.06,5.08,0.88
A02590,S5,2026-06-09 06:19:00,2026-06-09 07:51:00,1.52,1.53,0.88
A02591,S1,2026-06-08 10:35:00,2026-06-08 15:44:00,5.16,5.14,3.59
A02591,S2,2026-06-08 16:25:00,2026-06-09 02:57:00,7.74,10.53,0.69
A02591,S3,2026-06-09 06:48:00,2026-06-09 15:06:00,12.9,8.3,3.85
A02591,S4,2026-06-09 19:29:00,2026-06-10 03:08:00,10.32,7.64,4.38
A02591,S5,2026-06-10 03:30:00,2026-06-10 07:01:00,3.87,3.53,0.37
A02592,S1,2026-06-08 07:12:00,2026-06-08 12:17:00,4.77,5.09,0.2
A02592,S2,2026-06-08 17:11:00,2026-06-09 00:33:00,7.15,7.37,4.89
A02592,S3,2026-06-09 01:51:00,2026-06-09 14:20:00,11.92,12.48,1.3
A02592,S4,2026-06-09 17:40:00,2026-06-10 01:56:00,9.54,8.28,3.33
A02592,S5,2026-06-10 03:55:00,2026-06-10 08:43:00,3.58,4.8,1.98
A02593,S1,2026-06-09 07:38:00,2026-06-09 09:59:00,2.24,2.35,0.63
A02593,S2,2026-06-09 10:37:00,2026-06-09 13:48:00,3.36,3.17,0.63
A02593,S3,2026-06-09 15:56:00,2026-06-09 22:29:00,5.6,6.55,2.14
A02593,S4,2026-06-10 03:23:00,2026-06-10 08:40:00,4.48,5.28,4.91
A02593,S5,2026-06-10 10:39:00,2026-06-10 12:14:00,1.68,1.6,1.97
A02594,S1,2026-06-09 08:29:00,2026-06-09 11:33:00,3.02,3.06,1.49
A02594,S2,2026-06-09 11:45:00,2026-06-09 15:43:00,4.53,3.97,0.2
A02594,S3,2026-06-09 21:35:00,2026-06-10 06:21:00,7.55,8.77,5.86
A02594,S4,2026-06-10 23:29:00,2026-06-11 05:48:00,6.04,6.32,17.14
A02594,S5,2026-06-11 08:38:00,2026-06-11 11:08:00,2.26,2.5,2.84
A02595,S1,2026-06-09 07:51:00,2026-06-09 13:05:00,4.56,5.23,0.85
A02595,S2,2026-06-09 18:58:00,2026-06-10 00:40:00,6.84,5.71,5.89
A02595,S3,2026-06-10 01:07:00,2026-06-10 11:01:00,11.4,9.89,0.45
A02595,S4,2026-06-10 23:56:00,2026-06-11 03:07:00,9.12,3.18,12.91
A02595,S5,2026-06-11 04:14:00,2026-06-11 08:05:00,3.42,3.86,1.12
A02596,S1,2026-06-09 07:42:00,2026-06-09 10:34:00,2.44,2.88,0.69
A02596,S2,2026-06-09 12:31:00,2026-06-09 16:13:00,3.66,3.7,1.94
A02596,S3,2026-06-10 01:48:00,2026-06-10 08:51:00,6.1,7.05,9.59
A02596,S4,2026-06-10 10:31:00,2026-06-10 17:00:00,4.88,6.48,1.66
A02596,S5,2026-06-10 17:20:00,2026-06-10 19:14:00,1.83,1.91,0.33
A02597,S1,2026-06-09 07:16:00,2026-06-09 12:59:00,5.44,5.72,0.26
A02597,S2,2026-06-09 13:34:00,2026-06-09 21:02:00,8.16,7.46,0.59
A02597,S3,2026-06-10 08:04:00,2026-06-10 21:47:00,13.6,13.73,11.03
A02597,S4,2026-06-11 07:06:00,2026-06-11 15:22:00,10.88,8.26,9.32
A02597,S5,2026-06-11 16:00:00,2026-06-11 21:07:00,4.08,5.11,0.63
A02598,S1,2026-06-10 07:12:00,2026-06-10 09:54:00,2.84,2.69,0.2
A02598,S2,2026-06-10 12:05:00,2026-06-10 15:45:00,4.26,3.67,2.19
A02598,S3,2026-06-10 18:15:00,2026-06-11 01:08:00,7.1,6.87,2.5
A02598,S4,2026-06-12 03:16:00,2026-06-12 08:39:00,5.68,5.39,26.14
A02598,S5,2026-06-12 12:13:00,2026-06-12 14:27:00,2.13,2.24,3.55
A02599,S1,2026-06-10 08:52:00,2026-06-10 10:56:00,1.98,2.07,1.87
A02599,S2,2026-06-10 12:41:00,2026-06-10 15:50:00,2.98,3.15,1.76
A02599,S3,2026-06-10 17:10:00,2026-06-10 22:48:00,4.96,5.63,1.33
A02599,S4,2026-06-11 06:57:00,2026-06-11 11:10:00,3.97,4.21,8.15
A02599,S5,2026-06-11 11:15:00,2026-06-11 12:44:00,1.49,1.49,0.08
A02600,S1,2026-06-10 09:02:00,2026-06-10 12:12:00,3.07,3.15,2.04
A02600,S2,2026-06-10 16:37:00,2026-06-10 20:53:00,4.61,4.28,4.41
A02600,S3,2026-06-10 21:10:00,2026-06-11 06:02:00,7.68,8.87,0.28
A02600,S4,2026-06-11 11:09:00,2026-06-11 17:52:00,6.14,6.72,5.12
A02600,S5,2026-06-11 18:47:00,2026-06-11 21:09:00,2.3,2.37,0.91
A02601,S1,2026-06-10 07:07:00,2026-06-10 12:12:00,4.96,5.08,0.12
A02601,S2,2026-06-10 12:15:00,2026-06-10 21:43:00,7.44,9.48,0.05
A02601,S3,2026-06-11 01:40:00,2026-06-11 22:11:00,12.4,20.51,3.95
A02601,S4,2026-06-12 08:55:00,2026-06-12 21:33:00,9.92,12.64,10.74
A02601,S5,2026-06-12 23:42:00,2026-06-13 02:48:00,3.72,3.09,2.14
A02602,S1,2026-06-11 07:55:00,2026-06-11 11:03:00,3.0,3.14,0.92
A02602,S2,2026-06-11 12:00:00,2026-06-11 16:26:00,4.5,4.43,0.94
A02602,S3,2026-06-11 17:05:00,2026-06-12 02:43:00,7.5,9.63,0.65
A02602,S4,2026-06-12 07:34:00,2026-06-12 19:59:00,6.0,12.42,4.86
A02602,S5,2026-06-12 20:38:00,2026-06-12 22:51:00,2.25,2.21,0.65
A02603,S1,2026-06-11 07:41:00,2026-06-11 10:23:00,2.84,2.7,0.69
A02603,S2,2026-06-11 17:30:00,2026-06-11 22:37:00,4.26,5.11,7.11
A02603,S3,2026-06-12 03:35:00,2026-06-12 12:48:00,7.1,9.21,4.98
A02603,S4,2026-06-12 13:40:00,2026-06-12 20:16:00,5.68,6.6,0.87
A02603,S5,2026-06-12 21:05:00,2026-06-12 23:02:00,2.13,1.95,0.8
A02604,S1,2026-06-11 07:05:00,2026-06-11 10:13:00,2.59,3.14,0.08
A02604,S2,2026-06-11 10:26:00,2026-06-11 14:12:00,3.89,3.77,0.21
A02604,S3,2026-06-11 15:16:00,2026-06-11 21:24:00,6.48,6.14,1.06
A02604,S4,2026-06-12 03:33:00,2026-06-12 08:09:00,5.18,4.61,6.14
A02604,S5,2026-06-12 09:12:00,2026-06-12 11:33:00,1.94,2.36,1.03
A02605,S1,2026-06-11 07:05:00,2026-06-11 13:05:00,5.02,6.0,0.09
A02605,S2,2026-06-11 13:12:00,2026-06-11 21:26:00,7.54,8.24,0.11
A02605,S3,2026-06-11 21:28:00,2026-06-12 11:48:00,12.56,14.34,0.03
A02605,S4,2026-06-12 13:25:00,2026-06-12 21:45:00,10.05,8.33,1.63
A02605,S5,2026-06-13 02:05:00,2026-06-13 06:05:00,3.77,4.0,4.33
A02606,S1,2026-06-12 07:09:00,2026-06-12 10:53:00,2.92,3.72,0.15
A02606,S2,2026-06-12 13:06:00,2026-06-12 17:45:00,4.38,4.64,2.23
A02606,S3,2026-06-12 18:30:00,2026-06-13 04:49:00,7.3,10.32,0.75
A02606,S4,2026-06-14 00:02:00,2026-06-14 05:34:00,5.84,5.53,19.22
A02606,S5,2026-06-14 06:54:00,2026-06-14 09:13:00,2.19,2.33,1.33
A02607,S1,2026-06-13 07:04:00,2026-06-13 10:58:00,3.48,3.9,0.07
A02607,S2,2026-06-13 12:36:00,2026-06-13 17:34:00,5.22,4.96,1.64
A02607,S3,2026-06-13 17:44:00,2026-06-14 02:41:00,8.7,8.94,0.18
A02607,S4,2026-06-15 02:57:00,2026-06-15 11:41:00,6.96,8.72,24.28
A02607,S5,2026-06-15 19:54:00,2026-06-15 22:50:00,2.61,2.93,8.22
A02608,S1,2026-06-13 09:53:00,2026-06-13 12:50:00,3.14,2.94,2.89
A02608,S2,2026-06-13 18:23:00,2026-06-14 00:39:00,4.72,6.26,5.56
A02608,S3,2026-06-14 03:33:00,2026-06-14 16:37:00,7.86,13.06,2.9
A02608,S4,2026-06-14 21:27:00,2026-06-15 05:44:00,6.29,8.28,4.83
A02608,S5,2026-06-15 06:06:00,2026-06-15 08:29:00,2.36,2.39,0.36
A02609,S1,2026-06-13 07:26:00,2026-06-13 10:36:00,2.78,3.17,0.44
A02609,S2,2026-06-13 10:50:00,2026-06-13 15:29:00,4.18,4.66,0.22
A02609,S3,2026-06-13 20:11:00,2026-06-14 03:02:00,6.96,6.86,4.7
A02609,S4,2026-06-14 04:05:00,2026-06-14 07:55:00,5.57,3.85,1.04
A02609,S5,2026-06-14 09:36:00,2026-06-14 11:55:00,2.09,2.32,1.67
A02610,S1,2026-06-13 07:01:00,2026-06-13 11:48:00,4.8,4.78,0.02
A02610,S2,2026-06-13 11:57:00,2026-06-13 19:09:00,7.2,7.2,0.15
A02610,S3,2026-06-13 21:18:00,2026-06-14 09:22:00,12.0,12.07,2.15
A02610,S4,2026-06-14 14:29:00,2026-06-14 20:57:00,9.6,6.47,5.11
A02610,S5,2026-06-15 00:54:00,2026-06-15 05:23:00,3.6,4.47,3.95
A02611,S1,2026-06-14 07:36:00,2026-06-14 11:27:00,3.65,3.84,0.61
A02611,S2,2026-06-14 13:51:00,2026-06-14 20:43:00,5.47,6.86,2.41
A02611,S3,2026-06-14 21:40:00,2026-06-15 10:59:00,9.12,13.31,0.96
A02611,S4,2026-06-15 17:29:00,2026-06-16 02:57:00,7.3,9.46,6.51
A02611,S5,2026-06-16 03:02:00,2026-06-16 05:40:00,2.74,2.62,0.09
A02612,S1,2026-06-14 07:35:00,2026-06-14 09:47:00,2.16,2.21,0.58
A02612,S2,2026-06-14 10:27:00,2026-06-14 13:39:00,3.24,3.2,0.66
A02612,S3,2026-06-14 15:55:00,2026-06-14 20:41:00,5.4,4.76,2.27
A02612,S4,2026-06-15 00:20:00,2026-06-15 05:52:00,4.32,5.54,3.65
A02612,S5,2026-06-15 07:37:00,2026-06-15 09:26:00,1.62,1.82,1.74
A02613,S1,2026-06-15 08:16:00,2026-06-15 12:44:00,4.7,4.47,1.26
A02613,S2,2026-06-15 16:57:00,2026-06-16 01:07:00,7.06,8.16,4.22
A02613,S3,2026-06-16 11:02:00,2026-06-16 23:56:00,11.76,12.89,9.92
A02613,S4,2026-06-18 15:16:00,2026-06-19 01:11:00,9.41,9.91,39.34
A02613,S5,2026-06-19 02:42:00,2026-06-19 06:26:00,3.53,3.73,1.52
A02614,S1,2026-06-15 07:21:00,2026-06-15 09:16:00,1.9,1.91,0.35
A02614,S2,2026-06-15 11:24:00,2026-06-15 14:48:00,2.86,3.4,2.14
A02614,S3,2026-06-15 20:53:00,2026-06-16 01:16:00,4.76,4.4,6.08
A02614,S4,2026-06-16 09:17:00,2026-06-16 12:17:00,3.81,3.0,8.01
A02614,S5,2026-06-16 16:00:00,2026-06-16 17:36:00,1.43,1.6,3.71
A02615,S1,2026-06-15 08:27:00,2026-06-15 10:54:00,2.3,2.44,1.46
A02615,S2,2026-06-15 13:12:00,2026-06-15 16:56:00,3.45,3.72,2.31
A02615,S3,2026-06-15 18:16:00,2026-06-15 22:24:00,5.75,4.14,1.34
A02615,S4,2026-06-16 09:14:00,2026-06-16 13:09:00,4.6,3.91,10.83
A02615,S5,2026-06-16 18:23:00,2026-06-16 20:13:00,1.72,1.84,5.24
A02616,S1,2026-06-15 07:18:00,2026-06-15 13:55:00,5.09,6.61,0.3
A02616,S2,2026-06-15 14:19:00,2026-06-16 02:52:00,7.63,12.55,0.4
A02616,S3,2026-06-16 05:25:00,2026-06-16 18:56:00,12.72,13.51,2.56
A02616,S4,2026-06-16 21:10:00,2026-06-17 06:44:00,10.18,9.57,2.23
A02616,S5,2026-06-17 07:35:00,2026-06-17 11:49:00,3.82,4.24,0.85
A02617,S1,2026-06-15 07:18:00,2026-06-15 09:40:00,1.98,2.38,0.29
A02617,S2,2026-06-15 09:49:00,2026-06-15 12:20:00,2.98,2.53,0.14
A02617,S3,2026-06-15 16:15:00,2026-06-15 22:39:00,4.96,6.4,3.91
A02617,S4,2026-06-15 23:23:00,2026-06-16 02:40:00,3.97,3.27,0.73
A02617,S5,2026-06-16 04:35:00,2026-06-16 06:09:00,1.49,1.57,1.92
A02618,S1,2026-06-15 07:50:00,2026-06-15 10:36:00,2.71,2.77,0.84
A02618,S2,2026-06-15 10:44:00,2026-06-15 14:32:00,4.07,3.81,0.12
A02618,S3,2026-06-15 16:20:00,2026-06-15 23:10:00,6.78,6.84,1.79
A02618,S4,2026-06-16 09:21:00,2026-06-16 17:45:00,5.42,8.4,10.18
A02618,S5,2026-06-16 18:23:00,2026-06-16 20:26:00,2.03,2.05,0.64
A02619,S1,2026-06-16 09:20:00,2026-06-16 13:39:00,4.68,4.3,2.34
A02619,S2,2026-06-16 17:47:00,2026-06-17 00:49:00,7.02,7.03,4.14
A02619,S3,2026-06-17 02:53:00,2026-06-17 13:41:00,11.7,10.8,2.06
A02619,S4,2026-06-18 01:04:00,2026-06-18 14:40:00,9.36,13.59,11.39
A02619,S5,2026-06-18 15:32:00,2026-06-18 19:37:00,3.51,4.07,0.88
A02620,S1,2026-06-16 07:19:00,2026-06-16 09:51:00,2.5,2.53,0.32
A02620,S2,2026-06-16 12:28:00,2026-06-16 15:51:00,3.75,3.38,2.62
A02620,S3,2026-06-16 15:59:00,2026-06-16 20:45:00,6.25,4.78,0.13
A02620,S4,2026-06-16 22:03:00,2026-06-17 04:04:00,5.0,6.02,1.3
A02620,S5,2026-06-17 06:31:00,2026-06-17 08:20:00,1.88,1.82,2.46
A02621,S1,2026-06-16 07:05:00,2026-06-16 12:16:00,5.06,5.18,0.09
A02621,S2,2026-06-16 14:30:00,2026-06-16 20:16:00,7.58,5.77,2.22
A02621,S3,2026-06-17 10:23:00,2026-06-17 23:32:00,12.64,13.16,14.12
A02621,S4,2026-06-18 07:29:00,2026-06-18 20:23:00,10.11,12.9,7.95
A02621,S5,2026-06-18 21:36:00,2026-06-19 01:25:00,3.79,3.81,1.22
A02622,S1,2026-06-16 07:24:00,2026-06-16 10:24:00,2.92,2.99,0.41
A02622,S2,2026-06-16 10:33:00,2026-06-16 15:28:00,4.38,4.93,0.15
A02622,S3,2026-06-16 15:40:00,2026-06-16 23:36:00,7.3,7.93,0.19
A02622,S4,2026-06-17 01:02:00,2026-06-17 05:51:00,5.84,4.82,1.44
A02622,S5,2026-06-17 09:18:00,2026-06-17 11:33:00,2.19,2.25,3.45
A02623,S1,2026-06-17 07:32:00,2026-06-17 10:12:00,2.52,2.68,0.53
A02623,S2,2026-06-17 11:21:00,2026-06-17 15:07:00,3.78,3.76,1.15
A02623,S3,2026-06-17 18:28:00,2026-06-18 02:28:00,6.3,7.99,3.36
A02623,S4,2026-06-18 15:55:00,2026-06-18 21:23:00,5.04,5.47,13.45
A02623,S5,2026-06-18 22:24:00,2026-06-19 00:16:00,1.89,1.87,1.0
A02624,S1,2026-06-17 07:47:00,2026-06-17 14:24:00,6.0,6.62,0.78
A02624,S2,2026-06-17 14:42:00,2026-06-17 23:11:00,9.0,8.48,0.29
A02624,S3,2026-06-18 06:11:00,2026-06-18 20:12:00,15.0,14.03,7.0
A02624,S4,2026-06-19 16:33:00,2026-06-20 01:41:00,12.0,9.14,20.34
A02624,S5,2026-06-20 03:04:00,2026-06-20 07:52:00,4.5,4.8,1.38
A02625,S1,2026-06-17 07:26:00,2026-06-17 10:37:00,3.0,3.18,0.43
A02625,S2,2026-06-17 13:08:00,2026-06-17 19:13:00,4.5,6.08,2.52
A02625,S3,2026-06-17 20:55:00,2026-06-18 05:47:00,7.5,8.87,1.7
A02625,S4,2026-06-18 06:51:00,2026-06-18 11:58:00,6.0,5.12,1.06
A02625,S5,2026-06-18 14:37:00,2026-06-18 17:15:00,2.25,2.64,2.66
A02626,S1,2026-06-18 07:26:00,2026-06-18 09:30:00,2.21,2.06,0.43
A02626,S2,2026-06-18 10:03:00,2026-06-18 12:44:00,3.31,2.69,0.55
A02626,S3,2026-06-18 13:32:00,2026-06-18 19:49:00,5.52,6.28,0.81
A02626,S4,2026-06-19 01:11:00,2026-06-19 05:07:00,4.42,3.93,5.36
A02626,S5,2026-06-19 05:18:00,2026-06-19 07:03:00,1.66,1.76,0.18
A02627,S1,2026-06-18 07:28:00,2026-06-18 11:45:00,4.8,4.28,0.46
A02627,S2,2026-06-18 12:11:00,2026-06-18 21:33:00,7.2,9.37,0.44
A02627,S3,2026-06-18 23:06:00,2026-06-19 11:21:00,12.0,12.26,1.54
A02627,S4,2026-06-19 22:21:00,2026-06-20 05:19:00,9.6,6.98,10.99
A02627,S5,2026-06-20 06:13:00,2026-06-20 09:59:00,3.6,3.77,0.9
A02628,S1,2026-06-18 08:00:00,2026-06-18 12:38:00,5.52,4.64,1.0
A02628,S2,2026-06-18 13:14:00,2026-06-18 23:38:00,8.28,10.4,0.6
A02628,S3,2026-06-19 12:04:00,2026-06-20 01:35:00,13.8,13.51,12.42
A02628,S4,2026-06-20 05:36:00,2026-06-20 14:31:00,11.04,8.92,4.02
A02628,S5,2026-06-20 15:25:00,2026-06-20 20:46:00,4.14,5.35,0.9
A02629,S1,2026-06-18 07:45:00,2026-06-18 13:07:00,6.08,5.36,0.75
A02629,S2,2026-06-18 14:12:00,2026-06-18 23:35:00,9.12,9.38,1.08
A02629,S3,2026-06-19 00:06:00,2026-06-19 19:03:00,15.2,18.96,0.52
A02629,S4,2026-06-20 00:21:00,2026-06-20 20:22:00,12.16,20.01,5.3
A02629,S5,2026-06-20 20:49:00,2026-06-21 01:54:00,4.56,5.09,0.44
A02630,S1,2026-06-18 08:42:00,2026-06-18 11:57:00,2.86,3.24,1.71
A02630,S2,2026-06-18 14:42:00,2026-06-18 19:15:00,4.29,4.56,2.75
A02630,S3,2026-06-19 01:52:00,2026-06-19 08:16:00,7.15,6.4,6.6
A02630,S4,2026-06-19 09:07:00,2026-06-19 14:23:00,5.72,5.28,0.85
A02630,S5,2026-06-19 18:01:00,2026-06-19 20:03:00,2.14,2.03,3.63
A02631,S1,2026-06-18 07:16:00,2026-06-18 13:26:00,5.6,6.17,0.26
A02631,S2,2026-06-18 17:23:00,2026-06-19 01:03:00,8.4,7.66,3.95
A02631,S3,2026-06-19 03:11:00,2026-06-19 17:12:00,14.0,14.01,2.15
A02631,S4,2026-06-20 00:45:00,2026-06-20 09:57:00,11.2,9.19,7.55
A02631,S5,2026-06-20 10:18:00,2026-06-20 14:19:00,4.2,4.02,0.36
A02632,S1,2026-06-18 07:51:00,2026-06-18 10:54:00,2.57,3.04,0.85
A02632,S2,2026-06-18 12:27:00,2026-06-18 15:17:00,3.85,2.83,1.56
A02632,S3,2026-06-18 19:37:00,2026-06-19 00:59:00,6.42,5.36,4.34
A02632,S4,2026-06-19 02:53:00,2026-06-19 12:50:00,5.14,9.95,1.9
A02632,S5,2026-06-19 15:14:00,2026-06-19 17:12:00,1.93,1.97,2.41
A02633,S1,2026-06-18 07:27:00,2026-06-18 09:31:00,1.81,2.06,0.46
A02633,S2,2026-06-18 10:22:00,2026-06-18 13:12:00,2.71,2.84,0.85
A02633,S3,2026-06-18 14:03:00,2026-06-18 20:25:00,4.52,6.37,0.85
A02633,S4,2026-06-18 20:51:00,2026-06-18 23:30:00,3.62,2.65,0.42
A02633,S5,2026-06-18 23:41:00,2026-06-19 01:11:00,1.36,1.5,0.19
A02634,S1,2026-06-19 09:23:00,2026-06-19 11:50:00,2.3,2.44,2.38
A02634,S2,2026-06-19 12:07:00,2026-06-19 15:37:00,3.45,3.49,0.29
A02634,S3,2026-06-19 19:09:00,2026-06-20 02:30:00,5.75,7.36,3.54
A02634,S4,2026-06-20 02:31:00,2026-06-20 05:46:00,4.6,3.24,0.02
A02634,S5,2026-06-20 08:21:00,2026-06-20 10:06:00,1.72,1.76,2.58
A02635,S1,2026-06-19 07:08:00,2026-06-19 12:30:00,5.32,5.38,0.13
A02635,S2,2026-06-19 18:11:00,2026-06-20 02:19:00,7.98,8.12,5.68
A02635,S3,2026-06-20 03:55:00,2026-06-20 15:51:00,13.3,11.93,1.61
A02635,S4,2026-06-20 23:18:00,2026-06-21 12:40:00,10.64,13.37,7.44
A02635,S5,2026-06-21 13:25:00,2026-06-21 17:29:00,3.99,4.07,0.76
A02636,S1,2026-06-19 07:07:00,2026-06-19 11:35:00,5.24,4.47,0.11
A02636,S2,2026-06-19 16:08:00,2026-06-20 01:15:00,7.86,9.13,4.54
A02636,S3,2026-06-20 03:18:00,2026-06-20 14:43:00,13.1,11.41,2.05
A02636,S4,2026-06-21 01:14:00,2026-06-21 09:36:00,10.48,8.37,10.51
A02636,S5,2026-06-21 10:32:00,2026-06-21 15:03:00,3.93,4.52,0.93
A02637,S1,2026-06-19 07:06:00,2026-06-19 11:32:00,4.84,4.43,0.1
A02637,S2,2026-06-19 14:08:00,2026-06-19 23:28:00,7.26,9.34,2.59
A02637,S3,2026-06-20 04:53:00,2026-06-20 21:50:00,12.1,16.95,5.41
A02637,S4,2026-06-21 00:11:00,2026-06-21 14:13:00,9.68,14.03,2.35
A02637,S5,2026-06-21 16:32:00,2026-06-21 20:35:00,3.63,4.05,2.32
A02638,S1,2026-06-19 07:10:00,2026-06-19 10:22:00,2.52,3.19,0.17
A02638,S2,2026-06-19 13:45:00,2026-06-19 17:40:00,3.78,3.91,3.4
A02638,S3,2026-06-19 17:59:00,2026-06-19 22:20:00,6.3,4.35,0.31
A02638,S4,2026-06-19 22:21:00,2026-06-20 02:45:00,5.04,4.4,0.01
A02638,S5,2026-06-20 08:56:00,2026-06-20 10:56:00,1.89,1.99,6.19
A02639,S1,2026-06-19 08:49:00,2026-06-19 11:44:00,2.72,2.91,1.82
A02639,S2,2026-06-19 16:36:00,2026-06-19 20:46:00,4.08,4.17,4.86
A02639,S3,2026-06-19 20:57:00,2026-06-20 04:21:00,6.8,7.4,0.18
A02639,S4,2026-06-22 18:29:00,2026-06-23 01:14:00,5.44,6.75,62.13
A02639,S5,2026-06-23 04:29:00,2026-06-23 06:29:00,2.04,1.99,3.26
A02640,S1,2026-06-19 08:07:00,2026-06-19 10:16:00,1.86,2.14,1.12
A02640,S2,2026-06-19 10:28:00,2026-06-19 13:18:00,2.78,2.83,0.2
A02640,S3,2026-06-19 15:34:00,2026-06-19 20:58:00,4.64,5.41,2.27
A02640,S4,2026-06-21 01:26:00,2026-06-21 05:35:00,3.71,4.15,28.46
A02640,S5,2026-06-21 09:35:00,2026-06-21 11:15:00,1.39,1.66,4.0
A02641,S1,2026-06-20 07:58:00,2026-06-20 12:03:00,3.74,4.08,0.97
A02641,S2,2026-06-20 20:38:00,2026-06-21 02:50:00,5.62,6.2,8.59
A02641,S3,2026-06-21 07:12:00,2026-06-21 22:56:00,9.36,15.73,4.37
A02641,S4,2026-06-22 01:55:00,2026-06-22 10:41:00,7.49,8.76,2.99
A02641,S5,2026-06-22 11:13:00,2026-06-22 14:01:00,2.81,2.81,0.54
A02642,S1,2026-06-21 07:19:00,2026-06-21 09:50:00,2.45,2.52,0.32
A02642,S2,2026-06-21 09:51:00,2026-06-21 13:43:00,3.67,3.87,0.01
A02642,S3,2026-06-21 16:54:00,2026-06-21 21:42:00,6.12,4.8,3.17
A02642,S4,2026-06-22 00:55:00,2026-06-22 05:23:00,4.9,4.46,3.22
A02642,S5,2026-06-22 06:38:00,2026-06-22 08:46:00,1.84,2.14,1.24
A02643,S1,2026-06-21 09:27:00,2026-06-21 15:24:00,5.56,5.95,2.45
A02643,S2,2026-06-21 22:52:00,2026-06-22 05:52:00,8.34,7.0,7.46
A02643,S3,2026-06-22 18:33:00,2026-06-23 08:22:00,13.9,13.82,12.68
A02643,S4,2026-06-23 14:22:00,2026-06-24 01:00:00,11.12,10.63,6.01
A02643,S5,2026-06-24 03:49:00,2026-06-24 08:14:00,4.17,4.42,2.81
A02644,S1,2026-06-21 07:12:00,2026-06-21 09:08:00,1.86,1.94,0.19
A02644,S2,2026-06-21 15:38:00,2026-06-21 18:32:00,2.78,2.91,6.5
A02644,S3,2026-06-22 08:56:00,2026-06-22 17:00:00,4.64,8.07,14.4
A02644,S4,2026-06-23 06:31:00,2026-06-23 09:20:00,3.71,2.82,13.51
A02644,S5,2026-06-23 11:43:00,2026-06-23 13:14:00,1.39,1.5,2.39
A02645,S1,2026-06-22 07:30:00,2026-06-22 11:04:00,3.1,3.56,0.5
A02645,S2,2026-06-22 12:22:00,2026-06-22 17:59:00,4.65,5.63,1.3
A02645,S3,2026-06-23 00:01:00,2026-06-23 05:20:00,7.75,5.32,6.03
A02645,S4,2026-06-23 12:53:00,2026-06-23 17:02:00,6.2,4.15,7.54
A02645,S5,2026-06-23 21:12:00,2026-06-23 23:38:00,2.33,2.43,4.17
A02646,S1,2026-06-22 09:13:00,2026-06-22 14:26:00,5.64,5.21,2.22
A02646,S2,2026-06-22 14:52:00,2026-06-22 22:02:00,8.46,7.17,0.43
A02646,S3,2026-06-22 22:26:00,2026-06-23 19:42:00,14.1,21.26,0.4
A02646,S4,2026-06-23 23:37:00,2026-06-24 06:20:00,11.28,6.73,3.91
A02646,S5,2026-06-24 12:18:00,2026-06-24 16:31:00,4.23,4.22,5.96
A02647,S1,2026-06-23 07:01:00,2026-06-23 11:59:00,4.26,4.98,0.01
A02647,S2,2026-06-23 15:04:00,2026-06-23 20:41:00,6.38,5.61,3.08
A02647,S3,2026-06-23 22:02:00,2026-06-24 07:56:00,10.64,9.89,1.36
A02647,S4,2026-06-24 15:19:00,2026-06-25 01:07:00,8.51,9.79,7.39
A02647,S5,2026-06-25 05:21:00,2026-06-25 08:15:00,3.19,2.91,4.23
A02648,S1,2026-06-23 07:41:00,2026-06-23 11:28:00,3.62,3.78,0.68
A02648,S2,2026-06-23 14:34:00,2026-06-23 21:01:00,5.42,6.45,3.1
A02648,S3,2026-06-23 21:45:00,2026-06-24 08:38:00,9.04,10.9,0.73
A02648,S4,2026-06-24 20:57:00,2026-06-25 03:58:00,7.23,7.02,12.31
A02648,S5,2026-06-25 06:40:00,2026-06-25 09:21:00,2.71,2.69,2.69
A02649,S1,2026-06-23 07:47:00,2026-06-23 11:28:00,3.78,3.68,0.78
A02649,S2,2026-06-23 12:07:00,2026-06-23 18:39:00,5.66,6.53,0.66
A02649,S3,2026-06-23 19:33:00,2026-06-24 03:58:00,9.44,8.42,0.91
A02649,S4,2026-06-24 11:12:00,2026-06-24 18:26:00,7.55,7.24,7.23
A02649,S5,2026-06-24 18:41:00,2026-06-24 22:18:00,2.83,3.61,0.25
A02650,S1,2026-06-23 07:50:00,2026-06-23 10:46:00,2.6,2.95,0.83
A02650,S2,2026-06-23 11:14:00,2026-06-23 14:18:00,3.9,3.07,0.46
A02650,S3,2026-06-23 17:40:00,2026-06-24 00:36:00,6.5,6.93,3.37
A02650,S4,2026-06-24 01:58:00,2026-06-24 04:36:00,5.2,2.63,1.37
A02650,S5,2026-06-24 06:26:00,2026-06-24 08:23:00,1.95,1.95,1.84
A02651,S1,2026-06-23 08:19:00,2026-06-23 10:33:00,2.13,2.23,1.32
A02651,S2,2026-06-23 10:42:00,2026-06-23 14:01:00,3.19,3.32,0.15
A02651,S3,2026-06-23 20:59:00,2026-06-24 02:17:00,5.32,5.29,6.97
A02651,S4,2026-06-24 08:05:00,2026-06-24 13:37:00,4.26,5.53,5.8
A02651,S5,2026-06-24 18:22:00,2026-06-24 19:52:00,1.6,1.5,4.76
A02652,S1,2026-06-23 07:04:00,2026-06-23 10:00:00,2.42,2.94,0.06
A02652,S2,2026-06-23 10:54:00,2026-06-23 16:11:00,3.63,5.28,0.9
A02652,S3,2026-06-23 16:12:00,2026-06-23 22:21:00,6.05,6.15,0.02
A02652,S4,2026-06-23 23:26:00,2026-06-24 04:47:00,4.84,5.35,1.09
A02652,S5,2026-06-24 05:44:00,2026-06-24 07:28:00,1.82,1.73,0.96
A02653,S1,2026-06-24 07:19:00,2026-06-24 10:46:00,2.96,3.45,0.31
A02653,S2,2026-06-24 12:14:00,2026-06-24 17:00:00,4.44,4.78,1.46
A02653,S3,2026-06-25 04:21:00,2026-06-25 12:50:00,7.4,8.48,11.35
A02653,S4,2026-06-25 17:44:00,2026-06-25 21:02:00,5.92,3.3,4.89
A02653,S5,2026-06-25 21:25:00,2026-06-25 23:14:00,2.22,1.81,0.4
A02654,S1,2026-06-24 08:03:00,2026-06-24 11:16:00,3.6,3.22,1.05
A02654,S2,2026-06-24 13:24:00,2026-06-24 20:05:00,5.4,6.68,2.13
A02654,S3,2026-06-24 22:42:00,2026-06-25 10:55:00,9.0,12.22,2.62
A02654,S4,2026-06-26 04:22:00,2026-06-26 15:31:00,7.2,11.15,17.44
A02654,S5,2026-06-26 17:58:00,2026-06-26 20:55:00,2.7,2.95,2.44
A02655,S1,2026-06-24 08:53:00,2026-06-24 14:18:00,5.2,5.42,1.89
A02655,S2,2026-06-25 00:47:00,2026-06-25 08:22:00,7.8,7.58,10.47
A02655,S3,2026-06-25 10:35:00,2026-06-26 01:30:00,13.0,14.92,2.22
A02655,S4,2026-06-26 15:24:00,2026-06-26 21:16:00,10.4,5.85,13.9
A02655,S5,2026-06-27 00:20:00,2026-06-27 04:11:00,3.9,3.86,3.07
A02656,S1,2026-06-25 07:18:00,2026-06-25 12:39:00,4.96,5.36,0.3
A02656,S2,2026-06-25 14:32:00,2026-06-25 20:24:00,7.44,5.87,1.87
A02656,S3,2026-06-25 22:53:00,2026-06-26 18:15:00,12.4,19.37,2.49
A02656,S4,2026-06-26 23:12:00,2026-06-27 07:21:00,9.92,8.15,4.95
A02656,S5,2026-06-27 14:01:00,2026-06-27 18:05:00,3.72,4.07,6.66
A02657,S1,2026-06-25 07:38:00,2026-06-25 13:34:00,4.88,5.94,0.64
A02657,S2,2026-06-25 14:38:00,2026-06-25 21:08:00,7.32,6.51,1.06
A02657,S3,2026-06-26 07:32:00,2026-06-26 18:58:00,12.2,11.43,10.4
A02657,S4,2026-06-26 20:44:00,2026-06-27 03:38:00,9.76,6.9,1.77
A02657,S5,2026-06-27 08:09:00,2026-06-27 12:05:00,3.66,3.93,4.52
A02658,S1,2026-06-25 07:56:00,2026-06-25 12:31:00,4.56,4.58,0.94
A02658,S2,2026-06-25 17:26:00,2026-06-26 01:45:00,6.84,8.33,4.92
A02658,S3,2026-06-26 03:23:00,2026-06-26 16:05:00,11.4,12.71,1.62
A02658,S4,2026-06-26 20:58:00,2026-06-27 03:21:00,9.12,6.38,4.88
A02658,S5,2026-06-27 04:11:00,2026-06-27 07:35:00,3.42,3.41,0.83
A02659,S1,2026-06-25 08:07:00,2026-06-25 12:02:00,3.46,3.91,1.12
A02659,S2,2026-06-25 12:48:00,2026-06-25 19:48:00,5.18,7.01,0.76
A02659,S3,2026-06-25 20:42:00,2026-06-26 06:52:00,8.64,10.17,0.89
A02659,S4,2026-06-27 04:53:00,2026-06-27 11:42:00,6.91,6.81,22.02
A02659,S5,2026-06-27 13:54:00,2026-06-27 16:44:00,2.59,2.84,2.2
A02660,S1,2026-06-25 07:19:00,2026-06-25 12:03:00,3.87,4.74,0.31
A02660,S2,2026-06-25 12:39:00,2026-06-25 18:06:00,5.81,5.46,0.59
A02660,S3,2026-06-25 19:22:00,2026-06-26 06:27:00,9.68,11.08,1.26
A02660,S4,2026-06-26 19:09:00,2026-06-27 02:01:00,7.74,6.88,12.7
A02660,S5,2026-06-27 02:10:00,2026-06-27 05:02:00,2.9,2.87,0.15
A02661,S1,2026-06-26 07:40:00,2026-06-26 10:42:00,3.04,3.02,0.67
A02661,S2,2026-06-26 11:11:00,2026-06-26 17:43:00,4.56,6.53,0.48
A02661,S3,2026-06-26 18:15:00,2026-06-27 04:03:00,7.6,9.8,0.54
A02661,S4,2026-06-27 12:07:00,2026-06-27 15:35:00,6.08,3.48,8.06
A02661,S5,2026-06-27 16:25:00,2026-06-27 18:12:00,2.28,1.77,0.84
A02662,S1,2026-06-26 08:57:00,2026-06-26 16:47:00,5.76,7.83,1.95
A02662,S2,2026-06-27 00:41:00,2026-06-27 08:47:00,8.64,8.1,7.9
A02662,S3,2026-06-27 11:24:00,2026-06-28 07:00:00,14.4,19.61,2.61
A02662,S4,2026-06-28 08:50:00,2026-06-29 01:58:00,11.52,17.13,1.84
A02662,S5,2026-06-29 02:13:00,2026-06-29 07:17:00,4.32,5.05,0.26
A02663,S1,2026-06-26 08:58:00,2026-06-26 11:13:00,2.35,2.25,1.97
A02663,S2,2026-06-26 12:40:00,2026-06-26 15:49:00,3.53,3.15,1.45
A02663,S3,2026-06-26 18:04:00,2026-06-27 01:49:00,5.88,7.75,2.24
A02663,S4,2026-06-27 04:28:00,2026-06-27 08:18:00,4.7,3.84,2.65
A02663,S5,2026-06-27 09:26:00,2026-06-27 11:08:00,1.76,1.7,1.14
A02664,S1,2026-06-26 07:08:00,2026-06-26 10:52:00,3.36,3.73,0.13
A02664,S2,2026-06-26 13:06:00,2026-06-26 18:11:00,5.04,5.07,2.24
A02664,S3,2026-06-26 20:24:00,2026-06-27 07:34:00,8.4,11.16,2.23
A02664,S4,2026-06-27 14:36:00,2026-06-28 05:08:00,6.72,14.54,7.04
A02664,S5,2026-06-28 06:31:00,2026-06-28 09:12:00,2.52,2.69,1.38
A02665,S1,2026-06-27 07:17:00,2026-06-27 12:47:00,3.7,5.5,0.28
A02665,S2,2026-06-27 13:16:00,2026-06-27 20:20:00,5.54,7.06,0.5
A02665,S3,2026-06-28 01:57:00,2026-06-28 14:14:00,9.24,12.28,5.62
A02665,S4,2026-06-28 21:59:00,2026-06-29 13:20:00,7.39,15.35,7.75
A02665,S5,2026-06-29 15:04:00,2026-06-29 17:54:00,2.77,2.84,1.73
A02666,S1,2026-06-27 07:03:00,2026-06-27 11:05:00,4.88,4.03,0.06
A02666,S2,2026-06-27 13:52:00,2026-06-27 21:19:00,7.32,7.44,2.78
A02666,S3,2026-06-28 02:55:00,2026-06-28 14:26:00,12.2,11.52,5.61
A02666,S4,2026-06-28 21:53:00,2026-06-29 10:44:00,9.76,12.86,7.44
A02666,S5,2026-06-29 11:53:00,2026-06-29 15:17:00,3.66,3.39,1.16
A02667,S1,2026-06-27 07:50:00,2026-06-27 12:07:00,4.36,4.28,0.83
A02667,S2,2026-06-27 13:45:00,2026-06-27 20:43:00,6.54,6.98,1.63
A02667,S3,2026-06-28 00:34:00,2026-06-28 17:34:00,10.9,17.0,3.84
A02667,S4,2026-06-28 23:28:00,2026-06-29 07:38:00,8.72,8.17,5.91
A02667,S5,2026-06-29 10:01:00,2026-06-29 13:09:00,3.27,3.13,2.38
A02668,S1,2026-06-27 07:11:00,2026-06-27 09:33:00,2.26,2.38,0.18
A02668,S2,2026-06-27 10:39:00,2026-06-27 13:46:00,3.39,3.11,1.09
A02668,S3,2026-06-27 14:54:00,2026-06-27 21:02:00,5.65,6.14,1.13
A02668,S4,2026-06-28 05:02:00,2026-06-28 10:21:00,4.52,5.32,7.99
A02668,S5,2026-06-28 15:22:00,2026-06-28 17:14:00,1.69,1.87,5.01
A02669,S1,2026-06-27 08:22:00,2026-06-27 11:03:00,2.64,2.69,1.36
A02669,S2,2026-06-27 14:22:00,2026-06-27 17:48:00,3.96,3.44,3.3
A02669,S3,2026-06-27 19:29:00,2026-06-27 23:43:00,6.6,4.23,1.69
A02669,S4,2026-06-28 04:25:00,2026-06-28 10:51:00,5.28,6.44,4.69
A02669,S5,2026-06-28 10:57:00,2026-06-28 13:30:00,1.98,2.55,0.09
A02670,S1,2026-06-27 08:11:00,2026-06-27 11:53:00,3.34,3.7,1.18
A02670,S2,2026-06-27 14:44:00,2026-06-27 19:41:00,5.0,4.95,2.86
A02670,S3,2026-06-27 21:47:00,2026-06-28 06:15:00,8.34,8.48,2.1
A02670,S4,2026-06-29 23:16:00,2026-06-30 07:37:00,6.67,8.35,41.01
A02670,S5,2026-06-30 09:21:00,2026-06-30 12:04:00,2.5,2.72,1.73
A02671,S1,2026-06-28 07:32:00,2026-06-28 09:30:00,2.03,1.97,0.54
A02671,S2,2026-06-28 11:50:00,2026-06-28 14:53:00,3.05,3.05,2.33
A02671,S3,2026-06-28 16:32:00,2026-06-28 22:47:00,5.08,6.25,1.65
A02671,S4,2026-06-28 23:59:00,2026-06-29 04:39:00,4.06,4.67,1.19
A02671,S5,2026-06-29 06:37:00,2026-06-29 08:14:00,1.52,1.63,1.96
A02672,S1,2026-06-28 08:07:00,2026-06-28 13:01:00,4.84,4.91,1.11
A02672,S2,2026-06-28 15:10:00,2026-06-28 23:44:00,7.26,8.57,2.15
A02672,S3,2026-06-29 01:48:00,2026-06-29 12:36:00,12.1,10.81,2.06
A02672,S4,2026-06-30 21:54:00,2026-07-01 09:06:00,9.68,11.2,33.28
A02672,S5,2026-07-01 13:44:00,2026-07-01 16:53:00,3.63,3.14,4.64
A02673,S1,2026-06-28 08:20:00,2026-06-28 14:23:00,4.93,6.05,1.33
A02673,S2,2026-06-28 14:33:00,2026-06-28 22:11:00,7.39,7.63,0.17
A02673,S3,2026-06-28 22:27:00,2026-06-29 09:49:00,12.32,11.38,0.27
A02673,S4,2026-06-29 11:12:00,2026-06-29 22:51:00,9.86,11.65,1.38
A02673,S5,2026-06-29 22:54:00,2026-06-30 02:30:00,3.7,3.6,0.05
A02674,S1,2026-06-29 08:23:00,2026-06-29 12:59:00,4.44,4.61,1.38
A02674,S2,2026-06-29 13:42:00,2026-06-29 20:01:00,6.66,6.32,0.72
A02674,S3,2026-06-29 22:39:00,2026-06-30 10:09:00,11.1,11.5,2.63
A02674,S4,2026-06-30 18:59:00,2026-07-01 04:05:00,8.88,9.1,8.83
A02674,S5,2026-07-01 04:05:00,2026-07-01 07:52:00,3.33,3.79,0.0
A02675,S1,2026-06-29 07:32:00,2026-06-29 10:46:00,3.12,3.25,0.53
A02675,S2,2026-06-29 12:40:00,2026-06-29 17:11:00,4.68,4.52,1.9
A02675,S3,2026-06-29 18:01:00,2026-06-30 00:09:00,7.8,6.14,0.83
A02675,S4,2026-06-30 01:51:00,2026-06-30 06:27:00,6.24,4.6,1.7
A02675,S5,2026-06-30 06:45:00,2026-06-30 09:01:00,2.34,2.28,0.29
A02676,S1,2026-06-29 07:55:00,2026-06-29 12:50:00,4.68,4.92,0.91
A02676,S2,2026-06-29 22:25:00,2026-06-30 05:04:00,7.02,6.65,9.58
A02676,S3,2026-06-30 06:33:00,2026-06-30 19:43:00,11.7,13.17,1.49
A02676,S4,2026-06-30 22:09:00,2026-07-01 08:52:00,9.36,10.72,2.43
A02676,S5,2026-07-01 09:22:00,2026-07-01 13:15:00,3.51,3.9,0.49
A02677,S1,2026-06-29 07:17:00,2026-06-29 10:39:00,2.86,3.37,0.29
A02677,S2,2026-06-29 18:39:00,2026-06-29 22:20:00,4.28,3.69,7.99
A02677,S3,2026-06-29 23:40:00,2026-06-30 05:01:00,7.14,5.35,1.32
A02677,S4,2026-06-30 16:30:00,2026-06-30 21:25:00,5.71,4.9,11.49
A02677,S5,2026-06-30 21:26:00,2026-06-30 23:40:00,2.14,2.23,0.02
A02678,S1,2026-06-29 07:50:00,2026-06-29 13:24:00,4.84,5.56,0.84
A02678,S2,2026-06-29 14:17:00,2026-06-29 20:38:00,7.26,6.36,0.88
A02678,S3,2026-06-29 21:04:00,2026-06-30 08:12:00,12.1,11.12,0.43
A02678,S4,2026-06-30 12:25:00,2026-07-01 00:25:00,9.68,12.01,4.22
A02678,S5,2026-07-01 00:28:00,2026-07-01 04:15:00,3.63,3.79,0.04
A02679,S1,2026-06-29 07:01:00,2026-06-29 09:24:00,2.42,2.39,0.01
A02679,S2,2026-06-29 16:49:00,2026-06-29 21:45:00,3.63,4.92,7.42
A02679,S3,2026-06-29 22:23:00,2026-06-30 04:11:00,6.05,5.8,0.64
A02679,S4,2026-06-30 18:53:00,2026-07-01 01:00:00,4.84,6.12,14.7
A02679,S5,2026-07-01 03:41:00,2026-07-01 05:21:00,1.82,1.67,2.68
A02680,S1,2026-06-30 07:22:00,2026-06-30 11:41:00,3.78,4.3,0.37
A02680,S2,2026-06-30 12:35:00,2026-06-30 18:48:00,5.66,6.22,0.9
A02680,S3,2026-06-30 19:47:00,2026-07-01 07:12:00,9.44,11.41,0.99
A02680,S4,2026-07-01 08:54:00,2026-07-01 21:42:00,7.55,12.8,1.69
A02680,S5,2026-07-01 22:38:00,2026-07-02 01:40:00,2.83,3.04,0.94
A02681,S1,2026-06-30 11:33:00,2026-06-30 17:14:00,4.9,5.68,4.55
A02681,S2,2026-06-30 17:51:00,2026-07-01 01:23:00,7.34,7.53,0.62
A02681,S3,2026-07-01 08:00:00,2026-07-01 20:10:00,12.24,12.17,6.62
A02681,S4,2026-07-01 23:03:00,2026-07-02 09:57:00,9.79,10.89,2.88
A02681,S5,2026-07-02 12:41:00,2026-07-02 16:50:00,3.67,4.16,2.73
A02682,S1,2026-06-30 07:55:00,2026-06-30 11:00:00,2.69,3.09,0.92
A02682,S2,2026-06-30 12:30:00,2026-06-30 16:12:00,4.03,3.69,1.5
A02682,S3,2026-06-30 22:17:00,2026-07-01 05:18:00,6.72,7.01,6.09
A02682,S4,2026-07-01 13:21:00,2026-07-01 19:37:00,5.38,6.27,8.06
A02682,S5,2026-07-02 02:25:00,2026-07-02 04:15:00,2.02,1.84,6.79
A02683,S1,2026-07-01 08:08:00,2026-07-01 11:54:00,3.49,3.77,1.13
A02683,S2,2026-07-01 13:39:00,2026-07-01 18:49:00,5.23,5.17,1.75
A02683,S3,2026-07-02 00:17:00,2026-07-02 06:50:00,8.72,6.55,5.47
A02683,S4,2026-07-02 14:24:00,2026-07-02 22:52:00,6.98,8.47,7.56
A02683,S5,2026-07-02 23:38:00,2026-07-03 02:11:00,2.62,2.54,0.78
A02684,S1,2026-07-02 10:04:00,2026-07-02 12:10:00,2.12,2.1,3.07
A02684,S2,2026-07-02 14:49:00,2026-07-02 18:26:00,3.18,3.63,2.64
A02684,S3,2026-07-02 19:09:00,2026-07-03 00:49:00,5.3,5.66,0.71
A02684,S4,2026-07-03 03:51:00,2026-07-03 08:11:00,4.24,4.33,3.04
A02684,S5,2026-07-03 12:45:00,2026-07-03 14:40:00,1.59,1.91,4.57
A02685,S1,2026-07-02 07:34:00,2026-07-02 10:22:00,2.68,2.81,0.56
A02685,S2,2026-07-02 11:09:00,2026-07-02 15:05:00,4.02,3.94,0.78
A02685,S3,2026-07-02 18:57:00,2026-07-03 01:15:00,6.7,6.29,3.86
A02685,S4,2026-07-03 01:30:00,2026-07-03 06:38:00,5.36,5.12,0.26
A02685,S5,2026-07-03 10:35:00,2026-07-03 12:31:00,2.01,1.94,3.96
A02686,S1,2026-07-02 07:23:00,2026-07-02 10:29:00,3.55,3.11,0.38
A02686,S2,2026-07-02 10:43:00,2026-07-02 17:33:00,5.33,6.84,0.23
A02686,S3,2026-07-03 01:42:00,2026-07-03 13:31:00,8.88,11.81,8.15
A02686,S4,2026-07-04 08:11:00,2026-07-04 17:30:00,7.1,9.32,18.67
A02686,S5,2026-07-04 19:18:00,2026-07-04 22:30:00,2.66,3.2,1.8
A02687,S1,2026-07-02 07:57:00,2026-07-02 11:02:00,2.6,3.09,0.95
A02687,S2,2026-07-02 11:57:00,2026-07-02 16:02:00,3.9,4.08,0.91
A02687,S3,2026-07-02 19:42:00,2026-07-03 02:08:00,6.5,6.44,3.67
A02687,S4,2026-07-03 07:40:00,2026-07-03 14:47:00,5.2,7.12,5.52
A02687,S5,2026-07-03 16:00:00,2026-07-03 18:08:00,1.95,2.13,1.22
A02688,S1,2026-07-02 08:22:00,2026-07-02 11:16:00,3.36,2.89,1.37
A02688,S2,2026-07-02 13:25:00,2026-07-02 17:12:00,5.04,3.78,2.17
A02688,S3,2026-07-02 18:20:00,2026-07-03 03:21:00,8.4,9.01,1.14
A02688,S4,2026-07-04 04:05:00,2026-07-04 11:33:00,6.72,7.47,24.74
A02688,S5,2026-07-04 12:26:00,2026-07-04 15:05:00,2.52,2.65,0.88
A02689,S1,2026-07-02 07:43:00,2026-07-02 12:17:00,4.96,4.57,0.72
A02689,S2,2026-07-02 12:45:00,2026-07-02 21:18:00,7.44,8.56,0.45
A02689,S3,2026-07-03 07:36:00,2026-07-03 18:53:00,12.4,11.28,10.29
A02689,S4,2026-07-03 19:55:00,2026-07-04 07:00:00,9.92,11.09,1.04
A02689,S5,2026-07-04 07:05:00,2026-07-04 10:32:00,3.72,3.45,0.07
A02690,S1,2026-07-02 09:15:00,2026-07-02 13:31:00,4.19,4.27,2.25
A02690,S2,2026-07-02 14:03:00,2026-07-02 21:09:00,6.29,7.09,0.54
A02690,S3,2026-07-02 23:16:00,2026-07-03 09:11:00,10.48,9.91,2.12
A02690,S4,2026-07-03 17:29:00,2026-07-04 01:36:00,8.38,8.11,8.31
A02690,S5,2026-07-04 03:24:00,2026-07-04 06:59:00,3.14,3.58,1.8
A02691,S1,2026-07-03 07:22:00,2026-07-03 13:25:00,6.28,6.06,0.36
A02691,S2,2026-07-03 13:59:00,2026-07-04 02:28:00,9.42,12.48,0.56
A02691,S3,2026-07-04 12:36:00,2026-07-05 06:49:00,15.7,18.21,10.14
A02691,S4,2026-07-05 07:00:00,2026-07-05 20:24:00,12.56,13.4,0.18
A02691,S5,2026-07-05 20:47:00,2026-07-06 02:15:00,4.71,5.46,0.38
A02692,S1,2026-07-03 07:04:00,2026-07-03 13:00:00,6.08,5.94,0.07
A02692,S2,2026-07-03 14:34:00,2026-07-04 00:21:00,9.12,9.77,1.57
A02692,S3,2026-07-04 04:57:00,2026-07-04 18:00:00,15.2,13.05,4.6
A02692,S4,2026-07-05 00:24:00,2026-07-05 10:14:00,12.16,9.82,6.41
A02692,S5,2026-07-05 13:09:00,2026-07-05 17:15:00,4.56,4.1,2.93
A02693,S1,2026-07-03 07:53:00,2026-07-03 12:57:00,4.76,5.06,0.88
A02693,S2,2026-07-03 16:16:00,2026-07-04 00:37:00,7.14,8.36,3.32
A02693,S3,2026-07-04 03:21:00,2026-07-04 14:38:00,11.9,11.28,2.73
A02693,S4,2026-07-04 15:04:00,2026-07-05 01:51:00,9.52,10.79,0.43
A02693,S5,2026-07-05 02:34:00,2026-07-05 05:52:00,3.57,3.31,0.7
A02694,S1,2026-07-03 07:08:00,2026-07-03 13:21:00,6.12,6.22,0.14
A02694,S2,2026-07-03 16:56:00,2026-07-04 02:10:00,9.18,9.23,3.58
A02694,S3,2026-07-04 04:13:00,2026-07-04 17:11:00,15.3,12.96,2.05
A02694,S4,2026-07-04 21:57:00,2026-07-05 08:29:00,12.24,10.54,4.77
A02694,S5,2026-07-05 10:18:00,2026-07-05 15:21:00,4.59,5.06,1.8
A02695,S1,2026-07-04 08:15:00,2026-07-04 12:51:00,4.54,4.6,1.25
A02695,S2,2026-07-04 14:28:00,2026-07-04 22:03:00,6.82,7.59,1.62
A02695,S3,2026-07-04 23:41:00,2026-07-05 13:56:00,11.36,14.26,1.62
A02695,S4,2026-07-06 00:21:00,2026-07-06 17:05:00,9.09,16.73,10.42
A02695,S5,2026-07-06 19:55:00,2026-07-07 00:22:00,3.41,4.45,2.83
A02696,S1,2026-07-04 08:22:00,2026-07-04 10:57:00,2.32,2.59,1.36
A02696,S2,2026-07-04 12:46:00,2026-07-04 15:45:00,3.48,2.99,1.82
A02696,S3,2026-07-04 17:01:00,2026-07-04 22:09:00,5.8,5.12,1.27
A02696,S4,2026-07-05 12:13:00,2026-07-05 21:56:00,4.64,9.71,14.08
A02696,S5,2026-07-05 23:50:00,2026-07-06 01:41:00,1.74,1.86,1.9
A02697,S1,2026-07-05 07:48:00,2026-07-05 10:18:00,2.51,2.5,0.8
A02697,S2,2026-07-05 12:05:00,2026-07-05 14:42:00,3.77,2.62,1.79
A02697,S3,2026-07-05 14:58:00,2026-07-05 22:50:00,6.28,7.88,0.27
A02697,S4,2026-07-06 06:35:00,2026-07-06 13:35:00,5.02,7.01,7.74
A02697,S5,2026-07-06 14:09:00,2026-07-06 16:25:00,1.88,2.28,0.56
A02698,S1,2026-07-05 07:42:00,2026-07-05 12:33:00,4.74,4.85,0.7
A02698,S2,2026-07-05 15:03:00,2026-07-05 23:58:00,7.1,8.9,2.51
A02698,S3,2026-07-06 02:56:00,2026-07-06 14:19:00,11.84,11.4,2.97
A02698,S4,2026-07-07 06:44:00,2026-07-07 12:58:00,9.47,6.23,16.41
A02698,S5,2026-07-07 13:05:00,2026-07-07 17:01:00,3.55,3.93,0.13
A02699,S1,2026-07-05 07:35:00,2026-07-05 10:29:00,2.86,2.9,0.59
A02699,S2,2026-07-05 13:26:00,2026-07-05 18:59:00,4.29,5.54,2.95
A02699,S3,2026-07-05 19:37:00,2026-07-06 04:33:00,7.15,8.93,0.64
A02699,S4,2026-07-06 08:53:00,2026-07-06 13:13:00,5.72,4.32,4.34
A02699,S5,2026-07-06 15:38:00,2026-07-06 18:08:00,2.14,2.5,2.43
A02700,S1,2026-07-06 08:19:00,2026-07-06 14:17:00,4.8,5.97,1.31
A02700,S2,2026-07-06 14:28:00,2026-07-06 22:25:00,7.2,7.95,0.19
A02700,S3,2026-07-07 01:38:00,2026-07-07 14:57:00,12.0,13.31,3.22
A02700,S4,2026-07-07 15:25:00,2026-07-08 00:17:00,9.6,8.85,0.47
A02700,S5,2026-07-08 02:42:00,2026-07-08 06:45:00,3.6,4.04,2.43
A02701,S1,2026-07-06 08:47:00,2026-07-06 13:00:00,4.35,4.21,1.78
A02701,S2,2026-07-06 15:14:00,2026-07-06 22:46:00,6.53,7.54,2.23
A02701,S3,2026-07-07 01:46:00,2026-07-07 10:20:00,10.88,8.57,3.0
A02701,S4,2026-07-07 13:13:00,2026-07-07 20:06:00,8.7,6.88,2.89
A02701,S5,2026-07-07 22:43:00,2026-07-08 02:51:00,3.26,4.13,2.61
A02702,S1,2026-07-06 07:04:00,2026-07-06 09:25:00,2.24,2.35,0.06
A02702,S2,2026-07-06 09:43:00,2026-07-06 13:17:00,3.36,3.57,0.3
A02702,S3,2026-07-06 15:56:00,2026-07-06 20:44:00,5.6,4.8,2.65
A02702,S4,2026-07-07 06:39:00,2026-07-07 10:17:00,4.48,3.63,9.91
A02702,S5,2026-07-07 12:14:00,2026-07-07 14:04:00,1.68,1.84,1.95
A02703,S1,2026-07-07 09:34:00,2026-07-07 11:55:00,2.48,2.36,2.56
A02703,S2,2026-07-07 12:40:00,2026-07-07 16:16:00,3.72,3.59,0.75
A02703,S3,2026-07-07 18:22:00,2026-07-08 01:49:00,6.2,7.46,2.1
A02703,S4,2026-07-08 14:20:00,2026-07-08 17:47:00,4.96,3.45,12.5
A02703,S5,2026-07-08 17:49:00,2026-07-08 19:55:00,1.86,2.1,0.04
A02704,S1,2026-07-07 07:13:00,2026-07-07 09:15:00,1.86,2.03,0.22
A02704,S2,2026-07-07 11:41:00,2026-07-07 14:38:00,2.78,2.95,2.43
A02704,S3,2026-07-07 14:52:00,2026-07-07 19:48:00,4.64,4.92,0.24
A02704,S4,2026-07-08 13:55:00,2026-07-08 17:00:00,3.71,3.09,18.12
A02704,S5,2026-07-08 17:25:00,2026-07-08 18:47:00,1.39,1.37,0.42
A02705,S1,2026-07-07 07:19:00,2026-07-07 12:44:00,5.4,5.42,0.32
A02705,S2,2026-07-07 13:50:00,2026-07-07 22:42:00,8.1,8.86,1.1
A02705,S3,2026-07-07 23:47:00,2026-07-08 18:13:00,13.5,18.44,1.08
A02705,S4,2026-07-10 07:41:00,2026-07-10 19:03:00,10.8,11.36,37.47
A02705,S5,2026-07-10 22:41:00,2026-07-11 02:59:00,4.05,4.3,3.63
A02706,S1,2026-07-07 07:09:00,2026-07-07 09:26:00,2.54,2.28,0.14
A02706,S2,2026-07-07 13:49:00,2026-07-07 17:36:00,3.82,3.78,4.39
A02706,S3,2026-07-07 17:50:00,2026-07-08 01:29:00,6.36,7.65,0.23
A02706,S4,2026-07-08 17:15:00,2026-07-08 21:17:00,5.09,4.04,15.77
A02706,S5,2026-07-08 21:45:00,2026-07-08 23:26:00,1.91,1.68,0.46
A02707,S1,2026-07-07 08:04:00,2026-07-07 11:04:00,3.29,3.0,1.06
A02707,S2,2026-07-07 16:26:00,2026-07-07 21:22:00,4.93,4.93,5.38
A02707,S3,2026-07-08 01:15:00,2026-07-08 10:45:00,8.22,9.5,3.88
A02707,S4,2026-07-08 19:01:00,2026-07-09 00:11:00,6.58,5.16,8.27
A02707,S5,2026-07-09 00:25:00,2026-07-09 02:55:00,2.47,2.5,0.24
A02708,S1,2026-07-07 07:15:00,2026-07-07 11:57:00,3.81,4.7,0.25
A02708,S2,2026-07-07 12:04:00,2026-07-07 18:17:00,5.71,6.22,0.11
A02708,S3,2026-07-07 19:42:00,2026-07-08 04:42:00,9.52,9.0,1.42
A02708,S4,2026-07-08 14:59:00,2026-07-09 00:29:00,7.62,9.51,10.28
A02708,S5,2026-07-09 02:51:00,2026-07-09 05:44:00,2.86,2.89,2.36
A02709,S1,2026-07-08 08:43:00,2026-07-08 10:49:00,2.12,2.1,1.71
A02709,S2,2026-07-08 10:55:00,2026-07-08 13:58:00,3.18,3.05,0.1
A02709,S3,2026-07-08 14:06:00,2026-07-08 19:40:00,5.3,5.57,0.14
A02709,S4,2026-07-09 04:33:00,2026-07-09 08:00:00,4.24,3.45,8.89
A02709,S5,2026-07-09 13:46:00,2026-07-09 15:23:00,1.59,1.61,5.77
A02710,S1,2026-07-08 07:38:00,2026-07-08 11:19:00,3.12,3.68,0.63
A02710,S2,2026-07-08 11:23:00,2026-07-08 18:00:00,4.68,6.61,0.07
A02710,S3,2026-07-08 19:30:00,2026-07-09 04:39:00,7.8,9.14,1.51
A02710,S4,2026-07-09 17:01:00,2026-07-10 00:13:00,6.24,7.2,12.36
A02710,S5,2026-07-10 02:49:00,2026-07-10 05:03:00,2.34,2.24,2.6
A02711,S1,2026-07-08 07:32:00,2026-07-08 13:28:00,6.36,5.94,0.53
A02711,S2,2026-07-08 14:19:00,2026-07-09 01:18:00,9.54,10.98,0.85
A02711,S3,2026-07-09 02:09:00,2026-07-09 17:25:00,15.9,15.26,0.86
A02711,S4,2026-07-10 13:02:00,2026-07-11 07:36:00,12.72,18.57,19.61
A02711,S5,2026-07-11 07:40:00,2026-07-11 13:20:00,4.77,5.67,0.07
A02712,S1,2026-07-08 07:35:00,2026-07-08 11:08:00,3.26,3.55,0.58
A02712,S2,2026-07-08 12:45:00,2026-07-08 17:59:00,4.9,5.23,1.62
A02712,S3,2026-07-08 21:32:00,2026-07-09 09:21:00,8.16,11.81,3.55
A02712,S4,2026-07-09 16:55:00,2026-07-09 21:15:00,6.53,4.33,7.57
A02712,S5,2026-07-10 00:23:00,2026-07-10 03:26:00,2.45,3.04,3.14
A02713,S1,2026-07-09 07:19:00,2026-07-09 10:00:00,2.46,2.67,0.32
A02713,S2,2026-07-09 11:15:00,2026-07-09 14:26:00,3.69,3.19,1.25
A02713,S3,2026-07-09 14:49:00,2026-07-09 21:17:00,6.15,6.47,0.37
A02713,S4,2026-07-10 05:17:00,2026-07-10 09:31:00,4.92,4.22,8.01
A02713,S5,2026-07-10 10:45:00,2026-07-10 12:52:00,1.84,2.11,1.24
A02714,S1,2026-07-09 07:53:00,2026-07-09 10:29:00,2.26,2.61,0.88
A02714,S2,2026-07-09 11:01:00,2026-07-09 14:44:00,3.39,3.72,0.54
A02714,S3,2026-07-09 17:30:00,2026-07-10 04:00:00,5.65,10.49,2.77
A02714,S4,2026-07-10 07:44:00,2026-07-10 13:28:00,4.52,5.74,3.73
A02714,S5,2026-07-10 14:22:00,2026-07-10 16:13:00,1.69,1.85,0.89
A02715,S1,2026-07-09 07:04:00,2026-07-09 08:51:00,1.76,1.78,0.06
A02715,S2,2026-07-09 09:12:00,2026-07-09 12:14:00,2.64,3.04,0.35
A02715,S3,2026-07-09 12:53:00,2026-07-09 16:29:00,4.4,3.6,0.64
A02715,S4,2026-07-09 18:55:00,2026-07-10 00:41:00,3.52,5.76,2.45
A02715,S5,2026-07-10 01:14:00,2026-07-10 02:34:00,1.32,1.33,0.55
A02716,S1,2026-07-09 07:18:00,2026-07-09 10:02:00,2.46,2.73,0.31
A02716,S2,2026-07-09 15:35:00,2026-07-09 19:41:00,3.7,4.1,5.54
A02716,S3,2026-07-10 02:56:00,2026-07-10 07:08:00,6.16,4.21,7.25
A02716,S4,2026-07-10 17:55:00,2026-07-11 00:21:00,4.93,6.43,10.78
A02716,S5,2026-07-11 00:49:00,2026-07-11 02:45:00,1.85,1.92,0.48
A02717,S1,2026-07-10 07:59:00,2026-07-10 13:06:00,4.86,5.11,0.99
A02717,S2,2026-07-10 15:08:00,2026-07-11 00:13:00,7.3,9.08,2.04
A02717,S3,2026-07-11 03:32:00,2026-07-11 17:08:00,12.16,13.59,3.32
A02717,S4,2026-07-11 19:04:00,2026-07-12 05:29:00,9.73,10.43,1.93
A02717,S5,2026-07-12 07:28:00,2026-07-12 11:16:00,3.65,3.81,1.97
A02718,S1,2026-07-10 07:16:00,2026-07-10 10:20:00,3.0,3.08,0.27
A02718,S2,2026-07-10 14:22:00,2026-07-10 18:10:00,4.5,3.8,4.02
A02718,S3,2026-07-10 21:16:00,2026-07-11 06:53:00,7.5,9.62,3.11
A02718,S4,2026-07-11 14:14:00,2026-07-11 18:33:00,6.0,4.32,7.34
A02718,S5,2026-07-11 18:56:00,2026-07-11 20:57:00,2.25,2.02,0.38
A02719,S1,2026-07-10 07:06:00,2026-07-10 12:13:00,5.12,5.11,0.1
A02719,S2,2026-07-10 14:07:00,2026-07-11 00:34:00,7.68,10.45,1.9
A02719,S3,2026-07-11 01:01:00,2026-07-11 11:48:00,12.8,10.79,0.45
A02719,S4,2026-07-11 13:21:00,2026-07-11 23:49:00,10.24,10.46,1.56
A02719,S5,2026-07-12 01:01:00,2026-07-12 04:56:00,3.84,3.9,1.21
A02720,S1,2026-07-10 09:07:00,2026-07-10 10:55:00,1.84,1.8,2.12
A02720,S2,2026-07-10 11:24:00,2026-07-10 14:04:00,2.76,2.67,0.48
A02720,S3,2026-07-10 17:37:00,2026-07-10 22:01:00,4.6,4.4,3.54
A02720,S4,2026-07-11 00:34:00,2026-07-11 03:50:00,3.68,3.26,2.56
A02720,S5,2026-07-11 05:33:00,2026-07-11 07:04:00,1.38,1.52,1.73
A02721,S1,2026-07-10 07:49:00,2026-07-10 10:32:00,2.35,2.72,0.82
A02721,S2,2026-07-10 13:21:00,2026-07-10 16:46:00,3.53,3.42,2.81
A02721,S3,2026-07-10 19:00:00,2026-07-11 01:44:00,5.88,6.73,2.23
A02721,S4,2026-07-11 21:25:00,2026-07-12 03:41:00,4.7,6.27,19.68
A02721,S5,2026-07-12 04:01:00,2026-07-12 05:49:00,1.76,1.8,0.35
A02722,S1,2026-07-10 09:59:00,2026-07-10 12:47:00,2.4,2.79,2.98
A02722,S2,2026-07-10 12:59:00,2026-07-10 15:55:00,3.6,2.93,0.21
A02722,S3,2026-07-10 17:46:00,2026-07-11 00:56:00,6.0,7.16,1.85
A02722,S4,2026-07-11 02:55:00,2026-07-11 07:07:00,4.8,4.2,1.98
A02722,S5,2026-07-11 08:01:00,2026-07-11 09:45:00,1.8,1.73,0.91
A02723,S1,2026-07-10 08:10:00,2026-07-10 09:55:00,1.76,1.76,1.17
A02723,S2,2026-07-10 11:30:00,2026-07-10 14:14:00,2.64,2.73,1.58
A02723,S3,2026-07-10 14:23:00,2026-07-10 18:25:00,4.4,4.03,0.15
A02723,S4,2026-07-10 20:35:00,2026-07-10 22:39:00,3.52,2.07,2.16
A02723,S5,2026-07-11 02:44:00,2026-07-11 04:09:00,1.32,1.42,4.08
A02724,S1,2026-07-11 07:29:00,2026-07-11 09:46:00,2.18,2.29,0.48
A02724,S2,2026-07-11 12:05:00,2026-07-11 15:51:00,3.27,3.77,2.32
A02724,S3,2026-07-11 18:03:00,2026-07-12 00:18:00,5.45,6.25,2.19
A02724,S4,2026-07-12 02:39:00,2026-07-12 06:43:00,4.36,4.08,2.34
A02724,S5,2026-07-12 16:03:00,2026-07-12 17:57:00,1.64,1.9,9.33
A02725,S1,2026-07-11 11:25:00,2026-07-11 14:04:00,2.56,2.65,4.41
A02725,S2,2026-07-11 14:26:00,2026-07-11 17:39:00,3.84,3.22,0.36
A02725,S3,2026-07-11 17:50:00,2026-07-11 22:27:00,6.4,4.62,0.18
A02725,S4,2026-07-12 05:16:00,2026-07-12 12:13:00,5.12,6.95,6.81
A02725,S5,2026-07-12 12:44:00,2026-07-12 14:44:00,1.92,1.99,0.52
A02726,S1,2026-07-11 08:41:00,2026-07-11 10:58:00,2.34,2.28,1.69
A02726,S2,2026-07-11 13:20:00,2026-07-11 17:01:00,3.5,3.68,2.36
A02726,S3,2026-07-11 17:04:00,2026-07-12 01:07:00,5.84,8.06,0.05
A02726,S4,2026-07-12 01:55:00,2026-07-12 07:35:00,4.67,5.66,0.8
A02726,S5,2026-07-12 11:33:00,2026-07-12 13:15:00,1.75,1.7,3.97
A02727,S1,2026-07-11 07:36:00,2026-07-11 10:37:00,3.38,3.03,0.6
A02727,S2,2026-07-11 14:32:00,2026-07-11 20:37:00,5.08,6.08,3.91
A02727,S3,2026-07-11 22:48:00,2026-07-12 09:05:00,8.46,10.28,2.2
A02727,S4,2026-07-12 12:33:00,2026-07-12 17:28:00,6.77,4.92,3.46
A02727,S5,2026-07-12 21:54:00,2026-07-13 00:58:00,2.54,3.07,4.43
A02728,S1,2026-07-12 07:09:00,2026-07-12 10:13:00,2.76,3.06,0.16
A02728,S2,2026-07-12 12:25:00,2026-07-12 16:39:00,4.14,4.23,2.2
A02728,S3,2026-07-13 04:00:00,2026-07-13 13:41:00,6.9,9.68,11.36
A02728,S4,2026-07-13 16:05:00,2026-07-13 19:28:00,5.52,3.38,2.4
A02728,S5,2026-07-13 21:23:00,2026-07-13 23:33:00,2.07,2.16,1.92
A02729,S1,2026-07-12 07:23:00,2026-07-12 09:17:00,1.86,1.91,0.38
A02729,S2,2026-07-12 10:09:00,2026-07-12 12:55:00,2.78,2.76,0.87
A02729,S3,2026-07-12 18:17:00,2026-07-12 22:19:00,4.64,4.03,5.36
A02729,S4,2026-07-13 19:36:00,2026-07-13 22:31:00,3.71,2.93,21.29
A02729,S5,2026-07-14 02:26:00,2026-07-14 03:44:00,1.39,1.29,3.91
A02730,S1,2026-07-12 07:18:00,2026-07-12 10:56:00,3.29,3.64,0.29
A02730,S2,2026-07-12 11:16:00,2026-07-12 16:55:00,4.93,5.65,0.33
A02730,S3,2026-07-12 19:41:00,2026-07-13 03:23:00,8.22,7.7,2.76
A02730,S4,2026-07-14 05:00:00,2026-07-14 13:42:00,6.58,8.69,25.63
A02730,S5,2026-07-15 00:42:00,2026-07-15 03:00:00,2.47,2.3,11.0
A02731,S1,2026-07-12 07:59:00,2026-07-12 11:11:00,3.08,3.19,0.99
A02731,S2,2026-07-12 11:56:00,2026-07-12 16:43:00,4.62,4.78,0.75
A02731,S3,2026-07-12 16:55:00,2026-07-13 01:39:00,7.7,8.73,0.2
A02731,S4,2026-07-13 02:25:00,2026-07-13 07:32:00,6.16,5.13,0.76
A02731,S5,2026-07-13 09:30:00,2026-07-13 12:15:00,2.31,2.75,1.96
A02732,S1,2026-07-12 07:16:00,2026-07-12 09:51:00,2.37,2.57,0.27
A02732,S2,2026-07-12 11:07:00,2026-07-12 15:56:00,3.55,4.82,1.27
A02732,S3,2026-07-12 20:30:00,2026-07-13 03:01:00,5.92,6.53,4.57
A02732,S4,2026-07-13 05:53:00,2026-07-13 08:54:00,4.74,3.02,2.86
A02732,S5,2026-07-13 09:29:00,2026-07-13 11:28:00,1.78,1.99,0.58
A02733,S1,2026-07-12 07:26:00,2026-07-12 08:59:00,1.68,1.54,0.44
A02733,S2,2026-07-12 10:57:00,2026-07-12 13:05:00,2.52,2.13,1.97
A02733,S3,2026-07-12 17:57:00,2026-07-12 23:01:00,4.2,5.06,4.87
A02733,S4,2026-07-13 01:31:00,2026-07-13 07:40:00,3.36,6.16,2.5
A02733,S5,2026-07-13 09:15:00,2026-07-13 10:28:00,1.26,1.22,1.58
A02734,S1,2026-07-12 09:17:00,2026-07-12 15:55:00,6.28,6.63,2.29
A02734,S2,2026-07-12 16:33:00,2026-07-13 00:40:00,9.42,8.12,0.63
A02734,S3,2026-07-13 00:50:00,2026-07-13 19:38:00,15.7,18.8,0.16
A02734,S4,2026-07-14 07:22:00,2026-07-15 08:32:00,12.56,25.16,11.74
A02734,S5,2026-07-15 15:06:00,2026-07-15 20:30:00,4.71,5.4,6.58
A02735,S1,2026-07-13 10:57:00,2026-07-13 14:12:00,2.96,3.25,3.96
A02735,S2,2026-07-13 14:55:00,2026-07-13 18:41:00,4.44,3.77,0.72
A02735,S3,2026-07-14 00:41:00,2026-07-14 08:04:00,7.4,7.4,5.99
A02735,S4,2026-07-14 10:48:00,2026-07-14 20:39:00,5.92,9.84,2.73
A02735,S5,2026-07-14 21:13:00,2026-07-14 23:29:00,2.22,2.26,0.57
A02736,S1,2026-07-13 07:18:00,2026-07-13 09:48:00,2.44,2.49,0.31
A02736,S2,2026-07-13 11:56:00,2026-07-13 16:26:00,3.66,4.49,2.14
A02736,S3,2026-07-14 06:18:00,2026-07-14 12:51:00,6.1,6.54,13.87
A02736,S4,2026-07-14 22:01:00,2026-07-15 01:34:00,4.88,3.55,9.17
A02736,S5,2026-07-15 01:34:00,2026-07-15 03:54:00,1.83,2.33,0.0
A02737,S1,2026-07-13 08:20:00,2026-07-13 14:06:00,4.96,5.76,1.33
A02737,S2,2026-07-13 15:11:00,2026-07-13 22:17:00,7.44,7.09,1.09
A02737,S3,2026-07-13 22:36:00,2026-07-14 08:36:00,12.4,9.99,0.32
A02737,S4,2026-07-15 02:54:00,2026-07-15 11:23:00,9.92,8.48,18.31
A02737,S5,2026-07-15 11:27:00,2026-07-15 14:50:00,3.72,3.38,0.07
A02738,S1,2026-07-13 07:46:00,2026-07-13 10:53:00,2.8,3.12,0.76
A02738,S2,2026-07-13 11:27:00,2026-07-13 15:39:00,4.2,4.21,0.56
A02738,S3,2026-07-13 16:44:00,2026-07-14 02:32:00,7.0,9.8,1.08
A02738,S4,2026-07-14 03:35:00,2026-07-14 08:13:00,5.6,4.64,1.05
A02738,S5,2026-07-14 10:19:00,2026-07-14 12:09:00,2.1,1.83,2.1
A02739,S1,2026-07-13 07:02:00,2026-07-13 12:22:00,4.58,5.34,0.03
A02739,S2,2026-07-13 15:07:00,2026-07-13 23:16:00,6.86,8.14,2.75
A02739,S3,2026-07-14 00:25:00,2026-07-14 12:16:00,11.44,11.86,1.14
A02739,S4,2026-07-14 14:36:00,2026-07-14 21:26:00,9.15,6.84,2.33
A02739,S5,2026-07-15 02:03:00,2026-07-15 05:52:00,3.43,3.82,4.6
A02740,S1,2026-07-14 09:30:00,2026-07-14 11:49:00,2.03,2.31,2.5
A02740,S2,2026-07-14 19:50:00,2026-07-14 22:33:00,3.05,2.71,8.03
A02740,S3,2026-07-14 22:52:00,2026-07-15 04:03:00,5.08,5.18,0.32
A02740,S4,2026-07-15 04:56:00,2026-07-15 07:52:00,4.06,2.94,0.87
A02740,S5,2026-07-15 07:54:00,2026-07-15 09:45:00,1.52,1.85,0.03
A02741,S1,2026-07-14 07:31:00,2026-07-14 09:31:00,2.08,2.0,0.51
A02741,S2,2026-07-14 10:25:00,2026-07-14 13:40:00,3.12,3.26,0.9
A02741,S3,2026-07-14 18:13:00,2026-07-15 01:29:00,5.2,7.27,4.55
A02741,S4,2026-07-15 07:54:00,2026-07-15 13:29:00,4.16,5.59,6.41
A02741,S5,2026-07-15 14:08:00,2026-07-15 16:05:00,1.56,1.94,0.65
A02742,S1,2026-07-14 07:13:00,2026-07-14 11:15:00,3.77,4.03,0.22
A02742,S2,2026-07-14 14:44:00,2026-07-14 22:45:00,5.65,8.02,3.49
A02742,S3,2026-07-14 23:24:00,2026-07-15 09:42:00,9.42,10.31,0.64
A02742,S4,2026-07-15 11:12:00,2026-07-15 16:02:00,7.54,4.83,1.5
A02742,S5,2026-07-15 16:46:00,2026-07-15 19:27:00,2.83,2.69,0.74
A02743,S1,2026-07-14 07:10:00,2026-07-14 10:45:00,3.74,3.59,0.16
A02743,S2,2026-07-14 10:55:00,2026-07-14 18:21:00,5.62,7.43,0.17
A02743,S3,2026-07-15 00:05:00,2026-07-15 09:13:00,9.36,9.13,5.74
A02743,S4,2026-07-15 12:11:00,2026-07-16 00:34:00,7.49,12.38,2.95
A02743,S5,2026-07-16 02:41:00,2026-07-16 05:11:00,2.81,2.49,2.13
A02744,S1,2026-07-14 07:40:00,2026-07-14 10:33:00,2.98,2.89,0.66
A02744,S2,2026-07-14 11:23:00,2026-07-14 16:56:00,4.46,5.54,0.83
A02744,S3,2026-07-14 20:57:00,2026-07-15 04:45:00,7.44,7.81,4.02
A02744,S4,2026-07-15 05:48:00,2026-07-15 11:29:00,5.95,5.68,1.05
A02744,S5,2026-07-15 14:29:00,2026-07-15 17:10:00,2.23,2.68,3.0
A02745,S1,2026-07-14 07:34:00,2026-07-14 12:53:00,4.54,5.32,0.57
A02745,S2,2026-07-14 16:57:00,2026-07-14 22:43:00,6.82,5.76,4.06
A02745,S3,2026-07-15 00:46:00,2026-07-15 15:49:00,11.36,15.05,2.05
A02745,S4,2026-07-15 16:06:00,2026-07-16 00:09:00,9.09,8.05,0.29
A02745,S5,2026-07-16 01:46:00,2026-07-16 05:29:00,3.41,3.72,1.61
A02746,S1,2026-07-14 08:36:00,2026-07-14 11:33:00,2.96,2.96,1.59
A02746,S2,2026-07-14 22:06:00,2026-07-15 02:24:00,4.44,4.31,10.54
A02746,S3,2026-07-15 04:42:00,2026-07-15 13:56:00,7.4,9.22,2.3
A02746,S4,2026-07-15 15:04:00,2026-07-15 21:43:00,5.92,6.65,1.14
A02746,S5,2026-07-15 22:25:00,2026-07-16 00:35:00,2.22,2.17,0.69
A02747,S1,2026-07-15 07:59:00,2026-07-15 09:39:00,1.7,1.67,0.99
A02747,S2,2026-07-15 13:28:00,2026-07-15 16:17:00,2.54,2.81,3.81
A02747,S3,2026-07-15 16:55:00,2026-07-15 22:39:00,4.24,5.75,0.63
A02747,S4,2026-07-16 04:09:00,2026-07-16 07:27:00,3.39,3.29,5.49
A02747,S5,2026-07-16 12:11:00,2026-07-16 13:33:00,1.27,1.36,4.75
A02748,S1,2026-07-15 08:26:00,2026-07-15 12:31:00,3.67,4.07,1.44
A02748,S2,2026-07-15 12:42:00,2026-07-15 18:51:00,5.51,6.15,0.19
A02748,S3,2026-07-16 01:13:00,2026-07-16 10:52:00,9.18,9.64,6.37
A02748,S4,2026-07-17 00:23:00,2026-07-17 13:51:00,7.34,13.46,13.53
A02748,S5,2026-07-17 19:49:00,2026-07-17 22:37:00,2.75,2.79,5.97
A02749,S1,2026-07-15 07:42:00,2026-07-15 12:10:00,4.29,4.47,0.69
A02749,S2,2026-07-15 13:05:00,2026-07-15 19:36:00,6.43,6.52,0.92
A02749,S3,2026-07-15 19:44:00,2026-07-16 04:58:00,10.72,9.23,0.14
A02749,S4,2026-07-16 05:25:00,2026-07-16 14:05:00,8.58,8.67,0.45
A02749,S5,2026-07-16 16:10:00,2026-07-16 20:09:00,3.22,4.0,2.07
A02750,S1,2026-07-15 08:02:00,2026-07-15 10:38:00,2.86,2.61,1.03
A02750,S2,2026-07-15 12:40:00,2026-07-15 18:09:00,4.28,5.5,2.02
A02750,S3,2026-07-15 19:11:00,2026-07-16 03:07:00,7.14,7.92,1.04
A02750,S4,2026-07-16 08:50:00,2026-07-16 17:10:00,5.71,8.33,5.71
A02750,S5,2026-07-16 18:37:00,2026-07-16 20:43:00,2.14,2.11,1.46
A02751,S1,2026-07-15 07:17:00,2026-07-15 09:48:00,2.46,2.51,0.29
A02751,S2,2026-07-15 10:52:00,2026-07-15 13:46:00,3.7,2.91,1.07
A02751,S3,2026-07-15 17:51:00,2026-07-15 23:45:00,6.16,5.89,4.08
A02751,S4,2026-07-15 23:50:00,2026-07-16 03:23:00,4.93,3.55,0.08
A02751,S5,2026-07-16 06:16:00,2026-07-16 08:29:00,1.85,2.21,2.89
A02752,S1,2026-07-15 08:09:00,2026-07-15 10:05:00,1.76,1.93,1.15
A02752,S2,2026-07-15 13:04:00,2026-07-15 15:47:00,2.64,2.71,2.99
A02752,S3,2026-07-15 16:09:00,2026-07-15 20:27:00,4.4,4.29,0.38
A02752,S4,2026-07-16 18:30:00,2026-07-16 23:35:00,3.52,5.07,22.06
A02752,S5,2026-07-17 01:51:00,2026-07-17 03:13:00,1.32,1.36,2.27
A02753,S1,2026-07-16 07:12:00,2026-07-16 11:47:00,4.45,4.59,0.2
A02753,S2,2026-07-16 12:38:00,2026-07-16 19:46:00,6.67,7.14,0.84
A02753,S3,2026-07-16 21:56:00,2026-07-17 08:07:00,11.12,10.17,2.18
A02753,S4,2026-07-17 13:49:00,2026-07-17 20:05:00,8.9,6.27,5.7
A02753,S5,2026-07-17 21:11:00,2026-07-18 01:05:00,3.34,3.91,1.09
A02754,S1,2026-07-16 07:52:00,2026-07-16 13:37:00,5.02,5.75,0.87
A02754,S2,2026-07-16 16:49:00,2026-07-16 22:54:00,7.54,6.07,3.2
A02754,S3,2026-07-17 06:26:00,2026-07-17 21:29:00,12.56,15.06,7.53
A02754,S4,2026-07-18 11:50:00,2026-07-18 19:58:00,10.05,8.12,14.36
A02754,S5,2026-07-18 21:46:00,2026-07-19 01:47:00,3.77,4.01,1.8
A02755,S1,2026-07-16 07:29:00,2026-07-16 12:46:00,5.44,5.29,0.48
A02755,S2,2026-07-16 13:32:00,2026-07-16 21:41:00,8.16,8.16,0.76
A02755,S3,2026-07-16 21:57:00,2026-07-17 11:11:00,13.6,13.24,0.26
A02755,S4,2026-07-17 13:50:00,2026-07-18 05:25:00,10.88,15.58,2.65
A02755,S5,2026-07-18 05:40:00,2026-07-18 09:41:00,4.08,4.01,0.25
A02756,S1,2026-07-16 07:06:00,2026-07-16 12:08:00,4.84,5.02,0.11
A02756,S2,2026-07-16 17:00:00,2026-07-17 01:58:00,7.26,8.97,4.87
A02756,S3,2026-07-17 04:46:00,2026-07-17 17:40:00,12.1,12.9,2.8
A02756,S4,2026-07-17 23:23:00,2026-07-18 07:43:00,9.68,8.33,5.72
A02756,S5,2026-07-18 11:56:00,2026-07-18 16:10:00,3.63,4.24,4.2
A02757,S1,2026-07-16 07:51:00,2026-07-16 10:36:00,2.78,2.76,0.84
A02757,S2,2026-07-16 13:26:00,2026-07-16 18:01:00,4.17,4.59,2.83
A02757,S3,2026-07-16 21:17:00,2026-07-17 06:52:00,6.95,9.59,3.26
A02757,S4,2026-07-17 09:11:00,2026-07-17 13:10:00,5.56,3.98,2.32
A02757,S5,2026-07-17 13:32:00,2026-07-17 15:46:00,2.08,2.22,0.37
A02758,S1,2026-07-16 07:31:00,2026-07-16 09:57:00,2.14,2.43,0.52
A02758,S2,2026-07-16 12:12:00,2026-07-16 15:03:00,3.21,2.85,2.26
A02758,S3,2026-07-16 21:25:00,2026-07-17 02:48:00,5.35,5.38,6.37
A02758,S4,2026-07-17 05:31:00,2026-07-17 12:47:00,4.28,7.26,2.71
A02758,S5,2026-07-17 13:00:00,2026-07-17 14:29:00,1.6,1.49,0.23
A02759,S1,2026-07-16 07:13:00,2026-07-16 09:36:00,2.12,2.39,0.22
A02759,S2,2026-07-16 14:03:00,2026-07-16 17:21:00,3.18,3.29,4.45
A02759,S3,2026-07-16 17:56:00,2026-07-16 23:53:00,5.3,5.94,0.59
A02759,S4,2026-07-17 00:31:00,2026-07-17 05:18:00,4.24,4.77,0.65
A02759,S5,2026-07-17 06:40:00,2026-07-17 08:27:00,1.59,1.79,1.37
A02760,S1,2026-07-16 08:45:00,2026-07-16 14:05:00,4.7,5.33,1.76
A02760,S2,2026-07-16 20:13:00,2026-07-17 03:47:00,7.06,7.56,6.13
A02760,S3,2026-07-17 04:11:00,2026-07-17 12:42:00,11.76,8.51,0.41
A02760,S4,2026-07-17 16:10:00,2026-07-18 00:25:00,9.41,8.25,3.47
A02760,S5,2026-07-18 01:31:00,2026-07-18 05:26:00,3.53,3.92,1.11
A02761,S1,2026-07-17 07:58:00,2026-07-17 11:54:00,3.6,3.94,0.96
A02761,S2,2026-07-17 12:52:00,2026-07-17 17:25:00,5.4,4.55,0.97
A02761,S3,2026-07-17 17:56:00,2026-07-18 04:08:00,9.0,10.2,0.52
A02761,S4,2026-07-18 08:58:00,2026-07-18 14:08:00,7.2,5.17,4.83
A02761,S5,2026-07-18 15:58:00,2026-07-18 18:31:00,2.7,2.55,1.82
A02762,S1,2026-07-17 07:14:00,2026-07-17 10:22:00,2.94,3.13,0.23
A02762,S2,2026-07-17 10:28:00,2026-07-17 15:26:00,4.41,4.97,0.1
A02762,S3,2026-07-17 19:11:00,2026-07-18 03:05:00,7.35,7.9,3.75
A02762,S4,2026-07-18 05:19:00,2026-07-18 09:38:00,5.88,4.31,2.23
A02762,S5,2026-07-18 11:24:00,2026-07-18 14:04:00,2.2,2.67,1.77
A02763,S1,2026-07-17 09:07:00,2026-07-17 11:54:00,2.84,2.79,2.11
A02763,S2,2026-07-17 14:26:00,2026-07-17 19:41:00,4.26,5.26,2.53
A02763,S3,2026-07-17 20:03:00,2026-07-18 02:44:00,7.1,6.7,0.36
A02763,S4,2026-07-18 07:07:00,2026-07-18 11:44:00,5.68,4.61,4.37
A02763,S5,2026-07-18 19:23:00,2026-07-18 21:39:00,2.13,2.27,7.66
A02764,S1,2026-07-17 07:01:00,2026-07-17 11:43:00,4.88,4.69,0.02
A02764,S2,2026-07-17 13:25:00,2026-07-17 19:33:00,7.32,6.13,1.71
A02764,S3,2026-07-17 19:53:00,2026-07-18 08:49:00,12.2,12.93,0.34
A02764,S4,2026-07-18 22:01:00,2026-07-19 05:32:00,9.76,7.51,13.21
A02764,S5,2026-07-19 05:55:00,2026-07-19 09:40:00,3.66,3.76,0.38
A02765,S1,2026-07-17 07:04:00,2026-07-17 10:54:00,3.71,3.83,0.06
A02765,S2,2026-07-17 12:22:00,2026-07-17 18:34:00,5.57,6.19,1.48
A02765,S3,2026-07-17 20:26:00,2026-07-18 08:10:00,9.28,11.73,1.88
A02765,S4,2026-07-18 09:20:00,2026-07-18 17:31:00,7.42,8.2,1.16
A02765,S5,2026-07-18 19:01:00,2026-07-18 21:51:00,2.78,2.83,1.49
A02766,S1,2026-07-17 07:02:00,2026-07-17 11:55:00,4.64,4.89,0.03
A02766,S2,2026-07-17 12:50:00,2026-07-17 21:25:00,6.96,8.59,0.91
A02766,S3,2026-07-18 00:38:00,2026-07-18 12:34:00,11.6,11.93,3.22
A02766,S4,2026-07-18 14:54:00,2026-07-18 22:16:00,9.28,7.37,2.33
A02766,S5,2026-07-19 00:19:00,2026-07-19 03:48:00,3.48,3.47,2.05
A02767,S1,2026-07-18 07:05:00,2026-07-18 11:38:00,3.49,4.55,0.09
A02767,S2,2026-07-18 13:11:00,2026-07-18 17:50:00,5.23,4.65,1.54
A02767,S3,2026-07-18 19:07:00,2026-07-19 02:43:00,8.72,7.61,1.29
A02767,S4,2026-07-19 19:01:00,2026-07-19 23:40:00,6.98,4.66,16.28
A02767,S5,2026-07-20 01:09:00,2026-07-20 03:53:00,2.62,2.74,1.48
A02768,S1,2026-07-18 07:35:00,2026-07-18 10:01:00,3.04,2.43,0.58
A02768,S2,2026-07-18 12:08:00,2026-07-18 16:32:00,4.56,4.41,2.12
A02768,S3,2026-07-18 17:45:00,2026-07-19 01:41:00,7.6,7.93,1.21
A02768,S4,2026-07-19 05:47:00,2026-07-19 10:16:00,6.08,4.48,4.1
A02768,S5,2026-07-19 12:16:00,2026-07-19 14:36:00,2.28,2.33,2.0
A02769,S1,2026-07-19 07:54:00,2026-07-19 14:00:00,5.04,6.1,0.9
A02769,S2,2026-07-19 14:07:00,2026-07-19 21:32:00,7.56,7.41,0.11
A02769,S3,2026-07-20 00:50:00,2026-07-20 11:39:00,12.6,10.82,3.29
A02769,S4,2026-07-20 11:40:00,2026-07-21 00:54:00,10.08,13.24,0.02
A02769,S5,2026-07-21 01:14:00,2026-07-21 04:48:00,3.78,3.57,0.33
A02770,S1,2026-07-19 07:50:00,2026-07-19 10:19:00,2.13,2.47,0.84
A02770,S2,2026-07-19 10:37:00,2026-07-19 14:16:00,3.19,3.66,0.3
A02770,S3,2026-07-19 17:56:00,2026-07-19 22:42:00,5.32,4.77,3.66
A02770,S4,2026-07-20 02:37:00,2026-07-20 07:29:00,4.26,4.85,3.92
A02770,S5,2026-07-20 08:48:00,2026-07-20 10:29:00,1.6,1.68,1.32
A02771,S1,2026-07-19 07:55:00,2026-07-19 12:35:00,4.64,4.66,0.92
A02771,S2,2026-07-19 13:28:00,2026-07-19 19:58:00,6.96,6.49,0.89
A02771,S3,2026-07-20 01:42:00,2026-07-20 12:10:00,11.6,10.46,5.74
A02771,S4,2026-07-21 07:09:00,2026-07-21 13:36:00,9.28,6.44,18.99
A02771,S5,2026-07-21 14:29:00,2026-07-21 18:33:00,3.48,4.05,0.9
A02772,S1,2026-07-19 07:19:00,2026-07-19 10:34:00,3.19,3.25,0.32
A02772,S2,2026-07-19 12:03:00,2026-07-19 16:38:00,4.79,4.58,1.49
A02772,S3,2026-07-19 17:08:00,2026-07-20 02:10:00,7.98,9.04,0.5
A02772,S4,2026-07-20 09:02:00,2026-07-20 16:05:00,6.38,7.06,6.86
A02772,S5,2026-07-20 17:43:00,2026-07-20 20:15:00,2.39,2.54,1.62
A02773,S1,2026-07-20 08:02:00,2026-07-20 10:10:00,1.97,2.12,1.04
A02773,S2,2026-07-20 16:39:00,2026-07-20 19:10:00,2.95,2.51,6.49
A02773,S3,2026-07-21 05:24:00,2026-07-21 09:51:00,4.92,4.45,10.23
A02773,S4,2026-07-22 03:06:00,2026-07-22 05:28:00,3.94,2.37,17.25
A02773,S5,2026-07-22 09:31:00,2026-07-22 10:59:00,1.48,1.47,4.04
A02774,S1,2026-07-20 12:00:00,2026-07-20 16:08:00,4.16,4.13,5.0
A02774,S2,2026-07-20 17:04:00,2026-07-21 00:13:00,6.24,7.15,0.94
A02774,S3,2026-07-21 00:46:00,2026-07-21 12:09:00,10.4,11.4,0.54
A02774,S4,2026-07-21 15:10:00,2026-07-22 08:13:00,8.32,17.05,3.01
A02774,S5,2026-07-22 11:32:00,2026-07-22 14:46:00,3.12,3.23,3.32
A02775,S1,2026-07-20 07:32:00,2026-07-20 11:51:00,3.17,4.31,0.54
A02775,S2,2026-07-20 12:14:00,2026-07-20 15:39:00,4.75,3.42,0.38
A02775,S3,2026-07-20 15:58:00,2026-07-21 00:06:00,7.92,8.13,0.32
A02775,S4,2026-07-21 03:54:00,2026-07-21 09:05:00,6.34,5.18,3.8
A02775,S5,2026-07-21 11:50:00,2026-07-21 14:56:00,2.38,3.1,2.75
A02776,S1,2026-07-20 07:28:00,2026-07-20 11:00:00,3.67,3.54,0.46
A02776,S2,2026-07-20 12:10:00,2026-07-20 16:58:00,5.51,4.8,1.17
A02776,S3,2026-07-20 17:52:00,2026-07-21 01:33:00,9.18,7.69,0.89
A02776,S4,2026-07-21 07:32:00,2026-07-21 22:50:00,7.34,15.29,5.98
A02776,S5,2026-07-22 00:32:00,2026-07-22 02:51:00,2.75,2.33,1.7
A02777,S1,2026-07-20 09:48:00,2026-07-20 12:56:00,2.71,3.12,2.81
A02777,S2,2026-07-20 14:02:00,2026-07-20 19:25:00,4.07,5.38,1.11
A02777,S3,2026-07-20 20:47:00,2026-07-21 03:01:00,6.78,6.25,1.36
A02777,S4,2026-07-21 05:29:00,2026-07-21 10:12:00,5.42,4.72,2.45
A02777,S5,2026-07-21 16:40:00,2026-07-21 18:32:00,2.03,1.87,6.47
A02778,S1,2026-07-20 08:05:00,2026-07-20 10:49:00,2.5,2.72,1.09
A02778,S2,2026-07-20 11:33:00,2026-07-20 15:40:00,3.74,4.11,0.74
A02778,S3,2026-07-20 23:43:00,2026-07-21 05:26:00,6.24,5.71,8.06
A02778,S4,2026-07-21 06:58:00,2026-07-21 11:06:00,4.99,4.12,1.54
A02778,S5,2026-07-21 11:58:00,2026-07-21 14:00:00,1.87,2.03,0.88
A02779,S1,2026-07-20 07:09:00,2026-07-20 10:12:00,2.93,3.06,0.14
A02779,S2,2026-07-20 15:30:00,2026-07-20 21:19:00,4.39,5.82,5.29
A02779,S3,2026-07-20 21:46:00,2026-07-21 04:03:00,7.32,6.3,0.44
A02779,S4,2026-07-21 10:10:00,2026-07-21 15:59:00,5.86,5.81,6.11
A02779,S5,2026-07-21 16:01:00,2026-07-21 17:56:00,2.2,1.92,0.04
A02780,S1,2026-07-20 07:17:00,2026-07-20 09:31:00,1.95,2.24,0.28
A02780,S2,2026-07-20 13:57:00,2026-07-20 16:27:00,2.93,2.5,4.43
A02780,S3,2026-07-20 16:29:00,2026-07-20 21:01:00,4.88,4.54,0.03
A02780,S4,2026-07-21 04:11:00,2026-07-21 07:17:00,3.9,3.1,7.16
A02780,S5,2026-07-21 08:09:00,2026-07-21 09:21:00,1.46,1.19,0.87
A02781,S1,2026-07-20 07:10:00,2026-07-20 11:10:00,4.64,3.99,0.17
A02781,S2,2026-07-20 15:02:00,2026-07-21 00:15:00,6.96,9.23,3.87
A02781,S3,2026-07-21 03:14:00,2026-07-21 16:06:00,11.6,12.87,2.98
A02781,S4,2026-07-21 18:12:00,2026-07-21 22:32:00,9.28,4.34,2.1
A02781,S5,2026-07-22 00:03:00,2026-07-22 04:11:00,3.48,4.14,1.51
A02782,S1,2026-07-21 08:17:00,2026-07-21 10:53:00,2.16,2.6,1.28
A02782,S2,2026-07-21 11:46:00,2026-07-21 15:39:00,3.24,3.88,0.89
A02782,S3,2026-07-21 16:26:00,2026-07-21 22:25:00,5.4,5.99,0.78
A02782,S4,2026-07-22 01:19:00,2026-07-22 05:51:00,4.32,4.53,2.89
A02782,S5,2026-07-22 10:29:00,2026-07-22 12:38:00,1.62,2.15,4.63
A02783,S1,2026-07-21 08:24:00,2026-07-21 11:19:00,2.78,2.93,1.39
A02783,S2,2026-07-21 19:57:00,2026-07-22 00:02:00,4.18,4.09,8.63
A02783,S3,2026-07-22 01:06:00,2026-07-22 09:27:00,6.96,8.35,1.06
A02783,S4,2026-07-22 14:13:00,2026-07-22 21:22:00,5.57,7.16,4.76
A02783,S5,2026-07-22 21:35:00,2026-07-22 23:40:00,2.09,2.08,0.21
A02784,S1,2026-07-21 08:09:00,2026-07-21 10:00:00,1.76,1.84,1.15
A02784,S2,2026-07-21 11:14:00,2026-07-21 13:42:00,2.64,2.46,1.24
A02784,S3,2026-07-21 14:28:00,2026-07-21 19:39:00,4.4,5.18,0.77
A02784,S4,2026-07-22 13:08:00,2026-07-22 17:42:00,3.52,4.57,17.49
A02784,S5,2026-07-22 17:55:00,2026-07-22 19:09:00,1.32,1.23,0.22
A02785,S1,2026-07-21 07:12:00,2026-07-21 10:26:00,2.86,3.24,0.19
A02785,S2,2026-07-21 19:05:00,2026-07-22 00:48:00,4.29,5.72,8.65
A02785,S3,2026-07-22 00:52:00,2026-07-22 06:41:00,7.15,5.81,0.06
A02785,S4,2026-07-23 20:46:00,2026-07-24 01:08:00,5.72,4.35,38.1
A02785,S5,2026-07-24 05:00:00,2026-07-24 07:33:00,2.14,2.55,3.87
A02786,S1,2026-07-21 07:53:00,2026-07-21 12:19:00,4.19,4.43,0.89
A02786,S2,2026-07-21 17:48:00,2026-07-22 01:44:00,6.29,7.93,5.48
A02786,S3,2026-07-22 02:39:00,2026-07-22 13:29:00,10.48,10.85,0.91
A02786,S4,2026-07-22 19:41:00,2026-07-23 05:56:00,8.38,10.25,6.19
A02786,S5,2026-07-23 07:15:00,2026-07-23 10:41:00,3.14,3.43,1.32
A02787,S1,2026-07-21 08:59:00,2026-07-21 12:34:00,3.79,3.59,1.98
A02787,S2,2026-07-21 12:52:00,2026-07-21 17:51:00,5.69,4.98,0.3
A02787,S3,2026-07-21 18:31:00,2026-07-22 03:41:00,9.48,9.16,0.68
A02787,S4,2026-07-23 02:26:00,2026-07-23 13:38:00,7.58,11.21,22.74
A02787,S5,2026-07-23 13:53:00,2026-07-23 16:56:00,2.84,3.04,0.25
A02788,S1,2026-07-22 08:03:00,2026-07-22 11:34:00,3.55,3.52,1.04
A02788,S2,2026-07-22 16:57:00,2026-07-22 23:38:00,5.33,6.69,5.38
A02788,S3,2026-07-22 23:53:00,2026-07-23 10:36:00,8.88,10.73,0.25
A02788,S4,2026-07-23 14:12:00,2026-07-24 01:46:00,7.1,11.55,3.6
A02788,S5,2026-07-24 05:14:00,2026-07-24 08:22:00,2.66,3.15,3.47
A02789,S1,2026-07-22 09:09:00,2026-07-22 12:03:00,2.9,2.9,2.15
A02789,S2,2026-07-22 12:24:00,2026-07-22 18:15:00,4.35,5.85,0.36
A02789,S3,2026-07-22 18:43:00,2026-07-23 01:46:00,7.25,7.04,0.47
A02789,S4,2026-07-23 10:39:00,2026-07-23 18:05:00,5.8,7.43,8.89
A02789,S5,2026-07-24 02:27:00,2026-07-24 04:39:00,2.17,2.2,8.37
A02790,S1,2026-07-22 07:08:00,2026-07-22 09:56:00,2.4,2.8,0.13
A02790,S2,2026-07-22 12:55:00,2026-07-22 16:13:00,3.6,3.31,2.98
A02790,S3,2026-07-22 19:19:00,2026-07-23 04:07:00,6.0,8.8,3.09
A02790,S4,2026-07-23 06:33:00,2026-07-23 11:58:00,4.8,5.43,2.43
A02790,S5,2026-07-23 13:45:00,2026-07-23 15:42:00,1.8,1.96,1.78
A02791,S1,2026-07-22 07:09:00,2026-07-22 09:29:00,2.24,2.33,0.15
A02791,S2,2026-07-22 11:56:00,2026-07-22 17:09:00,3.36,5.21,2.45
A02791,S3,2026-07-22 19:27:00,2026-07-23 00:17:00,5.6,4.84,2.3
A02791,S4,2026-07-23 09:20:00,2026-07-23 13:43:00,4.48,4.39,9.05
A02791,S5,2026-07-23 14:04:00,2026-07-23 16:02:00,1.68,1.96,0.34
A02792,S1,2026-07-22 08:51:00,2026-07-22 11:58:00,2.74,3.12,1.85
A02792,S2,2026-07-22 13:05:00,2026-07-22 17:10:00,4.11,4.09,1.11
A02792,S3,2026-07-22 20:14:00,2026-07-23 01:59:00,6.85,5.75,3.07
A02792,S4,2026-07-23 05:52:00,2026-07-23 09:32:00,5.48,3.66,3.89
A02792,S5,2026-07-23 11:13:00,2026-07-23 13:25:00,2.06,2.19,1.69
A02793,S1,2026-07-22 07:25:00,2026-07-22 09:32:00,1.81,2.11,0.42
A02793,S2,2026-07-22 14:09:00,2026-07-22 16:52:00,2.71,2.71,4.62
A02793,S3,2026-07-22 21:18:00,2026-07-23 02:02:00,4.52,4.75,4.42
A02793,S4,2026-07-23 05:29:00,2026-07-23 08:44:00,3.62,3.26,3.44
A02793,S5,2026-07-23 08:45:00,2026-07-23 10:09:00,1.36,1.4,0.01
A02794,S1,2026-07-23 08:07:00,2026-07-23 10:19:00,2.48,2.2,1.11
A02794,S2,2026-07-23 10:43:00,2026-07-23 15:48:00,3.72,5.08,0.41
A02794,S3,2026-07-23 17:16:00,2026-07-23 23:15:00,6.2,5.97,1.48
A02794,S4,2026-07-25 03:04:00,2026-07-25 09:28:00,4.96,6.4,27.82
A02794,S5,2026-07-25 10:28:00,2026-07-25 12:09:00,1.86,1.68,1.0
A02795,S1,2026-07-23 07:38:00,2026-07-23 09:45:00,1.9,2.11,0.63
A02795,S2,2026-07-23 12:43:00,2026-07-23 15:35:00,2.86,2.87,2.97
A02795,S3,2026-07-23 15:41:00,2026-07-23 19:58:00,4.76,4.28,0.09
A02795,S4,2026-07-24 07:37:00,2026-07-24 12:20:00,3.81,4.71,11.65
A02795,S5,2026-07-24 14:31:00,2026-07-24 16:04:00,1.43,1.55,2.19
A02796,S1,2026-07-23 07:22:00,2026-07-23 14:27:00,5.88,7.09,0.36
A02796,S2,2026-07-23 16:22:00,2026-07-24 01:01:00,8.82,8.65,1.91
A02796,S3,2026-07-24 01:14:00,2026-07-24 20:45:00,14.7,19.52,0.21
A02796,S4,2026-07-25 12:02:00,2026-07-26 00:00:00,11.76,11.96,15.3
A02796,S5,2026-07-26 00:36:00,2026-07-26 05:21:00,4.41,4.76,0.59
A02797,S1,2026-07-23 08:02:00,2026-07-23 13:16:00,4.76,5.23,1.03
A02797,S2,2026-07-23 21:49:00,2026-07-24 05:51:00,7.14,8.04,8.55
A02797,S3,2026-07-24 06:28:00,2026-07-24 19:13:00,11.9,12.75,0.61
A02797,S4,2026-07-24 19:35:00,2026-07-25 04:51:00,9.52,9.27,0.37
A02797,S5,2026-07-25 09:21:00,2026-07-25 12:36:00,3.57,3.25,4.5
A02798,S1,2026-07-23 11:37:00,2026-07-23 16:43:00,5.09,5.11,4.61
A02798,S2,2026-07-23 18:00:00,2026-07-24 02:10:00,7.63,8.17,1.28
A02798,S3,2026-07-24 02:46:00,2026-07-24 14:33:00,12.72,11.78,0.6
A02798,S4,2026-07-25 10:36:00,2026-07-25 16:18:00,10.18,5.69,20.05
A02798,S5,2026-07-25 18:42:00,2026-07-25 22:49:00,3.82,4.11,2.41
A02799,S1,2026-07-23 07:17:00,2026-07-23 10:00:00,2.51,2.71,0.28
A02799,S2,2026-07-23 16:26:00,2026-07-23 19:51:00,3.77,3.42,6.44
A02799,S3,2026-07-23 19:58:00,2026-07-24 02:38:00,6.28,6.67,0.12
A02799,S4,2026-07-25 08:19:00,2026-07-25 14:34:00,5.02,6.25,29.67
A02799,S5,2026-07-25 16:19:00,2026-07-25 18:22:00,1.88,2.05,1.75
A02800,S1,2026-07-23 08:22:00,2026-07-23 11:35:00,3.12,3.2,1.37
A02800,S2,2026-07-23 14:49:00,2026-07-23 19:05:00,4.68,4.27,3.24
A02800,S3,2026-07-23 23:51:00,2026-07-24 08:49:00,7.8,8.97,4.76
A02800,S4,2026-07-24 18:30:00,2026-07-25 00:53:00,6.24,6.39,9.67
A02800,S5,2026-07-25 00:56:00,2026-07-25 03:52:00,2.34,2.94,0.05
A02801,S1,2026-07-23 07:48:00,2026-07-23 11:44:00,3.41,3.93,0.8
A02801,S2,2026-07-23 11:46:00,2026-07-23 18:22:00,5.11,6.61,0.03
A02801,S3,2026-07-23 22:54:00,2026-07-24 07:47:00,8.52,8.88,4.54
A02801,S4,2026-07-24 10:16:00,2026-07-24 16:29:00,6.82,6.23,2.48
A02801,S5,2026-07-24 23:20:00,2026-07-25 01:57:00,2.56,2.62,6.84
A02802,S1,2026-07-23 08:41:00,2026-07-23 12:08:00,3.07,3.46,1.68
A02802,S2,2026-07-23 14:32:00,2026-07-23 20:47:00,4.61,6.24,2.4
A02802,S3,2026-07-24 01:01:00,2026-07-24 09:21:00,7.68,8.33,4.24
A02802,S4,2026-07-25 03:48:00,2026-07-25 10:52:00,6.14,7.08,18.44
A02802,S5,2026-07-25 12:00:00,2026-07-25 14:21:00,2.3,2.36,1.13
A02803,S1,2026-07-23 09:14:00,2026-07-23 14:15:00,5.09,5.03,2.23
A02803,S2,2026-07-23 14:16:00,2026-07-23 23:49:00,7.63,9.56,0.01
A02803,S3,2026-07-24 03:20:00,2026-07-24 18:02:00,12.72,14.7,3.51
A02803,S4,2026-07-24 21:18:00,2026-07-25 11:14:00,10.18,13.94,3.26
A02803,S5,2026-07-25 13:13:00,2026-07-25 16:50:00,3.82,3.63,1.97
A02804,S1,2026-07-23 08:52:00,2026-07-23 15:07:00,5.76,6.25,1.87
A02804,S2,2026-07-23 16:01:00,2026-07-24 01:02:00,8.64,9.01,0.9
A02804,S3,2026-07-24 01:35:00,2026-07-24 14:43:00,14.4,13.14,0.56
A02804,S4,2026-07-24 19:37:00,2026-07-25 16:21:00,11.52,20.72,4.9
A02804,S5,2026-07-25 17:38:00,2026-07-25 22:21:00,4.32,4.71,1.29
A02805,S1,2026-07-23 08:09:00,2026-07-23 12:43:00,4.74,4.56,1.15
A02805,S2,2026-07-23 13:09:00,2026-07-23 20:04:00,7.1,6.91,0.45
A02805,S3,2026-07-23 20:41:00,2026-07-24 08:51:00,11.84,12.18,0.61
A02805,S4,2026-07-25 06:28:00,2026-07-25 15:49:00,9.47,9.35,21.62
A02805,S5,2026-07-25 17:56:00,2026-07-25 22:16:00,3.55,4.33,2.11
A02806,S1,2026-07-23 07:20:00,2026-07-23 14:42:00,6.2,7.37,0.33
A02806,S2,2026-07-23 16:45:00,2026-07-24 00:34:00,9.3,7.81,2.05
A02806,S3,2026-07-24 17:33:00,2026-07-25 12:43:00,15.5,19.18,16.98
A02806,S4,2026-07-25 15:47:00,2026-07-26 06:09:00,12.4,14.37,3.07
A02806,S5,2026-07-26 06:26:00,2026-07-26 11:14:00,4.65,4.79,0.27
A02807,S1,2026-07-23 07:01:00,2026-07-23 09:31:00,2.5,2.5,0.01
A02807,S2,2026-07-23 14:12:00,2026-07-23 17:59:00,3.75,3.77,4.69
A02807,S3,2026-07-23 21:46:00,2026-07-24 04:02:00,6.25,6.26,3.79
A02807,S4,2026-07-24 07:28:00,2026-07-24 13:33:00,5.0,6.08,3.44
A02807,S5,2026-07-24 14:04:00,2026-07-24 15:51:00,1.88,1.79,0.51
A02808,S1,2026-07-24 09:12:00,2026-07-24 11:58:00,2.62,2.76,2.2
A02808,S2,2026-07-24 13:16:00,2026-07-24 17:41:00,3.93,4.41,1.31
A02808,S3,2026-07-24 18:52:00,2026-07-25 02:40:00,6.55,7.8,1.18
A02808,S4,2026-07-25 08:36:00,2026-07-25 18:19:00,5.24,9.72,5.94
A02808,S5,2026-07-25 19:43:00,2026-07-25 21:33:00,1.96,1.85,1.39
A02809,S1,2026-07-24 08:14:00,2026-07-24 13:41:00,4.72,5.45,1.23
A02809,S2,2026-07-24 22:19:00,2026-07-25 05:17:00,7.08,6.97,8.63
A02809,S3,2026-07-25 08:15:00,2026-07-25 20:33:00,11.8,12.31,2.96
A02809,S4,2026-07-25 20:37:00,2026-07-26 10:34:00,9.44,13.96,0.06
A02809,S5,2026-07-26 11:36:00,2026-07-26 15:10:00,3.54,3.57,1.03
A02810,S1,2026-07-24 07:19:00,2026-07-24 12:49:00,5.88,5.49,0.32
A02810,S2,2026-07-24 15:52:00,2026-07-25 01:29:00,8.82,9.62,3.06
A02810,S3,2026-07-25 01:57:00,2026-07-25 18:00:00,14.7,16.04,0.47
A02810,S4,2026-07-26 06:05:00,2026-07-26 19:57:00,11.76,13.88,12.08
A02810,S5,2026-07-26 21:13:00,2026-07-27 02:04:00,4.41,4.85,1.27
A02811,S1,2026-07-24 08:07:00,2026-07-24 10:01:00,2.22,1.9,1.12
A02811,S2,2026-07-24 10:32:00,2026-07-24 14:06:00,3.33,3.55,0.52
A02811,S3,2026-07-24 15:00:00,2026-07-24 20:17:00,5.55,5.28,0.9
A02811,S4,2026-07-24 23:21:00,2026-07-25 01:23:00,4.44,2.03,3.07
A02811,S5,2026-07-25 02:36:00,2026-07-25 04:22:00,1.66,1.77,1.21
A02812,S1,2026-07-24 07:04:00,2026-07-24 11:55:00,4.56,4.85,0.07
A02812,S2,2026-07-24 12:15:00,2026-07-24 21:37:00,6.84,9.37,0.32
A02812,S3,2026-07-25 01:43:00,2026-07-25 12:12:00,11.4,10.49,4.09
A02812,S4,2026-07-25 19:25:00,2026-07-26 05:55:00,9.12,10.49,7.23
A02812,S5,2026-07-26 06:18:00,2026-07-26 09:52:00,3.42,3.57,0.38
A02813,S1,2026-07-25 07:45:00,2026-07-25 10:00:00,2.3,2.26,0.75
A02813,S2,2026-07-25 10:05:00,2026-07-25 13:41:00,3.46,3.61,0.08
A02813,S3,2026-07-25 14:02:00,2026-07-25 18:47:00,5.76,4.76,0.34
A02813,S4,2026-07-25 21:10:00,2026-07-26 03:02:00,4.61,5.87,2.38
A02813,S5,2026-07-26 04:28:00,2026-07-26 06:15:00,1.73,1.78,1.43
A02814,S1,2026-07-25 08:47:00,2026-07-25 11:09:00,2.35,2.38,1.78
A02814,S2,2026-07-25 12:46:00,2026-07-25 15:56:00,3.53,3.16,1.61
A02814,S3,2026-07-25 16:57:00,2026-07-25 22:33:00,5.88,5.59,1.03
A02814,S4,2026-07-26 06:01:00,2026-07-26 14:11:00,4.7,8.16,7.47
A02814,S5,2026-07-26 22:12:00,2026-07-27 00:03:00,1.76,1.84,8.02
A02815,S1,2026-07-25 08:29:00,2026-07-25 10:39:00,2.54,2.17,1.49
A02815,S2,2026-07-25 15:00:00,2026-07-25 19:16:00,3.82,4.27,4.35
A02815,S3,2026-07-25 21:28:00,2026-07-26 03:46:00,6.36,6.3,2.19
A02815,S4,2026-07-26 08:57:00,2026-07-26 14:24:00,5.09,5.46,5.18
A02815,S5,2026-07-26 18:08:00,2026-07-26 20:02:00,1.91,1.89,3.74
A02816,S1,2026-07-25 08:35:00,2026-07-25 11:07:00,2.62,2.53,1.59
A02816,S2,2026-07-25 17:00:00,2026-07-25 20:20:00,3.92,3.34,5.88
A02816,S3,2026-07-25 21:07:00,2026-07-26 04:34:00,6.54,7.46,0.77
A02816,S4,2026-07-26 05:17:00,2026-07-26 11:42:00,5.23,6.42,0.71
A02816,S5,2026-07-26 13:21:00,2026-07-26 15:18:00,1.96,1.95,1.65
A02817,S1,2026-07-25 07:59:00,2026-07-25 10:48:00,2.93,2.83,0.98
A02817,S2,2026-07-25 12:26:00,2026-07-25 17:19:00,4.39,4.87,1.63
A02817,S3,2026-07-25 17:25:00,2026-07-26 02:05:00,7.32,8.67,0.11
A02817,S4,2026-07-26 06:05:00,2026-07-26 09:49:00,5.86,3.72,4.0
A02817,S5,2026-07-26 11:08:00,2026-07-26 13:26:00,2.2,2.3,1.33
A02818,S1,2026-07-25 07:28:00,2026-07-25 11:29:00,4.38,4.02,0.46
A02818,S2,2026-07-25 12:52:00,2026-07-25 19:31:00,6.58,6.64,1.39
A02818,S3,2026-07-25 22:58:00,2026-07-26 11:27:00,10.96,12.49,3.45
A02818,S4,2026-07-27 01:24:00,2026-07-27 08:35:00,8.77,7.19,13.94
A02818,S5,2026-07-27 14:25:00,2026-07-27 17:48:00,3.29,3.38,5.84
A02819,S1,2026-07-26 07:29:00,2026-07-26 10:22:00,3.22,2.88,0.49
A02819,S2,2026-07-26 11:39:00,2026-07-26 17:03:00,4.82,5.41,1.29
A02819,S3,2026-07-26 18:32:00,2026-07-27 03:32:00,8.04,8.99,1.48
A02819,S4,2026-07-27 11:47:00,2026-07-27 18:07:00,6.43,6.33,8.26
A02819,S5,2026-07-27 19:59:00,2026-07-27 22:24:00,2.41,2.41,1.87
A02820,S1,2026-07-26 07:17:00,2026-07-26 13:06:00,5.12,5.82,0.28
A02820,S2,2026-07-26 20:08:00,2026-07-27 04:07:00,7.68,7.99,7.03
A02820,S3,2026-07-27 06:25:00,2026-07-27 18:54:00,12.8,12.48,2.3
A02820,S4,2026-07-28 00:36:00,2026-07-28 15:45:00,10.24,15.16,5.7
A02820,S5,2026-07-28 18:43:00,2026-07-28 22:33:00,3.84,3.84,2.97
A02821,S1,2026-07-26 08:09:00,2026-07-26 10:31:00,2.4,2.36,1.15
A02821,S2,2026-07-26 14:04:00,2026-07-26 19:17:00,3.6,5.22,3.56
A02821,S3,2026-07-27 02:51:00,2026-07-27 08:50:00,6.0,5.97,7.57
A02821,S4,2026-07-27 21:01:00,2026-07-27 23:54:00,4.8,2.88,12.19
A02821,S5,2026-07-28 00:36:00,2026-07-28 02:24:00,1.8,1.8,0.71
A02822,S1,2026-07-27 08:24:00,2026-07-27 13:32:00,4.68,5.14,1.39
A02822,S2,2026-07-27 13:52:00,2026-07-27 21:10:00,7.02,7.3,0.33
A02822,S3,2026-07-28 05:36:00,2026-07-28 18:44:00,11.7,13.13,8.44
A02822,S4,2026-07-28 21:24:00,2026-07-29 05:12:00,9.36,7.81,2.66
A02822,S5,2026-07-29 06:05:00,2026-07-29 10:16:00,3.51,4.17,0.88
A02823,S1,2026-07-27 10:59:00,2026-07-27 13:41:00,2.29,2.7,3.99
A02823,S2,2026-07-27 17:36:00,2026-07-27 21:08:00,3.43,3.54,3.91
A02823,S3,2026-07-28 00:56:00,2026-07-28 05:24:00,5.72,4.45,3.8
A02823,S4,2026-07-28 13:01:00,2026-07-28 18:41:00,4.58,5.68,7.62
A02823,S5,2026-07-28 18:45:00,2026-07-28 20:22:00,1.72,1.62,0.06
A02824,S1,2026-07-28 08:54:00,2026-07-28 13:11:00,4.36,4.29,1.9
A02824,S2,2026-07-28 13:36:00,2026-07-28 20:07:00,6.54,6.51,0.42
A02824,S3,2026-07-28 20:09:00,2026-07-29 08:09:00,10.9,12.01,0.03
A02824,S4,2026-07-29 10:36:00,2026-07-29 20:07:00,8.72,9.51,2.45
A02824,S5,2026-07-30 00:36:00,2026-07-30 03:44:00,3.27,3.14,4.48
A02825,S1,2026-07-29 07:55:00,2026-07-29 09:51:00,1.78,1.94,0.91
A02825,S2,2026-07-29 10:47:00,2026-07-29 13:40:00,2.66,2.87,0.93
A02825,S3,2026-07-29 15:00:00,2026-07-29 19:33:00,4.44,4.56,1.34
A02825,S4,2026-07-30 15:36:00,2026-07-30 21:39:00,3.55,6.05,20.04
A02825,S5,2026-07-31 01:04:00,2026-07-31 02:22:00,1.33,1.31,3.42
A02826,S1,2026-07-29 07:26:00,2026-07-29 09:32:00,2.48,2.1,0.43
A02826,S2,2026-07-29 10:24:00,2026-07-29 14:18:00,3.72,3.9,0.86
A02826,S3,2026-07-29 17:55:00,2026-07-30 00:30:00,6.2,6.58,3.62
A02826,S4,2026-07-30 11:24:00,2026-07-31 02:05:00,4.96,14.69,10.9
A02826,S5,2026-07-31 05:49:00,2026-07-31 07:50:00,1.86,2.02,3.72
A02827,S1,2026-07-29 07:57:00,2026-07-29 12:58:00,4.28,5.02,0.95
A02827,S2,2026-07-29 15:21:00,2026-07-29 21:57:00,6.42,6.6,2.38
A02827,S3,2026-07-30 02:42:00,2026-07-30 13:47:00,10.7,11.08,4.74
A02827,S4,2026-07-30 19:45:00,2026-07-31 07:25:00,8.56,11.67,5.97
A02827,S5,2026-07-31 07:47:00,2026-07-31 11:24:00,3.21,3.62,0.36
A02828,S1,2026-07-29 07:55:00,2026-07-29 10:07:00,2.1,2.21,0.91
A02828,S2,2026-07-29 10:23:00,2026-07-29 14:06:00,3.14,3.73,0.26
A02828,S3,2026-07-29 16:43:00,2026-07-29 20:46:00,5.24,4.05,2.61
A02828,S4,2026-07-29 22:51:00,2026-07-30 03:53:00,4.19,5.03,2.08
A02828,S5,2026-07-30 03:58:00,2026-07-30 05:41:00,1.57,1.71,0.1
A02829,S1,2026-07-29 07:01:00,2026-07-29 09:23:00,2.36,2.37,0.01
A02829,S2,2026-07-29 09:42:00,2026-07-29 13:00:00,3.54,3.31,0.32
A02829,S3,2026-07-29 14:20:00,2026-07-29 20:52:00,5.9,6.52,1.34
A02829,S4,2026-07-30 00:51:00,2026-07-30 05:58:00,4.72,5.13,3.98
A02829,S5,2026-07-30 06:58:00,2026-07-30 08:45:00,1.77,1.79,0.99
A02830,S1,2026-07-30 08:53:00,2026-07-30 10:42:00,2.05,1.82,1.89
A02830,S2,2026-07-30 15:53:00,2026-07-30 18:58:00,3.07,3.09,5.18
A02830,S3,2026-07-31 00:18:00,2026-07-31 04:36:00,5.12,4.3,5.33
A02830,S4,2026-07-31 05:25:00,2026-07-31 09:00:00,4.1,3.59,0.82
A02830,S5,2026-07-31 12:59:00,2026-07-31 14:21:00,1.54,1.36,3.98
A02831,S1,2026-07-30 08:09:00,2026-07-30 10:03:00,1.76,1.9,1.16
A02831,S2,2026-07-30 10:34:00,2026-07-30 13:33:00,2.64,2.99,0.5
A02831,S3,2026-07-30 15:54:00,2026-07-30 20:08:00,4.4,4.25,2.34
A02831,S4,2026-07-30 20:22:00,2026-07-31 00:47:00,3.52,4.42,0.23
A02831,S5,2026-07-31 04:02:00,2026-07-31 05:15:00,1.32,1.2,3.25
A02832,S1,2026-07-30 09:47:00,2026-07-30 12:25:00,2.48,2.64,2.78
A02832,S2,2026-07-30 12:56:00,2026-07-30 15:48:00,3.72,2.87,0.5
A02832,S3,2026-07-30 16:12:00,2026-07-30 22:40:00,6.2,6.46,0.41
A02832,S4,2026-07-31 01:33:00,2026-07-31 07:51:00,4.96,6.31,2.87
A02832,S5,2026-07-31 09:33:00,2026-07-31 11:43:00,1.86,2.16,1.7
A02833,S1,2026-07-30 07:12:00,2026-07-30 08:56:00,1.81,1.72,0.21
A02833,S2,2026-07-30 13:08:00,2026-07-30 16:40:00,2.71,3.54,4.21
A02833,S3,2026-07-30 18:42:00,2026-07-30 22:14:00,4.52,3.52,2.04
A02833,S4,2026-07-31 01:24:00,2026-07-31 03:40:00,3.62,2.26,3.18
A02833,S5,2026-07-31 03:43:00,2026-07-31 05:06:00,1.36,1.38,0.06
A02834,S1,2026-07-30 07:29:00,2026-07-30 10:53:00,3.17,3.4,0.48
A02834,S2,2026-07-30 11:15:00,2026-07-30 15:31:00,4.75,4.28,0.37
A02834,S3,2026-07-30 18:48:00,2026-07-31 07:12:00,7.92,12.41,3.28
A02834,S4,2026-07-31 14:41:00,2026-07-31 21:43:00,6.34,7.05,7.47
A02834,S5,2026-08-01 07:54:00,2026-08-01 10:28:00,2.38,2.56,10.17
A02835,S1,2026-07-30 07:18:00,2026-07-30 11:34:00,4.24,4.27,0.29
A02835,S2,2026-07-30 12:46:00,2026-07-30 19:59:00,6.36,7.22,1.19
A02835,S3,2026-07-31 03:37:00,2026-07-31 18:57:00,10.6,15.35,7.63
A02835,S4,2026-07-31 20:05:00,2026-08-01 10:13:00,8.48,14.13,1.12
A02835,S5,2026-08-01 13:26:00,2026-08-01 17:26:00,3.18,4.0,3.22
A02836,S1,2026-07-30 07:39:00,2026-07-30 10:14:00,2.1,2.58,0.65
A02836,S2,2026-07-30 10:33:00,2026-07-30 13:22:00,3.15,2.82,0.32
A02836,S3,2026-07-30 16:53:00,2026-07-30 22:24:00,5.25,5.52,3.52
A02836,S4,2026-07-31 01:53:00,2026-07-31 07:31:00,4.2,5.63,3.48
A02836,S5,2026-07-31 09:00:00,2026-07-31 10:28:00,1.58,1.46,1.49
A02837,S1,2026-07-30 07:08:00,2026-07-30 09:05:00,1.95,1.95,0.14
A02837,S2,2026-07-30 09:25:00,2026-07-30 12:03:00,2.93,2.64,0.33
A02837,S3,2026-07-30 13:58:00,2026-07-30 17:52:00,4.88,3.89,1.91
A02837,S4,2026-07-31 16:22:00,2026-07-31 20:02:00,3.9,3.67,22.51
A02837,S5,2026-08-01 04:38:00,2026-08-01 06:17:00,1.46,1.64,8.6
A02838,S1,2026-07-31 08:25:00,2026-07-31 11:57:00,3.71,3.53,1.42
A02838,S2,2026-07-31 12:39:00,2026-07-31 17:52:00,5.57,5.21,0.71
A02838,S3,2026-07-31 20:33:00,2026-08-01 07:53:00,9.28,11.34,2.68
A02838,S4,2026-08-01 16:34:00,2026-08-02 00:01:00,7.42,7.45,8.69
A02838,S5,2026-08-02 02:07:00,2026-08-02 04:43:00,2.78,2.6,2.09
A02839,S1,2026-07-31 12:39:00,2026-07-31 15:54:00,2.72,3.25,5.65
A02839,S2,2026-07-31 16:08:00,2026-07-31 19:39:00,4.08,3.51,0.25
A02839,S3,2026-08-01 06:30:00,2026-08-01 13:18:00,6.8,6.79,10.85
A02839,S4,2026-08-01 15:16:00,2026-08-01 23:37:00,5.44,8.35,1.96
A02839,S5,2026-08-01 23:59:00,2026-08-02 02:15:00,2.04,2.27,0.36
A02840,S1,2026-07-31 08:24:00,2026-07-31 11:16:00,3.12,2.88,1.4
A02840,S2,2026-07-31 13:30:00,2026-07-31 19:48:00,4.68,6.3,2.23
A02840,S3,2026-07-31 20:50:00,2026-08-01 05:30:00,7.8,8.66,1.05
A02840,S4,2026-08-01 10:38:00,2026-08-01 17:24:00,6.24,6.77,5.13
A02840,S5,2026-08-01 20:16:00,2026-08-01 22:31:00,2.34,2.25,2.86
A02841,S1,2026-07-31 08:07:00,2026-07-31 12:44:00,5.08,4.63,1.12
A02841,S2,2026-07-31 13:58:00,2026-07-31 20:57:00,7.62,6.99,1.23
A02841,S3,2026-07-31 21:55:00,2026-08-01 09:46:00,12.7,11.85,0.96
A02841,S4,2026-08-01 10:24:00,2026-08-01 20:09:00,10.16,9.76,0.62
A02841,S5,2026-08-01 22:58:00,2026-08-02 03:09:00,3.81,4.19,2.81
A02842,S1,2026-07-31 07:49:00,2026-07-31 10:28:00,2.76,2.65,0.82
A02842,S2,2026-07-31 18:19:00,2026-07-31 21:34:00,4.14,3.24,7.86
A02842,S3,2026-08-01 01:50:00,2026-08-01 07:03:00,6.9,5.22,4.27
A02842,S4,2026-08-01 08:18:00,2026-08-01 20:40:00,5.52,12.37,1.25
A02842,S5,2026-08-02 05:41:00,2026-08-02 08:03:00,2.07,2.36,9.02
A02843,S1,2026-08-01 07:03:00,2026-08-01 10:58:00,3.18,3.91,0.05
A02843,S2,2026-08-01 13:44:00,2026-08-01 19:04:00,4.77,5.33,2.77
A02843,S3,2026-08-01 22:50:00,2026-08-02 07:17:00,7.95,8.46,3.76
A02843,S4,2026-08-02 09:05:00,2026-08-02 16:37:00,6.36,7.53,1.8
A02843,S5,2026-08-02 18:57:00,2026-08-02 21:55:00,2.38,2.96,2.34
A02844,S1,2026-08-01 07:46:00,2026-08-01 10:32:00,2.38,2.78,0.76
A02844,S2,2026-08-01 11:07:00,2026-08-01 15:32:00,3.58,4.41,0.58
A02844,S3,2026-08-02 00:54:00,2026-08-02 08:24:00,5.96,7.51,9.36
A02844,S4,2026-08-02 23:02:00,2026-08-03 10:42:00,4.77,11.67,14.62
A02844,S5,2026-08-03 14:02:00,2026-08-03 16:02:00,1.79,2.0,3.34
A02845,S1,2026-08-02 07:06:00,2026-08-02 09:31:00,2.18,2.42,0.1
A02845,S2,2026-08-02 09:53:00,2026-08-02 12:12:00,3.27,2.3,0.37
A02845,S3,2026-08-02 15:42:00,2026-08-02 21:41:00,5.45,5.99,3.5
A02845,S4,2026-08-03 02:57:00,2026-08-03 06:39:00,4.36,3.69,5.27
A02845,S5,2026-08-03 09:52:00,2026-08-03 11:34:00,1.64,1.71,3.22
A02846,S1,2026-08-02 08:22:00,2026-08-02 13:21:00,5.64,4.99,1.36
A02846,S2,2026-08-02 14:04:00,2026-08-02 23:32:00,8.46,9.46,0.72
A02846,S3,2026-08-03 00:59:00,2026-08-03 18:49:00,14.1,17.85,1.44
A02846,S4,2026-08-03 22:41:00,2026-08-04 18:13:00,11.28,19.53,3.87
A02846,S5,2026-08-04 20:44:00,2026-08-05 01:12:00,4.23,4.46,2.51
A02847,S1,2026-08-02 07:54:00,2026-08-02 11:32:00,2.86,3.63,0.9
A02847,S2,2026-08-02 12:33:00,2026-08-02 16:58:00,4.29,4.42,1.02
A02847,S3,2026-08-02 17:40:00,2026-08-03 01:32:00,7.15,7.86,0.7
A02847,S4,2026-08-03 03:02:00,2026-08-03 08:48:00,5.72,5.77,1.5
A02847,S5,2026-08-03 11:48:00,2026-08-03 14:12:00,2.14,2.41,3.0
A02848,S1,2026-08-02 07:17:00,2026-08-02 10:59:00,3.38,3.71,0.28
A02848,S2,2026-08-02 13:06:00,2026-08-02 18:21:00,5.08,5.24,2.12
A02848,S3,2026-08-03 04:03:00,2026-08-03 14:28:00,8.46,10.42,9.71
A02848,S4,2026-08-03 14:43:00,2026-08-03 23:58:00,6.77,9.26,0.24
A02848,S5,2026-08-04 03:41:00,2026-08-04 06:25:00,2.54,2.75,3.7
A02849,S1,2026-08-02 08:10:00,2026-08-02 10:47:00,2.38,2.61,1.17
A02849,S2,2026-08-02 12:00:00,2026-08-02 16:18:00,3.57,4.31,1.21
A02849,S3,2026-08-02 17:28:00,2026-08-02 23:54:00,5.95,6.43,1.17
A02849,S4,2026-08-03 02:56:00,2026-08-03 08:18:00,4.76,5.35,3.04
A02849,S5,2026-08-03 10:32:00,2026-08-03 12:11:00,1.78,1.65,2.23
A02850,S1,2026-08-02 07:06:00,2026-08-02 09:48:00,2.4,2.7,0.1
A02850,S2,2026-08-02 10:15:00,2026-08-02 13:19:00,3.6,3.07,0.45
A02850,S3,2026-08-02 13:29:00,2026-08-02 23:02:00,6.0,9.55,0.16
A02850,S4,2026-08-03 07:33:00,2026-08-03 11:24:00,4.8,3.86,8.51
A02850,S5,2026-08-03 12:10:00,2026-08-03 14:29:00,1.8,2.32,0.75
A02851,S1,2026-08-02 08:19:00,2026-08-02 15:08:00,6.24,6.82,1.32
A02851,S2,2026-08-02 17:42:00,2026-08-03 03:31:00,9.36,9.82,2.56
A02851,S3,2026-08-03 03:56:00,2026-08-03 22:42:00,15.6,18.78,0.41
A02851,S4,2026-08-04 12:34:00,2026-08-05 00:12:00,12.48,11.63,13.87
A02851,S5,2026-08-05 01:31:00,2026-08-05 07:51:00,4.68,6.33,1.31
A02852,S1,2026-08-02 09:50:00,2026-08-02 11:51:00,1.92,2.01,2.84
A02852,S2,2026-08-02 12:18:00,2026-08-02 16:32:00,2.88,4.23,0.46
A02852,S3,2026-08-03 02:22:00,2026-08-03 08:09:00,4.8,5.8,9.82
A02852,S4,2026-08-04 07:37:00,2026-08-04 11:23:00,3.84,3.77,23.46
A02852,S5,2026-08-04 12:01:00,2026-08-04 13:35:00,1.44,1.57,0.64
A02853,S1,2026-08-02 07:00:00,2026-08-02 09:48:00,2.48,2.81,0.0
A02853,S2,2026-08-02 10:50:00,2026-08-02 14:05:00,3.72,3.24,1.03
A02853,S3,2026-08-02 17:35:00,2026-08-03 00:23:00,6.2,6.79,3.5
A02853,S4,2026-08-03 02:39:00,2026-08-03 08:18:00,4.96,5.65,2.27
A02853,S5,2026-08-03 08:45:00,2026-08-03 10:50:00,1.86,2.09,0.45
A02854,S1,2026-08-03 08:33:00,2026-08-03 11:38:00,2.88,3.07,1.56
A02854,S2,2026-08-03 12:04:00,2026-08-03 15:57:00,4.32,3.89,0.44
A02854,S3,2026-08-03 17:16:00,2026-08-03 22:22:00,7.2,5.1,1.32
A02854,S4,2026-08-04 06:00:00,2026-08-04 10:10:00,5.76,4.17,7.63
A02854,S5,2026-08-04 15:29:00,2026-08-04 18:05:00,2.16,2.59,5.32
A02855,S1,2026-08-03 07:30:00,2026-08-03 13:23:00,5.56,5.88,0.5
A02855,S2,2026-08-03 15:50:00,2026-08-04 02:36:00,8.34,10.77,2.45
A02855,S3,2026-08-04 07:58:00,2026-08-05 01:01:00,13.9,17.05,5.36
A02855,S4,2026-08-05 05:54:00,2026-08-05 19:51:00,11.12,13.94,4.89
A02855,S5,2026-08-05 20:27:00,2026-08-06 01:10:00,4.17,4.72,0.6
A02856,S1,2026-08-03 08:18:00,2026-08-03 14:19:00,5.76,6.02,1.3
A02856,S2,2026-08-03 15:12:00,2026-08-04 03:32:00,8.64,12.32,0.89
A02856,S3,2026-08-04 04:01:00,2026-08-04 17:57:00,14.4,13.93,0.49
A02856,S4,2026-08-05 03:31:00,2026-08-05 15:26:00,11.52,11.92,9.56
A02856,S5,2026-08-05 19:54:00,2026-08-06 00:10:00,4.32,4.27,4.47
A02857,S1,2026-08-04 07:08:00,2026-08-04 10:04:00,2.74,2.93,0.14
A02857,S2,2026-08-04 11:01:00,2026-08-04 15:24:00,4.11,4.39,0.95
A02857,S3,2026-08-04 16:18:00,2026-08-04 23:32:00,6.85,7.22,0.9
A02857,S4,2026-08-05 01:45:00,2026-08-05 09:52:00,5.48,8.11,2.23
A02857,S5,2026-08-05 12:51:00,2026-08-05 15:08:00,2.06,2.29,2.98
A02858,S1,2026-08-04 07:26:00,2026-08-04 11:32:00,3.94,4.09,0.44
A02858,S2,2026-08-04 11:42:00,2026-08-04 17:33:00,5.9,5.85,0.16
A02858,S3,2026-08-04 17:38:00,2026-08-05 01:56:00,9.84,8.3,0.08
A02858,S4,2026-08-06 01:24:00,2026-08-06 12:53:00,7.87,11.48,23.47
A02858,S5,2026-08-06 13:03:00,2026-08-06 16:03:00,2.95,3.0,0.17
A02859,S1,2026-08-04 08:38:00,2026-08-04 11:37:00,2.9,2.98,1.64
A02859,S2,2026-08-04 12:28:00,2026-08-04 18:00:00,4.36,5.53,0.85
A02859,S3,2026-08-04 21:21:00,2026-08-05 04:56:00,7.26,7.59,3.35
A02859,S4,2026-08-05 05:23:00,2026-08-05 09:25:00,5.81,4.04,0.44
A02859,S5,2026-08-05 09:34:00,2026-08-05 11:48:00,2.18,2.24,0.14
A02860,S1,2026-08-05 07:08:00,2026-08-05 13:52:00,5.8,6.74,0.13
A02860,S2,2026-08-05 14:36:00,2026-08-05 22:44:00,8.7,8.13,0.74
A02860,S3,2026-08-06 01:57:00,2026-08-06 16:34:00,14.5,14.62,3.22
A02860,S4,2026-08-06 23:16:00,2026-08-07 13:35:00,11.6,14.32,6.69
A02860,S5,2026-08-07 15:51:00,2026-08-07 20:49:00,4.35,4.96,2.27
A02861,S1,2026-08-05 07:36:00,2026-08-05 13:15:00,5.72,5.66,0.59
A02861,S2,2026-08-05 13:23:00,2026-08-05 23:37:00,8.58,10.23,0.13
A02861,S3,2026-08-06 00:21:00,2026-08-06 15:19:00,14.3,14.98,0.73
A02861,S4,2026-08-07 13:17:00,2026-08-07 23:16:00,11.44,9.99,21.96
A02861,S5,2026-08-08 03:09:00,2026-08-08 06:52:00,4.29,3.71,3.88
A02862,S1,2026-08-05 07:06:00,2026-08-05 12:30:00,4.9,5.39,0.1
A02862,S2,2026-08-05 19:13:00,2026-08-06 01:51:00,7.34,6.63,6.72
A02862,S3,2026-08-06 05:51:00,2026-08-06 18:01:00,12.24,12.18,3.99
A02862,S4,2026-08-06 18:42:00,2026-08-07 04:54:00,9.79,10.2,0.68
A02862,S5,2026-08-07 06:38:00,2026-08-07 10:37:00,3.67,3.99,1.73
A02863,S1,2026-08-05 07:24:00,2026-08-05 12:32:00,4.56,5.13,0.4
A02863,S2,2026-08-05 13:29:00,2026-08-05 21:24:00,6.84,7.91,0.95
A02863,S3,2026-08-05 21:56:00,2026-08-06 12:46:00,11.4,14.83,0.55
A02863,S4,2026-08-06 12:58:00,2026-08-06 19:16:00,9.12,6.3,0.2
A02863,S5,2026-08-06 23:05:00,2026-08-07 03:04:00,3.42,3.99,3.81
A02864,S1,2026-08-06 07:07:00,2026-08-06 10:51:00,3.55,3.74,0.11
A02864,S2,2026-08-06 13:50:00,2026-08-06 19:23:00,5.33,5.55,2.97
A02864,S3,2026-08-06 19:50:00,2026-08-07 04:18:00,8.88,8.47,0.46
A02864,S4,2026-08-08 05:59:00,2026-08-08 13:20:00,7.1,7.35,25.68
A02864,S5,2026-08-08 13:46:00,2026-08-08 16:35:00,2.66,2.82,0.43
A02865,S1,2026-08-06 07:26:00,2026-08-06 09:53:00,2.64,2.45,0.43
A02865,S2,2026-08-06 11:23:00,2026-08-06 16:07:00,3.96,4.73,1.5
A02865,S3,2026-08-07 04:48:00,2026-08-07 10:56:00,6.6,6.14,12.69
A02865,S4,2026-08-08 06:50:00,2026-08-08 12:33:00,5.28,5.71,19.89
A02865,S5,2026-08-08 15:45:00,2026-08-08 17:56:00,1.98,2.19,3.2
A02866,S1,2026-08-06 07:56:00,2026-08-06 10:39:00,2.24,2.71,0.94
A02866,S2,2026-08-06 11:00:00,2026-08-06 14:56:00,3.36,3.93,0.36
A02866,S3,2026-08-06 15:15:00,2026-08-06 19:47:00,5.6,4.52,0.32
A02866,S4,2026-08-06 21:05:00,2026-08-07 03:50:00,4.48,6.75,1.31
A02866,S5,2026-08-07 04:34:00,2026-08-07 06:19:00,1.68,1.75,0.74
A02867,S1,2026-08-06 07:37:00,2026-08-06 12:28:00,4.74,4.85,0.62
A02867,S2,2026-08-06 12:48:00,2026-08-06 18:15:00,7.1,5.45,0.32
A02867,S3,2026-08-06 18:58:00,2026-08-07 07:00:00,11.84,12.03,0.72
A02867,S4,2026-08-07 13:39:00,2026-08-08 02:22:00,9.47,12.72,6.66
A02867,S5,2026-08-08 04:13:00,2026-08-08 08:47:00,3.55,4.57,1.84
A02868,S1,2026-08-06 07:29:00,2026-08-06 14:01:00,6.28,6.53,0.48
A02868,S2,2026-08-06 15:55:00,2026-08-07 03:39:00,9.42,11.73,1.9
A02868,S3,2026-08-07 05:10:00,2026-08-07 18:09:00,15.7,12.97,1.53
A02868,S4,2026-08-08 19:09:00,2026-08-09 04:57:00,12.56,9.8,25.01
A02868,S5,2026-08-09 07:54:00,2026-08-09 13:11:00,4.71,5.3,2.94
A02869,S1,2026-08-06 09:08:00,2026-08-06 14:07:00,4.36,4.98,2.14
A02869,S2,2026-08-06 15:42:00,2026-08-06 23:41:00,6.54,8.0,1.57
A02869,S3,2026-08-07 00:11:00,2026-08-07 11:01:00,10.9,10.83,0.5
A02869,S4,2026-08-08 15:49:00,2026-08-08 20:14:00,8.72,4.41,28.81
A02869,S5,2026-08-09 02:09:00,2026-08-09 05:40:00,3.27,3.51,5.92
A02870,S1,2026-08-06 10:08:00,2026-08-06 13:33:00,3.16,3.42,3.13
A02870,S2,2026-08-06 13:55:00,2026-08-06 18:53:00,4.74,4.96,0.37
A02870,S3,2026-08-06 20:51:00,2026-08-07 04:19:00,7.9,7.46,1.98
A02870,S4,2026-08-07 07:30:00,2026-08-07 13:45:00,6.32,6.25,3.19
A02870,S5,2026-08-07 15:23:00,2026-08-07 18:09:00,2.37,2.76,1.64
A02871,S1,2026-08-06 11:07:00,2026-08-06 13:03:00,1.9,1.94,4.11
A02871,S2,2026-08-06 14:19:00,2026-08-06 16:32:00,2.86,2.22,1.27
A02871,S3,2026-08-06 16:56:00,2026-08-06 21:18:00,4.76,4.36,0.4
A02871,S4,2026-08-07 06:40:00,2026-08-07 10:43:00,3.81,4.06,9.36
A02871,S5,2026-08-07 10:59:00,2026-08-07 12:34:00,1.43,1.58,0.26
A02872,S1,2026-08-06 09:30:00,2026-08-06 12:01:00,2.35,2.51,2.5
A02872,S2,2026-08-06 19:24:00,2026-08-06 22:30:00,3.53,3.1,7.39
A02872,S3,2026-08-06 22:52:00,2026-08-07 05:50:00,5.88,6.96,0.37
A02872,S4,2026-08-08 02:37:00,2026-08-08 07:18:00,4.7,4.67,20.79
A02872,S5,2026-08-08 08:06:00,2026-08-08 09:52:00,1.76,1.76,0.81
A02873,S1,2026-08-07 07:36:00,2026-08-07 09:16:00,1.7,1.68,0.59
A02873,S2,2026-08-07 13:36:00,2026-08-07 16:49:00,2.54,3.22,4.33
A02873,S3,2026-08-07 17:37:00,2026-08-07 20:59:00,4.24,3.36,0.8
A02873,S4,2026-08-08 07:25:00,2026-08-08 12:55:00,3.39,5.51,10.44
A02873,S5,2026-08-08 15:54:00,2026-08-08 17:14:00,1.27,1.33,2.98
A02874,S1,2026-08-07 09:27:00,2026-08-07 13:00:00,3.26,3.54,2.46
A02874,S2,2026-08-07 14:22:00,2026-08-07 19:50:00,4.9,5.47,1.36
A02874,S3,2026-08-07 21:05:00,2026-08-08 07:46:00,8.16,10.68,1.25
A02874,S4,2026-08-08 21:57:00,2026-08-09 02:50:00,6.53,4.89,14.19
A02874,S5,2026-08-09 04:17:00,2026-08-09 06:30:00,2.45,2.23,1.44
A02875,S1,2026-08-07 07:54:00,2026-08-07 13:20:00,4.74,5.44,0.89
A02875,S2,2026-08-07 14:54:00,2026-08-07 23:39:00,7.1,8.75,1.57
A02875,S3,2026-08-08 06:26:00,2026-08-08 16:34:00,11.84,10.13,6.78
A02875,S4,2026-08-08 20:37:00,2026-08-09 06:33:00,9.47,9.92,4.06
A02875,S5,2026-08-09 06:44:00,2026-08-09 10:22:00,3.55,3.64,0.18
A02876,S1,2026-08-07 07:07:00,2026-08-07 10:13:00,3.24,3.1,0.12
A02876,S2,2026-08-07 10:59:00,2026-08-07 16:26:00,4.86,5.45,0.77
A02876,S3,2026-08-07 17:43:00,2026-08-08 05:48:00,8.1,12.08,1.28
A02876,S4,2026-08-08 14:03:00,2026-08-08 20:04:00,6.48,6.0,8.26
A02876,S5,2026-08-08 22:27:00,2026-08-09 01:08:00,2.43,2.68,2.4
A02877,S1,2026-08-07 11:46:00,2026-08-07 14:49:00,3.14,3.05,4.76
A02877,S2,2026-08-07 17:15:00,2026-08-07 22:29:00,4.72,5.24,2.45
A02877,S3,2026-08-08 00:26:00,2026-08-08 09:49:00,7.86,9.39,1.94
A02877,S4,2026-08-09 03:09:00,2026-08-09 06:59:00,6.29,3.84,17.34
A02877,S5,2026-08-09 07:32:00,2026-08-09 10:32:00,2.36,3.0,0.54
A02878,S1,2026-08-07 07:05:00,2026-08-07 10:14:00,2.98,3.16,0.08
A02878,S2,2026-08-07 13:34:00,2026-08-07 18:41:00,4.46,5.12,3.33
A02878,S3,2026-08-07 18:46:00,2026-08-08 02:34:00,7.44,7.81,0.07
A02878,S4,2026-08-08 12:29:00,2026-08-08 18:51:00,5.95,6.37,9.91
A02878,S5,2026-08-08 22:14:00,2026-08-09 00:35:00,2.23,2.36,3.37
A02879,S1,2026-08-07 07:28:00,2026-08-07 10:05:00,2.32,2.61,0.47
A02879,S2,2026-08-07 10:57:00,2026-08-07 14:57:00,3.48,4.0,0.86
A02879,S3,2026-08-07 16:33:00,2026-08-07 23:28:00,5.8,6.91,1.61
A02879,S4,2026-08-08 00:07:00,2026-08-08 09:07:00,4.64,9.01,0.64
A02879,S5,2026-08-08 12:01:00,2026-08-08 13:55:00,1.74,1.9,2.9
A02880,S1,2026-08-07 07:18:00,2026-08-07 11:06:00,3.94,3.81,0.29
A02880,S2,2026-08-07 13:31:00,2026-08-07 18:50:00,5.9,5.32,2.41
A02880,S3,2026-08-07 18:55:00,2026-08-08 07:05:00,9.84,12.16,0.08
A02880,S4,2026-08-08 08:38:00,2026-08-08 15:10:00,7.87,6.54,1.55
A02880,S5,2026-08-08 15:37:00,2026-08-08 18:23:00,2.95,2.76,0.45
A02881,S1,2026-08-07 07:57:00,2026-08-07 12:42:00,5.16,4.75,0.95
A02881,S2,2026-08-07 15:46:00,2026-08-08 00:16:00,7.74,8.5,3.06
A02881,S3,2026-08-08 01:32:00,2026-08-08 15:46:00,12.9,14.23,1.27
A02881,S4,2026-08-09 07:23:00,2026-08-09 20:28:00,10.32,13.08,15.61
A02881,S5,2026-08-10 01:48:00,2026-08-10 06:04:00,3.87,4.26,5.34
A02882,S1,2026-08-08 07:42:00,2026-08-08 09:44:00,2.27,2.04,0.7
A02882,S2,2026-08-08 12:42:00,2026-08-08 16:55:00,3.41,4.21,2.96
A02882,S3,2026-08-08 19:26:00,2026-08-09 00:20:00,5.68,4.9,2.52
A02882,S4,2026-08-09 02:15:00,2026-08-09 07:41:00,4.54,5.44,1.91
A02882,S5,2026-08-09 08:43:00,2026-08-09 10:22:00,1.7,1.65,1.02
A02883,S1,2026-08-08 08:13:00,2026-08-08 12:59:00,4.67,4.77,1.21
A02883,S2,2026-08-08 19:58:00,2026-08-09 02:50:00,7.01,6.87,6.98
A02883,S3,2026-08-09 12:09:00,2026-08-10 02:25:00,11.68,14.27,9.32
A02883,S4,2026-08-10 05:59:00,2026-08-10 20:51:00,9.34,14.86,3.56
A02883,S5,2026-08-10 21:22:00,2026-08-11 01:04:00,3.5,3.71,0.52
A02884,S1,2026-08-08 07:06:00,2026-08-08 10:58:00,4.35,3.87,0.1
A02884,S2,2026-08-08 14:35:00,2026-08-08 21:15:00,6.53,6.67,3.61
A02884,S3,2026-08-08 23:18:00,2026-08-09 08:52:00,10.88,9.57,2.05
A02884,S4,2026-08-09 09:18:00,2026-08-09 21:18:00,8.7,12.01,0.43
A02884,S5,2026-08-09 21:19:00,2026-08-10 01:03:00,3.26,3.74,0.01
A02885,S1,2026-08-08 07:55:00,2026-08-08 13:16:00,4.72,5.35,0.92
A02885,S2,2026-08-08 16:54:00,2026-08-09 01:17:00,7.08,8.39,3.62
A02885,S3,2026-08-09 04:48:00,2026-08-09 13:44:00,11.8,8.93,3.51
A02885,S4,2026-08-10 00:56:00,2026-08-10 20:31:00,9.44,19.58,11.21
A02885,S5,2026-08-11 07:46:00,2026-08-11 11:40:00,3.54,3.9,11.24
A02886,S1,2026-08-08 07:15:00,2026-08-08 11:30:00,3.74,4.24,0.25
A02886,S2,2026-08-08 13:30:00,2026-08-08 20:45:00,5.62,7.25,2.0
A02886,S3,2026-08-09 02:06:00,2026-08-09 11:34:00,9.36,9.46,5.35
A02886,S4,2026-08-11 01:39:00,2026-08-11 08:42:00,7.49,7.06,38.08
A02886,S5,2026-08-11 10:02:00,2026-08-11 12:39:00,2.81,2.62,1.34
A02887,S1,2026-08-08 07:27:00,2026-08-08 09:12:00,2.13,1.76,0.45
A02887,S2,2026-08-08 15:07:00,2026-08-08 18:16:00,3.19,3.14,5.92
A02887,S3,2026-08-08 18:57:00,2026-08-09 00:17:00,5.32,5.34,0.68
A02887,S4,2026-08-09 08:37:00,2026-08-09 20:15:00,4.26,11.62,8.34
A02887,S5,2026-08-09 20:29:00,2026-08-09 22:17:00,1.6,1.8,0.24
A02888,S1,2026-08-08 08:40:00,2026-08-08 13:00:00,3.79,4.33,1.67
A02888,S2,2026-08-08 16:34:00,2026-08-08 22:40:00,5.69,6.1,3.57
A02888,S3,2026-08-09 00:53:00,2026-08-09 10:03:00,9.48,9.16,2.22
A02888,S4,2026-08-09 11:14:00,2026-08-09 16:53:00,7.58,5.66,1.18
A02888,S5,2026-08-09 17:18:00,2026-08-09 19:37:00,2.84,2.32,0.41
A02889,S1,2026-08-08 07:39:00,2026-08-08 14:10:00,5.56,6.52,0.65
A02889,S2,2026-08-08 22:49:00,2026-08-09 08:11:00,8.34,9.37,8.64
A02889,S3,2026-08-09 12:29:00,2026-08-10 05:26:00,13.9,16.94,4.31
A02889,S4,2026-08-11 10:45:00,2026-08-11 21:09:00,11.12,10.39,29.33
A02889,S5,2026-08-11 21:15:00,2026-08-12 01:20:00,4.17,4.08,0.1
A02890,S1,2026-08-08 08:43:00,2026-08-08 11:37:00,3.26,2.9,1.72
A02890,S2,2026-08-08 14:38:00,2026-08-08 19:55:00,4.9,5.27,3.02
A02890,S3,2026-08-08 20:04:00,2026-08-09 03:19:00,8.16,7.24,0.16
A02890,S4,2026-08-09 03:32:00,2026-08-09 09:10:00,6.53,5.64,0.22
A02890,S5,2026-08-09 12:03:00,2026-08-09 14:24:00,2.45,2.36,2.87
A02891,S1,2026-08-08 07:45:00,2026-08-08 10:31:00,2.37,2.76,0.74
A02891,S2,2026-08-08 10:51:00,2026-08-08 14:06:00,3.55,3.26,0.34
A02891,S3,2026-08-08 14:08:00,2026-08-08 20:22:00,5.92,6.23,0.03
A02891,S4,2026-08-09 02:23:00,2026-08-09 07:49:00,4.74,5.44,6.01
A02891,S5,2026-08-09 09:47:00,2026-08-09 11:29:00,1.78,1.71,1.96
A02892,S1,2026-08-08 08:00:00,2026-08-08 11:17:00,2.76,3.28,1.0
A02892,S2,2026-08-08 12:23:00,2026-08-08 15:55:00,4.14,3.54,1.09
A02892,S3,2026-08-08 18:38:00,2026-08-09 03:34:00,6.9,8.93,2.72
A02892,S4,2026-08-09 08:43:00,2026-08-09 14:55:00,5.52,6.19,5.15
A02892,S5,2026-08-09 16:09:00,2026-08-09 18:11:00,2.07,2.05,1.23
A02893,S1,2026-08-09 07:36:00,2026-08-09 10:26:00,2.5,2.85,0.59
A02893,S2,2026-08-09 11:42:00,2026-08-09 14:38:00,3.75,2.93,1.27
A02893,S3,2026-08-09 15:13:00,2026-08-09 21:25:00,6.25,6.2,0.58
A02893,S4,2026-08-10 01:57:00,2026-08-10 10:35:00,5.0,8.64,4.53
A02893,S5,2026-08-10 12:06:00,2026-08-10 13:49:00,1.88,1.72,1.51
A02894,S1,2026-08-09 09:00:00,2026-08-09 11:32:00,2.18,2.53,2.01
A02894,S2,2026-08-09 18:06:00,2026-08-09 22:35:00,3.26,4.48,6.58
A02894,S3,2026-08-09 23:29:00,2026-08-10 06:23:00,5.44,6.89,0.89
A02894,S4,2026-08-10 07:45:00,2026-08-10 10:53:00,4.35,3.12,1.38
A02894,S5,2026-08-10 12:37:00,2026-08-10 14:21:00,1.63,1.74,1.74
A02895,S1,2026-08-10 08:08:00,2026-08-10 10:22:00,2.27,2.23,1.14
A02895,S2,2026-08-10 10:23:00,2026-08-10 14:44:00,3.41,4.34,0.01
A02895,S3,2026-08-10 22:23:00,2026-08-11 03:45:00,5.68,5.36,7.66
A02895,S4,2026-08-11 05:47:00,2026-08-11 11:24:00,4.54,5.61,2.04
A02895,S5,2026-08-11 11:40:00,2026-08-11 13:22:00,1.7,1.7,0.27
A02896,S1,2026-08-10 10:08:00,2026-08-10 12:19:00,2.13,2.18,3.13
A02896,S2,2026-08-10 14:51:00,2026-08-10 18:29:00,3.19,3.64,2.54
A02896,S3,2026-08-11 00:52:00,2026-08-11 07:46:00,5.32,6.9,6.37
A02896,S4,2026-08-11 09:35:00,2026-08-11 13:53:00,4.26,4.3,1.82
A02896,S5,2026-08-11 15:10:00,2026-08-11 16:56:00,1.6,1.76,1.29
A02897,S1,2026-08-10 09:35:00,2026-08-10 13:05:00,3.17,3.5,2.58
A02897,S2,2026-08-10 17:43:00,2026-08-10 22:57:00,4.75,5.23,4.64
A02897,S3,2026-08-11 01:32:00,2026-08-11 12:27:00,7.92,10.91,2.58
A02897,S4,2026-08-11 13:41:00,2026-08-11 21:27:00,6.34,7.77,1.24
A02897,S5,2026-08-11 23:07:00,2026-08-12 01:54:00,2.38,2.78,1.67
A02898,S1,2026-08-11 07:59:00,2026-08-11 12:29:00,4.36,4.5,0.98
A02898,S2,2026-08-11 14:53:00,2026-08-11 21:03:00,6.54,6.17,2.41
A02898,S3,2026-08-11 21:13:00,2026-08-12 06:43:00,10.9,9.51,0.16
A02898,S4,2026-08-12 09:45:00,2026-08-12 18:45:00,8.72,9.0,3.03
A02898,S5,2026-08-12 20:30:00,2026-08-12 23:42:00,3.27,3.21,1.74
A02899,S1,2026-08-11 07:10:00,2026-08-11 11:55:00,4.42,4.75,0.17
A02899,S2,2026-08-11 12:06:00,2026-08-11 19:39:00,6.62,7.55,0.17
A02899,S3,2026-08-11 20:47:00,2026-08-12 08:58:00,11.04,12.18,1.15
A02899,S4,2026-08-12 14:50:00,2026-08-13 08:43:00,8.83,17.89,5.87
A02899,S5,2026-08-13 09:24:00,2026-08-13 12:50:00,3.31,3.43,0.67
A02900,S1,2026-08-11 08:15:00,2026-08-11 13:38:00,4.8,5.4,1.24
A02900,S2,2026-08-11 16:26:00,2026-08-11 23:09:00,7.2,6.72,2.79
A02900,S3,2026-08-12 00:13:00,2026-08-12 13:37:00,12.0,13.41,1.07
A02900,S4,2026-08-14 02:12:00,2026-08-14 12:23:00,9.6,10.19,36.57
A02900,S5,2026-08-14 16:16:00,2026-08-14 20:13:00,3.6,3.95,3.88
A02901,S1,2026-08-11 07:53:00,2026-08-11 11:36:00,3.58,3.72,0.89
A02901,S2,2026-08-11 11:45:00,2026-08-11 19:25:00,5.38,7.66,0.15
A02901,S3,2026-08-11 21:57:00,2026-08-12 07:42:00,8.96,9.77,2.53
A02901,S4,2026-08-12 09:06:00,2026-08-13 00:33:00,7.17,15.46,1.39
A02901,S5,2026-08-13 02:31:00,2026-08-13 05:26:00,2.69,2.93,1.96
A02902,S1,2026-08-11 07:59:00,2026-08-11 09:59:00,1.97,1.99,0.99
A02902,S2,2026-08-11 12:08:00,2026-08-11 15:33:00,2.95,3.41,2.16
A02902,S3,2026-08-11 16:12:00,2026-08-11 20:52:00,4.92,4.67,0.65
A02902,S4,2026-08-12 06:08:00,2026-08-12 11:40:00,3.94,5.52,9.27
A02902,S5,2026-08-12 16:44:00,2026-08-12 18:20:00,1.48,1.6,5.07
A02903,S1,2026-08-12 07:14:00,2026-08-12 08:58:00,2.12,1.73,0.23
A02903,S2,2026-08-12 14:27:00,2026-08-12 16:59:00,3.18,2.55,5.48
A02903,S3,2026-08-12 17:14:00,2026-08-12 21:36:00,5.3,4.36,0.24
A02903,S4,2026-08-13 01:09:00,2026-08-13 07:00:00,4.24,5.85,3.56
A02903,S5,2026-08-13 09:42:00,2026-08-13 11:35:00,1.59,1.89,2.7
A02904,S1,2026-08-12 07:01:00,2026-08-12 13:34:00,5.88,6.55,0.02
A02904,S2,2026-08-12 16:13:00,2026-08-13 00:28:00,8.82,8.26,2.64
A02904,S3,2026-08-13 07:35:00,2026-08-13 20:14:00,14.7,12.64,7.12
A02904,S4,2026-08-14 10:11:00,2026-08-14 17:21:00,11.76,7.17,13.94
A02904,S5,2026-08-14 21:39:00,2026-08-15 02:34:00,4.41,4.91,4.32
A02905,S1,2026-08-12 09:01:00,2026-08-12 14:06:00,4.96,5.08,2.01
A02905,S2,2026-08-12 15:01:00,2026-08-12 23:17:00,7.44,8.26,0.93
A02905,S3,2026-08-13 00:37:00,2026-08-13 13:08:00,12.4,12.51,1.33
A02905,S4,2026-08-14 05:08:00,2026-08-14 12:48:00,9.92,7.67,16.01
A02905,S5,2026-08-14 13:44:00,2026-08-14 17:58:00,3.72,4.24,0.93
A02906,S1,2026-08-12 07:12:00,2026-08-12 12:16:00,4.8,5.07,0.19
A02906,S2,2026-08-12 12:53:00,2026-08-12 19:38:00,7.2,6.76,0.61
A02906,S3,2026-08-12 19:49:00,2026-08-13 10:52:00,12.0,15.06,0.17
A02906,S4,2026-08-13 13:14:00,2026-08-13 19:13:00,9.6,5.98,2.37
A02906,S5,2026-08-14 00:14:00,2026-08-14 03:47:00,3.6,3.55,5.02
A02907,S1,2026-08-12 07:18:00,2026-08-12 10:34:00,3.06,3.26,0.31
A02907,S2,2026-08-12 12:55:00,2026-08-12 17:02:00,4.59,4.13,2.34
A02907,S3,2026-08-12 17:28:00,2026-08-13 01:12:00,7.65,7.73,0.43
A02907,S4,2026-08-13 21:31:00,2026-08-14 02:38:00,6.12,5.11,20.32
A02907,S5,2026-08-14 04:12:00,2026-08-14 07:10:00,2.3,2.97,1.57
A02908,S1,2026-08-12 10:51:00,2026-08-12 13:35:00,2.7,2.75,3.84
A02908,S2,2026-08-12 14:16:00,2026-08-12 17:55:00,4.05,3.64,0.68
A02908,S3,2026-08-12 19:03:00,2026-08-13 04:45:00,6.75,9.7,1.15
A02908,S4,2026-08-13 12:35:00,2026-08-13 18:04:00,5.4,5.49,7.82
A02908,S5,2026-08-13 20:07:00,2026-08-13 22:23:00,2.03,2.27,2.05
A02909,S1,2026-08-12 09:24:00,2026-08-12 12:18:00,2.76,2.9,2.4
A02909,S2,2026-08-12 12:33:00,2026-08-12 17:25:00,4.14,4.86,0.25
A02909,S3,2026-08-12 17:53:00,2026-08-12 23:58:00,6.9,6.09,0.46
A02909,S4,2026-08-13 00:50:00,2026-08-13 10:47:00,5.52,9.95,0.86
A02909,S5,2026-08-13 11:43:00,2026-08-13 13:53:00,2.07,2.17,0.94
A02910,S1,2026-08-13 07:12:00,2026-08-13 09:36:00,2.35,2.4,0.2
A02910,S2,2026-08-13 13:28:00,2026-08-13 16:56:00,3.53,3.47,3.86
A02910,S3,2026-08-13 19:33:00,2026-08-14 00:58:00,5.88,5.42,2.62
A02910,S4,2026-08-14 12:24:00,2026-08-14 15:44:00,4.7,3.33,11.42
A02910,S5,2026-08-14 16:44:00,2026-08-14 18:46:00,1.76,2.04,1.0
A02911,S1,2026-08-13 08:12:00,2026-08-13 13:29:00,4.6,5.29,1.2
A02911,S2,2026-08-13 14:01:00,2026-08-13 20:56:00,6.9,6.91,0.54
A02911,S3,2026-08-13 22:15:00,2026-08-14 11:11:00,11.5,12.94,1.32
A02911,S4,2026-08-14 23:34:00,2026-08-15 09:18:00,9.2,9.72,12.38
A02911,S5,2026-08-15 11:23:00,2026-08-15 14:56:00,3.45,3.55,2.09
A02912,S1,2026-08-13 07:02:00,2026-08-13 09:19:00,2.34,2.29,0.03
A02912,S2,2026-08-13 10:54:00,2026-08-13 15:15:00,3.51,4.34,1.58
A02912,S3,2026-08-13 16:39:00,2026-08-13 22:50:00,5.85,6.19,1.4
A02912,S4,2026-08-14 02:01:00,2026-08-14 10:31:00,4.68,8.5,3.18
A02912,S5,2026-08-14 11:34:00,2026-08-14 13:18:00,1.76,1.72,1.06
A02913,S1,2026-08-13 08:16:00,2026-08-13 10:44:00,2.2,2.46,1.27
A02913,S2,2026-08-13 11:24:00,2026-08-13 14:29:00,3.3,3.09,0.67
A02913,S3,2026-08-13 18:28:00,2026-08-13 23:00:00,5.5,4.52,3.99
A02913,S4,2026-08-14 03:59:00,2026-08-14 08:02:00,4.4,4.05,4.99
A02913,S5,2026-08-14 08:10:00,2026-08-14 09:50:00,1.65,1.67,0.13
A02914,S1,2026-08-13 07:57:00,2026-08-13 14:09:00,5.28,6.2,0.95
A02914,S2,2026-08-13 15:41:00,2026-08-13 23:47:00,7.92,8.1,1.53
A02914,S3,2026-08-14 02:04:00,2026-08-14 11:49:00,13.2,9.74,2.29
A02914,S4,2026-08-14 16:11:00,2026-08-15 00:25:00,10.56,8.24,4.36
A02914,S5,2026-08-15 01:09:00,2026-08-15 05:14:00,3.96,4.08,0.72
A02915,S1,2026-08-13 07:32:00,2026-08-13 13:05:00,5.64,5.54,0.54
A02915,S2,2026-08-13 21:12:00,2026-08-14 06:28:00,8.46,9.27,8.12
A02915,S3,2026-08-14 06:55:00,2026-08-14 21:28:00,14.1,14.55,0.44
A02915,S4,2026-08-15 07:00:00,2026-08-15 21:52:00,11.28,14.86,9.54
A02915,S5,2026-08-15 23:07:00,2026-08-16 03:27:00,4.23,4.33,1.25
A02916,S1,2026-08-13 07:09:00,2026-08-13 10:27:00,3.18,3.3,0.15
A02916,S2,2026-08-13 10:32:00,2026-08-13 15:13:00,4.77,4.68,0.08
A02916,S3,2026-08-13 15:50:00,2026-08-14 03:55:00,7.95,12.08,0.62
A02916,S4,2026-08-14 13:31:00,2026-08-14 19:22:00,6.36,5.85,9.6
A02916,S5,2026-08-14 20:27:00,2026-08-14 23:07:00,2.38,2.68,1.08
A02917,S1,2026-08-13 09:02:00,2026-08-13 11:13:00,1.84,2.17,2.04
A02917,S2,2026-08-13 12:00:00,2026-08-13 14:17:00,2.76,2.29,0.79
A02917,S3,2026-08-13 20:43:00,2026-08-14 02:57:00,4.6,6.23,6.43
A02917,S4,2026-08-14 14:21:00,2026-08-14 17:50:00,3.68,3.49,11.39
A02917,S5,2026-08-14 19:25:00,2026-08-14 21:00:00,1.38,1.58,1.58
A02918,S1,2026-08-14 07:34:00,2026-08-14 14:57:00,6.2,7.38,0.57
A02918,S2,2026-08-14 20:13:00,2026-08-15 05:28:00,9.3,9.25,5.27
A02918,S3,2026-08-15 06:10:00,2026-08-15 18:47:00,15.5,12.62,0.7
A02918,S4,2026-08-15 19:29:00,2026-08-16 04:45:00,12.4,9.26,0.7
A02918,S5,2026-08-16 04:50:00,2026-08-16 09:40:00,4.65,4.84,0.08
A02919,S1,2026-08-14 07:26:00,2026-08-14 11:41:00,4.06,4.25,0.43
A02919,S2,2026-08-14 13:36:00,2026-08-14 19:16:00,6.1,5.67,1.91
A02919,S3,2026-08-14 21:23:00,2026-08-15 04:41:00,10.16,7.3,2.11
A02919,S4,2026-08-15 11:56:00,2026-08-15 20:53:00,8.13,8.95,7.25
A02919,S5,2026-08-16 01:04:00,2026-08-16 04:21:00,3.05,3.29,4.18
A02920,S1,2026-08-14 07:20:00,2026-08-14 09:29:00,1.97,2.15,0.33
A02920,S2,2026-08-14 12:18:00,2026-08-14 15:30:00,2.95,3.19,2.82
A02920,S3,2026-08-14 18:11:00,2026-08-14 22:36:00,4.92,4.4,2.7
A02920,S4,2026-08-15 00:07:00,2026-08-15 02:26:00,3.94,2.32,1.52
A02920,S5,2026-08-15 03:17:00,2026-08-15 04:50:00,1.48,1.55,0.85
A02921,S1,2026-08-15 07:04:00,2026-08-15 09:43:00,2.68,2.66,0.06
A02921,S2,2026-08-15 11:30:00,2026-08-15 15:45:00,4.02,4.25,1.77
A02921,S3,2026-08-15 17:45:00,2026-08-15 23:22:00,6.7,5.61,2.01
A02921,S4,2026-08-16 04:49:00,2026-08-16 10:13:00,5.36,5.4,5.46
A02921,S5,2026-08-16 12:15:00,2026-08-16 14:34:00,2.01,2.31,2.03
A02922,S1,2026-08-15 08:53:00,2026-08-15 11:20:00,2.42,2.44,1.88
A02922,S2,2026-08-15 12:07:00,2026-08-15 15:19:00,3.62,3.21,0.78
A02922,S3,2026-08-15 17:06:00,2026-08-16 00:50:00,6.04,7.73,1.78
A02922,S4,2026-08-16 13:45:00,2026-08-16 19:07:00,4.83,5.36,12.92
A02922,S5,2026-08-16 22:53:00,2026-08-17 00:52:00,1.81,1.98,3.78
A02923,S1,2026-08-16 07:38:00,2026-08-16 14:07:00,5.6,6.48,0.63
A02923,S2,2026-08-16 15:19:00,2026-08-17 02:23:00,8.4,11.07,1.2
A02923,S3,2026-08-17 03:37:00,2026-08-17 14:37:00,14.0,11.0,1.23
A02923,S4,2026-08-17 14:51:00,2026-08-18 01:37:00,11.2,10.77,0.23
A02923,S5,2026-08-18 05:07:00,2026-08-18 09:58:00,4.2,4.84,3.5
A02924,S1,2026-08-16 07:25:00,2026-08-16 11:36:00,3.77,4.18,0.41
A02924,S2,2026-08-16 17:45:00,2026-08-16 23:25:00,5.65,5.67,6.16
A02924,S3,2026-08-17 05:00:00,2026-08-17 20:10:00,9.42,15.16,5.58
A02924,S4,2026-08-18 10:53:00,2026-08-18 17:10:00,7.54,6.28,14.72
A02924,S5,2026-08-18 18:33:00,2026-08-18 21:45:00,2.83,3.19,1.39
A02925,S1,2026-08-16 07:18:00,2026-08-16 10:58:00,3.65,3.66,0.3
A02925,S2,2026-08-16 13:05:00,2026-08-16 17:45:00,5.47,4.67,2.11
A02925,S3,2026-08-16 19:06:00,2026-08-17 02:40:00,9.12,7.58,1.34
A02925,S4,2026-08-17 03:27:00,2026-08-17 11:54:00,7.3,8.44,0.79
A02925,S5,2026-08-17 14:15:00,2026-08-17 16:40:00,2.74,2.42,2.35
A02926,S1,2026-08-16 07:10:00,2026-08-16 08:59:00,1.87,1.82,0.17
A02926,S2,2026-08-16 11:10:00,2026-08-16 13:53:00,2.81,2.72,2.18
A02926,S3,2026-08-16 17:25:00,2026-08-16 22:06:00,4.68,4.68,3.54
A02926,S4,2026-08-17 23:08:00,2026-08-18 04:08:00,3.74,5.0,25.04
A02926,S5,2026-08-18 05:54:00,2026-08-18 07:20:00,1.4,1.45,1.76
A02927,S1,2026-08-16 09:57:00,2026-08-16 14:46:00,5.24,4.81,2.95
A02927,S2,2026-08-16 15:10:00,2026-08-16 23:12:00,7.86,8.03,0.41
A02927,S3,2026-08-17 02:25:00,2026-08-17 14:26:00,13.1,12.02,3.21
A02927,S4,2026-08-17 19:04:00,2026-08-18 09:25:00,10.48,14.35,4.63
A02927,S5,2026-08-18 10:51:00,2026-08-18 16:10:00,3.93,5.32,1.42
A02928,S1,2026-08-16 07:18:00,2026-08-16 10:37:00,3.41,3.33,0.29
A02928,S2,2026-08-16 12:59:00,2026-08-16 18:00:00,5.11,5.02,2.36
A02928,S3,2026-08-16 18:56:00,2026-08-17 01:43:00,8.52,6.78,0.94
A02928,S4,2026-08-17 01:59:00,2026-08-17 08:57:00,6.82,6.97,0.26
A02928,S5,2026-08-17 09:31:00,2026-08-17 12:26:00,2.56,2.93,0.57
A02929,S1,2026-08-16 09:49:00,2026-08-16 13:56:00,3.34,4.12,2.82
A02929,S2,2026-08-16 15:17:00,2026-08-16 20:09:00,5.0,4.86,1.35
A02929,S3,2026-08-16 21:49:00,2026-08-17 05:26:00,8.34,7.63,1.67
A02929,S4,2026-08-17 17:13:00,2026-08-17 21:37:00,6.67,4.4,11.78
A02929,S5,2026-08-18 06:46:00,2026-08-18 09:12:00,2.5,2.42,9.15
A02930,S1,2026-08-16 07:23:00,2026-08-16 09:49:00,2.14,2.43,0.38
A02930,S2,2026-08-16 10:14:00,2026-08-16 12:43:00,3.21,2.47,0.43
A02930,S3,2026-08-16 13:12:00,2026-08-16 20:14:00,5.35,7.03,0.49
A02930,S4,2026-08-17 15:35:00,2026-08-17 23:33:00,4.28,7.95,19.36
A02930,S5,2026-08-18 01:02:00,2026-08-18 02:42:00,1.6,1.66,1.48
A02931,S1,2026-08-17 07:48:00,2026-08-17 11:49:00,3.34,4.01,0.8
A02931,S2,2026-08-17 16:22:00,2026-08-17 22:23:00,5.0,6.01,4.56
A02931,S3,2026-08-18 00:43:00,2026-08-18 09:03:00,8.34,8.33,2.35
A02931,S4,2026-08-18 18:25:00,2026-08-19 03:42:00,6.67,9.29,9.36
A02931,S5,2026-08-19 09:54:00,2026-08-19 12:24:00,2.5,2.49,6.2
A02932,S1,2026-08-17 07:45:00,2026-08-17 10:28:00,2.54,2.73,0.74
A02932,S2,2026-08-17 12:11:00,2026-08-17 15:53:00,3.82,3.71,1.7
A02932,S3,2026-08-17 18:11:00,2026-08-18 02:22:00,6.36,8.18,2.3
A02932,S4,2026-08-18 02:55:00,2026-08-18 09:36:00,5.09,6.68,0.55
A02932,S5,2026-08-18 12:28:00,2026-08-18 14:37:00,1.91,2.15,2.86
A02933,S1,2026-08-17 07:21:00,2026-08-17 11:24:00,3.68,4.05,0.36
A02933,S2,2026-08-17 12:15:00,2026-08-17 18:12:00,5.52,5.95,0.85
A02933,S3,2026-08-17 18:46:00,2026-08-18 04:01:00,9.2,9.24,0.56
A02933,S4,2026-08-18 07:16:00,2026-08-18 17:05:00,7.36,9.81,3.25
A02933,S5,2026-08-18 17:10:00,2026-08-18 19:56:00,2.76,2.77,0.09
A02934,S1,2026-08-17 07:55:00,2026-08-17 11:08:00,2.95,3.22,0.91
A02934,S2,2026-08-17 11:59:00,2026-08-17 16:37:00,4.43,4.63,0.86
A02934,S3,2026-08-18 03:39:00,2026-08-18 09:28:00,7.38,5.81,11.03
A02934,S4,2026-08-18 18:02:00,2026-08-19 00:39:00,5.9,6.61,8.58
A02934,S5,2026-08-19 01:15:00,2026-08-19 03:37:00,2.21,2.37,0.6
A02935,S1,2026-08-18 07:37:00,2026-08-18 11:27:00,3.78,3.83,0.62
A02935,S2,2026-08-18 15:41:00,2026-08-18 21:52:00,5.66,6.18,4.23
A02935,S3,2026-08-19 00:54:00,2026-08-19 13:10:00,9.44,12.28,3.04
A02935,S4,2026-08-19 20:13:00,2026-08-20 04:53:00,7.55,8.67,7.05
A02935,S5,2026-08-20 05:23:00,2026-08-20 08:42:00,2.83,3.31,0.49
A02936,S1,2026-08-18 07:13:00,2026-08-18 09:32:00,2.24,2.33,0.21
A02936,S2,2026-08-18 16:29:00,2026-08-18 20:16:00,3.36,3.78,6.95
A02936,S3,2026-08-19 00:55:00,2026-08-19 07:47:00,5.6,6.85,4.66
A02936,S4,2026-08-20 11:03:00,2026-08-20 18:17:00,4.48,7.23,27.27
A02936,S5,2026-08-20 18:20:00,2026-08-20 20:05:00,1.68,1.76,0.05
A02937,S1,2026-08-18 09:11:00,2026-08-18 12:34:00,3.43,3.39,2.18
A02937,S2,2026-08-18 13:35:00,2026-08-18 19:16:00,5.15,5.69,1.01
A02937,S3,2026-08-18 21:00:00,2026-08-19 04:24:00,8.58,7.42,1.72
A02937,S4,2026-08-19 14:49:00,2026-08-20 00:16:00,6.86,9.45,10.4
A02937,S5,2026-08-20 00:51:00,2026-08-20 03:39:00,2.57,2.79,0.6
A02938,S1,2026-08-18 07:15:00,2026-08-18 08:58:00,1.87,1.72,0.25
A02938,S2,2026-08-18 12:32:00,2026-08-18 15:36:00,2.81,3.08,3.56
A02938,S3,2026-08-18 19:46:00,2026-08-18 23:16:00,4.68,3.51,4.15
A02938,S4,2026-08-19 01:48:00,2026-08-19 04:49:00,3.74,3.01,2.53
A02938,S5,2026-08-19 07:05:00,2026-08-19 08:32:00,1.4,1.45,2.26
A02939,S1,2026-08-18 07:25:00,2026-08-18 09:32:00,2.26,2.11,0.42
A02939,S2,2026-08-18 10:29:00,2026-08-18 14:17:00,3.39,3.8,0.95
A02939,S3,2026-08-18 15:31:00,2026-08-18 21:27:00,5.65,5.92,1.24
A02939,S4,2026-08-19 04:08:00,2026-08-19 07:55:00,4.52,3.79,6.69
A02939,S5,2026-08-19 09:52:00,2026-08-19 11:18:00,1.69,1.44,1.94
A02940,S1,2026-08-18 08:27:00,2026-08-18 10:13:00,1.94,1.76,1.46
A02940,S2,2026-08-18 15:15:00,2026-08-18 18:38:00,2.9,3.37,5.04
A02940,S3,2026-08-18 18:53:00,2026-08-18 22:22:00,4.84,3.49,0.25
A02940,S4,2026-08-19 01:47:00,2026-08-19 06:15:00,3.87,4.46,3.41
A02940,S5,2026-08-19 09:32:00,2026-08-19 11:01:00,1.45,1.47,3.3
A02941,S1,2026-08-18 08:16:00,2026-08-18 09:59:00,1.79,1.71,1.27
A02941,S2,2026-08-18 10:42:00,2026-08-18 13:25:00,2.69,2.71,0.73
A02941,S3,2026-08-18 14:51:00,2026-08-18 19:28:00,4.48,4.61,1.44
A02941,S4,2026-08-20 00:46:00,2026-08-20 04:53:00,3.58,4.13,29.3
A02941,S5,2026-08-20 06:47:00,2026-08-20 08:06:00,1.34,1.31,1.89
A02942,S1,2026-08-19 07:29:00,2026-08-19 09:43:00,1.98,2.25,0.48
A02942,S2,2026-08-19 10:30:00,2026-08-19 13:59:00,2.98,3.48,0.78
A02942,S3,2026-08-19 16:33:00,2026-08-19 20:36:00,4.96,4.05,2.57
A02942,S4,2026-08-20 03:32:00,2026-08-20 08:50:00,3.97,5.31,6.92
A02942,S5,2026-08-20 10:06:00,2026-08-20 11:47:00,1.49,1.68,1.26
A02943,S1,2026-08-19 09:14:00,2026-08-19 11:44:00,2.5,2.51,2.23
A02943,S2,2026-08-19 12:28:00,2026-08-19 16:34:00,3.74,4.09,0.73
A02943,S3,2026-08-19 18:49:00,2026-08-19 23:29:00,6.24,4.66,2.26
A02943,S4,2026-08-20 05:44:00,2026-08-20 12:36:00,4.99,6.87,6.24
A02943,S5,2026-08-20 12:57:00,2026-08-20 15:08:00,1.87,2.17,0.36
A02944,S1,2026-08-19 07:20:00,2026-08-19 12:51:00,6.08,5.52,0.33
A02944,S2,2026-08-19 17:20:00,2026-08-20 04:50:00,9.12,11.51,4.49
A02944,S3,2026-08-20 06:18:00,2026-08-21 08:05:00,15.2,25.8,1.45
A02944,S4,2026-08-22 09:26:00,2026-08-22 18:20:00,12.16,8.9,25.34
A02944,S5,2026-08-22 22:02:00,2026-08-23 02:40:00,4.56,4.63,3.71
A02945,S1,2026-08-19 07:32:00,2026-08-19 09:49:00,2.05,2.28,0.53
A02945,S2,2026-08-19 10:32:00,2026-08-19 14:39:00,3.07,4.11,0.72
A02945,S3,2026-08-19 15:07:00,2026-08-19 20:53:00,5.12,5.76,0.48
A02945,S4,2026-08-19 23:38:00,2026-08-20 03:56:00,4.1,4.3,2.76
A02945,S5,2026-08-20 07:58:00,2026-08-20 09:17:00,1.54,1.31,4.03
A02946,S1,2026-08-19 07:27:00,2026-08-19 12:12:00,4.32,4.75,0.44
A02946,S2,2026-08-19 13:18:00,2026-08-19 21:42:00,6.48,8.39,1.11
A02946,S3,2026-08-20 00:26:00,2026-08-20 10:47:00,10.8,10.33,2.74
A02946,S4,2026-08-20 12:10:00,2026-08-21 01:10:00,8.64,13.0,1.39
A02946,S5,2026-08-21 02:44:00,2026-08-21 06:52:00,3.24,4.13,1.56
A02947,S1,2026-08-20 07:32:00,2026-08-20 11:08:00,3.29,3.61,0.53
A02947,S2,2026-08-20 15:58:00,2026-08-20 21:11:00,4.93,5.22,4.82
A02947,S3,2026-08-20 22:30:00,2026-08-21 11:45:00,8.22,13.26,1.31
A02947,S4,2026-08-21 12:07:00,2026-08-21 19:05:00,6.58,6.97,0.36
A02947,S5,2026-08-21 20:02:00,2026-08-21 22:35:00,2.47,2.55,0.95
A02948,S1,2026-08-20 07:29:00,2026-08-20 10:06:00,2.24,2.61,0.48
A02948,S2,2026-08-20 10:19:00,2026-08-20 13:50:00,3.36,3.52,0.23
A02948,S3,2026-08-20 13:54:00,2026-08-20 20:05:00,5.6,6.19,0.06
A02948,S4,2026-08-20 21:25:00,2026-08-21 04:25:00,4.48,6.99,1.33
A02948,S5,2026-08-21 05:53:00,2026-08-21 07:44:00,1.68,1.85,1.47
A02949,S1,2026-08-20 07:16:00,2026-08-20 10:45:00,2.93,3.49,0.27
A02949,S2,2026-08-20 13:28:00,2026-08-20 17:41:00,4.39,4.22,2.7
A02949,S3,2026-08-21 02:23:00,2026-08-21 09:01:00,7.32,6.63,8.7
A02949,S4,2026-08-21 14:46:00,2026-08-21 23:20:00,5.86,8.57,5.75
A02949,S5,2026-08-22 04:23:00,2026-08-22 06:48:00,2.2,2.41,5.04
A02950,S1,2026-08-20 07:07:00,2026-08-20 08:58:00,2.18,1.85,0.12
A02950,S2,2026-08-20 10:41:00,2026-08-20 13:55:00,3.26,3.22,1.72
A02950,S3,2026-08-20 15:49:00,2026-08-20 21:48:00,5.44,5.98,1.9
A02950,S4,2026-08-21 04:19:00,2026-08-21 07:27:00,4.35,3.14,6.51
A02950,S5,2026-08-21 07:32:00,2026-08-21 09:02:00,1.63,1.48,0.09
A02951,S1,2026-08-21 07:27:00,2026-08-21 09:40:00,2.44,2.22,0.45
A02951,S2,2026-08-21 12:46:00,2026-08-21 16:08:00,3.66,3.36,3.1
A02951,S3,2026-08-21 19:27:00,2026-08-22 01:22:00,6.1,5.92,3.31
A02951,S4,2026-08-22 15:36:00,2026-08-23 00:09:00,4.88,8.55,14.23
A02951,S5,2026-08-23 00:16:00,2026-08-23 01:56:00,1.83,1.66,0.13
A02952,S1,2026-08-21 08:33:00,2026-08-21 11:25:00,3.0,2.86,1.55
A02952,S2,2026-08-21 11:46:00,2026-08-21 16:13:00,4.5,4.45,0.35
A02952,S3,2026-08-21 19:28:00,2026-08-22 03:22:00,7.5,7.9,3.25
A02952,S4,2026-08-23 12:31:00,2026-08-23 17:29:00,6.0,4.96,33.16
A02952,S5,2026-08-23 17:37:00,2026-08-23 19:35:00,2.25,1.96,0.14
A02953,S1,2026-08-21 07:21:00,2026-08-21 12:40:00,5.88,5.32,0.34
A02953,S2,2026-08-21 13:11:00,2026-08-22 00:43:00,8.82,11.54,0.52
A02953,S3,2026-08-22 05:23:00,2026-08-22 18:35:00,14.7,13.21,4.66
A02953,S4,2026-08-23 03:19:00,2026-08-23 17:33:00,11.76,14.24,8.73
A02953,S5,2026-08-23 19:10:00,2026-08-24 00:12:00,4.41,5.03,1.61
A02954,S1,2026-08-21 07:09:00,2026-08-21 10:30:00,3.04,3.34,0.16
A02954,S2,2026-08-21 12:37:00,2026-08-21 15:56:00,4.56,3.32,2.12
A02954,S3,2026-08-21 16:03:00,2026-08-21 23:16:00,7.6,7.22,0.11
A02954,S4,2026-08-22 02:31:00,2026-08-22 13:57:00,6.08,11.44,3.25
A02954,S5,2026-08-22 21:58:00,2026-08-23 00:16:00,2.28,2.29,8.02
A02955,S1,2026-08-21 07:11:00,2026-08-21 10:15:00,2.34,3.07,0.19
A02955,S2,2026-08-21 12:13:00,2026-08-21 16:56:00,3.51,4.72,1.96
A02955,S3,2026-08-21 18:58:00,2026-08-22 01:09:00,5.85,6.19,2.03
A02955,S4,2026-08-22 01:32:00,2026-08-22 04:53:00,4.68,3.35,0.37
A02955,S5,2026-08-22 09:16:00,2026-08-22 11:17:00,1.76,2.02,4.39
A02956,S1,2026-08-21 09:00:00,2026-08-21 11:48:00,2.32,2.81,2.0
A02956,S2,2026-08-21 11:51:00,2026-08-21 15:09:00,3.48,3.31,0.05
A02956,S3,2026-08-21 15:50:00,2026-08-21 21:23:00,5.8,5.55,0.68
A02956,S4,2026-08-22 10:48:00,2026-08-22 14:01:00,4.64,3.21,13.42
A02956,S5,2026-08-22 15:59:00,2026-08-22 18:11:00,1.74,2.2,1.96
A02957,S1,2026-08-21 08:30:00,2026-08-21 11:24:00,2.53,2.9,1.5
A02957,S2,2026-08-21 14:40:00,2026-08-21 18:23:00,3.79,3.71,3.26
A02957,S3,2026-08-21 22:59:00,2026-08-22 02:59:00,6.32,4.0,4.62
A02957,S4,2026-08-22 20:22:00,2026-08-23 04:35:00,5.06,8.21,17.38
A02957,S5,2026-08-23 10:05:00,2026-08-23 11:53:00,1.9,1.79,5.5
A02958,S1,2026-08-21 12:09:00,2026-08-21 18:21:00,5.06,6.2,5.15
A02958,S2,2026-08-21 19:22:00,2026-08-22 03:12:00,7.58,7.84,1.01
A02958,S3,2026-08-22 09:36:00,2026-08-22 19:07:00,12.64,9.52,6.39
A02958,S4,2026-08-22 20:00:00,2026-08-23 04:03:00,10.11,8.04,0.89
A02958,S5,2026-08-23 06:20:00,2026-08-23 10:19:00,3.79,3.99,2.28
A02959,S1,2026-08-22 07:37:00,2026-08-22 12:36:00,4.8,4.98,0.62
A02959,S2,2026-08-22 17:02:00,2026-08-22 23:37:00,7.2,6.59,4.43
A02959,S3,2026-08-23 02:42:00,2026-08-23 13:38:00,12.0,10.92,3.09
A02959,S4,2026-08-23 17:41:00,2026-08-23 23:07:00,9.6,5.43,4.06
A02959,S5,2026-08-24 03:27:00,2026-08-24 07:19:00,3.6,3.88,4.32
A02960,S1,2026-08-22 07:01:00,2026-08-22 09:21:00,2.57,2.34,0.02
A02960,S2,2026-08-22 12:00:00,2026-08-22 15:19:00,3.85,3.33,2.64
A02960,S3,2026-08-22 22:54:00,2026-08-23 05:19:00,6.42,6.41,7.58
A02960,S4,2026-08-23 05:20:00,2026-08-23 08:35:00,5.14,3.25,0.02
A02960,S5,2026-08-23 08:46:00,2026-08-23 10:58:00,1.93,2.2,0.19
A02961,S1,2026-08-22 07:59:00,2026-08-22 10:30:00,2.5,2.52,0.98
A02961,S2,2026-08-22 12:29:00,2026-08-22 16:44:00,3.74,4.25,1.98
A02961,S3,2026-08-22 22:12:00,2026-08-23 04:54:00,6.24,6.72,5.46
A02961,S4,2026-08-23 15:01:00,2026-08-23 23:34:00,4.99,8.55,10.11
A02961,S5,2026-08-24 00:50:00,2026-08-24 02:44:00,1.87,1.9,1.27
A02962,S1,2026-08-23 07:01:00,2026-08-23 09:39:00,2.43,2.64,0.01
A02962,S2,2026-08-23 10:07:00,2026-08-23 14:47:00,3.65,4.66,0.46
A02962,S3,2026-08-23 16:08:00,2026-08-23 22:38:00,6.08,6.5,1.35
A02962,S4,2026-08-24 02:25:00,2026-08-24 06:49:00,4.86,4.4,3.78
A02962,S5,2026-08-24 06:59:00,2026-08-24 08:49:00,1.82,1.84,0.17
A02963,S1,2026-08-23 07:02:00,2026-08-23 10:54:00,4.42,3.85,0.04
A02963,S2,2026-08-23 11:09:00,2026-08-23 17:28:00,6.62,6.31,0.26
A02963,S3,2026-08-23 18:19:00,2026-08-24 03:26:00,11.04,9.12,0.85
A02963,S4,2026-08-24 09:54:00,2026-08-24 19:16:00,8.83,9.37,6.47
A02963,S5,2026-08-24 20:37:00,2026-08-25 00:25:00,3.31,3.81,1.35
A02964,S1,2026-08-23 07:50:00,2026-08-23 13:21:00,5.28,5.52,0.84
A02964,S2,2026-08-23 17:40:00,2026-08-24 01:01:00,7.92,7.35,4.31
A02964,S3,2026-08-24 06:06:00,2026-08-24 20:35:00,13.2,14.49,5.08
A02964,S4,2026-08-25 07:58:00,2026-08-25 20:45:00,10.56,12.78,11.38
A02964,S5,2026-08-25 22:25:00,2026-08-26 02:52:00,3.96,4.46,1.66
A02965,S1,2026-08-23 07:07:00,2026-08-23 12:32:00,5.28,5.42,0.12
A02965,S2,2026-08-23 19:04:00,2026-08-24 03:07:00,7.92,8.04,6.54
A02965,S3,2026-08-24 03:46:00,2026-08-24 13:59:00,13.2,10.21,0.65
A02965,S4,2026-08-24 14:33:00,2026-08-25 06:38:00,10.56,16.07,0.58
A02965,S5,2026-08-25 10:34:00,2026-08-25 15:19:00,3.96,4.76,3.93
A02966,S1,2026-08-24 07:05:00,2026-08-24 09:10:00,2.05,2.09,0.08
A02966,S2,2026-08-24 09:54:00,2026-08-24 13:00:00,3.07,3.11,0.73
A02966,S3,2026-08-24 20:23:00,2026-08-25 02:13:00,5.12,5.83,7.38
A02966,S4,2026-08-25 10:24:00,2026-08-25 14:05:00,4.1,3.69,8.18
A02966,S5,2026-08-25 14:09:00,2026-08-25 15:56:00,1.54,1.78,0.06
A02967,S1,2026-08-24 08:20:00,2026-08-24 10:58:00,2.62,2.64,1.33
A02967,S2,2026-08-24 11:05:00,2026-08-24 14:34:00,3.92,3.48,0.11
A02967,S3,2026-08-24 18:49:00,2026-08-25 01:15:00,6.54,6.44,4.25
A02967,S4,2026-08-25 08:46:00,2026-08-25 19:01:00,5.23,10.25,7.52
A02967,S5,2026-08-26 03:40:00,2026-08-26 05:51:00,1.96,2.17,8.66
A02968,S1,2026-08-24 08:29:00,2026-08-24 10:33:00,2.29,2.07,1.49
A02968,S2,2026-08-24 11:09:00,2026-08-24 15:33:00,3.43,4.4,0.59
A02968,S3,2026-08-25 04:21:00,2026-08-25 10:53:00,5.72,6.53,12.81
A02968,S4,2026-08-25 23:54:00,2026-08-26 03:33:00,4.58,3.65,13.01
A02968,S5,2026-08-26 08:13:00,2026-08-26 09:55:00,1.72,1.7,4.67
A02969,S1,2026-08-24 09:38:00,2026-08-24 14:34:00,4.4,4.94,2.63
A02969,S2,2026-08-24 14:39:00,2026-08-24 23:24:00,6.6,8.74,0.08
A02969,S3,2026-08-25 00:50:00,2026-08-25 14:25:00,11.0,13.57,1.45
A02969,S4,2026-08-25 19:21:00,2026-08-26 01:55:00,8.8,6.55,4.95
A02969,S5,2026-08-26 03:27:00,2026-08-26 06:46:00,3.3,3.31,1.54
A02970,S1,2026-08-25 07:41:00,2026-08-25 11:19:00,3.7,3.63,0.69
A02970,S2,2026-08-25 11:28:00,2026-08-25 18:15:00,5.54,6.78,0.15
A02970,S3,2026-08-25 21:25:00,2026-08-26 05:59:00,9.24,8.58,3.17
A02970,S4,2026-08-26 21:29:00,2026-08-27 07:17:00,7.39,9.81,15.49
A02970,S5,2026-08-27 09:56:00,2026-08-27 12:42:00,2.77,2.77,2.65
A02971,S1,2026-08-25 07:55:00,2026-08-25 09:41:00,1.95,1.77,0.92
A02971,S2,2026-08-25 10:23:00,2026-08-25 13:48:00,2.93,3.42,0.7
A02971,S3,2026-08-25 17:30:00,2026-08-25 23:32:00,4.88,6.03,3.7
A02971,S4,2026-08-26 03:07:00,2026-08-26 07:48:00,3.9,4.68,3.59
A02971,S5,2026-08-26 07:59:00,2026-08-26 09:33:00,1.46,1.57,0.19
A02972,S1,2026-08-25 08:22:00,2026-08-25 11:00:00,2.71,2.63,1.37
A02972,S2,2026-08-25 12:57:00,2026-08-25 17:51:00,4.07,4.9,1.95
A02972,S3,2026-08-25 19:02:00,2026-08-25 23:17:00,6.78,4.25,1.18
A02972,S4,2026-08-26 00:39:00,2026-08-26 07:01:00,5.42,6.36,1.37
A02972,S5,2026-08-26 11:10:00,2026-08-26 13:41:00,2.03,2.52,4.16
A02973,S1,2026-08-25 09:35:00,2026-08-25 14:17:00,4.42,4.7,2.58
A02973,S2,2026-08-25 18:05:00,2026-08-26 00:51:00,6.62,6.77,3.8
A02973,S3,2026-08-26 01:02:00,2026-08-26 11:04:00,11.04,10.03,0.18
A02973,S4,2026-08-26 14:02:00,2026-08-26 18:03:00,8.83,4.02,2.97
A02973,S5,2026-08-26 19:41:00,2026-08-26 23:16:00,3.31,3.59,1.63
A02974,S1,2026-08-26 07:06:00,2026-08-26 11:06:00,3.58,3.99,0.1
A02974,S2,2026-08-26 12:04:00,2026-08-26 17:53:00,5.36,5.83,0.97
A02974,S3,2026-08-26 21:31:00,2026-08-27 06:06:00,8.94,8.58,3.63
A02974,S4,2026-08-28 02:28:00,2026-08-28 14:01:00,7.15,11.55,20.37
A02974,S5,2026-08-28 14:37:00,2026-08-28 17:47:00,2.68,3.17,0.6
A02975,S1,2026-08-26 07:35:00,2026-08-26 12:51:00,4.74,5.26,0.59
A02975,S2,2026-08-26 15:01:00,2026-08-26 22:30:00,7.1,7.48,2.17
A02975,S3,2026-08-26 22:47:00,2026-08-27 16:55:00,11.84,18.13,0.29
A02975,S4,2026-08-28 03:29:00,2026-08-28 16:03:00,9.47,12.57,10.58
A02975,S5,2026-08-28 17:17:00,2026-08-28 21:04:00,3.55,3.79,1.23
A02976,S1,2026-08-26 07:05:00,2026-08-26 09:23:00,2.19,2.31,0.08
A02976,S2,2026-08-26 14:29:00,2026-08-26 19:00:00,3.29,4.51,5.11
A02976,S3,2026-08-26 22:11:00,2026-08-27 02:11:00,5.48,4.0,3.19
A02976,S4,2026-08-27 18:47:00,2026-08-28 05:54:00,4.38,11.12,16.6
A02976,S5,2026-08-28 09:47:00,2026-08-28 11:43:00,1.64,1.92,3.89
A02977,S1,2026-08-26 09:01:00,2026-08-26 15:04:00,5.8,6.05,2.01
A02977,S2,2026-08-26 20:09:00,2026-08-27 06:56:00,8.7,10.79,5.09
A02977,S3,2026-08-27 09:00:00,2026-08-28 02:25:00,14.5,17.42,2.06
A02977,S4,2026-08-28 02:32:00,2026-08-28 12:08:00,11.6,9.61,0.11
A02977,S5,2026-08-28 12:13:00,2026-08-28 17:29:00,4.35,5.26,0.08
A02978,S1,2026-08-26 08:31:00,2026-08-26 10:35:00,1.71,2.06,1.52
A02978,S2,2026-08-26 13:24:00,2026-08-26 16:57:00,2.57,3.55,2.82
A02978,S3,2026-08-26 18:46:00,2026-08-26 23:31:00,4.28,4.74,1.82
A02978,S4,2026-08-27 01:40:00,2026-08-27 04:04:00,3.42,2.4,2.16
A02978,S5,2026-08-27 06:05:00,2026-08-27 07:28:00,1.28,1.38,2.01
A02979,S1,2026-08-26 07:17:00,2026-08-26 14:26:00,5.84,7.15,0.28
A02979,S2,2026-08-26 14:56:00,2026-08-26 22:09:00,8.76,7.2,0.51
A02979,S3,2026-08-26 22:51:00,2026-08-27 16:24:00,14.6,17.55,0.71
A02979,S4,2026-08-28 11:55:00,2026-08-28 20:10:00,11.68,8.24,19.52
A02979,S5,2026-08-28 23:02:00,2026-08-29 04:25:00,4.38,5.38,2.88
A02980,S1,2026-08-26 07:04:00,2026-08-26 12:14:00,4.96,5.16,0.07
A02980,S2,2026-08-26 13:30:00,2026-08-26 20:55:00,7.44,7.42,1.27
A02980,S3,2026-08-26 21:39:00,2026-08-27 11:48:00,12.4,14.16,0.73
A02980,S4,2026-08-27 22:23:00,2026-08-28 14:21:00,9.92,15.96,10.58
A02980,S5,2026-08-28 17:22:00,2026-08-28 21:25:00,3.72,4.05,3.02
A02981,S1,2026-08-26 07:40:00,2026-08-26 10:09:00,2.35,2.48,0.67
A02981,S2,2026-08-26 11:22:00,2026-08-26 15:24:00,3.53,4.03,1.2
A02981,S3,2026-08-26 18:47:00,2026-08-27 01:09:00,5.88,6.38,3.38
A02981,S4,2026-08-27 03:51:00,2026-08-27 08:07:00,4.7,4.26,2.7
A02981,S5,2026-08-27 08:27:00,2026-08-27 10:36:00,1.76,2.14,0.34
A02982,S1,2026-08-27 10:51:00,2026-08-27 14:59:00,4.22,4.14,3.85
A02982,S2,2026-08-27 15:11:00,2026-08-27 22:34:00,6.34,7.38,0.2
A02982,S3,2026-08-28 00:34:00,2026-08-28 11:56:00,10.56,11.37,2.01
A02982,S4,2026-08-28 19:47:00,2026-08-29 03:36:00,8.45,7.82,7.86
A02982,S5,2026-08-29 03:44:00,2026-08-29 07:16:00,3.17,3.54,0.12
A02983,S1,2026-08-27 08:55:00,2026-08-27 12:09:00,2.98,3.23,1.91
A02983,S2,2026-08-27 14:49:00,2026-08-27 18:48:00,4.46,3.98,2.67
A02983,S3,2026-08-27 19:20:00,2026-08-28 03:11:00,7.44,7.85,0.54
A02983,S4,2026-08-28 17:59:00,2026-08-28 23:55:00,5.95,5.93,14.81
A02983,S5,2026-08-29 00:07:00,2026-08-29 02:33:00,2.23,2.44,0.2
A02984,S1,2026-08-27 09:18:00,2026-08-27 11:49:00,2.64,2.52,2.3
A02984,S2,2026-08-27 12:26:00,2026-08-27 16:24:00,3.96,3.97,0.61
A02984,S3,2026-08-27 22:23:00,2026-08-28 05:12:00,6.6,6.82,5.98
A02984,S4,2026-08-28 11:33:00,2026-08-28 20:47:00,5.28,9.24,6.35
A02984,S5,2026-08-29 02:25:00,2026-08-29 04:32:00,1.98,2.11,5.63
A02985,S1,2026-08-27 08:12:00,2026-08-27 10:40:00,2.2,2.48,1.19
A02985,S2,2026-08-27 15:06:00,2026-08-27 17:58:00,3.3,2.86,4.43
A02985,S3,2026-08-27 19:36:00,2026-08-28 02:20:00,5.5,6.73,1.64
A02985,S4,2026-08-28 05:35:00,2026-08-28 09:20:00,4.4,3.76,3.24
A02985,S5,2026-08-28 09:28:00,2026-08-28 10:58:00,1.65,1.5,0.13
A02986,S1,2026-08-28 07:35:00,2026-08-28 10:44:00,2.98,3.15,0.59
A02986,S2,2026-08-28 12:46:00,2026-08-28 15:49:00,4.47,3.06,2.02
A02986,S3,2026-08-28 15:51:00,2026-08-29 01:00:00,7.45,9.15,0.03
A02986,S4,2026-08-29 11:20:00,2026-08-29 17:05:00,5.96,5.76,10.32
A02986,S5,2026-08-29 19:01:00,2026-08-29 21:00:00,2.24,1.98,1.92
A02987,S1,2026-08-28 07:58:00,2026-08-28 10:31:00,2.18,2.54,0.96
A02987,S2,2026-08-28 11:11:00,2026-08-28 14:49:00,3.26,3.63,0.68
A02987,S3,2026-08-28 23:08:00,2026-08-29 03:27:00,5.44,4.31,8.31
A02987,S4,2026-08-29 07:09:00,2026-08-29 11:16:00,4.35,4.12,3.7
A02987,S5,2026-08-29 16:44:00,2026-08-29 18:39:00,1.63,1.92,5.46
A02988,S1,2026-08-28 08:00:00,2026-08-28 11:07:00,3.07,3.13,0.99
A02988,S2,2026-08-28 16:52:00,2026-08-28 20:46:00,4.61,3.9,5.75
A02988,S3,2026-08-28 21:32:00,2026-08-29 04:16:00,7.68,6.74,0.76
A02988,S4,2026-08-29 05:52:00,2026-08-29 14:55:00,6.14,9.05,1.6
A02988,S5,2026-08-29 17:11:00,2026-08-29 19:34:00,2.3,2.39,2.26
A02989,S1,2026-08-28 08:15:00,2026-08-28 13:06:00,4.58,4.86,1.24
A02989,S2,2026-08-28 14:41:00,2026-08-28 21:48:00,6.86,7.11,1.58
A02989,S3,2026-08-29 00:09:00,2026-08-29 09:11:00,11.44,9.04,2.35
A02989,S4,2026-08-29 13:03:00,2026-08-29 18:23:00,9.15,5.32,3.86
A02989,S5,2026-08-29 18:45:00,2026-08-29 22:05:00,3.43,3.33,0.37
A02990,S1,2026-08-28 08:33:00,2026-08-28 16:02:00,5.64,7.49,1.54
A02990,S2,2026-08-28 16:17:00,2026-08-29 00:46:00,8.46,8.48,0.26
A02990,S3,2026-08-29 02:06:00,2026-08-29 14:19:00,14.1,12.22,1.33
A02990,S4,2026-08-29 15:15:00,2026-08-30 01:14:00,11.28,9.97,0.94
A02990,S5,2026-08-30 01:43:00,2026-08-30 05:46:00,4.23,4.05,0.49
A02991,S1,2026-08-28 07:58:00,2026-08-28 13:50:00,5.64,5.86,0.97
A02991,S2,2026-08-28 15:06:00,2026-08-28 23:58:00,8.46,8.87,1.27
A02991,S3,2026-08-29 05:12:00,2026-08-29 23:59:00,14.1,18.77,5.24
A02991,S4,2026-08-30 00:51:00,2026-08-30 06:11:00,11.28,5.33,0.88
A02991,S5,2026-08-30 06:31:00,2026-08-30 11:09:00,4.23,4.62,0.33
A02992,S1,2026-08-29 08:22:00,2026-08-29 10:41:00,1.97,2.32,1.37
A02992,S2,2026-08-29 12:34:00,2026-08-29 15:02:00,2.95,2.47,1.88
A02992,S3,2026-08-29 16:52:00,2026-08-29 20:40:00,4.92,3.8,1.83
A02992,S4,2026-08-30 02:21:00,2026-08-30 05:42:00,3.94,3.34,5.69
A02992,S5,2026-08-30 07:09:00,2026-08-30 08:49:00,1.48,1.66,1.45
A02993,S1,2026-08-29 09:11:00,2026-08-29 15:46:00,6.04,6.59,2.18
A02993,S2,2026-08-29 17:40:00,2026-08-30 04:01:00,9.06,10.34,1.89
A02993,S3,2026-08-30 05:40:00,2026-08-30 22:09:00,15.1,16.48,1.65
A02993,S4,2026-08-31 19:39:00,2026-09-01 21:53:00,12.08,26.24,21.5
A02993,S5,2026-09-02 04:14:00,2026-09-02 09:28:00,4.53,5.23,6.35
A02994,S1,2026-08-29 07:06:00,2026-08-29 09:33:00,2.26,2.45,0.1
A02994,S2,2026-08-29 10:34:00,2026-08-29 13:32:00,3.39,2.97,1.02
A02994,S3,2026-08-29 14:42:00,2026-08-29 21:22:00,5.65,6.68,1.16
A02994,S4,2026-08-29 23:40:00,2026-08-30 04:07:00,4.52,4.46,2.29
A02994,S5,2026-08-30 10:21:00,2026-08-30 12:05:00,1.69,1.73,6.22
A02995,S1,2026-08-29 07:40:00,2026-08-29 10:20:00,3.05,2.67,0.66
A02995,S2,2026-08-29 11:48:00,2026-08-29 16:12:00,4.57,4.41,1.46
A02995,S3,2026-08-29 19:19:00,2026-08-30 04:59:00,7.62,9.67,3.1
A02995,S4,2026-08-30 05:38:00,2026-08-30 09:11:00,6.1,3.56,0.65
A02995,S5,2026-08-30 09:31:00,2026-08-30 11:34:00,2.29,2.05,0.33
A02996,S1,2026-08-29 08:11:00,2026-08-29 11:03:00,2.74,2.87,1.19
A02996,S2,2026-08-29 11:33:00,2026-08-29 16:00:00,4.1,4.45,0.49
A02996,S3,2026-08-29 16:10:00,2026-08-30 02:37:00,6.84,10.45,0.17
A02996,S4,2026-08-30 13:38:00,2026-08-30 19:55:00,5.47,6.27,11.02
A02996,S5,2026-08-30 22:44:00,2026-08-31 00:59:00,2.05,2.24,2.82
A02997,S1,2026-08-30 07:17:00,2026-08-30 09:53:00,2.88,2.61,0.28
A02997,S2,2026-08-30 09:55:00,2026-08-30 13:28:00,4.32,3.56,0.02
A02997,S3,2026-08-30 17:23:00,2026-08-31 00:20:00,7.2,6.95,3.91
A02997,S4,2026-08-31 08:32:00,2026-08-31 12:50:00,5.76,4.3,8.2
A02997,S5,2026-08-31 12:52:00,2026-08-31 15:17:00,2.16,2.41,0.04
A02998,S1,2026-08-30 07:57:00,2026-08-30 10:42:00,2.86,2.74,0.95
A02998,S2,2026-08-30 12:31:00,2026-08-30 17:24:00,4.29,4.89,1.82
A02998,S3,2026-08-30 19:26:00,2026-08-31 03:40:00,7.15,8.23,2.03
A02998,S4,2026-09-01 05:45:00,2026-09-01 10:52:00,5.72,5.12,26.08
A02998,S5,2026-09-01 12:23:00,2026-09-01 14:34:00,2.14,2.18,1.52
A02999,S1,2026-08-30 07:04:00,2026-08-30 09:45:00,2.57,2.69,0.06
A02999,S2,2026-08-30 11:54:00,2026-08-30 16:13:00,3.85,4.31,2.15
A02999,S3,2026-08-31 00:53:00,2026-08-31 07:35:00,6.42,6.7,8.67
A02999,S4,2026-08-31 14:16:00,2026-08-31 19:18:00,5.14,5.03,6.69
A02999,S5,2026-08-31 20:13:00,2026-08-31 22:26:00,1.93,2.22,0.92
A03000,S1,2026-08-30 07:53:00,2026-08-30 09:43:00,1.73,1.84,0.88
A03000,S2,2026-08-30 11:48:00,2026-08-30 14:19:00,2.59,2.51,2.07
A03000,S3,2026-08-30 17:44:00,2026-08-30 21:58:00,4.32,4.24,3.42
A03000,S4,2026-08-30 23:45:00,2026-08-31 03:46:00,3.46,4.02,1.77
A03000,S5,2026-08-31 03:47:00,2026-08-31 05:17:00,1.3,1.51,0.02
